<?xml version="1.0" encoding="UTF-8"?>
<!--GEDI was developed at Language and Media Processing Laboratory, University of Maryland.-->

<GEDI xmlns="http://lamp.cfar.umd.edu/media/projects/GEDI/" GEDI_version="2.3.19" GEDI_date="12/23/2011">
	<USER name="MDR-P6" date="4/30/2013 9:11" dateFormat="mm/dd/yyyy hh:mm">	</USER>
	<USER name="MDR-P8" date="4/30/2013 15:58" dateFormat="mm/dd/yyyy hh:mm">	</USER>
	<DL_DOCUMENT src="ABBABF.tif" docTag="xml" NrOfPages="1">
		<DL_PAGE gedi_type="DL_PAGE" src="ABBABF.tif" pageID="1" width="2335" height="1651" Language_2="" Sender_Name="" Receiver_Name="" Language_4="" Document_Date="" Language_3="" Receiver_Company="" Receiver_Address="" Sender_Company="" Sender_Phone="" Script_2="" Receiver_Fax="" Document_Location="" Sender_Address="" Receiver_Phone="" Sender_Fax="" Category="C3" Document_Object="TEACHER'S NOTE" Language_1="english" NumPage="1" Script_1="hand">
			<DL_ZONE gedi_type="GraphicRegion" id="1" col="0" row="0" width="1670" height="1172" function="other"> </DL_ZONE>
			<DL_ZONE gedi_type="GraphicRegion" id="2" col="296" row="289" width="1023" height="616" function="other" orientationD="-1.332"> </DL_ZONE>
			<DL_ZONE gedi_type="TextRegion" id="3" col="416" row="362" width="651" height="401" contents="remember -&#10;Jane got 100 % on the&#10;vast test she has won&#10;this term's prize&#10;(chocolate bar)" script="hand" language="english"> </DL_ZONE>
			<DL_ZONE gedi_type="LineDrawingRegion" id="6" col="728" row="542" width="34" height="22"> </DL_ZONE>
			<DL_ZONE gedi_type="NoiseRegion" id="7" col="1730" row="0" width="600" height="1466"> </DL_ZONE>
		</DL_PAGE>
	</DL_DOCUMENT>
</GEDI>