<?xml version="1.0" encoding="UTF-8"?>
<!--GEDI was developed at Language and Media Processing Laboratory, University of Maryland.-->

<GEDI xmlns="http://lamp.cfar.umd.edu/media/projects/GEDI/" GEDI_version="2.3.19" GEDI_date="12/23/2011">
	<USER name="MDR-P6" date="4/30/2013 9:17" dateFormat="mm/dd/yyyy hh:mm">	</USER>
	<USER name="MDR-P8" date="4/30/2013 15:58" dateFormat="mm/dd/yyyy hh:mm">	</USER>
	<DL_DOCUMENT src="ABGJKL.tif" docTag="xml" NrOfPages="1">
		<DL_PAGE gedi_type="DL_PAGE" src="ABGJKL.tif" pageID="1" width="1651" height="2335" Sender_Name="" Receiver_Name="" Document_Date="" Language_3="" Receiver_Company="" Receiver_Address="" Sender_Company="" Sender_Phone="" Script_2="" Receiver_Fax="" Document_Location="" Sender_Address="" Receiver_Phone="" Sender_Fax="" Document_Object="VALENTINE'S DAY NOTE" Category="C3" Language_2="" Language_1="english" Language_4="" NumPage="1" Script_1="hand" GEDI_orientation="270">
			<DL_ZONE gedi_type="GraphicRegion" id="1" col="1307" row="1124" width="1012" height="617" function="other" orientationD="271.132"> </DL_ZONE>
			<DL_ZONE gedi_type="TextRegion" id="2" col="749" row="1162" width="542" height="938" contents="Sc 3&#10;Dear loved one,&#10;You look wonderfully cute&#10;today !&#10;Can't wait for dinner tonight !&#10;X." script="hand" language="english"> </DL_ZONE>
			<DL_ZONE gedi_type="LineDrawingRegion" id="3" col="1227" row="1189" width="85" height="18" orientationD="285.781"> </DL_ZONE>
			<DL_ZONE gedi_type="LineDrawingRegion" id="4" col="735" row="1718" width="85" height="19" orientationD="280.784"> </DL_ZONE>
		</DL_PAGE>
	</DL_DOCUMENT>
</GEDI>