<?xml version="1.0" encoding="UTF-8"?>
<!--GEDI was developed at Language and Media Processing Laboratory, University of Maryland.-->

<GEDI xmlns="http://lamp.cfar.umd.edu/media/projects/GEDI/" GEDI_version="2.3.19" GEDI_date="12/23/2011">
	<USER name="Laure" date="4/4/2012 11:14" dateFormat="mm/dd/yyyy hh:mm">	</USER>
	<USER name="MDR-P4" date="10/16/2012 16:42" dateFormat="mm/dd/yyyy hh:mm">	</USER>
	<USER name="MDR-P8" date="3/8/2013 15:36" dateFormat="mm/dd/yyyy hh:mm">	</USER>
	<USER name="Mailys" date="3/2/2012 12:48" dateFormat="mm/dd/yyyy hh:mm">	</USER>
	<USER name="Manuela" date="5/24/2012 11:17" dateFormat="mm/dd/yyyy hh:mm">	</USER>
	<USER name="test" date="2/3/2012 14:11" dateFormat="mm/dd/yyyy hh:mm">	</USER>
	<DL_DOCUMENT src="AFHIJM.tif" docTag="xml" NrOfPages="1">
		<DL_PAGE gedi_type="DL_PAGE" src="AFHIJM.tif" pageID="1" width="1654" height="2340" NumPage="1" Language_4="" Language_3="" Receiver_Address="" Receiver_Fax="" Sender_Address="" Receiver_Phone="" Sender_Fax="" Category="C1" Script_1="typed" Script_2="hand" Sender_Company="NICE EVENT AGENCY" Sender_Name="Nathalie NOEL" Receiver_Name="John BAUER" Document_Object="FLAG LOAN REQUEST" Language_1="english" Language_2="french" Receiver_Company="U.S. DEPARTEMENT OF STATE" Document_Date="" Document_Location="02/04/2012" Sender_Phone="¤{+33(0)4.74.90.57.74|+33(0)6.58.90.30.85}¤">
			<DL_ZONE gedi_type="TextRegion" id="1" col="713" row="254" width="230" height="27" contents="U.S. Department of State" script="typed" language="english"> </DL_ZONE>
			<DL_ZONE gedi_type="TextRegion" id="2" col="657" row="298" width="339" height="33" contents="FLAG LOAN REQUEST" script="typed" function_2="object" function_1="title" language="english"> </DL_ZONE>
			<DL_ZONE gedi_type="TextRegion" id="3" col="591" row="343" width="478" height="28" contents="SECTION 1: REQUESTER'S INFORMATION" script="typed" language="english"> </DL_ZONE>
			<DL_ZONE gedi_type="TextRegion" id="5" nextZoneID="6" col="236" row="413" width="130" height="39" contents="NOEL" script="hand" language="english"> </DL_ZONE>
			<DL_ZONE gedi_type="TextRegion" id="6" col="523" row="411" width="194" height="42" contents="Nathalie" script="hand" language="english"> </DL_ZONE>
			<DL_ZONE gedi_type="TextRegion" id="7" col="902" row="403" width="54" height="65" contents="Ms" script="hand" language="english"> </DL_ZONE>
			<DL_ZONE gedi_type="TextRegion" id="8" nextZoneID="9" col="982" row="383" width="258" height="28" contents="Request Date (mm-dd-yyyy)" script="typed" language="english"> </DL_ZONE>
			<DL_ZONE gedi_type="TextRegion" id="9" col="997" row="414" width="247" height="42" contents="01 . 04 . 2012" script="hand" language="english"> </DL_ZONE>
			<DL_ZONE gedi_type="TextRegion" id="10" nextZoneID="11" col="1255" row="383" width="242" height="26" contents="Return Date (mm-dd-yyyy)" script="typed" language="english"> </DL_ZONE>
			<DL_ZONE gedi_type="TextRegion" id="11" col="1267" row="411" width="243" height="45" contents="02 . 04 . 2012" script="hand" language="english"> </DL_ZONE>
			<DL_ZONE gedi_type="TextRegion" id="12" nextZoneID="13" col="151" row="476" width="508" height="23" contents="Requesting Agency (If Other Than Departement of State)" script="typed" language="english"> </DL_ZONE>
			<DL_ZONE gedi_type="TextRegion" id="13" col="271" row="499" width="463" height="47" contents="NICE EVENT AGENCY" script="hand" language="english"> </DL_ZONE>
			<DL_ZONE gedi_type="TextRegion" id="14" nextZoneID="15" col="836" row="473" width="55" height="20" contents="Room" script="typed" language="english"> </DL_ZONE>
			<DL_ZONE gedi_type="TextRegion" id="15" col="857" row="493" width="70" height="48" contents="13" script="hand" language="english"> </DL_ZONE>
			<DL_ZONE gedi_type="TextRegion" id="16" nextZoneID="17" col="1016" row="470" width="78" height="26" contents="Building" script="typed" language="english"> </DL_ZONE>
			<DL_ZONE gedi_type="TextRegion" id="17" col="1104" row="481" width="328" height="52" contents="GREEN TOWER" script="hand" language="english"> </DL_ZONE>
			<DL_ZONE gedi_type="TextRegion" id="18" nextZoneID="19" col="150" row="562" width="124" height="23" contents="Office Phone" script="typed" language="english"> </DL_ZONE>
			<DL_ZONE gedi_type="TextRegion" id="19" col="191" row="572" width="466" height="64" contents="+33 . 4. 74.90.57.74" script="hand" language="english"> </DL_ZONE>
			<DL_ZONE gedi_type="TextRegion" id="20" nextZoneID="21" col="834" row="560" width="128" height="22" contents="Mobile Phone" script="typed" language="english"> </DL_ZONE>
			<DL_ZONE gedi_type="TextRegion" id="21" col="946" row="569" width="458" height="62" contents="+33.658 . 90 30.85" script="hand" language="english"> </DL_ZONE>
			<DL_ZONE gedi_type="TextRegion" id="22" col="617" row="644" width="432" height="28" contents="SECTION 2: REQUEST INFORMATION" script="typed" language="english"> </DL_ZONE>
			<DL_ZONE gedi_type="TextRegion" id="23" nextZoneID="24" col="148" row="686" width="57" height="26" contents="Flags" script="typed" language="english"> </DL_ZONE>
			<DL_ZONE gedi_type="TextRegion" id="24" col="350" row="700" width="326" height="61" contents="To be advised ." script="hand" language="english"> </DL_ZONE>
			<DL_ZONE gedi_type="TextRegion" id="25" nextZoneID="26" col="149" row="954" width="164" height="24" contents="Number of Bases" script="typed" language="english"> </DL_ZONE>
			<DL_ZONE gedi_type="TextRegion" id="26" col="319" row="974" width="57" height="52" contents="10" script="hand" language="english"> </DL_ZONE>
			<DL_ZONE gedi_type="TextRegion" id="27" nextZoneID="28" col="494" row="952" width="163" height="27" contents="Number of Spires" script="typed" language="english"> </DL_ZONE>
			<DL_ZONE gedi_type="TextRegion" id="28" col="694" row="967" width="40" height="59" contents="4" script="hand" language="english"> </DL_ZONE>
			<DL_ZONE gedi_type="TextRegion" id="29" nextZoneID="30" col="834" row="952" width="172" height="24" contents="Number of Eagles" script="typed" language="english"> </DL_ZONE>
			<DL_ZONE gedi_type="TextRegion" id="30" col="1024" row="972" width="40" height="57" contents="4" script="hand" language="english"> </DL_ZONE>
			<DL_ZONE gedi_type="TextRegion" id="31" nextZoneID="32" col="1179" row="954" width="157" height="23" contents="Number of Poles" script="typed" language="english"> </DL_ZONE>
			<DL_ZONE gedi_type="TextRegion" id="32" col="1346" row="971" width="36" height="59" contents="4" script="hand" language="english"> </DL_ZONE>
			<DL_ZONE gedi_type="TextRegion" id="33" nextZoneID="34" col="148" row="1041" width="141" height="25" contents="Event Location" script="typed" language="english"> </DL_ZONE>
			<DL_ZONE gedi_type="TextRegion" id="34" col="356" row="1044" width="1151" height="63" contents="500 Chemin du Val de Pomme . BIOT . FRANCE" script="hand" language="french"> </DL_ZONE>
			<DL_ZONE gedi_type="TextRegion" id="35" nextZoneID="36" col="144" row="1130" width="85" height="26" contents="Purpose" script="typed" language="english"> </DL_ZONE>
			<DL_ZONE gedi_type="TextRegion" id="36" col="330" row="1142" width="491" height="92" contents="Big birthday party" script="hand" language="english"> </DL_ZONE>
			<DL_ZONE gedi_type="TextRegion" id="37" col="149" row="1309" width="1361" height="51" contents="NOTE: In signing for this equipment it is understood that you are responsible for its return to Support Services. If the flags are not returned, or returned&#10;damaged your office will be financially responsible. Please be sure to receive a receipt when you return this equipment." script="typed" function_1="text_section" language="english"> </DL_ZONE>
			<DL_ZONE gedi_type="TextRegion" id="38" col="490" row="1347" width="120" height="90" contents="Noel" script="hand" language="english"> </DL_ZONE>
			<DL_ZONE gedi_type="TextRegion" id="39" col="562" row="1420" width="95" height="24" contents="Signature" script="typed" language="english"> </DL_ZONE>
			<DL_ZONE gedi_type="TextRegion" id="40" col="1242" row="1364" width="245" height="42" contents="01.04.2012" script="hand" language="english"> </DL_ZONE>
			<DL_ZONE gedi_type="TextRegion" id="41" nextZoneID="40" col="1204" row="1412" width="178" height="32" contents="Date (mm-dd-yyyy)" script="typed" language="english"> </DL_ZONE>
			<DL_ZONE gedi_type="TextRegion" id="42" col="622" row="1454" width="409" height="26" contents="SECTION 3: REQUEST PROCESSING" script="typed" language="english"> </DL_ZONE>
			<DL_ZONE gedi_type="TextRegion" id="43" nextZoneID="44" col="143" row="1495" width="326" height="23" contents="Authorizing Official (Last, First, MI)" script="typed" language="english"> </DL_ZONE>
			<DL_ZONE gedi_type="TextRegion" id="44" col="226" row="1517" width="149" height="55" contents="BAUER" script="hand" language="english"> </DL_ZONE>
			<DL_ZONE gedi_type="TextRegion" id="45" col="634" row="1517" width="123" height="45" contents="John" script="hand" language="english"> </DL_ZONE>
			<DL_ZONE gedi_type="TextRegion" id="46" col="970" row="1528" width="54" height="32" contents="Mr" script="hand" language="english"> </DL_ZONE>
			<DL_ZONE gedi_type="TextRegion" id="47" nextZoneID="48" col="1042" row="1490" width="378" height="27" contents="Date Must be Returned by (mm-dd-yyyy)" script="typed" language="english"> </DL_ZONE>
			<DL_ZONE gedi_type="TextRegion" id="48" col="1076" row="1515" width="279" height="52" contents="02.04.2012 ." script="hand" language="english"> </DL_ZONE>
			<DL_ZONE gedi_type="TextRegion" id="49" col="687" row="1577" width="275" height="27" contents="SECTION 4: CLOSE-OUT" script="typed" language="english"> </DL_ZONE>
			<DL_ZONE gedi_type="TextRegion" id="50" nextZoneID="51" col="148" row="1617" width="255" height="30" contents="Returned to (Last, First, MI)" script="typed" language="english"> </DL_ZONE>
			<DL_ZONE gedi_type="TextRegion" id="51" col="181" row="1644" width="165" height="49" contents="BAUER" script="hand" language="english"> </DL_ZONE>
			<DL_ZONE gedi_type="TextRegion" id="52" col="641" row="1645" width="123" height="47" contents="John" script="hand" language="english"> </DL_ZONE>
			<DL_ZONE gedi_type="TextRegion" id="53" col="961" row="1634" width="63" height="54" contents="Mr" script="hand" language="english"> </DL_ZONE>
			<DL_ZONE gedi_type="TextRegion" id="54" nextZoneID="55" col="1046" row="1614" width="266" height="31" contents="Date Returned (mm-dd-yyyy)" script="typed" language="english"> </DL_ZONE>
			<DL_ZONE gedi_type="TextRegion" id="55" col="1067" row="1640" width="341" height="67" contents="02.04. 2012 ." script="hand" language="english"> </DL_ZONE>
			<DL_ZONE gedi_type="TextRegion" id="56" col="561" row="1953" width="98" height="25" contents="Signature" script="typed" language="english"> </DL_ZONE>
			<DL_ZONE gedi_type="TextRegion" id="57" col="146" row="1996" width="87" height="47" contents="DS-4192&#10;08-2011" script="typed" function_1="reference" language="english"> </DL_ZONE>
			<DL_ZONE gedi_type="TextRegion" id="58" col="632" row="1954" width="119" height="55" contents="BAUER" script="hand" language="english"> </DL_ZONE>
			<DL_ZONE gedi_type="TextRegion" id="59" nextZoneID="60" col="1205" row="1955" width="177" height="25" contents="Date (mm-dd-yyyy)" script="typed" language="english"> </DL_ZONE>
			<DL_ZONE gedi_type="TextRegion" id="60" col="1210" row="1983" width="240" height="56" contents="02.04. 2012" script="hand" function_1="date" language="english"> </DL_ZONE>
			<DL_ZONE gedi_type="GraphicRegion" id="61" col="148" row="250" width="79" height="86" function="logo"> </DL_ZONE>
			<DL_ZONE gedi_type="TextRegion" id="66" col="146" row="1702" width="155" height="30" contents="Items Returned." script="typed" language="english"> </DL_ZONE>
			<DL_ZONE gedi_type="GraphicRegion" id="68" col="467" row="1917" width="289" height="137" function="signature"> </DL_ZONE>
			<DL_ZONE gedi_type="GraphicRegion" id="69" col="466" row="1325" width="205" height="129" function="signature"> </DL_ZONE>
			<DL_ZONE gedi_type="GraphicRegion" id="74" col="136" row="333" width="1382" height="1665" function="other"> </DL_ZONE>
			<DL_ZONE gedi_type="LineDrawingRegion" id="75" col="1475" row="2017" width="34" height="15"> </DL_ZONE>
			<DL_ZONE gedi_type="LineDrawingRegion" id="76" col="811" row="1992" width="31" height="13"> </DL_ZONE>
			<DL_ZONE gedi_type="NoiseRegion" id="77" col="1" row="1234" width="1645" height="48"> </DL_ZONE>
			<DL_ZONE gedi_type="GraphicRegion" id="78" col="144" row="1523" width="397" height="41" function="other"> </DL_ZONE>
			<DL_ZONE gedi_type="GraphicRegion" id="79" col="552" row="1525" width="396" height="39" function="other"> </DL_ZONE>
			<DL_ZONE gedi_type="GraphicRegion" id="80" col="957" row="1525" width="69" height="37" function="other"> </DL_ZONE>
			<DL_ZONE gedi_type="GraphicRegion" id="81" col="961" row="1644" width="68" height="41" function="other"> </DL_ZONE>
			<DL_ZONE gedi_type="GraphicRegion" id="82" col="553" row="1645" width="396" height="43" function="other"> </DL_ZONE>
			<DL_ZONE gedi_type="GraphicRegion" id="83" col="144" row="1648" width="400" height="40" function="other"> </DL_ZONE>
			<DL_ZONE gedi_type="GraphicRegion" id="95" col="897" row="415" width="69" height="37" function="other"> </DL_ZONE>
			<DL_ZONE gedi_type="GraphicRegion" id="101" col="1071" row="1398" width="438" height="17" function="underlined-field"> </DL_ZONE>
			<DL_ZONE gedi_type="GraphicRegion" id="102" col="146" row="1399" width="920" height="20" function="underlined-field"> </DL_ZONE>
			<DL_ZONE gedi_type="GraphicRegion" id="103" col="148" row="1941" width="924" height="12" function="underlined-field"> </DL_ZONE>
			<DL_ZONE gedi_type="GraphicRegion" id="104" col="1075" row="1936" width="440" height="17" function="underlined-field"> </DL_ZONE>
			<DL_ZONE gedi_type="GraphicRegion" id="105" col="157" row="417" width="737" height="31" function="other"> </DL_ZONE>
			<DL_ZONE gedi_type="TextRegion" id="106" nextZoneID="5" col="148" row="384" width="206" height="24" contents="Name (Last, First, MI)" script="typed" language="english"> </DL_ZONE>
		</DL_PAGE>
	</DL_DOCUMENT>
</GEDI>