<?xml version="1.0" encoding="UTF-8"?>
<!--GEDI was developed at Language and Media Processing Laboratory, University of Maryland.-->

<GEDI xmlns="http://lamp.cfar.umd.edu/media/projects/GEDI/" GEDI_version="2.3.19" GEDI_date="12/23/2011">
	<USER name="Laure" date="4/4/2012 11:14" dateFormat="mm/dd/yyyy hh:mm">	</USER>
	<USER name="MC-linux" date="2/3/2012 17:32" dateFormat="mm/dd/yyyy hh:mm">	</USER>
	<USER name="MDR-P6" date="10/16/2012 23:24" dateFormat="mm/dd/yyyy hh:mm">	</USER>
	<USER name="MDR-P8" date="10/31/2012 15:31" dateFormat="mm/dd/yyyy hh:mm">	</USER>
	<USER name="Marnissi" date="3/3/2012 12:32" dateFormat="mm/dd/yyyy hh:mm">	</USER>
	<USER name="soumaya" date="5/23/2012 15:44" dateFormat="mm/dd/yyyy hh:mm">	</USER>
	<DL_DOCUMENT src="AFHIJN.tif" docTag="xml" NrOfPages="1">
		<DL_PAGE gedi_type="DL_PAGE" src="AFHIJN.tif" pageID="1" width="1674" height="2290" NumPage="1" Language_2="" Receiver_Name="" Language_4="" Language_3="" Receiver_Address="" Sender_Company="" Sender_Phone="" Receiver_Fax="" Receiver_Phone="" Sender_Fax="" Category="C1" Document_Location="MONTAUBAN" Document_Object="DÉCLARATION DE CONTRAT DE PRÊT" Language_1="french" Receiver_Company="MINISTÈRE DE L'ÉCONOMIE DES FINANCES ET DE L'INDUSTRIE" Script_1="typed" Script_2="hand" Sender_Address="QUARTIER LE MOULIN LA MAISON LE MARRONIER 06260 RIGAUD" Document_Date="04/01/2012" Sender_Name="Fanny ANDRE">
			<DL_ZONE gedi_type="TextRegion" id="3" col="410" row="273" width="898" height="77" contents="Déclaration de contrat de prêt" script="typed" function_2="object" function_1="title" language="french"> </DL_ZONE>
			<DL_ZONE gedi_type="GraphicRegion" id="4" col="152" row="87" width="108" height="60" function="logo"> </DL_ZONE>
			<DL_ZONE gedi_type="GraphicRegion" id="6" col="739" row="72" width="245" height="146" function="logo"> </DL_ZONE>
			<DL_ZONE gedi_type="TextRegion" id="13" col="426" row="365" width="865" height="38" contents="(Code général des impôts : article 242 ter 3, article 49 B de l'annexe III et article 23 L de l'annexe IV)" script="typed" language="french"> </DL_ZONE>
			<DL_ZONE gedi_type="TextRegion" id="14" col="1441" row="78" width="129" height="36" contents="N° 2062" script="typed" function_1="reference" language="french"> </DL_ZONE>
			<DL_ZONE gedi_type="TextRegion" id="15" col="105" row="51" width="212" height="34" contents="@ internet - DGI" script="typed" language="french"> </DL_ZONE>
			<DL_ZONE gedi_type="TextRegion" id="17" col="145" row="499" width="1050" height="41" contents="I. DÉSIGNATION DU DÉCLARANT (intermédiaire ou à défaut emprunteur)" script="typed" language="french"> </DL_ZONE>
			<DL_ZONE gedi_type="TextRegion" id="18" col="178" row="614" width="523" height="34" nextZoneID="20" contents="Nom et prénom ou raison sociale, profession :" script="typed" language="french"> </DL_ZONE>
			<DL_ZONE gedi_type="TextRegion" id="19" col="179" row="660" width="219" height="33" nextZoneID="156" contents="Adresse complète :" script="typed" language="french"> </DL_ZONE>
			<DL_ZONE gedi_type="TextRegion" id="20" col="706" row="596" width="341" height="48" contents="FANNY ANDRE" script="hand" function_1="coordinates" language="french"> </DL_ZONE>
			<DL_ZONE gedi_type="TextRegion" id="23" col="143" row="818" width="1432" height="46" contents="II. RENSEIGNEMENTS CONCERNANT LES CONDITIONS DU PRÊT ET LES PARTIES AU CONTRAT" script="typed" language="french"> </DL_ZONE>
			<DL_ZONE gedi_type="TableRegion" id="24" col="154" row="878" width="1425" height="1046"> </DL_ZONE>
			<DL_ZONE gedi_type="TextRegion" id="25" col="895" row="1967" width="181" height="37" contents="4/01/12" script="hand" function_1="date" language="french"> </DL_ZONE>
			<DL_ZONE gedi_type="TextRegion" id="26" col="435" row="1969" width="275" height="44" nextZoneID="28" contents="Montauban" script="hand" function_1="location" language="french"> </DL_ZONE>
			<DL_ZONE gedi_type="TextRegion" id="27" col="382" row="1984" width="23" height="28" nextZoneID="26" contents="A" script="typed" language="french"> </DL_ZONE>
			<DL_ZONE gedi_type="TextRegion" id="28" col="842" row="1977" width="34" height="32" nextZoneID="25" contents=", le" script="typed" function_1="date" language="french"> </DL_ZONE>
			<DL_ZONE gedi_type="TextRegion" id="29" col="1141" row="1977" width="134" height="29" nextZoneID="92" contents="Signature :" script="typed" language="french"> </DL_ZONE>
			<DL_ZONE gedi_type="TextRegion" id="30" col="143" row="150" width="127" height="42" contents="N° 10142 * 05&#10;N° 50058 # 05" script="typed" function_1="reference" language="french"> </DL_ZONE>
			<DL_ZONE gedi_type="GraphicRegion" id="32" col="1231" row="1982" width="277" height="144" function="signature"> </DL_ZONE>
			<DL_ZONE gedi_type="GraphicRegion" id="33" col="721" row="2084" width="308" height="89" function="logo"> </DL_ZONE>
			<DL_ZONE gedi_type="TextRegion" id="34" col="265" row="900" width="224" height="32" contents="Conditions du prêt" script="typed" language="french"> </DL_ZONE>
			<DL_ZONE gedi_type="TextRegion" id="36" col="297" row="954" width="74" height="61" contents="Date&#10;2" script="typed" language="french"> </DL_ZONE>
			<DL_ZONE gedi_type="TextRegion" id="37" col="385" row="954" width="61" height="60" contents="Taux&#10;3" script="typed" language="french"> </DL_ZONE>
			<DL_ZONE gedi_type="TextRegion" id="38" col="456" row="950" width="133" height="64" contents="Montant en principal&#10;4" script="typed" language="french"> </DL_ZONE>
			<DL_ZONE gedi_type="TextRegion" id="39" col="196" row="955" width="53" height="61" contents="Date&#10;1" script="typed" language="french"> </DL_ZONE>
			<DL_ZONE gedi_type="TextRegion" id="40" col="606" row="898" width="945" height="75" contents="Noms, prénoms et adresses complètes (y compris code département) des parties&#10;ÉCRIVEZ EN CAPITALES" script="typed" language="french"> </DL_ZONE>
			<DL_ZONE gedi_type="TextRegion" id="41" col="164" row="1046" width="120" height="50" contents="3/01/12" script="hand" language="french"> </DL_ZONE>
			<DL_ZONE gedi_type="TextRegion" id="42" col="293" row="1038" width="84" height="79" contents="12&#10;mois" script="hand" language="french"> </DL_ZONE>
			<DL_ZONE gedi_type="TextRegion" id="43" col="390" row="1038" width="57" height="47" contents="5%" script="hand" language="french"> </DL_ZONE>
			<DL_ZONE gedi_type="TextRegion" id="44" col="461" row="1033" width="120" height="47" contents="10 000" script="hand" language="french"> </DL_ZONE>
			<DL_ZONE gedi_type="TextRegion" id="45" col="614" row="1064" width="195" height="52" contents="FIDEM ." script="hand" language="french"> </DL_ZONE>
			<DL_ZONE gedi_type="TextRegion" id="46" col="596" row="1015" width="26" height="29" contents="A" script="typed" language="french"> </DL_ZONE>
			<DL_ZONE gedi_type="TextRegion" id="47" col="644" row="1012" width="374" height="32" contents="Créancier ou porteur ou prêteur" script="typed" language="french"> </DL_ZONE>
			<DL_ZONE gedi_type="TextRegion" id="48" col="597" row="1269" width="33" height="28" contents="B" script="typed" language="french"> </DL_ZONE>
			<DL_ZONE gedi_type="TextRegion" id="49" col="656" row="1266" width="428" height="28" contents="Débiteur ou émetteur ou emprunteur" script="typed" language="french"> </DL_ZONE>
			<DL_ZONE gedi_type="TextRegion" id="50" col="601" row="1309" width="783" height="203" contents="FANNY ANDRE&#10;QUARTIER LE MOULIN LA MAISON LE&#10;MARRONIER&#10;06260 RIGAUD" script="hand" function_1="coordinates" language="french"> </DL_ZONE>
			<DL_ZONE gedi_type="TextRegion" id="52" col="245" row="1530" width="159" height="31" contents="Observations" script="typed" language="french"> </DL_ZONE>
			<DL_ZONE gedi_type="TextRegion" id="53" col="161" row="1528" width="25" height="32" contents="C" script="typed" language="french"> </DL_ZONE>
			<DL_ZONE gedi_type="TextRegion" id="54" col="165" row="1651" width="27" height="26" contents="D" script="typed" language="french"> </DL_ZONE>
			<DL_ZONE gedi_type="TextRegion" id="57" col="584" row="1645" width="25" height="29" contents="20" script="typed" language="french"> </DL_ZONE>
			<DL_ZONE gedi_type="TextRegion" id="58" col="469" row="1647" width="29" height="26" nextZoneID="89" contents="20" script="typed" language="french"> </DL_ZONE>
			<DL_ZONE gedi_type="TextRegion" id="59" col="321" row="1649" width="84" height="28" contents="Années" script="typed" language="french"> </DL_ZONE>
			<DL_ZONE gedi_type="TextRegion" id="60" col="697" row="1646" width="24" height="26" contents="20" script="typed" language="french"> </DL_ZONE>
			<DL_ZONE gedi_type="TextRegion" id="61" col="171" row="1696" width="282" height="29" contents="Montant annuel des intérêts exigibles" script="typed" language="french"> </DL_ZONE>
			<DL_ZONE gedi_type="TextRegion" id="62" col="172" row="1737" width="282" height="31" contents="Montant annuel du principal remboursé" script="typed" language="french"> </DL_ZONE>
			<DL_ZONE gedi_type="TextRegion" id="63" col="320" row="1791" width="84" height="28" contents="Années" script="typed" language="french"> </DL_ZONE>
			<DL_ZONE gedi_type="TextRegion" id="64" col="174" row="1837" width="281" height="27" contents="Montant annuel des intérêts exigibles" script="typed" language="french"> </DL_ZONE>
			<DL_ZONE gedi_type="TextRegion" id="65" col="173" row="1881" width="282" height="30" contents="Montant annuel du principal remboursé" script="typed" language="french"> </DL_ZONE>
			<DL_ZONE gedi_type="TextRegion" id="66" col="482" row="1693" width="50" height="32" contents="5" script="hand" language="french"> </DL_ZONE>
			<DL_ZONE gedi_type="TextRegion" id="67" col="806" row="1644" width="27" height="25" contents="20" script="typed" language="french"> </DL_ZONE>
			<DL_ZONE gedi_type="TextRegion" id="68" col="919" row="1642" width="24" height="30" contents="20" script="typed" language="french"> </DL_ZONE>
			<DL_ZONE gedi_type="TextRegion" id="69" col="1028" row="1642" width="26" height="27" contents="20" script="typed" language="french"> </DL_ZONE>
			<DL_ZONE gedi_type="TextRegion" id="70" col="1141" row="1640" width="26" height="29" contents="20" script="typed" language="french"> </DL_ZONE>
			<DL_ZONE gedi_type="TextRegion" id="71" col="1250" row="1640" width="30" height="26" contents="20" script="typed" language="french"> </DL_ZONE>
			<DL_ZONE gedi_type="TextRegion" id="72" col="1365" row="1642" width="26" height="23" contents="20" script="typed" language="french"> </DL_ZONE>
			<DL_ZONE gedi_type="TextRegion" id="73" col="1478" row="1640" width="27" height="25" contents="20" script="typed" language="french"> </DL_ZONE>
			<DL_ZONE gedi_type="TextRegion" id="74" col="469" row="1738" width="105" height="38" contents="$0500" script="hand" language="french"> </DL_ZONE>
			<DL_ZONE gedi_type="TextRegion" id="75" col="474" row="1791" width="23" height="25" contents="20" script="typed" language="french"> </DL_ZONE>
			<DL_ZONE gedi_type="TextRegion" id="76" col="580" row="1784" width="29" height="32" contents="20" script="typed" language="french"> </DL_ZONE>
			<DL_ZONE gedi_type="TextRegion" id="77" col="695" row="1787" width="26" height="28" contents="20" script="typed" language="french"> </DL_ZONE>
			<DL_ZONE gedi_type="TextRegion" id="78" col="804" row="1786" width="29" height="26" contents="20" script="typed" language="french"> </DL_ZONE>
			<DL_ZONE gedi_type="TextRegion" id="79" col="918" row="1788" width="27" height="22" contents="20" script="typed" language="french"> </DL_ZONE>
			<DL_ZONE gedi_type="TextRegion" id="80" col="1033" row="1783" width="23" height="28" contents="20" script="typed" language="french"> </DL_ZONE>
			<DL_ZONE gedi_type="TextRegion" id="81" col="1143" row="1786" width="25" height="22" contents="20" script="typed" language="french"> </DL_ZONE>
			<DL_ZONE gedi_type="TextRegion" id="82" col="1253" row="1783" width="27" height="23" contents="20" script="typed" language="french"> </DL_ZONE>
			<DL_ZONE gedi_type="TextRegion" id="83" col="1366" row="1783" width="23" height="24" contents="20" script="typed" language="french"> </DL_ZONE>
			<DL_ZONE gedi_type="TextRegion" id="84" col="1481" row="1781" width="25" height="23" contents="20" script="typed" language="french"> </DL_ZONE>
			<DL_ZONE gedi_type="TextRegion" id="85" col="723" row="2127" width="301" height="42" contents="MINISTÈRE DE L'ÉCONOMIE&#10;DES FINANCES ET DE L'INDUSTRIE" script="typed" language="french"> </DL_ZONE>
			<DL_ZONE gedi_type="TextRegion" id="86" col="121" row="1642" width="21" height="378" rotation="-90" contents="N° 2062-2006 D1 14214 PO - (SDNC 876) - novembre 2006" script="typed" function_2="reference" language="french"> </DL_ZONE>
			<DL_ZONE gedi_type="TextRegion" id="88" col="744" row="161" width="234" height="24" contents="Liberté • Égalité • Fraternité" script="typed" language="french"> </DL_ZONE>
			<DL_ZONE gedi_type="TextRegion" id="89" col="504" row="1646" width="33" height="33" contents="13" script="hand" language="french"> </DL_ZONE>
			<DL_ZONE gedi_type="TextRegion" id="91" col="1072" row="983" width="20" height="26" contents="5" script="typed" language="french"> </DL_ZONE>
			<DL_ZONE gedi_type="TextRegion" id="92" col="1305" row="2078" width="141" height="44" contents="ANDRE" script="hand" language="french"> </DL_ZONE>
			<DL_ZONE gedi_type="NoiseRegion" id="93" col="1326" row="129" width="265" height="68"> </DL_ZONE>
			<DL_ZONE gedi_type="NoiseRegion" id="95" polygon="(1476,32);(1522,52);(1563,59);(1611,137);(1614,526);(1652,540);(1661,10);(1472,6)"> </DL_ZONE>
			<DL_ZONE gedi_type="TextRegion" id="96" col="162" row="92" width="86" height="48" contents="cerfa" script="typed" language="french"> </DL_ZONE>
			<DL_ZONE gedi_type="GraphicRegion" id="112" col="702" row="620" width="839" height="22" function="underlined-field"> </DL_ZONE>
			<DL_ZONE gedi_type="GraphicRegion" id="113" col="401" row="667" width="1139" height="20" function="underlined-field"> </DL_ZONE>
			<DL_ZONE gedi_type="GraphicRegion" id="114" col="180" row="717" width="1356" height="21" function="underlined-field"> </DL_ZONE>
			<DL_ZONE gedi_type="GraphicRegion" id="115" col="476" row="1552" width="1090" height="18" function="underlined-field"> </DL_ZONE>
			<DL_ZONE gedi_type="GraphicRegion" id="118" col="159" row="1594" width="1413" height="30" function="underlined-field"> </DL_ZONE>
			<DL_ZONE gedi_type="GraphicRegion" id="119" col="610" row="1662" width="60" height="10" function="underlined-field"> </DL_ZONE>
			<DL_ZONE gedi_type="GraphicRegion" id="120" col="722" row="1658" width="61" height="11" function="underlined-field"> </DL_ZONE>
			<DL_ZONE gedi_type="GraphicRegion" id="121" col="833" row="1658" width="63" height="11" function="underlined-field"> </DL_ZONE>
			<DL_ZONE gedi_type="GraphicRegion" id="122" col="942" row="1657" width="63" height="10" function="underlined-field"> </DL_ZONE>
			<DL_ZONE gedi_type="GraphicRegion" id="123" col="1056" row="1657" width="56" height="11" function="underlined-field"> </DL_ZONE>
			<DL_ZONE gedi_type="GraphicRegion" id="124" col="1166" row="1658" width="60" height="7" function="underlined-field"> </DL_ZONE>
			<DL_ZONE gedi_type="GraphicRegion" id="125" col="1281" row="1655" width="59" height="12" function="underlined-field"> </DL_ZONE>
			<DL_ZONE gedi_type="GraphicRegion" id="126" col="1393" row="1653" width="55" height="11" function="underlined-field"> </DL_ZONE>
			<DL_ZONE gedi_type="GraphicRegion" id="127" col="1507" row="1656" width="53" height="8" function="underlined-field"> </DL_ZONE>
			<DL_ZONE gedi_type="GraphicRegion" id="128" col="1507" row="1796" width="58" height="8" function="underlined-field"> </DL_ZONE>
			<DL_ZONE gedi_type="GraphicRegion" id="129" col="1391" row="1798" width="57" height="7" function="underlined-field"> </DL_ZONE>
			<DL_ZONE gedi_type="GraphicRegion" id="130" col="1282" row="1798" width="55" height="6" function="underlined-field"> </DL_ZONE>
			<DL_ZONE gedi_type="GraphicRegion" id="131" col="1170" row="1798" width="56" height="10" function="underlined-field"> </DL_ZONE>
			<DL_ZONE gedi_type="GraphicRegion" id="132" col="1057" row="1800" width="54" height="9" function="underlined-field"> </DL_ZONE>
			<DL_ZONE gedi_type="GraphicRegion" id="133" col="945" row="1801" width="60" height="11" function="underlined-field"> </DL_ZONE>
			<DL_ZONE gedi_type="GraphicRegion" id="134" col="834" row="1799" width="60" height="13" function="underlined-field"> </DL_ZONE>
			<DL_ZONE gedi_type="GraphicRegion" id="135" col="722" row="1804" width="62" height="7" function="underlined-field"> </DL_ZONE>
			<DL_ZONE gedi_type="GraphicRegion" id="136" col="609" row="1806" width="60" height="7" function="underlined-field"> </DL_ZONE>
			<DL_ZONE gedi_type="GraphicRegion" id="137" col="497" row="1662" width="60" height="13" function="underlined-field"> </DL_ZONE>
			<DL_ZONE gedi_type="GraphicRegion" id="138" col="500" row="1805" width="60" height="9" function="underlined-field"> </DL_ZONE>
			<DL_ZONE gedi_type="GraphicRegion" id="139" col="409" row="1995" width="433" height="19" function="underlined-field"> </DL_ZONE>
			<DL_ZONE gedi_type="GraphicRegion" id="140" col="878" row="1988" width="253" height="19" function="underlined-field"> </DL_ZONE>
			<DL_ZONE gedi_type="NoiseRegion" id="141" polygon="(380,372);(456,720);(684,1176);(744,1428);(792,1528);(1396,1540);(1455,1852);(1526,2250);(1674,2251);(1670,1528);(1644,1196);(1328,1196);(896,1068);(972,844);(1220,680);(1312,528);(1256,344);(1248,144);(1164,148)"> </DL_ZONE>
			<DL_ZONE gedi_type="TextRegion" id="143" col="741" row="194" width="235" height="19" contents="RÉPUBLIQUE FRANÇAISE" script="typed" language="french"> </DL_ZONE>
			<DL_ZONE gedi_type="NoiseRegion" id="146" col="0" row="5" width="30" height="2280"> </DL_ZONE>
			<DL_ZONE gedi_type="NoiseRegion" id="154" col="480" row="90" width="26" height="26"> </DL_ZONE>
			<DL_ZONE gedi_type="GraphicRegion" id="155" function="other" polygon="(153,568);(1569,560);(1568,749);(154,761)"> </DL_ZONE>
			<DL_ZONE gedi_type="TextRegion" id="156" polygon="(407,645);(1391,643);(1391,695);(586,698);(586,741);(181,742);(180,695);(408,693)" contents="Quartier le Moulin la maison le marronnier 06 260 RIGAUD 06260 RIGAUD" script="hand" language="french"> </DL_ZONE>
		</DL_PAGE>
	</DL_DOCUMENT>
</GEDI>