<?xml version="1.0" encoding="UTF-8"?>
<!--GEDI was developed at Language and Media Processing Laboratory, University of Maryland.-->

<GEDI xmlns="http://lamp.cfar.umd.edu/media/projects/GEDI/" GEDI_version="2.3.19" GEDI_date="12/23/2011">
	<USER name="Adil" date="2/2/2012 19:48" dateFormat="mm/dd/yyyy hh:mm">	</USER>
	<USER name="Laure" date="4/5/2012 10:42" dateFormat="mm/dd/yyyy hh:mm">	</USER>
	<USER name="MDR-P6" date="10/16/2012 23:25" dateFormat="mm/dd/yyyy hh:mm">	</USER>
	<USER name="MDR-P8" date="10/31/2012 15:31" dateFormat="mm/dd/yyyy hh:mm">	</USER>
	<USER name="MDR_P1" date="10/16/2012 15:50" dateFormat="mm/dd/yyyy hh:mm">	</USER>
	<USER name="Manuela" date="3/12/2012 14:36" dateFormat="mm/dd/yyyy hh:mm">	</USER>
	<USER name="Marnissi" date="3/3/2012 13:42" dateFormat="mm/dd/yyyy hh:mm">	</USER>
	<USER name="soumaya" date="5/23/2012 16:04" dateFormat="mm/dd/yyyy hh:mm">	</USER>
	<DL_DOCUMENT src="AFHJLM.tif" docTag="xml" NrOfPages="1">
		<DL_PAGE gedi_type="DL_PAGE" src="AFHJLM.tif" pageID="1" width="1651" height="2335" NumPage="1" Language_2="" Language_4="" Receiver_Name="" Language_3="" Receiver_Address="" Receiver_Fax="" Receiver_Phone="" Category="C1" Document_Date="19/01/2012" Document_Location="TRIEUX" Language_1="french" Script_2="hand" Sender_Address="RUE DE CHAMPAGNE" Sender_Phone="+33(0)3.19.01.20.01" Document_Object="DECLARATION DE CANDIDATURE" Receiver_Company="MINISTERE DE L'ENSEIGNEMENT SUPERIEUR ET DE LA RECHERCHE" Script_1="typed" Sender_Company="CABINET MARTIN" Sender_Fax="¤{+33(0)3.19.01.20.07|+33(0)1.39.86.58.78}¤" Sender_Name="Jean MARTIN">
			<DL_ZONE gedi_type="TextRegion" id="1" col="1367" row="158" width="99" height="34" contents="cerfa" script="typed" language="french"> </DL_ZONE>
			<DL_ZONE gedi_type="GraphicRegion" id="2" col="1359" row="142" width="127" height="63" function="logo"> </DL_ZONE>
			<DL_ZONE gedi_type="TextRegion" id="3" col="328" row="155" width="821" height="38" contents="MINISTERE DE L'ENSEIGNEMENT SUPERIEUR ET DE LA RECHERCHE" script="typed" language="french"> </DL_ZONE>
			<DL_ZONE gedi_type="TextRegion" id="4" col="155" row="280" width="1287" height="178" contents="CONCOURS DE MAITRE DE CONFERENCES DES UNIVERSITES - PRATICIEN HOSPITALIER DES&#10;CENTRES DE SOINS, D'ENSEIGNEMENT ET DE RECHERCHE DENTAIRES&#10;(décret n° 90 - 92 du 24 Janvier 1990 modifié)&#10;DECLARATION DE CANDIDATURE" script="typed" function_2="title" function_1="reference" function_3="object" language="french"> </DL_ZONE>
			<DL_ZONE gedi_type="TextRegion" id="9" col="1343" row="208" width="133" height="42" contents="n° 11435*01" script="typed" function_1="reference" language="french"> </DL_ZONE>
			<DL_ZONE gedi_type="TextRegion" id="11" col="162" row="543" width="251" height="37" nextZoneID="77" contents="Nom patronymique :" script="typed" language="french"> </DL_ZONE>
			<DL_ZONE gedi_type="TextRegion" id="12" col="158" row="597" width="180" height="32" contents="Nom marital :" script="typed" language="french"> </DL_ZONE>
			<DL_ZONE gedi_type="TextRegion" id="13" col="160" row="648" width="132" height="32" nextZoneID="78" contents="Prénoms :" script="typed" language="french"> </DL_ZONE>
			<DL_ZONE gedi_type="TextRegion" id="14" col="154" row="696" width="167" height="38" nextZoneID="79" contents="Nationalité :" script="typed" language="french"> </DL_ZONE>
			<DL_ZONE gedi_type="TextRegion" id="15" col="166" row="766" width="264" height="40" contents="Adresse personnelle :" script="typed" language="french"> </DL_ZONE>
			<DL_ZONE gedi_type="TextRegion" id="16" col="161" row="804" width="429" height="39" contents="Résidence, bâtiment (s'il y a lieu) :" script="typed" language="french"> </DL_ZONE>
			<DL_ZONE gedi_type="TextRegion" id="17" col="160" row="864" width="76" height="36" nextZoneID="55" contents="Rue :" script="typed" language="french"> </DL_ZONE>
			<DL_ZONE gedi_type="TextRegion" id="18" col="161" row="918" width="155" height="34" nextZoneID="56" contents="Commune :" script="typed" language="french"> </DL_ZONE>
			<DL_ZONE gedi_type="TextRegion" id="19" col="691" row="641" width="246" height="35" nextZoneID="72" contents="Date de naissance :" script="typed" language="french"> </DL_ZONE>
			<DL_ZONE gedi_type="TextRegion" id="20" col="923" row="851" width="35" height="40" nextZoneID="57" contents="N°" script="typed" language="french"> </DL_ZONE>
			<DL_ZONE gedi_type="TextRegion" id="21" col="1089" row="848" width="168" height="41" nextZoneID="68" contents="Code postal :" script="typed" language="french"> </DL_ZONE>
			<DL_ZONE gedi_type="TextRegion" id="22" col="950" row="909" width="152" height="39" nextZoneID="82" contents="Téléphone :" script="typed" language="french"> </DL_ZONE>
			<DL_ZONE gedi_type="TextRegion" id="23" col="167" row="988" width="311" height="35" contents="Adresse professionnelle :" script="typed" language="french"> </DL_ZONE>
			<DL_ZONE gedi_type="TextRegion" id="24" col="169" row="1029" width="352" height="32" nextZoneID="61" contents="Etablissement ou organisme :" script="typed" language="french"> </DL_ZONE>
			<DL_ZONE gedi_type="TextRegion" id="25" col="169" row="1084" width="70" height="33" nextZoneID="83" contents="Rue :" script="typed" language="french"> </DL_ZONE>
			<DL_ZONE gedi_type="TextRegion" id="26" col="167" row="1136" width="150" height="43" nextZoneID="84" contents="Commune :" script="typed" language="french"> </DL_ZONE>
			<DL_ZONE gedi_type="TextRegion" id="27" col="903" row="1073" width="37" height="33" nextZoneID="54" contents="N°" script="typed" language="french"> </DL_ZONE>
			<DL_ZONE gedi_type="TextRegion" id="28" col="926" row="1132" width="146" height="37" nextZoneID="80" contents="Téléphone :" script="typed" language="french"> </DL_ZONE>
			<DL_ZONE gedi_type="TextRegion" id="29" col="1002" row="1192" width="60" height="35" nextZoneID="81" contents="fax :" script="typed" language="french"> </DL_ZONE>
			<DL_ZONE gedi_type="TextRegion" id="30" col="161" row="1192" width="282" height="45" nextZoneID="85" contents="Adresse électronique :" script="typed" language="french"> </DL_ZONE>
			<DL_ZONE gedi_type="TextRegion" id="31" polygon="(164,1247);(1383,1238);(1385,1347);(165,1358)" nextZoneID="34" contents="DEMANDE A PARTICIPER AU CONCOURS DE MAITRE DE CONFERENCES DES&#10;UNIVERSITES - PRATICIEN HOSPITALIER DES CENTRES DE SOINS, D'ENSEIGNEMENT&#10;ET DE RECHERCHE DENTAIRES DANS LA OU LES DISCIPLINE (S) :" script="typed" language="french"> </DL_ZONE>
			<DL_ZONE gedi_type="TextRegion" id="33" polygon="(165,1470);(1164,1464);(1164,1504);(165,1507)" contents="PRESENTATION(S) ANTERIEURE(S) : Année(s) de concours et discipline(s) :" script="typed" language="french"> </DL_ZONE>
			<DL_ZONE gedi_type="TextRegion" id="34" polygon="(207,1410);(711,1401);(708,1356);(206,1364)" contents="ORTHOPEDIE DEN¤TO¤-FACIALE" script="hand" language="french"> </DL_ZONE>
			<DL_ZONE gedi_type="TextRegion" id="35" polygon="(170,1711);(1471,1699);(1471,1763);(171,1777)" contents="J'atteste sur l'honneur l'exactitude des renseignements fournis dans le présent dossier et déclare avoir été informé&#10;(e) que toute déclaration inexacte de ma part entraînerait l'annulation de mon éventuel succès au concours." script="typed" function_1="text_section" language="french"> </DL_ZONE>
			<DL_ZONE gedi_type="TextRegion" id="37" col="384" row="1804" width="73" height="30" nextZoneID="58" contents="Fait à" script="typed" language="french"> </DL_ZONE>
			<DL_ZONE gedi_type="TextRegion" id="38" col="800" row="1804" width="20" height="31" nextZoneID="62" contents="le" script="typed" function_1="date" language="french"> </DL_ZONE>
			<DL_ZONE gedi_type="TextRegion" id="39" col="687" row="1865" width="125" height="33" contents="Signature" script="typed" language="french"> </DL_ZONE>
			<DL_ZONE gedi_type="TextRegion" id="40" polygon="(168,1923);(1467,1913);(1466,1987);(168,1992)" contents="La loi n° 78-17 du 6 janvier 1978 relative aux fichiers nominatifs garantit un droit d'accès et de rectification des données&#10;auprès des organismes destinataires du formulaire." script="typed" function_1="footer" language="french"> </DL_ZONE>
			<DL_ZONE gedi_type="TextRegion" id="41" col="1386" row="2086" width="43" height="35" contents="1/1" script="typed" function_1="footer" language="french"> </DL_ZONE>
			<DL_ZONE gedi_type="TextRegion" id="42" polygon="(577,1565);(578,1537);(395,1537);(397,1568)" contents="1ère candidature" script="typed" language="french"> </DL_ZONE>
			<DL_ZONE gedi_type="TextRegion" id="44" polygon="(1062,1533);(1258,1532);(1259,1560);(1062,1561)" contents="2ème candidature" script="typed" language="french"> </DL_ZONE>
			<DL_ZONE gedi_type="TextRegion" id="46" polygon="(202,1601);(290,1598);(290,1570);(201,1572)" nextZoneID="51" contents="année" script="typed" language="french"> </DL_ZONE>
			<DL_ZONE gedi_type="TextRegion" id="47" col="876" row="1564" width="83" height="29" contents="année" script="typed" language="french"> </DL_ZONE>
			<DL_ZONE gedi_type="TextRegion" id="49" col="504" row="1569" width="104" height="29" nextZoneID="71" contents="discipline" script="typed" language="french"> </DL_ZONE>
			<DL_ZONE gedi_type="TextRegion" id="50" col="1172" row="1563" width="118" height="29" contents="discipline" script="typed" language="french"> </DL_ZONE>
			<DL_ZONE gedi_type="TextRegion" id="51" col="184" row="1629" width="102" height="41" contents="2011" script="hand" language="french"> </DL_ZONE>
			<DL_ZONE gedi_type="TextRegion" id="53" col="1086" row="1068" width="164" height="42" nextZoneID="67" contents="Code postal :" script="typed" language="french"> </DL_ZONE>
			<DL_ZONE gedi_type="TextRegion" id="54" col="968" row="1070" width="32" height="31" contents="2" script="hand" language="french"> </DL_ZONE>
			<DL_ZONE gedi_type="TextRegion" id="55" col="272" row="852" width="333" height="52" contents="Rue de Champagne" script="hand" language="french"> </DL_ZONE>
			<DL_ZONE gedi_type="TextRegion" id="56" col="347" row="913" width="132" height="35" contents="TRIEUX" script="hand" language="french"> </DL_ZONE>
			<DL_ZONE gedi_type="TextRegion" id="57" col="988" row="850" width="57" height="32" contents="31" script="hand" language="french"> </DL_ZONE>
			<DL_ZONE gedi_type="TextRegion" id="58" col="473" row="1794" width="121" height="37" nextZoneID="38" contents="TRIEU¤X¤" script="hand" function_1="location" language="french"> </DL_ZONE>
			<DL_ZONE gedi_type="LineDrawingRegion" id="59" polygon="(377,620);(455,586);(443,572);(366,607)"> </DL_ZONE>
			<DL_ZONE gedi_type="TextRegion" id="61" col="563" row="1018" width="290" height="33" contents="CABINET MARTIN" script="hand" language="french"> </DL_ZONE>
			<DL_ZONE gedi_type="TextRegion" id="62" col="834" row="1795" width="48" height="37" nextZoneID="65" contents="19" script="hand" function_1="date" language="french"> </DL_ZONE>
			<DL_ZONE gedi_type="TextRegion" id="63" col="919" row="1800" width="48" height="31" nextZoneID="66" contents="01" script="hand" function_1="date" language="french"> </DL_ZONE>
			<DL_ZONE gedi_type="TextRegion" id="64" col="1006" row="1795" width="105" height="33" contents="2012" script="hand" function_1="date" language="french"> </DL_ZONE>
			<DL_ZONE gedi_type="TextRegion" id="65" col="893" row="1805" width="19" height="26" nextZoneID="63" contents="/" script="typed" function_1="date" language="french"> </DL_ZONE>
			<DL_ZONE gedi_type="TextRegion" id="66" col="980" row="1807" width="15" height="24" nextZoneID="64" contents="/" script="typed" function_1="date" language="french"> </DL_ZONE>
			<DL_ZONE gedi_type="TextRegion" id="67" col="1260" row="1069" width="141" height="34" contents="54000" script="hand" language="french"> </DL_ZONE>
			<DL_ZONE gedi_type="TextRegion" id="68" col="1266" row="847" width="140" height="31" contents="54750" script="hand" language="french"> </DL_ZONE>
			<DL_ZONE gedi_type="TableRegion" id="69" col="172" row="1535" width="627" height="158"> </DL_ZONE>
			<DL_ZONE gedi_type="TableRegion" id="70" col="847" row="1527" width="630" height="158"> </DL_ZONE>
			<DL_ZONE gedi_type="TextRegion" id="71" col="347" row="1615" width="306" height="51" contents="PARODONTOLOG¤I¤E" script="hand" language="french"> </DL_ZONE>
			<DL_ZONE gedi_type="TextRegion" id="72" col="1135" row="639" width="50" height="31" nextZoneID="73" contents="13" script="hand" language="french"> </DL_ZONE>
			<DL_ZONE gedi_type="TextRegion" id="73" col="1198" row="640" width="15" height="30" nextZoneID="74" contents="/" script="typed" language="french"> </DL_ZONE>
			<DL_ZONE gedi_type="TextRegion" id="74" col="1214" row="634" width="61" height="36" nextZoneID="75" contents="05" script="hand" language="french"> </DL_ZONE>
			<DL_ZONE gedi_type="TextRegion" id="75" col="1284" row="638" width="15" height="30" nextZoneID="76" contents="/" script="typed" language="french"> </DL_ZONE>
			<DL_ZONE gedi_type="TextRegion" id="76" col="1302" row="635" width="115" height="33" contents="1975" script="hand" language="french"> </DL_ZONE>
			<DL_ZONE gedi_type="TextRegion" id="77" col="439" row="529" width="137" height="39" contents="MARTIN" script="hand" language="french"> </DL_ZONE>
			<DL_ZONE gedi_type="TextRegion" id="78" col="313" row="644" width="98" height="36" contents="Jean" script="hand" language="french"> </DL_ZONE>
			<DL_ZONE gedi_type="TextRegion" id="79" col="356" row="686" width="182" height="40" contents="¤{FRANCAISE/FRANÇAISE}¤" script="hand" function_1="coordinates" language="french"> </DL_ZONE>
			<DL_ZONE gedi_type="TextRegion" id="80" col="1145" row="1127" width="300" height="29" contents="0319012001" script="hand" language="french"> </DL_ZONE>
			<DL_ZONE gedi_type="TextRegion" id="81" col="1145" row="1180" width="299" height="40" contents="0319012007" script="hand" language="french"> </DL_ZONE>
			<DL_ZONE gedi_type="TextRegion" id="82" col="1146" row="909" width="288" height="28" contents="0319260128" script="hand" language="french"> </DL_ZONE>
			<DL_ZONE gedi_type="TextRegion" id="83" col="262" row="1063" width="399" height="49" contents="Bvd du Gal de Gaulle" script="hand" language="french"> </DL_ZONE>
			<DL_ZONE gedi_type="TextRegion" id="84" col="346" row="1123" width="119" height="51" contents="NANCY" script="hand" language="french"> </DL_ZONE>
			<DL_ZONE gedi_type="TextRegion" id="85" col="479" row="1179" width="452" height="59" contents="ca.martin@wanadoo.fr" script="hand" language="french"> </DL_ZONE>
			<DL_ZONE gedi_type="GraphicRegion" id="89" col="465" row="1811" width="330" height="28" function="underlined-field"> </DL_ZONE>
			<DL_ZONE gedi_type="GraphicRegion" id="90" function="underlined-field" polygon="(300,1389);(159,1393);(162,1411);(1431,1400);(1430,1380)"> </DL_ZONE>
			<DL_ZONE gedi_type="GraphicRegion" id="91" col="443" row="1206" width="560" height="20" function="underlined-field"> </DL_ZONE>
			<DL_ZONE gedi_type="GraphicRegion" id="92" col="943" row="1089" width="138" height="16" function="underlined-field"> </DL_ZONE>
			<DL_ZONE gedi_type="GraphicRegion" id="93" col="416" row="552" width="1000" height="20" function="underlined-field"> </DL_ZONE>
			<DL_ZONE gedi_type="GraphicRegion" id="94" col="339" row="604" width="1064" height="24" function="underlined-field"> </DL_ZONE>
			<DL_ZONE gedi_type="GraphicRegion" id="95" col="296" row="669" width="364" height="11" function="underlined-field"> </DL_ZONE>
			<DL_ZONE gedi_type="GraphicRegion" id="96" col="319" row="705" width="1108" height="29" function="underlined-field"> </DL_ZONE>
			<DL_ZONE gedi_type="GraphicRegion" id="97" col="595" row="810" width="833" height="23" function="underlined-field"> </DL_ZONE>
			<DL_ZONE gedi_type="GraphicRegion" id="98" col="239" row="876" width="682" height="18" function="underlined-field"> </DL_ZONE>
			<DL_ZONE gedi_type="GraphicRegion" id="99" col="961" row="870" width="125" height="15" function="underlined-field"> </DL_ZONE>
			<DL_ZONE gedi_type="GraphicRegion" id="100" col="322" row="932" width="617" height="20" function="underlined-field"> </DL_ZONE>
			<DL_ZONE gedi_type="GraphicRegion" id="101" function="underlined-field" polygon="(591,1058);(526,1058);(524,1032);(1443,1037);(1439,1057)"> </DL_ZONE>
			<DL_ZONE gedi_type="GraphicRegion" id="102" col="244" row="1093" width="659" height="22" function="underlined-field"> </DL_ZONE>
			<DL_ZONE gedi_type="GraphicRegion" id="103" col="317" row="1151" width="609" height="20" function="underlined-field"> </DL_ZONE>
			<DL_ZONE gedi_type="NoiseRegion" id="111" polygon="(894,2168);(867,2172);(869,105);(900,106)"> </DL_ZONE>
			<DL_ZONE gedi_type="NoiseRegion" id="112" polygon="(335,2107);(339,20);(368,20);(357,2103)"> </DL_ZONE>
			<DL_ZONE gedi_type="NoiseRegion" id="113" polygon="(1249,124);(1253,172);(1393,121);(1393,119)"> </DL_ZONE>
			<DL_ZONE gedi_type="GraphicRegion" id="116" col="1259" row="845" width="156" height="38" function="form-field"> </DL_ZONE>
			<DL_ZONE gedi_type="GraphicRegion" id="117" col="1140" row="905" width="306" height="36" function="form-field"> </DL_ZONE>
			<DL_ZONE gedi_type="GraphicRegion" id="120" col="1258" row="1068" width="149" height="35" function="form-field"> </DL_ZONE>
			<DL_ZONE gedi_type="GraphicRegion" id="121" col="1138" row="1123" width="307" height="38" function="form-field"> </DL_ZONE>
			<DL_ZONE gedi_type="GraphicRegion" id="122" col="1139" row="1176" width="308" height="48" function="form-field"> </DL_ZONE>
			<DL_ZONE gedi_type="GraphicRegion" id="129" col="828" row="1795" width="290" height="41" function="form-field"> </DL_ZONE>
			<DL_ZONE gedi_type="GraphicRegion" id="132" col="1128" row="632" width="289" height="38" function="form-field"> </DL_ZONE>
			<DL_ZONE gedi_type="GraphicRegion" id="133" col="160" row="1434" width="1252" height="22" function="underlined-field"> </DL_ZONE>
			<DL_ZONE gedi_type="NoiseRegion" id="134" col="1636" row="37" width="8" height="94"> </DL_ZONE>
			<DL_ZONE gedi_type="GraphicRegion" id="135" col="824" row="1833" width="121" height="73" function="signature"> </DL_ZONE>
			<DL_ZONE gedi_type="TextRegion" id="136" col="836" row="1857" width="95" height="42" orientationD="12.171" contents="MG" script="hand" language="french"> </DL_ZONE>
			<DL_ZONE gedi_type="TextRegion" id="138" col="665" row="476" width="278" height="39" orientationD="-0.197" contents="JE SOUSSIGNE (E)" script="typed" language="french"> </DL_ZONE>
			<DL_ZONE gedi_type="TextRegion" id="139" col="128" row="32" width="1374" height="36" contents="19/01/2012 16: 32 0139865870 TAN PAGE 01 / 01" script="typed" function_2="date" function_1="header" language="french"> </DL_ZONE>
		</DL_PAGE>
	</DL_DOCUMENT>
</GEDI>