<?xml version="1.0" encoding="UTF-8"?>
<!--GEDI was developed at Language and Media Processing Laboratory, University of Maryland.-->

<GEDI xmlns="http://lamp.cfar.umd.edu/media/projects/GEDI/" GEDI_version="2.3.19" GEDI_date="12/23/2011">
	<USER name="MDR-P4" date="4/29/2013 11:37" dateFormat="mm/dd/yyyy hh:mm">	</USER>
	<USER name="MDR-P8" date="4/30/2013 15:58" dateFormat="mm/dd/yyyy hh:mm">	</USER>
	<DL_DOCUMENT src="AGHIKN.tif" docTag="xml" NrOfPages="1">
		<DL_PAGE gedi_type="DL_PAGE" src="AGHIKN.tif" pageID="1" width="1651" height="2335" Language_2="" Receiver_Name="" Language_4="" Language_3="" Receiver_Address="" Sender_Company="" Receiver_Fax="" Sender_Address="" Receiver_Phone="" Sender_Fax="" Document_Date="26/04/2013" Category="C1" Document_Location="MANCHESTER" Document_Object="BANK APPLICATION" Language_1="english" NumPage="1" Receiver_Company="THE BANK OF BAJASTHAN" Script_1="typed" Script_2="hand" Sender_Name="Austin PLEASANCE" Sender_Phone="+44(0)16.18.72.77.45">
			<DL_ZONE gedi_type="TextRegion" id="1" col="77" row="1503" width="1447" height="287" contents="Declaration&#10;√ I/we confirm that I/we am/are the sole account-holder/have the required mandate to operate the account(s) singly.&#10;√ I/we have read and understood the Terms and Conditions (a copy of which I/we am/are in possession of) relating to&#10;BajBank@NET facility.&#10;√ I/we accept and agree to be bound by the said Terms and Conditions.&#10;√ I/we understand that this application will be treated as an authenticated request for Registration of BajBank@NET.&#10;√ I/we understand that the Bank may, at its absolute discretion¤,¤ discontinue the service completely or partially without any&#10;notice to me/us.&#10;√ I/we agree that the Bank may debit my/our account for service charges as applicable for time to time." script="typed" function_1="text_section" language="english"> </DL_ZONE>
			<DL_ZONE gedi_type="TextRegion" id="2" col="435" row="279" width="845" height="52" contents="THE BANK OF BAJASTHAN" script="typed" function_1="title" language="english"> </DL_ZONE>
			<DL_ZONE gedi_type="TextRegion" id="3" col="96" row="440" width="405" height="66" nextZoneID="40" contents="1. PRIMARY ACCOUNT NO. :&#10;(Complete 13 digits number)" script="typed" language="english"> </DL_ZONE>
			<DL_ZONE gedi_type="TextRegion" id="4" col="94" row="515" width="407" height="30" nextZoneID="41" contents="2. BRANCH NAME :" script="typed" language="english"> </DL_ZONE>
			<DL_ZONE gedi_type="TextRegion" id="5" col="96" row="556" width="408" height="30" nextZoneID="106" contents="3. NAME OF CUSTOMER :" script="typed" language="english"> </DL_ZONE>
			<DL_ZONE gedi_type="TextRegion" id="6" col="96" row="593" width="406" height="34" nextZoneID="107" contents="4. MAILING ADDRESS :" script="typed" language="english"> </DL_ZONE>
			<DL_ZONE gedi_type="TextRegion" id="7" col="90" row="677" width="416" height="64" nextZoneID="45" contents="5. E-MAIL ID $ :&#10;($ Mandatory for User activation)" script="typed" language="english"> </DL_ZONE>
			<DL_ZONE gedi_type="TextRegion" id="8" col="93" row="748" width="406" height="33" nextZoneID="46" contents="6. PHONE/MOBILE NUMBERS :" script="typed" language="english"> </DL_ZONE>
			<DL_ZONE gedi_type="TextRegion" id="9" col="93" row="786" width="406" height="37" contents="7. OPTION FOR FACILITIES $$ :" script="typed" language="english"> </DL_ZONE>
			<DL_ZONE gedi_type="TextRegion" id="10" col="93" row="829" width="718" height="36" contents="8. PRIMARY CUSTOMER ID (TO BE FILLED BY BRANCH) :" script="typed" language="english"> </DL_ZONE>
			<DL_ZONE gedi_type="TextRegion" id="11" col="89" row="873" width="986" height="29" contents="9.WHETHER CUSTOMER'S OTHER CUSTOMER ID ACCOUNTS TO BE LINKED :" script="typed" language="english"> </DL_ZONE>
			<DL_ZONE gedi_type="TextRegion" id="12" col="82" row="913" width="1360" height="33" contents="10. IF YES, DETAILS OF CUSTOMER'S OTHER CUSTOMER ID's TO BE LINKED WITH PRIMARY CUSTOMER ID :" script="typed" language="english"> </DL_ZONE>
			<DL_ZONE gedi_type="TextRegion" id="13" col="499" row="793" width="228" height="30" contents="[ENQUIRY ONLY]/" script="typed" language="english"> </DL_ZONE>
			<DL_ZONE gedi_type="TextRegion" id="14" col="726" row="794" width="381" height="29" contents="{LIMITED FUNDS TRANSFER}/" script="typed" language="english"> </DL_ZONE>
			<DL_ZONE gedi_type="TextRegion" id="15" col="1106" row="794" width="404" height="35" contents="[UNLIMITED FUNDS TRANSFER]" script="typed" language="english"> </DL_ZONE>
			<DL_ZONE gedi_type="TextRegion" id="16" col="176" row="953" width="376" height="27" contents="TO BE FILLED BY CUSTOMER" script="typed" language="english"> </DL_ZONE>
			<DL_ZONE gedi_type="TextRegion" id="17" col="794" row="954" width="350" height="26" contents="TO BE FILLED BY BRANCH" script="typed" language="english"> </DL_ZONE>
			<DL_ZONE gedi_type="TextRegion" id="19" col="88" row="994" width="43" height="67" contents="S.&#10;No." script="typed" language="english"> </DL_ZONE>
			<DL_ZONE gedi_type="TextRegion" id="21" col="184" row="994" width="397" height="98" contents="SB/CD/CC/LOAN ACCOUNT NO.&#10;(Do not fill Term/Flexi Deposit&#10;account numbers)" script="typed" language="english"> </DL_ZONE>
			<DL_ZONE gedi_type="TextRegion" id="22" col="799" row="996" width="186" height="37" contents="CUSTOMER ID" script="typed" language="english"> </DL_ZONE>
			<DL_ZONE gedi_type="TextRegion" id="23" col="1103" row="1000" width="123" height="60" contents="PRIMARY&#10;SOL" script="typed" language="english"> </DL_ZONE>
			<DL_ZONE gedi_type="TextRegion" id="25" col="1258" row="998" width="262" height="96" contents="NO. OF ALL&#10;ACCOUNTS LINKED&#10;WITH CUSTOMER ID" script="typed" language="english"> </DL_ZONE>
			<DL_ZONE gedi_type="TextRegion" id="26" col="156" row="1160" width="264" height="34" contents="TITLE OF ACCOUNT :" script="typed" language="english"> </DL_ZONE>
			<DL_ZONE gedi_type="TextRegion" id="27" col="155" row="1272" width="267" height="25" contents="TITLE OF ACCOUNT :" script="typed" language="english"> </DL_ZONE>
			<DL_ZONE gedi_type="TextRegion" id="28" col="154" row="1371" width="268" height="30" contents="TITLE OF ACCOUNT :" script="typed" language="english"> </DL_ZONE>
			<DL_ZONE gedi_type="TextRegion" id="29" col="154" row="1468" width="264" height="32" contents="TITLE OF ACCOUNT :" script="typed" language="english"> </DL_ZONE>
			<DL_ZONE gedi_type="TextRegion" id="30" col="78" row="1800" width="107" height="30" nextZoneID="50" contents="PLACE :" script="typed" language="english"> </DL_ZONE>
			<DL_ZONE gedi_type="TextRegion" id="31" col="78" row="1832" width="84" height="27" nextZoneID="51" contents="DATE :" script="typed" language="english"> </DL_ZONE>
			<DL_ZONE gedi_type="TextRegion" id="32" col="623" row="1834" width="154" height="30" contents="SIGNATURE" script="typed" language="english"> </DL_ZONE>
			<DL_ZONE gedi_type="TextRegion" id="33" col="531" row="1868" width="342" height="25" contents="(APPLICANT/SOLE/FIRST HOLDER)" script="typed" language="english"> </DL_ZONE>
			<DL_ZONE gedi_type="TextRegion" id="34" col="1133" row="1834" width="191" height="33" contents="SIGNATURE(S)" script="typed" language="english"> </DL_ZONE>
			<DL_ZONE gedi_type="TextRegion" id="35" col="950" row="1872" width="558" height="22" contents="(JOINT HOLDERS AS A CONSENT FOR LINKING OF A/Cs)" script="typed" language="english"> </DL_ZONE>
			<DL_ZONE gedi_type="TextRegion" id="36" col="76" row="1895" width="892" height="25" contents="NOTE : FACILITY NOT ALLOWED FOR ANY ACCOUNT'S MODE OF OPERATION JOINTLY." script="typed" language="english"> </DL_ZONE>
			<DL_ZONE gedi_type="TextRegion" id="37" col="75" row="1936" width="1449" height="69" contents="FOR OFFICE USE ONLY : (Branch to verify application &amp; different customer IDs as per Internet Banking application&#10;processing guidelines in force. Mandatory ($$) columns must be filled)" script="typed" language="english"> </DL_ZONE>
			<DL_ZONE gedi_type="TextRegion" id="38" col="73" row="2013" width="804" height="33" contents="SIGNATURE (S) &amp; MANDATE OF ABOVE CUSTOMER ID(s) VERIFIED BY:" script="typed" language="english"> </DL_ZONE>
			<DL_ZONE gedi_type="TextRegion" id="39" col="961" row="2046" width="563" height="32" contents="(Official Signature with P.A. Number &amp; Branch Seal)" script="typed" language="english"> </DL_ZONE>
			<DL_ZONE gedi_type="TextRegion" id="40" col="642" row="450" width="529" height="36" contents="00061451227824" script="hand" function_1="reference" language="english"> </DL_ZONE>
			<DL_ZONE gedi_type="TextRegion" id="41" col="523" row="507" width="124" height="40" contents="HSBC" script="hand" language="english"> </DL_ZONE>
			<DL_ZONE gedi_type="TextRegion" id="44" col="1233" row="672" width="252" height="44" contents="17.11.1972" script="hand" language="english"> </DL_ZONE>
			<DL_ZONE gedi_type="TextRegion" id="45" col="522" row="667" width="196" height="74" contents="idfral46" script="hand" language="english"> </DL_ZONE>
			<DL_ZONE gedi_type="TextRegion" id="46" col="504" row="754" width="264" height="34" contents="01 618727745" script="hand" language="english"> </DL_ZONE>
			<DL_ZONE gedi_type="TextRegion" id="47" col="154" row="1218" width="535" height="37" contents="00048921367941" script="hand" function_1="reference" language="english"> </DL_ZONE>
			<DL_ZONE gedi_type="TextRegion" id="49" col="89" row="1103" width="39" height="41" contents="1" script="hand" language="english"> </DL_ZONE>
			<DL_ZONE gedi_type="TextRegion" id="50" col="191" row="1791" width="235" height="40" contents="MANCHESTER" script="hand" function_1="location" language="english"> </DL_ZONE>
			<DL_ZONE gedi_type="TextRegion" id="51" col="181" row="1833" width="225" height="42" contents="26.04.2013" script="hand" function_1="date" language="english"> </DL_ZONE>
			<DL_ZONE gedi_type="TextRegion" id="53" col="1037" row="681" width="186" height="32" nextZoneID="44" contents="Date of Birth $ :" script="typed" language="english"> </DL_ZONE>
			<DL_ZONE gedi_type="SeparatorRegion" id="54" col="80" row="381" width="1442" height="50"> </DL_ZONE>
			<DL_ZONE gedi_type="SeparatorRegion" id="55" col="75" row="1925" width="1454" height="16"> </DL_ZONE>
			<DL_ZONE gedi_type="GraphicRegion" id="56" col="638" row="442" width="542" height="50" function="form-field"> </DL_ZONE>
			<DL_ZONE gedi_type="GraphicRegion" id="57" col="511" row="581" width="1009" height="13" function="underlined-field"> </DL_ZONE>
			<DL_ZONE gedi_type="GraphicRegion" id="58" col="507" row="538" width="1026" height="12" function="underlined-field"> </DL_ZONE>
			<DL_ZONE gedi_type="GraphicRegion" id="59" col="509" row="618" width="1018" height="16" function="underlined-field"> </DL_ZONE>
			<DL_ZONE gedi_type="GraphicRegion" id="60" col="511" row="661" width="1020" height="12" function="underlined-field"> </DL_ZONE>
			<DL_ZONE gedi_type="GraphicRegion" id="61" col="511" row="702" width="524" height="9" function="underlined-field"> </DL_ZONE>
			<DL_ZONE gedi_type="GraphicRegion" id="62" col="1221" row="702" width="301" height="14" function="underlined-field"> </DL_ZONE>
			<DL_ZONE gedi_type="GraphicRegion" id="63" col="1148" row="957" width="319" height="25" function="form-field"> </DL_ZONE>
			<DL_ZONE gedi_type="GraphicRegion" id="64" col="81" row="953" width="97" height="25" function="drawing"> </DL_ZONE>
			<DL_ZONE gedi_type="GraphicRegion" id="67" col="551" row="955" width="247" height="22" function="drawing"> </DL_ZONE>
			<DL_ZONE gedi_type="GraphicRegion" id="68" col="87" row="1100" width="48" height="46" function="form-field"> </DL_ZONE>
			<DL_ZONE gedi_type="GraphicRegion" id="69" col="89" row="1210" width="46" height="46" function="form-field"> </DL_ZONE>
			<DL_ZONE gedi_type="GraphicRegion" id="70" col="89" row="1310" width="46" height="47" function="form-field"> </DL_ZONE>
			<DL_ZONE gedi_type="GraphicRegion" id="71" col="87" row="1408" width="48" height="48" function="form-field"> </DL_ZONE>
			<DL_ZONE gedi_type="GraphicRegion" id="72" col="150" row="1209" width="545" height="49" function="form-field"> </DL_ZONE>
			<DL_ZONE gedi_type="GraphicRegion" id="73" col="716" row="1209" width="351" height="51" function="form-field"> </DL_ZONE>
			<DL_ZONE gedi_type="GraphicRegion" id="74" col="1081" row="1211" width="167" height="51" function="form-field"> </DL_ZONE>
			<DL_ZONE gedi_type="GraphicRegion" id="75" col="1358" row="1107" width="59" height="48" function="form-field"> </DL_ZONE>
			<DL_ZONE gedi_type="GraphicRegion" id="76" col="420" row="1390" width="829" height="16" function="underlined-field"> </DL_ZONE>
			<DL_ZONE gedi_type="GraphicRegion" id="77" col="1355" row="1214" width="64" height="48" function="form-field"> </DL_ZONE>
			<DL_ZONE gedi_type="GraphicRegion" id="78" col="1357" row="1311" width="62" height="49" function="form-field"> </DL_ZONE>
			<DL_ZONE gedi_type="GraphicRegion" id="79" col="1356" row="1413" width="63" height="47" function="form-field"> </DL_ZONE>
			<DL_ZONE gedi_type="GraphicRegion" id="80" col="151" row="1410" width="542" height="48" function="form-field"> </DL_ZONE>
			<DL_ZONE gedi_type="GraphicRegion" id="81" col="715" row="1409" width="347" height="49" function="form-field"> </DL_ZONE>
			<DL_ZONE gedi_type="GraphicRegion" id="82" col="1081" row="1412" width="167" height="50" function="form-field"> </DL_ZONE>
			<DL_ZONE gedi_type="GraphicRegion" id="83" col="418" row="1296" width="831" height="10" function="underlined-field"> </DL_ZONE>
			<DL_ZONE gedi_type="GraphicRegion" id="84" col="153" row="1308" width="542" height="50" function="form-field"> </DL_ZONE>
			<DL_ZONE gedi_type="GraphicRegion" id="85" col="716" row="1310" width="348" height="48" function="form-field"> </DL_ZONE>
			<DL_ZONE gedi_type="GraphicRegion" id="86" col="1080" row="1311" width="166" height="51" function="form-field"> </DL_ZONE>
			<DL_ZONE gedi_type="GraphicRegion" id="87" col="418" row="1187" width="830" height="13" function="underlined-field"> </DL_ZONE>
			<DL_ZONE gedi_type="GraphicRegion" id="88" col="1082" row="1107" width="167" height="50" function="form-field"> </DL_ZONE>
			<DL_ZONE gedi_type="GraphicRegion" id="89" col="715" row="1104" width="352" height="51" function="form-field"> </DL_ZONE>
			<DL_ZONE gedi_type="GraphicRegion" id="90" col="154" row="1102" width="539" height="51" function="form-field"> </DL_ZONE>
			<DL_ZONE gedi_type="TextRegion" id="91" col="1071" row="877" width="50" height="26" contents="Yes/" script="typed" language="english"> </DL_ZONE>
			<DL_ZONE gedi_type="TableRegion" id="92" col="73" row="985" width="1442" height="480"> </DL_ZONE>
			<DL_ZONE gedi_type="GraphicRegion" id="93" col="957" row="2032" width="567" height="11" function="underlined-field"> </DL_ZONE>
			<DL_ZONE gedi_type="GraphicRegion" id="95" col="420" row="1492" width="826" height="16" function="underlined-field"> </DL_ZONE>
			<DL_ZONE gedi_type="GraphicRegion" id="96" function="other" polygon="(360,1248);(361,1078);(440,909);(543,811);(653,759);(812,725);(911,747);(975,766);(1014,784);(1037,798);(1064,818);(1149,898);(1224,1030);(1249,1177);(1192,1349);(1092,1488);(959,1570);(706,1588);(520,1506);(435,1397)"> </DL_ZONE>
			<DL_ZONE gedi_type="TextRegion" id="98" col="1120" row="877" width="40" height="27" contents="No" script="typed" language="english"> </DL_ZONE>
			<DL_ZONE gedi_type="TextRegion" id="100" col="91" row="1212" width="39" height="39" contents="2" script="hand" language="english"> </DL_ZONE>
			<DL_ZONE gedi_type="TextRegion" id="101" col="162" row="1312" width="524" height="46" contents="00789123278913" script="typed" function_1="reference" language="english"> </DL_ZONE>
			<DL_ZONE gedi_type="TextRegion" id="102" col="89" row="1312" width="41" height="43" contents="3" script="hand" language="english"> </DL_ZONE>
			<DL_ZONE gedi_type="TextRegion" id="104" col="155" row="1108" width="534" height="43" contents="00062741514273" script="hand" function_1="reference" language="english"> </DL_ZONE>
			<DL_ZONE gedi_type="GraphicRegion" id="105" col="857" row="825" width="524" height="50" function="form-field"> </DL_ZONE>
			<DL_ZONE gedi_type="TextRegion" id="106" polygon="(524,549);(618,547);(681,547);(878,561);(900,586);(884,590);(631,588);(518,586)" contents="Austin Pleasance" script="hand" language="english"> </DL_ZONE>
			<DL_ZONE gedi_type="TextRegion" id="107" polygon="(509,593);(727,591);(875,595);(905,591);(1146,586);(1158,629);(1123,629);(1117,647);(1087,647);(1075,629);(971,629);(962,645);(930,648);(918,636);(884,619);(517,621)" contents="austin.pleasance@yahoo.fr" script="hand" language="english"> </DL_ZONE>
			<DL_ZONE gedi_type="TextRegion" id="108" polygon="(802,1807);(948,1811);(950,1838);(882,1848);(818,1850)" contents="¤Pleasance¤" script="hand" language="english"> </DL_ZONE>
			<DL_ZONE gedi_type="GraphicRegion" id="110" function="signature" polygon="(780,1802);(861,1800);(936,1806);(961,1834);(932,1852);(905,1850);(918,1868);(911,1879);(886,1877);(852,1859);(821,1850);(789,1850);(779,1836);(768,1818)"> </DL_ZONE>
			<DL_ZONE gedi_type="NoiseRegion" id="111" col="1633" row="1" width="9" height="2334"> </DL_ZONE>
		</DL_PAGE>
	</DL_DOCUMENT>
</GEDI>