<?xml version="1.0" encoding="UTF-8"?>
<!--GEDI was developed at Language and Media Processing Laboratory, University of Maryland.-->

<GEDI xmlns="http://lamp.cfar.umd.edu/media/projects/GEDI/" GEDI_version="2.3.19" GEDI_date="12/23/2011">
	<USER name="Khizrane" date="3/28/2012 15:19" dateFormat="mm/dd/yyyy hh:mm">	</USER>
	<USER name="Laure" date="5/22/2012 17:32" dateFormat="mm/dd/yyyy hh:mm">	</USER>
	<USER name="MDR-P6" date="10/31/2012 11:41" dateFormat="mm/dd/yyyy hh:mm">	</USER>
	<USER name="MDR-P8" date="10/30/2012 10:12" dateFormat="mm/dd/yyyy hh:mm">	</USER>
	<USER name="MDR_P4" date="10/23/2012 15:55" dateFormat="mm/dd/yyyy hh:mm">	</USER>
	<USER name="Mailys" date="3/28/2012 19:50" dateFormat="mm/dd/yyyy hh:mm">	</USER>
	<USER name="Manuela" date="3/28/2012 13:03" dateFormat="mm/dd/yyyy hh:mm">	</USER>
	<DL_DOCUMENT src="AGJLMN.tif" docTag="xml" NrOfPages="2">
		<DL_PAGE gedi_type="DL_PAGE" src="AGJLMN.tif" pageID="1" width="1700" height="2338" Language_2="" Language_4="" Receiver_Name="" Language_3="" Receiver_Address="" Sender_Company="" Receiver_Fax="" Receiver_Phone="" Sender_Address="" Sender_Fax="" Category="C1" Document_Object="DEMANDE COMPLÉMENTAIRE POUR LES NON-SALARIÉS" Language_1="french" Receiver_Company="¤{ALLOCATIONS FAMILIALES|MSA}¤" Script_1="typed" Script_2="hand" Sender_Phone="" Sender_Name="Michèle GAUTHIER" NumPage="2" Document_Location="WINTZENHEIM" Document_Date="27/02/2012">
			<DL_ZONE gedi_type="TextRegion" id="3" col="95" row="194" width="164" height="47" contents="ALLOCATIONS&#10;FAMILIALES" script="typed" language="french"> </DL_ZONE>
			<DL_ZONE gedi_type="TextRegion" id="4" col="291" row="111" width="119" height="116" contents="m&#10;sa" script="typed" language="french"> </DL_ZONE>
			<DL_ZONE gedi_type="TextRegion" id="5" col="427" row="110" width="115" height="117" contents="santé&#10;famille&#10;retraite&#10;services" script="typed" language="french"> </DL_ZONE>
			<DL_ZONE gedi_type="TextRegion" id="6" col="567" row="80" width="554" height="140" contents="Demande complémentaire&#10;pour les non-salariés&#10;(Revenu de Solidarité Active)" script="typed" function_2="object" function_1="title" language="french"> </DL_ZONE>
			<DL_ZONE gedi_type="TextRegion" id="7" col="1186" row="92" width="161" height="77" contents="logo GG&#10;18 X 34 maxi" script="typed" language="french"> </DL_ZONE>
			<DL_ZONE gedi_type="TextRegion" id="8" col="1491" row="80" width="90" height="46" contents="cerfa" script="typed" language="french"> </DL_ZONE>
			<DL_ZONE gedi_type="TextRegion" id="9" col="1464" row="146" width="156" height="29" contents="N° 13882*03" script="typed" function_1="reference" language="french"> </DL_ZONE>
			<DL_ZONE gedi_type="TextRegion" id="10" col="90" row="260" width="574" height="60" contents="Complétez cette demande si vous êtes commerçant,&#10;artisan, profession libérale, non salarié agricole." script="typed" language="french"> </DL_ZONE>
			<DL_ZONE gedi_type="TextRegion" id="11" col="36" row="338" width="634" height="38" contents="► Merci de rappeler votre identité" script="typed" language="french"> </DL_ZONE>
			<DL_ZONE gedi_type="TextRegion" id="12" nextZoneID="16" col="88" row="387" width="140" height="29" contents="Votre nom :" script="typed" language="french"> </DL_ZONE>
			<DL_ZONE gedi_type="TextRegion" id="13" nextZoneID="17" col="87" row="431" width="169" height="32" contents="Vos prénoms :" script="typed" language="french"> </DL_ZONE>
			<DL_ZONE gedi_type="TextRegion" id="14" col="87" row="476" width="285" height="28" contents="Votre n° d'allocataire Caf :" script="typed" language="french"> </DL_ZONE>
			<DL_ZONE gedi_type="TextRegion" id="15" nextZoneID="18" col="86" row="521" width="329" height="28" contents="Votre n° de sécurité sociale :" script="typed" language="french"> </DL_ZONE>
			<DL_ZONE gedi_type="TextRegion" id="16" col="259" row="379" width="263" height="46" contents="GAUTHIER" script="hand" language="french"> </DL_ZONE>
			<DL_ZONE gedi_type="TextRegion" id="17" col="333" row="423" width="194" height="49" contents="Michèle" script="hand" language="french"> </DL_ZONE>
			<DL_ZONE gedi_type="TextRegion" id="18" col="418" row="508" width="618" height="52" contents="280597443180362" script="hand" function_1="reference" language="french"> </DL_ZONE>
			<DL_ZONE gedi_type="TextRegion" id="19" col="990" row="264" width="600" height="32" contents="¤Art. L 262-7 et suivants du code de l'action sociale et des familles¤" script="typed" language="french"> </DL_ZONE>
			<DL_ZONE gedi_type="TextRegion" id="20" col="35" row="587" width="322" height="38" contents="► Votre situation" script="typed" language="french"> </DL_ZONE>
			<DL_ZONE gedi_type="TextRegion" id="21" col="87" row="640" width="553" height="29" contents="■ Etes-vous créateur ou repreneur d'entreprise ?" script="typed" language="french"> </DL_ZONE>
			<DL_ZONE gedi_type="TextRegion" id="22" col="693" row="640" width="38" height="27" contents="Oui" script="typed" language="french"> </DL_ZONE>
			<DL_ZONE gedi_type="TextRegion" id="23" col="793" row="640" width="44" height="24" contents="non" script="typed" language="french"> </DL_ZONE>
			<DL_ZONE gedi_type="TextRegion" id="24" col="85" row="683" width="1028" height="30" contents="■ Bénéficiez-vous de l'aide aux chômeurs créateurs ou repreneurs d'entreprise (ACCRE) ?" script="typed" language="french"> </DL_ZONE>
			<DL_ZONE gedi_type="TextRegion" id="25" col="1157" row="684" width="42" height="28" contents="oui" script="typed" language="french"> </DL_ZONE>
			<DL_ZONE gedi_type="TextRegion" id="26" col="1257" row="690" width="48" height="20" contents="non" script="typed" language="french"> </DL_ZONE>
			<DL_ZONE gedi_type="TextRegion" id="27" col="88" row="728" width="366" height="29" contents="■ ¤E¤tes-vous cotisant solidaire ?" script="typed" language="french"> </DL_ZONE>
			<DL_ZONE gedi_type="TextRegion" id="28" col="690" row="727" width="44" height="26" contents="oui" script="typed" language="french"> </DL_ZONE>
			<DL_ZONE gedi_type="TextRegion" id="29" col="790" row="730" width="50" height="22" contents="non" script="typed" language="french"> </DL_ZONE>
			<DL_ZONE gedi_type="TextRegion" id="30" col="39" row="795" width="1354" height="37" contents="► Votre activité relève du régime des non-salariés non agricoles (BIC-NIC)" script="typed" language="french"> </DL_ZONE>
			<DL_ZONE gedi_type="TextRegion" id="31" col="84" row="835" width="441" height="31" contents="■ Précisez la nature de votre activité :" script="typed" language="french"> </DL_ZONE>
			<DL_ZONE gedi_type="TextRegion" id="32" col="159" row="873" width="758" height="36" contents="Vous êtes inscrit au registre de commerce et des sociétés, depuis le" script="typed" language="french"> </DL_ZONE>
			<DL_ZONE gedi_type="TextRegion" id="33" col="161" row="917" width="564" height="29" contents="Vous êtes inscrit au registre des métiers, depuis le" script="typed" language="french"> </DL_ZONE>
			<DL_ZONE gedi_type="TextRegion" id="34" col="161" row="953" width="796" height="34" contents="Vous êtes inscrit au registre spécial des agents commerciaux, depuis le" script="typed" language="french"> </DL_ZONE>
			<DL_ZONE gedi_type="TextRegion" id="35" col="161" row="992" width="531" height="30" contents="Vous exercez une profession libérale, depuis le" script="typed" language="french"> </DL_ZONE>
			<DL_ZONE gedi_type="TextRegion" id="36" nextZoneID="47" col="161" row="1030" width="424" height="31" contents="Vous êtes auto entrepreneur depuis le" script="typed" language="french"> </DL_ZONE>
			<DL_ZONE gedi_type="TextRegion" id="37" col="162" row="1069" width="373" height="32" contents="Vous êtes artiste-auteur depuis le" script="typed" language="french"> </DL_ZONE>
			<DL_ZONE gedi_type="TextRegion" id="38" col="160" row="1107" width="442" height="33" contents="Vous êtes vendeur à domicile depuis le" script="typed" language="french"> </DL_ZONE>
			<DL_ZONE gedi_type="TextRegion" id="39" col="86" row="1147" width="540" height="31" contents="■ Employez-vous une ou plusieurs personnes ?" script="typed" language="french"> </DL_ZONE>
			<DL_ZONE gedi_type="TextRegion" id="40" col="125" row="1186" width="235" height="33" contents="Si oui, s'agit-il d'un" script="typed" language="french"> </DL_ZONE>
			<DL_ZONE gedi_type="TextRegion" id="41" col="402" row="1189" width="108" height="32" contents="salarié(e)" script="typed" language="french"> </DL_ZONE>
			<DL_ZONE gedi_type="TextRegion" id="42" col="568" row="1190" width="127" height="32" contents="apprenti(e)" script="typed" language="french"> </DL_ZONE>
			<DL_ZONE gedi_type="TextRegion" id="43" col="754" row="1189" width="102" height="33" contents="stagiaire" script="typed" language="french"> </DL_ZONE>
			<DL_ZONE gedi_type="TextRegion" id="44" col="671" row="1150" width="43" height="24" contents="oui" script="typed" language="french"> </DL_ZONE>
			<DL_ZONE gedi_type="TextRegion" id="45" col="770" row="1154" width="48" height="23" contents="non" script="typed" language="french"> </DL_ZONE>
			<DL_ZONE gedi_type="TextRegion" id="46" nextZoneID="48" col="86" row="1229" width="948" height="30" contents="■ Précisez le montant de votre dernier chiffre d'affaires annuel connu (hors taxes) :" script="typed" language="french"> </DL_ZONE>
			<DL_ZONE gedi_type="TextRegion" id="47" col="589" row="1022" width="355" height="50" contents="30042010" script="hand" language="french"> </DL_ZONE>
			<DL_ZONE gedi_type="TextRegion" id="48" col="1116" row="1228" width="193" height="46" contents="22 043" script="hand" language="french"> </DL_ZONE>
			<DL_ZONE gedi_type="TextRegion" id="49" col="1569" row="1231" width="31" height="30" contents="€" script="typed" language="french"> </DL_ZONE>
			<DL_ZONE gedi_type="TextRegion" id="50" nextZoneID="51" col="115" row="1266" width="217" height="30" contents="pour la période du" script="typed" language="french"> </DL_ZONE>
			<DL_ZONE gedi_type="TextRegion" id="51" nextZoneID="52" col="336" row="1252" width="338" height="47" contents="01 01 1011" script="hand" language="french"> </DL_ZONE>
			<DL_ZONE gedi_type="TextRegion" id="52" nextZoneID="53" col="684" row="1276" width="33" height="20" contents="au" script="typed" language="french"> </DL_ZONE>
			<DL_ZONE gedi_type="TextRegion" id="53" col="725" row="1256" width="332" height="44" contents="31 12 2011" script="hand" language="french"> </DL_ZONE>
			<DL_ZONE gedi_type="TextRegion" id="54" col="81" row="1309" width="1193" height="30" contents="Précisez votre régime fiscal pour cette période (même si vous n'avez payé aucun impôt sur le revenu) :" script="typed" language="french"> </DL_ZONE>
			<DL_ZONE gedi_type="TextRegion" id="55" col="161" row="1347" width="142" height="32" contents="Régime réel" script="typed" language="french"> </DL_ZONE>
			<DL_ZONE gedi_type="TextRegion" id="56" col="361" row="1349" width="249" height="32" contents="Régime réel simplifié" script="typed" language="french"> </DL_ZONE>
			<DL_ZONE gedi_type="TextRegion" id="57" col="669" row="1350" width="165" height="32" contents="Régime micro" script="typed" language="french"> </DL_ZONE>
			<DL_ZONE gedi_type="TextRegion" id="58" polygon="(88,1414);(85,1388);(1555,1393);(1552,1421);(348,1418);(346,1462);(109,1455)" contents="■ Aviez-vous, au cours de l'avant-dernière année, une activité relevant des bénéfices industriels et commerciaux ou des bénéfices&#10;non commerciaux ?" script="typed" language="french"> </DL_ZONE>
			<DL_ZONE gedi_type="TextRegion" id="59" col="390" row="1432" width="42" height="22" contents="oui" script="typed" language="french"> </DL_ZONE>
			<DL_ZONE gedi_type="TextRegion" id="60" col="488" row="1435" width="48" height="19" contents="non" script="typed" language="french"> </DL_ZONE>
			<DL_ZONE gedi_type="TextRegion" id="61" col="117" row="1466" width="458" height="35" contents="Si oui, précisez sous quel régime fiscal :" script="typed" language="french"> </DL_ZONE>
			<DL_ZONE gedi_type="TextRegion" id="62" col="622" row="1471" width="131" height="31" contents="régime réel" script="typed" language="french"> </DL_ZONE>
			<DL_ZONE gedi_type="TextRegion" id="63" col="812" row="1472" width="239" height="30" contents="régime réel simplifié" script="typed" language="french"> </DL_ZONE>
			<DL_ZONE gedi_type="TextRegion" id="64" col="1106" row="1471" width="158" height="32" contents="régime micro" script="typed" language="french"> </DL_ZONE>
			<DL_ZONE gedi_type="TextRegion" id="65" col="114" row="1508" width="600" height="33" contents="Si votre régime d'imposition est le micro, précisez :" script="typed" language="french"> </DL_ZONE>
			<DL_ZONE gedi_type="TextRegion" id="66" col="117" row="1547" width="304" height="32" contents="Pour le micro bic :" script="typed" language="french"> </DL_ZONE>
			<DL_ZONE gedi_type="TextRegion" id="67" col="117" row="1588" width="471" height="31" contents="• le montant du dernier chiffre d'affaires :" script="typed" language="french"> </DL_ZONE>
			<DL_ZONE gedi_type="TextRegion" id="68" col="117" row="1624" width="481" height="33" contents="Pour le régime micro bnc ou spécial bnc :" script="typed" language="french"> </DL_ZONE>
			<DL_ZONE gedi_type="TextRegion" id="69" col="117" row="1667" width="293" height="29" contents="• le montant des recettes :" script="typed" language="french"> </DL_ZONE>
			<DL_ZONE gedi_type="TextRegion" id="70" col="116" row="1703" width="773" height="33" contents="Si votre régime d'imposition est le réel ou réel simplifié, précisez :" script="typed" language="french"> </DL_ZONE>
			<DL_ZONE gedi_type="TextRegion" id="71" nextZoneID="78" col="117" row="1742" width="379" height="31" contents="• le montant du dernier bénéfice :" script="typed" language="french"> </DL_ZONE>
			<DL_ZONE gedi_type="TextRegion" id="72" nextZoneID="79" col="117" row="1785" width="381" height="25" contents="• le montant des amortissements :" script="typed" language="french"> </DL_ZONE>
			<DL_ZONE gedi_type="TextRegion" id="73" nextZoneID="80" col="117" row="1818" width="675" height="34" contents="• les plus-values professionnelles (imposées ou exonérées) :" script="typed" language="french"> </DL_ZONE>
			<DL_ZONE gedi_type="TextRegion" id="74" col="115" row="1858" width="1097" height="31" contents="• le montant de vos revenus de cette avant dernière années a-t-il substantiellement évolué depuis ?" script="typed" language="french"> </DL_ZONE>
			<DL_ZONE gedi_type="TextRegion" id="75" col="120" row="1896" width="301" height="32" contents="Si oui, précisez pourquoi :" script="typed" language="french"> </DL_ZONE>
			<DL_ZONE gedi_type="TextRegion" id="76" col="1253" row="1865" width="45" height="24" contents="oui" script="typed" language="french"> </DL_ZONE>
			<DL_ZONE gedi_type="TextRegion" id="77" col="1353" row="1869" width="51" height="20" contents="non" script="typed" language="french"> </DL_ZONE>
			<DL_ZONE gedi_type="TextRegion" id="78" nextZoneID="83" col="1321" row="1741" width="117" height="36" contents="1000" script="hand" language="french"> </DL_ZONE>
			<DL_ZONE gedi_type="TextRegion" id="79" nextZoneID="84" col="1346" row="1781" width="102" height="40" contents="575" script="hand" language="french"> </DL_ZONE>
			<DL_ZONE gedi_type="TextRegion" id="80" nextZoneID="85" col="1337" row="1825" width="91" height="36" contents="400" script="hand" language="french"> </DL_ZONE>
			<DL_ZONE gedi_type="TextRegion" id="81" col="1564" row="1586" width="22" height="36" contents="€" script="typed" language="french"> </DL_ZONE>
			<DL_ZONE gedi_type="TextRegion" id="82" col="1560" row="1665" width="28" height="32" contents="€" script="typed" language="french"> </DL_ZONE>
			<DL_ZONE gedi_type="TextRegion" id="83" col="1563" row="1746" width="28" height="32" contents="€" script="typed" language="french"> </DL_ZONE>
			<DL_ZONE gedi_type="TextRegion" id="84" col="1564" row="1787" width="20" height="23" contents="€" script="typed" language="french"> </DL_ZONE>
			<DL_ZONE gedi_type="TextRegion" id="85" col="1566" row="1823" width="20" height="28" contents="€" script="typed" language="french"> </DL_ZONE>
			<DL_ZONE gedi_type="TextRegion" id="120" col="906" row="1983" width="516" height="24" contents="Attention, n'oubliez pas de signer au dos." script="typed" language="french"> </DL_ZONE>
			<DL_ZONE gedi_type="TextRegion" id="121" col="1468" row="1982" width="111" height="27" contents="08/2010" script="typed" language="french"> </DL_ZONE>
			<DL_ZONE gedi_type="TextRegion" id="122" col="87" row="2031" width="266" height="33" contents="Emplacement réservé" script="typed" language="french"> </DL_ZONE>
			<DL_ZONE gedi_type="TextRegion" id="123" col="716" row="2035" width="243" height="31" contents="NE PAS REMPLIR" script="typed" language="french"> </DL_ZONE>
			<DL_ZONE gedi_type="TextRegion" id="124" col="90" row="2068" width="284" height="34" contents="Date de la demande" script="typed" language="french"> </DL_ZONE>
			<DL_ZONE gedi_type="TextRegion" id="125" col="85" row="2110" width="224" height="33" contents="N° de demande" script="typed" language="french"> </DL_ZONE>
			<DL_ZONE gedi_type="TextRegion" id="126" col="87" row="2150" width="132" height="31" contents="DRSANS" script="typed" language="french"> </DL_ZONE>
			<DL_ZONE gedi_type="TextRegion" id="127" col="87" row="2186" width="541" height="40" contents="Page1/2 IDX P 1173103 Y" script="typed" function_1="footer" language="french"> </DL_ZONE>
			<DL_ZONE gedi_type="GraphicRegion" id="132" col="85" row="74" width="179" height="171" function="logo"> </DL_ZONE>
			<DL_ZONE gedi_type="GraphicRegion" id="133" col="281" row="100" width="280" height="137" function="logo"> </DL_ZONE>
			<DL_ZONE gedi_type="GraphicRegion" id="134" col="1477" row="68" width="117" height="68" function="logo"> </DL_ZONE>
			<DL_ZONE gedi_type="SeparatorRegion" id="135" polygon="(88,246);(1591,248);(1591,260);(88,256)"> </DL_ZONE>
			<DL_ZONE gedi_type="GraphicRegion" id="137" col="232" row="413" width="1377" height="16" function="underlined-field"> </DL_ZONE>
			<DL_ZONE gedi_type="GraphicRegion" id="138" col="261" row="456" width="1329" height="15" function="underlined-field"> </DL_ZONE>
			<DL_ZONE gedi_type="GraphicRegion" id="139" col="373" row="481" width="296" height="23" function="form-field"> </DL_ZONE>
			<DL_ZONE gedi_type="GraphicRegion" id="140" col="418" row="531" width="616" height="19" function="form-field"> </DL_ZONE>
			<DL_ZONE gedi_type="GraphicRegion" id="141" col="651" row="632" width="36" height="31" function="form-field"> </DL_ZONE>
			<DL_ZONE gedi_type="GraphicRegion" id="142" col="754" row="632" width="32" height="34" function="form-field"> </DL_ZONE>
			<DL_ZONE gedi_type="GraphicRegion" id="143" col="653" row="721" width="32" height="30" function="form-field"> </DL_ZONE>
			<DL_ZONE gedi_type="GraphicRegion" id="144" col="751" row="719" width="35" height="33" function="form-field"> </DL_ZONE>
			<DL_ZONE gedi_type="GraphicRegion" id="145" col="1117" row="678" width="36" height="33" function="form-field"> </DL_ZONE>
			<DL_ZONE gedi_type="GraphicRegion" id="146" col="1218" row="679" width="35" height="32" function="form-field"> </DL_ZONE>
			<DL_ZONE gedi_type="GraphicRegion" id="147" col="125" row="869" width="31" height="35" function="form-field"> </DL_ZONE>
			<DL_ZONE gedi_type="GraphicRegion" id="148" col="123" row="910" width="34" height="29" function="form-field"> </DL_ZONE>
			<DL_ZONE gedi_type="GraphicRegion" id="149" col="123" row="944" width="33" height="33" function="form-field"> </DL_ZONE>
			<DL_ZONE gedi_type="GraphicRegion" id="150" col="123" row="984" width="36" height="32" function="form-field"> </DL_ZONE>
			<DL_ZONE gedi_type="GraphicRegion" id="151" col="123" row="1020" width="35" height="37" function="form-field"> </DL_ZONE>
			<DL_ZONE gedi_type="GraphicRegion" id="152" col="121" row="1063" width="36" height="30" function="form-field"> </DL_ZONE>
			<DL_ZONE gedi_type="GraphicRegion" id="153" col="123" row="1100" width="34" height="33" function="form-field"> </DL_ZONE>
			<DL_ZONE gedi_type="GraphicRegion" id="154" col="920" row="885" width="355" height="21" function="form-field"> </DL_ZONE>
			<DL_ZONE gedi_type="GraphicRegion" id="155" col="726" row="927" width="352" height="16" function="form-field"> </DL_ZONE>
			<DL_ZONE gedi_type="GraphicRegion" id="156" col="961" row="964" width="353" height="18" function="form-field"> </DL_ZONE>
			<DL_ZONE gedi_type="GraphicRegion" id="157" col="695" row="999" width="352" height="22" function="form-field"> </DL_ZONE>
			<DL_ZONE gedi_type="GraphicRegion" id="158" col="589" row="1039" width="345" height="18" function="form-field"> </DL_ZONE>
			<DL_ZONE gedi_type="GraphicRegion" id="159" col="536" row="1077" width="359" height="21" function="form-field"> </DL_ZONE>
			<DL_ZONE gedi_type="GraphicRegion" id="160" col="606" row="1119" width="353" height="18" function="form-field"> </DL_ZONE>
			<DL_ZONE gedi_type="GraphicRegion" id="161" col="730" row="1143" width="35" height="31" function="form-field"> </DL_ZONE>
			<DL_ZONE gedi_type="GraphicRegion" id="162" col="364" row="1180" width="32" height="34" function="form-field"> </DL_ZONE>
			<DL_ZONE gedi_type="GraphicRegion" id="163" col="530" row="1181" width="36" height="32" function="form-field"> </DL_ZONE>
			<DL_ZONE gedi_type="GraphicRegion" id="164" col="717" row="1184" width="31" height="32" function="form-field"> </DL_ZONE>
			<DL_ZONE gedi_type="GraphicRegion" id="165" col="335" row="1275" width="345" height="23" function="form-field"> </DL_ZONE>
			<DL_ZONE gedi_type="GraphicRegion" id="166" col="719" row="1276" width="353" height="20" function="form-field"> </DL_ZONE>
			<DL_ZONE gedi_type="GraphicRegion" id="167" col="1041" row="1252" width="526" height="18" function="underlined-field"> </DL_ZONE>
			<DL_ZONE gedi_type="GraphicRegion" id="168" col="120" row="1340" width="36" height="33" function="form-field"> </DL_ZONE>
			<DL_ZONE gedi_type="GraphicRegion" id="169" col="324" row="1342" width="33" height="34" function="form-field"> </DL_ZONE>
			<DL_ZONE gedi_type="GraphicRegion" id="170" col="627" row="1343" width="35" height="32" function="form-field"> </DL_ZONE>
			<DL_ZONE gedi_type="GraphicRegion" id="171" col="350" row="1423" width="35" height="30" function="form-field"> </DL_ZONE>
			<DL_ZONE gedi_type="GraphicRegion" id="172" col="448" row="1422" width="35" height="36" function="form-field"> </DL_ZONE>
			<DL_ZONE gedi_type="GraphicRegion" id="173" col="583" row="1464" width="34" height="30" function="form-field"> </DL_ZONE>
			<DL_ZONE gedi_type="GraphicRegion" id="174" col="773" row="1462" width="34" height="35" function="form-field"> </DL_ZONE>
			<DL_ZONE gedi_type="GraphicRegion" id="175" col="1068" row="1464" width="36" height="33" function="form-field"> </DL_ZONE>
			<DL_ZONE gedi_type="GraphicRegion" id="176" col="595" row="1604" width="968" height="24" function="underlined-field"> </DL_ZONE>
			<DL_ZONE gedi_type="GraphicRegion" id="177" col="415" row="1680" width="1146" height="24" function="underlined-field"> </DL_ZONE>
			<DL_ZONE gedi_type="GraphicRegion" id="178" col="502" row="1761" width="773" height="12" function="underlined-field"> </DL_ZONE>
			<DL_ZONE gedi_type="GraphicRegion" id="179" col="1276" row="1770" width="290" height="11" function="underlined-field"> </DL_ZONE>
			<DL_ZONE gedi_type="GraphicRegion" id="180" col="503" row="1799" width="771" height="12" function="underlined-field"> </DL_ZONE>
			<DL_ZONE gedi_type="GraphicRegion" id="181" col="1272" row="1809" width="300" height="10" function="underlined-field"> </DL_ZONE>
			<DL_ZONE gedi_type="GraphicRegion" id="182" col="794" row="1838" width="485" height="13" function="underlined-field"> </DL_ZONE>
			<DL_ZONE gedi_type="GraphicRegion" id="183" col="1278" row="1846" width="288" height="14" function="underlined-field"> </DL_ZONE>
			<DL_ZONE gedi_type="GraphicRegion" id="184" col="423" row="1920" width="1162" height="17" function="underlined-field"> </DL_ZONE>
			<DL_ZONE gedi_type="GraphicRegion" id="185" col="120" row="1956" width="1467" height="20" function="underlined-field"> </DL_ZONE>
			<DL_ZONE gedi_type="GraphicRegion" id="186" col="392" row="2083" width="356" height="20" function="form-field"> </DL_ZONE>
			<DL_ZONE gedi_type="GraphicRegion" id="187" col="348" row="2120" width="489" height="28" function="form-field"> </DL_ZONE>
			<DL_ZONE gedi_type="SeparatorRegion" id="188" polygon="(87,2024);(87,2015);(1591,2024);(1595,2035);(89,2029)"> </DL_ZONE>
			<DL_ZONE gedi_type="GraphicRegion" id="189" col="632" row="1143" width="34" height="31" function="form-field"> </DL_ZONE>
			<DL_ZONE gedi_type="SeparatorRegion" id="190" polygon="(89,579);(89,571);(1594,571);(1597,586);(90,584)"> </DL_ZONE>
			<DL_ZONE gedi_type="SeparatorRegion" id="191" polygon="(88,786);(88,772);(1596,780);(1596,795)"> </DL_ZONE>
			<DL_ZONE gedi_type="GraphicRegion" id="192" col="1167" row="51" width="245" height="152" function="other"> </DL_ZONE>
			<DL_ZONE gedi_type="LineDrawingRegion" id="193" col="652" row="632" width="37" height="32"> </DL_ZONE>
			<DL_ZONE gedi_type="LineDrawingRegion" id="194" col="1218" row="672" width="43" height="41"> </DL_ZONE>
			<DL_ZONE gedi_type="LineDrawingRegion" id="195" col="750" row="721" width="48" height="34"> </DL_ZONE>
			<DL_ZONE gedi_type="LineDrawingRegion" id="196" col="122" row="1019" width="41" height="36"> </DL_ZONE>
			<DL_ZONE gedi_type="LineDrawingRegion" id="197" col="632" row="1141" width="44" height="34"> </DL_ZONE>
			<DL_ZONE gedi_type="LineDrawingRegion" id="198" col="524" row="1177" width="58" height="40"> </DL_ZONE>
			<DL_ZONE gedi_type="LineDrawingRegion" id="199" col="113" row="1329" width="58" height="47"> </DL_ZONE>
			<DL_ZONE gedi_type="LineDrawingRegion" id="200" col="351" row="1419" width="45" height="32"> </DL_ZONE>
			<DL_ZONE gedi_type="LineDrawingRegion" id="201" col="588" row="1462" width="44" height="37"> </DL_ZONE>
			<DL_ZONE gedi_type="LineDrawingRegion" id="202" col="1311" row="1852" width="50" height="40"> </DL_ZONE>
			<DL_ZONE gedi_type="GraphicRegion" id="203" col="1316" row="1856" width="34" height="32" function="form-field"> </DL_ZONE>
			<DL_ZONE gedi_type="Group" id="204" col="641" row="622" width="100" height="55" elements="22;141;193"> </DL_ZONE>
			<DL_ZONE gedi_type="Group" id="205" col="740" row="709" width="110" height="56" elements="29;144;195"> </DL_ZONE>
			<DL_ZONE gedi_type="Group" id="206" col="1208" row="662" width="107" height="61" elements="26;146;194"> </DL_ZONE>
			<DL_ZONE gedi_type="Group" id="207" col="112" row="1009" width="483" height="62" elements="36;151;196"> </DL_ZONE>
			<DL_ZONE gedi_type="Group" id="208" col="622" row="1131" width="102" height="54" elements="44;189;197"> </DL_ZONE>
			<DL_ZONE gedi_type="Group" id="209" col="514" row="1167" width="191" height="65" elements="42;163;198"> </DL_ZONE>
			<DL_ZONE gedi_type="Group" id="210" col="103" row="1319" width="210" height="70" elements="55;168;199"> </DL_ZONE>
			<DL_ZONE gedi_type="Group" id="211" col="340" row="1409" width="102" height="55" elements="59;171;200"> </DL_ZONE>
			<DL_ZONE gedi_type="Group" id="212" col="573" row="1452" width="190" height="60" elements="62;173;201"> </DL_ZONE>
			<DL_ZONE gedi_type="Group" id="213" col="1301" row="1842" width="113" height="60" elements="77;202;203"> </DL_ZONE>
			<DL_ZONE gedi_type="GraphicRegion" id="214" col="862" row="1977" width="40" height="36" function="drawing"> </DL_ZONE>
			<DL_ZONE gedi_type="GraphicRegion" id="224" col="530" row="859" width="1108" height="16" function="underlined-field"> </DL_ZONE>
		</DL_PAGE>
		<DL_PAGE gedi_type="DL_PAGE" src="AGJLMN.tif" pageID="2" width="1700" height="2338" Language_2="" Sender_Name="" Language_1="" Document_Date="" Receiver_Name="" Language_3="" Receiver_Company="" Receiver_Address="" Sender_Company="" Category="" Receiver_Fax="" Document_Location="" Receiver_Phone="" Sender_Address="" Sender_Fax="" Document_Object="" NumPage="2" Sender_Phone="" Script_2="" Script_1="" Language_4="">
			<DL_ZONE gedi_type="TextRegion" id="215" col="820" row="1474" width="354" height="48" contents="27 02 2012" script="hand" function_1="date" language="french"> </DL_ZONE>
			<DL_ZONE gedi_type="TextRegion" id="216" col="816" row="1638" width="168" height="42" contents="Michelle" script="hand" language="french"> </DL_ZONE>
			<DL_ZONE gedi_type="TextRegion" id="217" nextZoneID="279" col="126" row="1488" width="370" height="50" contents="WINTZENHEIM" script="hand" function_1="location" language="french"> </DL_ZONE>
			<DL_ZONE gedi_type="GraphicRegion" id="218" col="756" row="1616" width="244" height="100" function="signature"> </DL_ZONE>
			<DL_ZONE gedi_type="TextRegion" id="219" col="76" row="1780" width="1518" height="150" contents="La loi punit quiconque se rend coupable de fraudes ou de fausses déclarations (Article L.262-50 à L.262-53 du Code de l’action sociale et des familles - Article 441-1 du code&#10;pénal).&#10;L’exactitude des déclarations peut être vérifiée no¤t¤amment par un agent de contrôle assermenté de la Caf/MSA (Art. L 114-19 du code de la Sécurité sociale).&#10;La loi n° 78-17 du 06/01/1978 modifiée relative à l’informatique, aux fichiers et aux libertés s’applique aux réponses faites sur ce formulaire. Elle garantit un droit d’accès et&#10;de rectification pour les données vous concernant auprès de l’organisme qui a traité votre demande." script="typed" language="french"> </DL_ZONE>
			<DL_ZONE gedi_type="TextRegion" id="220" col="81" row="2040" width="271" height="37" contents="Emplacement réservé" script="typed" language="french"> </DL_ZONE>
			<DL_ZONE gedi_type="TextRegion" id="221" col="710" row="2038" width="250" height="34" contents="NE PAS REMPLIR" script="typed" language="french"> </DL_ZONE>
			<DL_ZONE gedi_type="TextRegion" id="225" col="110" row="104" width="1225" height="114" contents="2 Demande complémentaire pour les non-salariés&#10;(Revenu de Solidarité Active)" script="typed" function_2="object" function_1="title" language="french"> </DL_ZONE>
			<DL_ZONE gedi_type="TextRegion" id="226" col="16" row="260" width="1346" height="52" contents="► Votre activité relève du régime des non-salariés agricoles (BA-BIC-BNC)" script="typed" language="french"> </DL_ZONE>
			<DL_ZONE gedi_type="TextRegion" id="227" col="66" row="316" width="373" height="39" contents="Date de début de votre activité :" script="typed" language="french"> </DL_ZONE>
			<DL_ZONE gedi_type="TextRegion" id="228" col="72" row="359" width="514" height="39" contents="Date de clôture de votre exercice comptable :" script="typed" language="french"> </DL_ZONE>
			<DL_ZONE gedi_type="TextRegion" id="229" col="70" row="403" width="1298" height="33" contents="Vos derniers bénéfices agricoles connus (ou bénéfices industriels et commerciaux ou bénéfices non commerciaux) :" script="typed" language="french"> </DL_ZONE>
			<DL_ZONE gedi_type="TextRegion" id="230" col="64" row="443" width="282" height="39" contents="Année correspondante :" script="typed" language="french"> </DL_ZONE>
			<DL_ZONE gedi_type="TextRegion" id="231" col="632" row="442" width="115" height="35" contents="Montant :" script="typed" language="french"> </DL_ZONE>
			<DL_ZONE gedi_type="TextRegion" id="232" col="1045" row="437" width="26" height="36" contents="€" script="typed" language="french"> </DL_ZONE>
			<DL_ZONE gedi_type="TextRegion" id="233" col="66" row="485" width="1415" height="33" contents="Vos bénéfices agricoles de l'avant dernière année (ou bénéfices industriels et commerciaux ou bénéfices non commerciaux) :" script="typed" language="french"> </DL_ZONE>
			<DL_ZONE gedi_type="TextRegion" id="234" col="66" row="521" width="279" height="39" contents="Année correspondante :" script="typed" language="french"> </DL_ZONE>
			<DL_ZONE gedi_type="TextRegion" id="235" col="629" row="526" width="120" height="35" contents="Montant:" script="typed" language="french"> </DL_ZONE>
			<DL_ZONE gedi_type="TextRegion" id="236" col="1045" row="524" width="22" height="34" contents="€" script="typed" language="french"> </DL_ZONE>
			<DL_ZONE gedi_type="TextRegion" id="237" col="67" row="569" width="1034" height="35" contents="Précisez votre régime fiscal pour ces périodes (même si vous n'avez payé aucun impôt sur le revenu) :" script="typed" language="french"> </DL_ZONE>
			<DL_ZONE gedi_type="TextRegion" id="238" col="1170" row="554" width="139" height="49" contents="régime réel" script="typed" language="french"> </DL_ZONE>
			<DL_ZONE gedi_type="TextRegion" id="239" col="1366" row="557" width="211" height="43" contents="régime forfaitaire" script="typed" language="french"> </DL_ZONE>
			<DL_ZONE gedi_type="TextRegion" id="240" col="76" row="617" width="621" height="43" contents="■ Précisez les aides, subventions et indemnités perçues" script="typed" language="french"> </DL_ZONE>
			<DL_ZONE gedi_type="TextRegion" id="241" col="145" row="664" width="344" height="31" contents="Année de la demande de Rsa :" script="typed" language="french"> </DL_ZONE>
			<DL_ZONE gedi_type="TextRegion" id="242" col="141" row="703" width="99" height="35" contents="Nature :" script="typed" language="french"> </DL_ZONE>
			<DL_ZONE gedi_type="TextRegion" id="243" col="145" row="746" width="99" height="36" contents="Nature :" script="typed" language="french"> </DL_ZONE>
			<DL_ZONE gedi_type="TextRegion" id="244" col="1191" row="695" width="122" height="46" contents="Montant :" script="typed" language="french"> </DL_ZONE>
			<DL_ZONE gedi_type="TextRegion" id="245" col="1543" row="697" width="36" height="38" contents="€" script="typed" language="french"> </DL_ZONE>
			<DL_ZONE gedi_type="TextRegion" id="246" col="1192" row="741" width="118" height="40" contents="Montant :" script="typed" language="french"> </DL_ZONE>
			<DL_ZONE gedi_type="TextRegion" id="247" col="1549" row="738" width="30" height="39" contents="€" script="typed" language="french"> </DL_ZONE>
			<DL_ZONE gedi_type="TextRegion" id="248" col="137" row="787" width="103" height="37" contents="Nature :" script="typed" language="french"> </DL_ZONE>
			<DL_ZONE gedi_type="TextRegion" id="249" col="1191" row="785" width="124" height="34" contents="Montant :" script="typed" language="french"> </DL_ZONE>
			<DL_ZONE gedi_type="TextRegion" id="250" col="1549" row="784" width="30" height="32" contents="€" script="typed" language="french"> </DL_ZONE>
			<DL_ZONE gedi_type="TextRegion" id="253" col="144" row="911" width="97" height="35" contents="Nature :" script="typed" language="french"> </DL_ZONE>
			<DL_ZONE gedi_type="TextRegion" id="254" col="1191" row="906" width="122" height="37" contents="Montant :" script="typed" language="french"> </DL_ZONE>
			<DL_ZONE gedi_type="TextRegion" id="255" col="1555" row="908" width="24" height="34" contents="€" script="typed" language="french"> </DL_ZONE>
			<DL_ZONE gedi_type="TextRegion" id="256" col="143" row="953" width="101" height="37" contents="Nature :" script="typed" language="french"> </DL_ZONE>
			<DL_ZONE gedi_type="TextRegion" id="257" col="1191" row="949" width="121" height="32" contents="Montant :" script="typed" language="french"> </DL_ZONE>
			<DL_ZONE gedi_type="TextRegion" id="258" col="1554" row="952" width="25" height="27" contents="€" script="typed" language="french"> </DL_ZONE>
			<DL_ZONE gedi_type="TextRegion" id="259" col="144" row="995" width="100" height="38" contents="Nature :" script="typed" language="french"> </DL_ZONE>
			<DL_ZONE gedi_type="TextRegion" id="260" col="1194" row="987" width="116" height="40" contents="Montant :" script="typed" language="french"> </DL_ZONE>
			<DL_ZONE gedi_type="TextRegion" id="261" col="1555" row="984" width="24" height="39" contents="€" script="typed" language="french"> </DL_ZONE>
			<DL_ZONE gedi_type="TextRegion" id="262" col="147" row="1037" width="593" height="31" contents="Avant dernière année précédant la demande de Rsa :" script="typed" language="french"> </DL_ZONE>
			<DL_ZONE gedi_type="TextRegion" id="263" col="145" row="1078" width="98" height="31" contents="Nature :" script="typed" language="french"> </DL_ZONE>
			<DL_ZONE gedi_type="TextRegion" id="264" col="148" row="1123" width="96" height="31" contents="Nature :" script="typed" language="french"> </DL_ZONE>
			<DL_ZONE gedi_type="TextRegion" id="265" col="1188" row="1066" width="127" height="41" contents="Montant :" script="typed" language="french"> </DL_ZONE>
			<DL_ZONE gedi_type="TextRegion" id="266" col="1195" row="1113" width="121" height="38" contents="Montant :" script="typed" language="french"> </DL_ZONE>
			<DL_ZONE gedi_type="TextRegion" id="267" col="1189" row="1152" width="129" height="37" contents="Montant :" script="typed" language="french"> </DL_ZONE>
			<DL_ZONE gedi_type="TextRegion" id="268" col="1556" row="1068" width="24" height="34" contents="€" script="typed" language="french"> </DL_ZONE>
			<DL_ZONE gedi_type="TextRegion" id="269" col="1555" row="1114" width="27" height="33" contents="€" script="typed" language="french"> </DL_ZONE>
			<DL_ZONE gedi_type="TextRegion" id="270" col="1551" row="1155" width="33" height="33" contents="€" script="typed" language="french"> </DL_ZONE>
			<DL_ZONE gedi_type="TextRegion" id="271" col="936" row="1242" width="225" height="42" contents="Surface pondérée :" script="typed" language="french"> </DL_ZONE>
			<DL_ZONE gedi_type="TextRegion" id="272" polygon="(116,1200);(1523,1201);(1524,1232);(535,1236);(538,1236);(75,1237);(73,1200)" contents="■ Précisez, si vous résidez dans un département d'outre-mer ou à Saint-Barthélemy, Saint-Martin ou Saint-Pierre-et-Miquelon :" script="typed" language="french"> </DL_ZONE>
			<DL_ZONE gedi_type="TextRegion" id="273" col="145" row="1161" width="99" height="31" contents="Nature :" script="typed" language="french"> </DL_ZONE>
			<DL_ZONE gedi_type="TextRegion" id="274" col="871" row="1245" width="41" height="36" contents="ha" script="typed" language="french"> </DL_ZONE>
			<DL_ZONE gedi_type="TextRegion" id="275" col="1545" row="1241" width="39" height="40" contents="ha" script="typed" language="french"> </DL_ZONE>
			<DL_ZONE gedi_type="TextRegion" id="276" col="29" row="1400" width="515" height="37" contents="► Déclaration sur l'honneur" script="typed" language="french"> </DL_ZONE>
			<DL_ZONE gedi_type="TextRegion" id="277" col="70" row="1440" width="1503" height="34" contents="Je certifie sur l’honneur l’exactitude de cette déclaration. Je m’engage à signaler immédiatement tout changement modifiant cette déclaration." script="typed" language="french"> </DL_ZONE>
			<DL_ZONE gedi_type="TextRegion" id="278" nextZoneID="217" col="76" row="1495" width="37" height="33" contents="A" script="typed" language="french"> </DL_ZONE>
			<DL_ZONE gedi_type="TextRegion" id="279" nextZoneID="215" col="775" row="1486" width="35" height="40" contents="le" script="typed" language="french"> </DL_ZONE>
			<DL_ZONE gedi_type="TextRegion" id="280" nextZoneID="216" col="667" row="1559" width="549" height="36" contents="Signature du demandeur ou de son représentant" script="typed" language="french"> </DL_ZONE>
			<DL_ZONE gedi_type="TextRegion" id="281" col="75" row="2193" width="546" height="49" contents="Page ¤2/2¤ IDX P 1173103 Y" script="typed" function_1="footer" language="french"> </DL_ZONE>
			<DL_ZONE gedi_type="TextRegion" id="283" polygon="(147,831);(1456,827);(1459,866);(381,866);(380,911);(132,909);(135,871);(144,868)" contents="Année correspondant aux derniers bénéfices agricoles connus ( ou bénéfices industriels et commerciaux ou bénéfices&#10;non commerciaux) :" script="typed" language="french"> </DL_ZONE>
			<DL_ZONE gedi_type="TextRegion" id="301" col="104" row="1248" width="425" height="36" contents="Surface totale de votre exploitation :" script="typed" language="french"> </DL_ZONE>
			<DL_ZONE gedi_type="SeparatorRegion" id="327" col="72" row="230" width="1504" height="22"> </DL_ZONE>
			<DL_ZONE gedi_type="SeparatorRegion" id="328" col="79" row="1384" width="1507" height="15"> </DL_ZONE>
			<DL_ZONE gedi_type="SeparatorRegion" id="329" col="84" row="2021" width="1508" height="18"> </DL_ZONE>
			<DL_ZONE gedi_type="GraphicRegion" id="330" col="442" row="328" width="352" height="22" function="form-field"> </DL_ZONE>
			<DL_ZONE gedi_type="GraphicRegion" id="331" col="589" row="365" width="356" height="22" function="form-field"> </DL_ZONE>
			<DL_ZONE gedi_type="GraphicRegion" id="332" col="349" row="452" width="164" height="25" function="form-field"> </DL_ZONE>
			<DL_ZONE gedi_type="GraphicRegion" id="333" col="749" row="454" width="291" height="25" function="underlined-field"> </DL_ZONE>
			<DL_ZONE gedi_type="GraphicRegion" id="334" col="347" row="536" width="176" height="21" function="form-field"> </DL_ZONE>
			<DL_ZONE gedi_type="GraphicRegion" id="335" col="756" row="536" width="284" height="25" function="underlined-field"> </DL_ZONE>
			<DL_ZONE gedi_type="GraphicRegion" id="336" col="495" row="666" width="168" height="32" function="form-field"> </DL_ZONE>
			<DL_ZONE gedi_type="GraphicRegion" id="337" col="1132" row="555" width="35" height="43" function="form-field"> </DL_ZONE>
			<DL_ZONE gedi_type="GraphicRegion" id="338" col="1331" row="555" width="32" height="43" function="form-field"> </DL_ZONE>
			<DL_ZONE gedi_type="GraphicRegion" id="339" col="247" row="720" width="935" height="27" function="underlined-field"> </DL_ZONE>
			<DL_ZONE gedi_type="GraphicRegion" id="340" col="1316" row="722" width="220" height="22" function="underlined-field"> </DL_ZONE>
			<DL_ZONE gedi_type="GraphicRegion" id="341" col="248" row="768" width="934" height="16" function="underlined-field"> </DL_ZONE>
			<DL_ZONE gedi_type="GraphicRegion" id="342" col="1313" row="760" width="223" height="24" function="underlined-field"> </DL_ZONE>
			<DL_ZONE gedi_type="GraphicRegion" id="343" col="243" row="810" width="938" height="18" function="underlined-field"> </DL_ZONE>
			<DL_ZONE gedi_type="GraphicRegion" id="344" col="1325" row="800" width="209" height="18" function="underlined-field"> </DL_ZONE>
			<DL_ZONE gedi_type="GraphicRegion" id="345" col="377" row="880" width="167" height="20" function="form-field"> </DL_ZONE>
			<DL_ZONE gedi_type="GraphicRegion" id="346" col="242" row="924" width="937" height="31" function="underlined-field"> </DL_ZONE>
			<DL_ZONE gedi_type="GraphicRegion" id="347" col="1315" row="930" width="231" height="16" function="underlined-field"> </DL_ZONE>
			<DL_ZONE gedi_type="GraphicRegion" id="348" col="246" row="971" width="937" height="16" function="underlined-field"> </DL_ZONE>
			<DL_ZONE gedi_type="GraphicRegion" id="349" col="1309" row="967" width="243" height="19" function="underlined-field"> </DL_ZONE>
			<DL_ZONE gedi_type="GraphicRegion" id="350" col="253" row="1017" width="941" height="15" function="underlined-field"> </DL_ZONE>
			<DL_ZONE gedi_type="GraphicRegion" id="351" col="1309" row="1008" width="245" height="28" function="underlined-field"> </DL_ZONE>
			<DL_ZONE gedi_type="GraphicRegion" id="352" col="743" row="1043" width="172" height="24" function="underlined-field"> </DL_ZONE>
			<DL_ZONE gedi_type="GraphicRegion" id="353" col="109" row="1029" width="38" height="42" function="form-field"> </DL_ZONE>
			<DL_ZONE gedi_type="GraphicRegion" id="354" col="106" row="825" width="38" height="37" function="form-field"> </DL_ZONE>
			<DL_ZONE gedi_type="GraphicRegion" id="355" col="246" row="1098" width="935" height="15" function="underlined-field"> </DL_ZONE>
			<DL_ZONE gedi_type="GraphicRegion" id="356" col="1326" row="1091" width="219" height="20" function="underlined-field"> </DL_ZONE>
			<DL_ZONE gedi_type="GraphicRegion" id="357" col="250" row="1144" width="933" height="13" function="underlined-field"> </DL_ZONE>
			<DL_ZONE gedi_type="GraphicRegion" id="358" col="1324" row="1139" width="224" height="13" function="underlined-field"> </DL_ZONE>
			<DL_ZONE gedi_type="GraphicRegion" id="359" col="258" row="1175" width="914" height="20" function="underlined-field"> </DL_ZONE>
			<DL_ZONE gedi_type="GraphicRegion" id="360" col="1325" row="1172" width="224" height="23" function="underlined-field"> </DL_ZONE>
			<DL_ZONE gedi_type="GraphicRegion" id="361" col="536" row="1270" width="337" height="11" function="underlined-field"> </DL_ZONE>
			<DL_ZONE gedi_type="GraphicRegion" id="362" col="1163" row="1265" width="385" height="20" function="underlined-field"> </DL_ZONE>
			<DL_ZONE gedi_type="GraphicRegion" id="363" col="116" row="1518" width="647" height="9" function="underlined-field"> </DL_ZONE>
			<DL_ZONE gedi_type="GraphicRegion" id="365" col="106" row="657" width="38" height="38" function="form-field"> </DL_ZONE>
			<DL_ZONE gedi_type="NoiseRegion" id="366" col="1035" row="66" width="300" height="56"> </DL_ZONE>
			<DL_ZONE gedi_type="NoiseRegion" id="367" col="1279" row="7" width="18" height="21"> </DL_ZONE>
			<DL_ZONE gedi_type="NoiseRegion" id="368" col="3" row="2333" width="1195" height="5"> </DL_ZONE>
			<DL_ZONE gedi_type="GraphicRegion" id="372" col="815" row="1499" width="345" height="29" function="form-field"> </DL_ZONE>
		</DL_PAGE>
	</DL_DOCUMENT>
</GEDI>