<?xml version="1.0" encoding="UTF-8"?>
<!--GEDI was developed at Language and Media Processing Laboratory, University of Maryland.-->

<GEDI xmlns="http://lamp.cfar.umd.edu/media/projects/GEDI/" GEDI_version="2.3.19" GEDI_date="12/23/2011">
	<USER name="Khizrane" date="3/20/2012 15:05" dateFormat="mm/dd/yyyy hh:mm">	</USER>
	<USER name="Laure" date="3/27/2012 17:58" dateFormat="mm/dd/yyyy hh:mm">	</USER>
	<USER name="MDR-P8" date="3/11/2013 10:37" dateFormat="mm/dd/yyyy hh:mm">	</USER>
	<USER name="MDR-R1" date="10/23/2012 10:01" dateFormat="mm/dd/yyyy hh:mm">	</USER>
	<USER name="MDR-R2" date="11/5/2012 15:24" dateFormat="mm/dd/yyyy hh:mm">	</USER>
	<USER name="MDR-R3" date="2/5/2013 10:48" dateFormat="mm/dd/yyyy hh:mm">	</USER>
	<USER name="MDR-R4" date="11/1/2012 16:35" dateFormat="mm/dd/yyyy hh:mm">	</USER>
	<USER name="mohamed salah" date="5/24/2012 1:23" dateFormat="mm/dd/yyyy hh:mm">	</USER>
	<DL_DOCUMENT src="AHILMN.tif" docTag="xml" NrOfPages="1">
		<DL_PAGE gedi_type="DL_PAGE" src="AHILMN.tif" pageID="1" width="1671" height="2338" Language_4="" Receiver_Name="" Language_3="" Receiver_Fax="" Document_Location="" Receiver_Phone="" Sender_Fax="" Document_Object="إستمارة طلب جواز سفر" Category="C1" Language_1="arabic" NumPage="1" Sender_Name="إكرام سردست" Language_2="english" Sender_Phone="¤{+212(0)9.71.53.41.21.1|+212(0)6.66.13.00.02}¤" Document_Date="02/05/2005" Sender_Company="" Sender_Address="¤{اقامة 20، رقم الشقة 13 ، حي الفردوس دبي|20 طريق ادريس لحريزي الدار البيضاء}¤" Receiver_Address="" Receiver_Company="" Script_1="hand" Script_2="typed">
			<DL_ZONE gedi_type="GraphicRegion" id="1" col="102" row="75" width="251" height="277" function="other"> </DL_ZONE>
			<DL_ZONE gedi_type="GraphicRegion" id="2" col="701" row="112" width="317" height="139" function="logo"> </DL_ZONE>
			<DL_ZONE gedi_type="TextRegion" id="3" col="628" row="289" width="428" height="60" contents="إستمارة طلب جواز سفر" script="hand" language="arabic"> </DL_ZONE>
			<DL_ZONE gedi_type="TextRegion" id="6" col="1457" row="172" width="93" height="48" contents="التاريخ :" script="hand" language="arabic"> </DL_ZONE>
			<DL_ZONE gedi_type="TextRegion" id="8" col="1385" row="228" width="173" height="44" contents="القسم القنصلي :" script="hand" language="arabic"> </DL_ZONE>
			<DL_ZONE gedi_type="TextRegion" id="10" col="1404" row="276" width="161" height="44" contents="الرقم الوطني :" script="hand" language="arabic"> </DL_ZONE>
			<DL_ZONE gedi_type="GraphicRegion" id="12" col="1084" row="189" width="369" height="13" function="underlined-field"> </DL_ZONE>
			<DL_ZONE gedi_type="GraphicRegion" id="13" col="1060" row="243" width="319" height="19" function="underlined-field"> </DL_ZONE>
			<DL_ZONE gedi_type="GraphicRegion" id="14" col="1066" row="292" width="328" height="18" function="underlined-field"> </DL_ZONE>
			<DL_ZONE gedi_type="GraphicRegion" id="15" col="850" row="404" width="609" height="20" function="underlined-field"> </DL_ZONE>
			<DL_ZONE gedi_type="GraphicRegion" id="16" col="892" row="452" width="658" height="21" function="underlined-field"> </DL_ZONE>
			<DL_ZONE gedi_type="GraphicRegion" id="17" col="108" row="410" width="642" height="18" function="underlined-field"> </DL_ZONE>
			<DL_ZONE gedi_type="GraphicRegion" id="18" col="218" row="457" width="547" height="22" function="underlined-field"> </DL_ZONE>
			<DL_ZONE gedi_type="GraphicRegion" id="19" col="320" row="507" width="449" height="21" function="underlined-field"> </DL_ZONE>
			<DL_ZONE gedi_type="GraphicRegion" id="20" col="124" row="569" width="874" height="23" function="underlined-field"> </DL_ZONE>
			<DL_ZONE gedi_type="GraphicRegion" id="21" col="1165" row="626" width="255" height="10" function="underlined-field"> </DL_ZONE>
			<DL_ZONE gedi_type="GraphicRegion" id="22" col="782" row="623" width="254" height="17" function="underlined-field"> </DL_ZONE>
			<DL_ZONE gedi_type="GraphicRegion" id="23" col="124" row="628" width="267" height="16" function="underlined-field"> </DL_ZONE>
			<DL_ZONE gedi_type="GraphicRegion" id="24" col="691" row="678" width="694" height="21" function="underlined-field"> </DL_ZONE>
			<DL_ZONE gedi_type="GraphicRegion" id="25" col="126" row="685" width="447" height="20" function="underlined-field"> </DL_ZONE>
			<DL_ZONE gedi_type="GraphicRegion" id="26" col="595" row="627" width="106" height="16" function="underlined-field"> </DL_ZONE>
			<DL_ZONE gedi_type="GraphicRegion" id="27" col="842" row="510" width="213" height="18" function="underlined-field"> </DL_ZONE>
			<DL_ZONE gedi_type="GraphicRegion" id="28" col="1363" row="502" width="103" height="19" function="underlined-field"> </DL_ZONE>
			<DL_ZONE gedi_type="GraphicRegion" id="29" col="701" row="826" width="643" height="23" function="underlined-field"> </DL_ZONE>
			<DL_ZONE gedi_type="GraphicRegion" id="30" col="166" row="833" width="439" height="22" function="underlined-field"> </DL_ZONE>
			<DL_ZONE gedi_type="GraphicRegion" id="31" col="714" row="889" width="635" height="19" function="underlined-field"> </DL_ZONE>
			<DL_ZONE gedi_type="GraphicRegion" id="32" col="1462" row="762" width="35" height="37" function="drawing"> </DL_ZONE>
			<DL_ZONE gedi_type="GraphicRegion" id="33" col="1301" row="1020" width="146" height="19" function="underlined-field"> </DL_ZONE>
			<DL_ZONE gedi_type="GraphicRegion" id="34" col="965" row="1020" width="182" height="23" function="underlined-field"> </DL_ZONE>
			<DL_ZONE gedi_type="GraphicRegion" id="35" col="682" row="1027" width="117" height="15" function="underlined-field"> </DL_ZONE>
			<DL_ZONE gedi_type="GraphicRegion" id="36" col="320" row="1030" width="194" height="19" function="underlined-field"> </DL_ZONE>
			<DL_ZONE gedi_type="GraphicRegion" id="37" col="115" row="1034" width="100" height="12" function="underlined-field"> </DL_ZONE>
			<DL_ZONE gedi_type="GraphicRegion" id="38" col="1286" row="1071" width="144" height="15" function="underlined-field"> </DL_ZONE>
			<DL_ZONE gedi_type="GraphicRegion" id="39" col="1063" row="1069" width="89" height="17" function="underlined-field"> </DL_ZONE>
			<DL_ZONE gedi_type="GraphicRegion" id="40" col="766" row="1075" width="135" height="13" function="underlined-field"> </DL_ZONE>
			<DL_ZONE gedi_type="GraphicRegion" id="41" col="476" row="1079" width="123" height="15" function="underlined-field"> </DL_ZONE>
			<DL_ZONE gedi_type="GraphicRegion" id="42" col="124" row="1076" width="191" height="21" function="underlined-field"> </DL_ZONE>
			<DL_ZONE gedi_type="GraphicRegion" id="43" col="485" row="1111" width="733" height="23" function="underlined-field"> </DL_ZONE>
			<DL_ZONE gedi_type="GraphicRegion" id="44" col="120" row="1120" width="226" height="17" function="underlined-field"> </DL_ZONE>
			<DL_ZONE gedi_type="GraphicRegion" id="45" col="479" row="1157" width="735" height="21" function="underlined-field"> </DL_ZONE>
			<DL_ZONE gedi_type="GraphicRegion" id="46" col="117" row="1163" width="238" height="21" function="underlined-field"> </DL_ZONE>
			<DL_ZONE gedi_type="GraphicRegion" id="47" col="1075" row="1204" width="230" height="19" function="underlined-field"> </DL_ZONE>
			<DL_ZONE gedi_type="GraphicRegion" id="49" col="481" row="1213" width="208" height="17" function="underlined-field"> </DL_ZONE>
			<DL_ZONE gedi_type="GraphicRegion" id="50" col="123" row="1211" width="198" height="22" function="underlined-field"> </DL_ZONE>
			<DL_ZONE gedi_type="GraphicRegion" id="51" col="120" row="1343" width="493" height="23" function="underlined-field"> </DL_ZONE>
			<DL_ZONE gedi_type="GraphicRegion" id="52" col="823" row="1337" width="274" height="19" function="underlined-field"> </DL_ZONE>
			<DL_ZONE gedi_type="GraphicRegion" id="53" col="1308" row="1333" width="167" height="22" function="underlined-field"> </DL_ZONE>
			<DL_ZONE gedi_type="GraphicRegion" id="54" col="120" row="1500" width="1355" height="33" function="underlined-field"> </DL_ZONE>
			<DL_ZONE gedi_type="GraphicRegion" id="55" col="115" row="1463" width="313" height="18" function="underlined-field"> </DL_ZONE>
			<DL_ZONE gedi_type="GraphicRegion" id="56" col="121" row="1547" width="818" height="24" function="underlined-field"> </DL_ZONE>
			<DL_ZONE gedi_type="GraphicRegion" id="57" col="962" row="1542" width="510" height="20" function="underlined-field"> </DL_ZONE>
			<DL_ZONE gedi_type="GraphicRegion" id="58" col="962" row="1588" width="517" height="22" function="underlined-field"> </DL_ZONE>
			<DL_ZONE gedi_type="GraphicRegion" id="59" col="957" row="1633" width="524" height="20" function="underlined-field"> </DL_ZONE>
			<DL_ZONE gedi_type="GraphicRegion" id="60" col="971" row="1682" width="511" height="17" function="underlined-field"> </DL_ZONE>
			<DL_ZONE gedi_type="GraphicRegion" id="61" col="1147" row="1776" width="187" height="13" function="underlined-field"> </DL_ZONE>
			<DL_ZONE gedi_type="GraphicRegion" id="62" col="584" row="1773" width="205" height="16" function="underlined-field"> </DL_ZONE>
			<DL_ZONE gedi_type="GraphicRegion" id="63" col="133" row="1773" width="359" height="22" function="underlined-field"> </DL_ZONE>
			<DL_ZONE gedi_type="GraphicRegion" id="64" col="595" row="1726" width="213" height="23" function="underlined-field"> </DL_ZONE>
			<DL_ZONE gedi_type="GraphicRegion" id="65" col="121" row="1731" width="378" height="21" function="underlined-field"> </DL_ZONE>
			<DL_ZONE gedi_type="GraphicRegion" id="66" col="121" row="1681" width="645" height="27" function="underlined-field"> </DL_ZONE>
			<DL_ZONE gedi_type="GraphicRegion" id="67" col="478" row="1591" width="297" height="24" function="underlined-field"> </DL_ZONE>
			<DL_ZONE gedi_type="GraphicRegion" id="68" col="124" row="1598" width="270" height="19" function="underlined-field"> </DL_ZONE>
			<DL_ZONE gedi_type="GraphicRegion" id="69" col="963" row="1882" width="315" height="19" function="underlined-field"> </DL_ZONE>
			<DL_ZONE gedi_type="GraphicRegion" id="70" col="468" row="1889" width="331" height="18" function="underlined-field"> </DL_ZONE>
			<DL_ZONE gedi_type="GraphicRegion" id="71" col="120" row="1892" width="248" height="22" function="underlined-field"> </DL_ZONE>
			<DL_ZONE gedi_type="GraphicRegion" id="72" col="963" row="2070" width="480" height="25" function="underlined-field"> </DL_ZONE>
			<DL_ZONE gedi_type="GraphicRegion" id="73" col="568" row="2078" width="268" height="20" function="underlined-field"> </DL_ZONE>
			<DL_ZONE gedi_type="GraphicRegion" id="74" col="123" row="2082" width="359" height="20" function="underlined-field"> </DL_ZONE>
			<DL_ZONE gedi_type="GraphicRegion" id="75" col="120" row="2128" width="272" height="19" function="underlined-field"> </DL_ZONE>
			<DL_ZONE gedi_type="GraphicRegion" id="76" col="473" row="2127" width="250" height="15" function="underlined-field"> </DL_ZONE>
			<DL_ZONE gedi_type="NoiseRegion" id="77" polygon="(623,2150);(639,2134);(628,2133);(614,2144)"> </DL_ZONE>
			<DL_ZONE gedi_type="GraphicRegion" id="78" col="875" row="2117" width="426" height="23" function="underlined-field"> </DL_ZONE>
			<DL_ZONE gedi_type="GraphicRegion" id="79" col="665" row="2194" width="408" height="23" function="underlined-field"> </DL_ZONE>
			<DL_ZONE gedi_type="GraphicRegion" id="80" col="126" row="2204" width="450" height="20" function="underlined-field"> </DL_ZONE>
			<DL_ZONE gedi_type="TextRegion" id="81" nextZoneID="201" col="1456" row="382" width="101" height="55" contents="الاسم :" script="hand" language="arabic"> </DL_ZONE>
			<DL_ZONE gedi_type="TextRegion" id="82" nextZoneID="203" col="746" row="389" width="116" height="44" contents="اللقب :" script="hand" language="arabic"> </DL_ZONE>
			<DL_ZONE gedi_type="TextRegion" id="83" col="132" row="443" width="97" height="45" contents="NAME :" script="typed" language="english"> </DL_ZONE>
			<DL_ZONE gedi_type="TextRegion" id="85" col="139" row="498" width="188" height="46" contents="OCCUPATION" script="typed" language="english"> </DL_ZONE>
			<DL_ZONE gedi_type="TextRegion" id="87" nextZoneID="207" col="765" row="498" width="87" height="42" contents="المهنة :" script="hand" language="arabic"> </DL_ZONE>
			<DL_ZONE gedi_type="TextRegion" id="89" col="757" row="437" width="142" height="47" contents="SURNAME" script="typed" language="english"> </DL_ZONE>
			<DL_ZONE gedi_type="TextRegion" id="90" nextZoneID="209" col="1468" row="489" width="92" height="44" contents="الجنس :" script="hand" language="arabic"> </DL_ZONE>
			<DL_ZONE gedi_type="TextRegion" id="92" nextZoneID="205" col="1059" row="491" width="206" height="45" contents="الحالة الإجتماعية :" script="hand" language="arabic"> </DL_ZONE>
			<DL_ZONE gedi_type="TextRegion" id="94" col="1300" row="495" width="68" height="35" contents="SEX:" script="typed" language="english"> </DL_ZONE>
			<DL_ZONE gedi_type="TextRegion" id="96" nextZoneID="271" col="1414" row="546" width="146" height="51" contents="تاريخ الميلاد" script="hand" language="arabic"> </DL_ZONE>
			<DL_ZONE gedi_type="TextRegion" id="98" nextZoneID="211" col="992" row="552" width="168" height="46" contents="محل الميلاد :" script="hand" language="arabic"> </DL_ZONE>
			<DL_ZONE gedi_type="TextRegion" id="100" col="1199" row="559" width="20" height="42" contents="م" script="hand" language="arabic"> </DL_ZONE>
			<DL_ZONE gedi_type="TextRegion" id="102" nextZoneID="217" col="1034" row="605" width="137" height="48" contents="لون الشعر :" script="hand" language="arabic"> </DL_ZONE>
			<DL_ZONE gedi_type="TextRegion" id="104" col="391" row="613" width="213" height="45" contents="العلامات المميزة :" script="hand" language="arabic"> </DL_ZONE>
			<DL_ZONE gedi_type="TextRegion" id="106" nextZoneID="219" col="702" row="608" width="89" height="49" contents="الطول :" script="hand" language="arabic"> </DL_ZONE>
			<DL_ZONE gedi_type="TextRegion" id="107" nextZoneID="215" col="1417" row="608" width="136" height="49" contents="لون العينين :" script="hand" language="arabic"> </DL_ZONE>
			<DL_ZONE gedi_type="TextRegion" id="109" nextZoneID="223" col="575" row="669" width="109" height="46" contents="جنسيتها :" script="hand" language="arabic"> </DL_ZONE>
			<DL_ZONE gedi_type="TextRegion" id="111" nextZoneID="221" col="1369" row="660" width="188" height="47" contents="إسم الأم :" script="hand" language="arabic"> </DL_ZONE>
			<DL_ZONE gedi_type="TextRegion" id="112" col="814" row="756" width="648" height="55" contents="إذا كان مقدم الطلب (إمرأة متزوجة) تملأ البيانات التالية :" script="hand" language="arabic"> </DL_ZONE>
			<DL_ZONE gedi_type="TextRegion" id="114" col="1344" row="817" width="153" height="49" contents="اسم الزوج :" script="hand" language="arabic"> </DL_ZONE>
			<DL_ZONE gedi_type="TextRegion" id="116" col="607" row="817" width="101" height="43" contents="جنسيته :" script="hand" language="arabic"> </DL_ZONE>
			<DL_ZONE gedi_type="NoiseRegion" id="117" polygon="(642,830);(627,843);(617,831);(630,815)"> </DL_ZONE>
			<DL_ZONE gedi_type="TextRegion" id="119" col="1346" row="868" width="153" height="49" contents="محل الميلاد :" script="hand" language="arabic"> </DL_ZONE>
			<DL_ZONE gedi_type="TextRegion" id="120" col="562" row="873" width="162" height="50" contents="تاريخ الميلاد :" script="hand" language="arabic"> </DL_ZONE>
			<DL_ZONE gedi_type="TextRegion" id="121" col="376" row="153" width="270" height="58" contents="القيمة : مجانا" script="hand" language="arabic"> </DL_ZONE>
			<DL_ZONE gedi_type="TextRegion" id="123" col="417" row="879" width="19" height="41" contents="/" script="hand" language="arabic"> </DL_ZONE>
			<DL_ZONE gedi_type="TextRegion" id="125" col="308" row="879" width="25" height="45" contents="/" script="hand" language="arabic"> </DL_ZONE>
			<DL_ZONE gedi_type="TextRegion" id="126" col="1251" row="939" width="318" height="62" contents="بيانات الجواز السابق :" script="hand" language="arabic"> </DL_ZONE>
			<DL_ZONE gedi_type="TextRegion" id="128" nextZoneID="225" col="1444" row="1007" width="121" height="42" contents="رقم الجواز :" script="hand" language="arabic"> </DL_ZONE>
			<DL_ZONE gedi_type="TextRegion" id="130" nextZoneID="245" col="1431" row="1052" width="125" height="45" contents="رقم الجواز :" script="hand" language="arabic"> </DL_ZONE>
			<DL_ZONE gedi_type="TextRegion" id="132" nextZoneID="227" col="1147" row="1007" width="164" height="43" contents="محل الإصدار :" script="hand" language="arabic"> </DL_ZONE>
			<DL_ZONE gedi_type="TextRegion" id="133" nextZoneID="229" col="798" row="1011" width="170" height="44" contents="تاريخ الإصدار :" script="hand" language="arabic"> </DL_ZONE>
			<DL_ZONE gedi_type="TextRegion" id="134" nextZoneID="231" col="513" row="1009" width="175" height="44" contents="تاريخ الإنتهاء :" script="hand" language="arabic"> </DL_ZONE>
			<DL_ZONE gedi_type="TextRegion" id="135" nextZoneID="233" col="214" row="1015" width="128" height="39" contents="رقم القيد :" script="hand" language="arabic"> </DL_ZONE>
			<DL_ZONE gedi_type="TextRegion" id="137" nextZoneID="235" col="1152" row="1047" width="142" height="47" contents="رقم الإقامة :" script="hand" language="arabic"> </DL_ZONE>
			<DL_ZONE gedi_type="TextRegion" id="139" nextZoneID="237" col="898" row="1055" width="174" height="42" contents="محل الإصدار :" script="hand" language="arabic"> </DL_ZONE>
			<DL_ZONE gedi_type="TextRegion" id="140" nextZoneID="239" col="595" row="1059" width="174" height="43" contents="تاريخ الإصدار :" script="hand" language="arabic"> </DL_ZONE>
			<DL_ZONE gedi_type="TextRegion" id="142" nextZoneID="241" col="322" row="1060" width="163" height="47" contents="تاريخ الإنتهاء :" script="hand" language="arabic"> </DL_ZONE>
			<DL_ZONE gedi_type="TextRegion" id="144" nextZoneID="243" col="1218" row="1092" width="341" height="48" contents="العنوان كاملا خارج الجمهورية :" script="hand" language="arabic"> </DL_ZONE>
			<DL_ZONE gedi_type="TextRegion" id="145" nextZoneID="255" col="1213" row="1143" width="349" height="45" contents="العنوان كاملا داخل الجمهورية :" script="hand" language="arabic"> </DL_ZONE>
			<DL_ZONE gedi_type="TextRegion" id="147" nextZoneID="247" col="344" row="1102" width="147" height="45" contents="رقم التلفون :" script="hand" language="arabic"> </DL_ZONE>
			<DL_ZONE gedi_type="TextRegion" id="149" nextZoneID="249" col="354" row="1147" width="125" height="44" contents="رقم التلفون :" script="hand" language="arabic"> </DL_ZONE>
			<DL_ZONE gedi_type="TextRegion" id="150" nextZoneID="253" col="321" row="1195" width="171" height="42" contents="تاريخ الإصدار :" script="hand" language="arabic"> </DL_ZONE>
			<DL_ZONE gedi_type="TextRegion" id="152" nextZoneID="251" col="688" row="1191" width="165" height="43" contents="محل الإصدار" script="hand" language="arabic"> </DL_ZONE>
			<DL_ZONE gedi_type="TextRegion" id="154" col="613" row="1327" width="217" height="46" contents="بصمة مقدم الطلب :" script="hand" language="arabic"> </DL_ZONE>
			<DL_ZONE gedi_type="TextRegion" id="155" col="162" row="1236" width="1361" height="53" contents="أنا الموقع أدناه , أتقدم بطلب الحصول على جواز سفر و أتحمل المسؤولية الكاملة في حالة ثبوت عدم صحة البيانات الموضحة أعلاه.." script="hand" language="arabic"> </DL_ZONE>
			<DL_ZONE gedi_type="TextRegion" id="156" col="1307" row="1188" width="249" height="43" contents="نوع البطاقة إن وجدت :" script="hand" language="arabic"> </DL_ZONE>
			<DL_ZONE gedi_type="TextRegion" id="157" col="1097" row="1324" width="218" height="47" contents="توقيع مقدم الطلب :" script="hand" language="arabic"> </DL_ZONE>
			<DL_ZONE gedi_type="TextRegion" id="158" nextZoneID="266" col="1473" row="1321" width="95" height="47" contents="التاريخ :" script="hand" language="arabic"> </DL_ZONE>
			<DL_ZONE gedi_type="GraphicRegion" id="160" col="885" row="1272" width="172" height="128" function="signature"> </DL_ZONE>
			<DL_ZONE gedi_type="TextRegion" id="161" col="668" row="1413" width="391" height="60" contents="لللإستعمال الرسمي" script="typed" language="arabic"> </DL_ZONE>
			<DL_ZONE gedi_type="TextRegion" id="162" col="1444" row="1430" width="126" height="48" contents="المرفقات :" script="typed" language="arabic"> </DL_ZONE>
			<DL_ZONE gedi_type="TextRegion" id="163" col="427" row="1445" width="155" height="48" contents="رأي القنصل :" script="typed" language="arabic"> </DL_ZONE>
			<DL_ZONE gedi_type="TextRegion" id="164" col="768" row="1578" width="156" height="45" contents="اسم القنصل :" script="typed" language="arabic"> </DL_ZONE>
			<DL_ZONE gedi_type="TextRegion" id="166" col="766" row="1663" width="165" height="51" contents="المبلغ المستلم :" script="typed" language="arabic"> </DL_ZONE>
			<DL_ZONE gedi_type="TextRegion" id="167" col="807" row="1713" width="137" height="42" contents="رقم السند :" script="typed" language="arabic"> </DL_ZONE>
			<DL_ZONE gedi_type="TextRegion" id="169" col="831" row="2061" width="130" height="51" contents="رقم السند :" script="typed" language="arabic"> </DL_ZONE>
			<DL_ZONE gedi_type="TextRegion" id="170" col="785" row="1759" width="151" height="46" contents="اسم المحصل :" script="typed" language="arabic"> </DL_ZONE>
			<DL_ZONE gedi_type="TextRegion" id="172" col="718" row="2113" width="164" height="45" contents="اسم المحصل :" script="typed" language="arabic"> </DL_ZONE>
			<DL_ZONE gedi_type="TextRegion" id="173" col="501" row="1718" width="98" height="39" contents="تاريخه :" script="typed" language="arabic"> </DL_ZONE>
			<DL_ZONE gedi_type="TextRegion" id="175" col="472" row="2067" width="101" height="42" contents="تاريخه :" script="typed" language="arabic"> </DL_ZONE>
			<DL_ZONE gedi_type="NoiseRegion" id="177" polygon="(498,2082);(511,2078);(504,2063);(486,2072)"> </DL_ZONE>
			<DL_ZONE gedi_type="TextRegion" id="179" col="1435" row="2054" width="102" height="53" contents="الاسم :" script="typed" language="arabic"> </DL_ZONE>
			<DL_ZONE gedi_type="TextRegion" id="180" col="1028" row="1704" width="547" height="51" contents="تم فحص البيانات و المرفقات و وجدت سليمة و صحيحة" script="typed" language="arabic"> </DL_ZONE>
			<DL_ZONE gedi_type="TextRegion" id="182" col="1330" row="1757" width="248" height="38" contents="اسم الموظف المختص :" script="typed" language="arabic"> </DL_ZONE>
			<DL_ZONE gedi_type="TextRegion" id="183" col="1272" row="1866" width="299" height="45" contents="تم صرف جواز جديد برقم :" script="typed" language="arabic"> </DL_ZONE>
			<DL_ZONE gedi_type="TextRegion" id="185" col="799" row="1865" width="169" height="52" contents="تاريخ الصرف :" script="typed" language="arabic"> </DL_ZONE>
			<DL_ZONE gedi_type="TextRegion" id="186" col="363" row="1876" width="113" height="48" contents="المختص :" script="typed" language="arabic"> </DL_ZONE>
			<DL_ZONE gedi_type="TextRegion" id="187" col="1292" row="2109" width="255" height="45" contents="تاريخ العودة للإستلام :" script="typed" language="arabic"> </DL_ZONE>
			<DL_ZONE gedi_type="TextRegion" id="188" col="569" row="2187" width="100" height="48" contents="التوقيع :" script="typed" language="arabic"> </DL_ZONE>
			<DL_ZONE gedi_type="TextRegion" id="190" col="484" row="1764" width="104" height="50" contents="التوقيع :" script="typed" language="arabic"> </DL_ZONE>
			<DL_ZONE gedi_type="TextRegion" id="192" col="386" row="2116" width="96" height="42" contents="توقيعه :" script="typed" language="arabic"> </DL_ZONE>
			<DL_ZONE gedi_type="TextRegion" id="193" col="1071" row="2172" width="499" height="60" contents="استلمت أنا الموضح إسمي أعلاه الجواز رقم :" script="typed" language="arabic"> </DL_ZONE>
			<DL_ZONE gedi_type="TextRegion" id="195" col="1474" row="1472" width="47" height="47" contents="١." script="typed" language="arabic"> </DL_ZONE>
			<DL_ZONE gedi_type="TextRegion" id="196" col="1479" row="1521" width="47" height="47" contents="٢." script="typed" language="arabic"> </DL_ZONE>
			<DL_ZONE gedi_type="TextRegion" id="197" col="1479" row="1564" width="47" height="47" contents="٣." script="typed" language="arabic"> </DL_ZONE>
			<DL_ZONE gedi_type="TextRegion" id="198" col="1483" row="1608" width="47" height="47" contents="٤." script="typed" language="arabic"> </DL_ZONE>
			<DL_ZONE gedi_type="TextRegion" id="199" col="1482" row="1651" width="47" height="47" contents="٥." script="typed" language="arabic"> </DL_ZONE>
			<DL_ZONE gedi_type="TextRegion" id="200" nextZoneID="263" col="1015" row="1186" width="69" height="47" contents="رقمها" script="hand" language="arabic"> </DL_ZONE>
			<DL_ZONE gedi_type="TextRegion" id="201" col="1331" row="369" width="116" height="88" contents="إكرام" script="hand" language="arabic"> </DL_ZONE>
			<DL_ZONE gedi_type="TextRegion" id="203" col="547" row="389" width="181" height="54" contents="سردست" script="hand" language="arabic"> </DL_ZONE>
			<DL_ZONE gedi_type="TextRegion" id="205" col="918" row="484" width="118" height="64" contents="عازبة" script="hand" language="arabic"> </DL_ZONE>
			<DL_ZONE gedi_type="TextRegion" id="207" col="597" row="488" width="149" height="65" contents="ممرضة" script="hand" language="arabic"> </DL_ZONE>
			<DL_ZONE gedi_type="TextRegion" id="209" col="1388" row="473" width="87" height="55" contents="أنثى" script="hand" language="arabic"> </DL_ZONE>
			<DL_ZONE gedi_type="TextRegion" id="211" col="752" row="545" width="240" height="59" contents="الدار البيضاء" script="hand" language="arabic"> </DL_ZONE>
			<DL_ZONE gedi_type="TextRegion" id="215" col="1255" row="597" width="120" height="62" contents="سوداء" script="hand" language="arabic"> </DL_ZONE>
			<DL_ZONE gedi_type="TextRegion" id="217" col="930" row="607" width="87" height="43" contents="بني" script="hand" language="arabic"> </DL_ZONE>
			<DL_ZONE gedi_type="TextRegion" id="219" col="617" row="598" width="87" height="57" contents="1,63" script="hand" language="arabic"> </DL_ZONE>
			<DL_ZONE gedi_type="TextRegion" id="221" col="1226" row="659" width="147" height="56" contents="زهرة ." script="hand" language="arabic"> </DL_ZONE>
			<DL_ZONE gedi_type="TextRegion" id="223" col="386" row="668" width="153" height="61" contents="مغربية" script="hand" language="arabic"> </DL_ZONE>
			<DL_ZONE gedi_type="TextRegion" id="225" col="1305" row="994" width="147" height="56" contents="N201534" script="hand" function_1="reference" language="arabic"> </DL_ZONE>
			<DL_ZONE gedi_type="TextRegion" id="227" col="997" row="992" width="146" height="65" contents="المغرب" script="hand" language="arabic"> </DL_ZONE>
			<DL_ZONE gedi_type="TextRegion" id="229" col="688" row="1005" width="113" height="45" contents="1998" script="hand" language="arabic"> </DL_ZONE>
			<DL_ZONE gedi_type="TextRegion" id="231" col="386" row="1005" width="119" height="45" contents="2003" script="hand" language="arabic"> </DL_ZONE>
			<DL_ZONE gedi_type="TextRegion" id="233" col="147" row="999" width="70" height="57" contents="17" script="hand" function_1="reference" language="arabic"> </DL_ZONE>
			<DL_ZONE gedi_type="TextRegion" id="235" col="1086" row="1050" width="57" height="32" contents="32" script="hand" function_1="reference" language="arabic"> </DL_ZONE>
			<DL_ZONE gedi_type="TextRegion" id="237" col="795" row="1056" width="97" height="44" contents="دبي" script="hand" language="arabic"> </DL_ZONE>
			<DL_ZONE gedi_type="TextRegion" id="239" col="484" row="1050" width="94" height="49" contents="1998" script="hand" language="arabic"> </DL_ZONE>
			<DL_ZONE gedi_type="TextRegion" id="241" col="197" row="1057" width="114" height="47" contents="2001" script="hand" language="arabic"> </DL_ZONE>
			<DL_ZONE gedi_type="TextRegion" id="243" col="499" row="1097" width="709" height="52" contents="20 طريق ادريس لحريزي الدار البيضاء" script="hand" language="arabic"> </DL_ZONE>
			<DL_ZONE gedi_type="TextRegion" id="245" col="1301" row="1052" width="122" height="52" contents="الإمارات" script="hand" language="arabic"> </DL_ZONE>
			<DL_ZONE gedi_type="TextRegion" id="247" col="114" row="1092" width="246" height="58" contents="0666-13-00-02" script="hand" language="arabic"> </DL_ZONE>
			<DL_ZONE gedi_type="TextRegion" id="249" col="110" row="1150" width="252" height="44" contents="9715341211" script="hand" language="arabic"> </DL_ZONE>
			<DL_ZONE gedi_type="TextRegion" id="251" col="560" row="1185" width="119" height="65" contents="المغرب" script="hand" language="arabic"> </DL_ZONE>
			<DL_ZONE gedi_type="TextRegion" id="253" col="117" row="1186" width="214" height="54" contents="02/03/1997" script="hand" language="arabic"> </DL_ZONE>
			<DL_ZONE gedi_type="TextRegion" id="255" col="469" row="1145" width="742" height="40" contents="اقامة 20، رقم الشقة 13 ، حي الفردوس دبي" script="hand" language="arabic"> </DL_ZONE>
			<DL_ZONE gedi_type="TextRegion" id="263" col="862" row="1172" width="160" height="62" contents="A16534" script="hand" function_1="reference" language="arabic"> </DL_ZONE>
			<DL_ZONE gedi_type="TextRegion" id="266" col="1313" row="1307" width="189" height="53" contents="02/05/2005" script="hand" function_1="date" language="arabic"> </DL_ZONE>
			<DL_ZONE gedi_type="GraphicRegion" id="268" col="108" row="1999" width="1481" height="260" function="other" orientationD="0.542"> </DL_ZONE>
			<DL_ZONE gedi_type="GraphicRegion" id="269" col="110" row="1838" width="1471" height="121" function="other" orientationD="0.467"> </DL_ZONE>
			<DL_ZONE gedi_type="GraphicRegion" id="270" col="94" row="350" width="1482" height="1055" function="other" orientationD="0.231"> </DL_ZONE>
			<DL_ZONE gedi_type="TextRegion" id="271" nextZoneID="272" col="1236" row="556" width="65" height="33" contents="05" script="hand" language="arabic"> </DL_ZONE>
			<DL_ZONE gedi_type="TextRegion" id="272" nextZoneID="273" col="1301" row="550" width="13" height="36" contents="/" script="typed" language="arabic"> </DL_ZONE>
			<DL_ZONE gedi_type="TextRegion" id="273" nextZoneID="274" col="1317" row="550" width="38" height="34" contents="03" script="hand" language="arabic"> </DL_ZONE>
			<DL_ZONE gedi_type="TextRegion" id="274" nextZoneID="275" col="1367" row="550" width="9" height="38" contents="/" script="typed" language="arabic"> </DL_ZONE>
			<DL_ZONE gedi_type="TextRegion" id="275" nextZoneID="100" col="1375" row="544" width="35" height="40" contents="73" script="hand" language="arabic"> </DL_ZONE>
			<DL_ZONE gedi_type="GraphicRegion" id="276" col="854" row="1210" width="162" height="14" function="underlined-field"> </DL_ZONE>
			<DL_ZONE gedi_type="TextRegion" id="277" col="1066" row="1758" width="83" height="43" contents="التوقيع :" script="typed" language="arabic"> </DL_ZONE>
			<DL_ZONE gedi_type="TextRegion" id="278" col="394" row="1586" width="86" height="43" contents="التوقيع :" script="typed" language="arabic"> </DL_ZONE>
			<DL_ZONE gedi_type="GraphicRegion" id="284" col="1587" row="1818" width="1474" height="425" function="other" orientationD="-179.342"> </DL_ZONE>
		</DL_PAGE>
	</DL_DOCUMENT>
</GEDI>