<?xml version="1.0" encoding="UTF-8"?>
<!--GEDI was developed at Language and Media Processing Laboratory, University of Maryland.-->

<GEDI xmlns="http://lamp.cfar.umd.edu/media/projects/GEDI/" GEDI_version="2.3.19" GEDI_date="12/23/2011">
	<USER name="Catherine MAUPLOT" date="10/25/2012 16:41" dateFormat="mm/dd/yyyy hh:mm">	</USER>
	<USER name="MDR-P1" date="8/16/2012 10:30" dateFormat="mm/dd/yyyy hh:mm">	</USER>
	<USER name="MDR-P2" date="8/13/2012 13:07" dateFormat="mm/dd/yyyy hh:mm">	</USER>
	<USER name="MDR-P6" date="5/29/2013 10:42" dateFormat="mm/dd/yyyy hh:mm">	</USER>
	<USER name="MDR-P8" date="10/31/2012 12:29" dateFormat="mm/dd/yyyy hh:mm">	</USER>
	<DL_DOCUMENT src="AQWCBW.tif" docTag="xml" NrOfPages="2">
		<DL_PAGE gedi_type="DL_PAGE" src="AQWCBW.tif" pageID="1" width="2550" height="3473" Language_4="" Language_3="" Receiver_Company="" Receiver_Address="" Sender_Company="" Sender_Phone="" Receiver_Fax="" Sender_Address="" Receiver_Phone="" Sender_Fax="" Category="C1" Document_Object="STATEMENT OF UNDERSTANDING CONCERNING THE CONSEQUENCES AND RAMIFICATIONS OF RELINQUISHMENT OR RENUNCIATION OF U.S CITIZENSHIP" Language_2="" Language_1="english" NumPage="2" Document_Location="LONDON" Document_Date="08/07/2012" Script_1="typed" Script_2="hand" Receiver_Name="Peter JOHNSON" Sender_Name="Ambrose ALVIN">
			<DL_ZONE gedi_type="TextRegion" id="1" col="1147" row="203" width="388" height="51" contents="U. S. Department of State" script="typed" language="english"> </DL_ZONE>
			<DL_ZONE gedi_type="TextRegion" id="2" col="384" row="298" width="2092" height="142" contents="STATEMENT OF UNDERSTANDING CONCERNING THE CONSEQUENCES&#10;AND RAMIFICATIONS OF RELINQUISHMENT OR RENUNCIATION OF U.S CITIZENSHIP" script="typed" function_2="object" function_1="title" language="english"> </DL_ZONE>
			<DL_ZONE gedi_type="GraphicRegion" id="5" col="180" row="428" width="2304" height="2648" function="other"> </DL_ZONE>
			<DL_ZONE gedi_type="TextRegion" id="6" nextZoneID="10" col="484" row="458" width="456" height="64" contents="Ambrose Alvin" script="hand" function_1="text_section" language="english"> </DL_ZONE>
			<DL_ZONE gedi_type="GraphicRegion" id="7" col="334" row="508" width="1168" height="22" function="underlined-field"> </DL_ZONE>
			<DL_ZONE gedi_type="TextRegion" id="9" nextZoneID="6" col="270" row="470" width="38" height="50" contents="I," script="typed" function_1="text_section" language="english"> </DL_ZONE>
			<DL_ZONE gedi_type="TextRegion" id="10" nextZoneID="13" polygon="(1500,468);(2380,480);(2368,2068);(748,2032);(716,2084);(316,2076);(304,544);(1512,544)" contents=", understand that:&#10;1. I have the right to renounce/relinquish my United States citizenship.&#10;2. I have the intention of relinquishing my United States citizenship.&#10;3. I am exercising my right of renunciation/relinquishment freely and voluntarily without force, compulsion or&#10;undue influence placed upon me by any person.&#10;4. Upon renouncing/ relinquishing my U.S. citizenship, I will become an alien with respect to the United States,&#10;subject to all laws and procedures of the United States regarding entry and control of aliens.&#10;5. If I do not possess the nationality/citizenship of any country other than the United States, upon&#10;my renunciation/relinquishment I will become a stateless person and may face extreme difficulties traveling&#10;internationally and entering most countries and maintaining a place to reside.&#10;6. If I am found to be deportable by a foreign country, my renunciation/relinquishment may not prevent my&#10;involuntary return to the United States.&#10;7. My renunciation/relinquishment may not affect my military or selective service status, if any. I understand that&#10;any problems in this area must be resolved with the appropriate agencies.&#10;8. My renunciation/relinquishment may not affect my liability, if any, to prosecution for any crimes which I may&#10;have committed or may commit in the future which violate United States law.&#10;9. My renunciation/relinquishment may not affect my liability for extradition to the United States.&#10;10. My renunciation/relinquishment may not exempt me from United States income taxation. With regard to&#10;United States taxation consequences, I understand that I must contact the United States&#10;Internal Revenues Service. Further, I understand that if my renunciation of United States&#10;citizenship is determined by the United States Attorney General to be motivated by tax&#10;avoidance purposes, I will be found excludable from United States under Immigration and&#10;Nationality Act, as amended.&#10;11. Upon renouncing/relinquishing my U.S. citizenship, I will no longer be able to transmit U.S citizenship to my&#10;children born subsequent to this act.&#10;12. The extremely serious and irrevocable nature of the act of renunciation/relinquishment has been explained to me by&#10;the (Vice) consul" script="typed" function_1="text_section" language="english"> </DL_ZONE>
			<DL_ZONE gedi_type="GraphicRegion" id="11" col="728" row="2066" width="1092" height="34" function="underlined-field"> </DL_ZONE>
			<DL_ZONE gedi_type="GraphicRegion" id="12" col="968" row="2126" width="804" height="36" function="underlined-field"> </DL_ZONE>
			<DL_ZONE gedi_type="TextRegion" id="13" nextZoneID="15" col="798" row="2022" width="546" height="64" contents="Peter Johnson" script="hand" function_1="text_section" language="english"> </DL_ZONE>
			<DL_ZONE gedi_type="TextRegion" id="14" nextZoneID="86" col="1034" row="2080" width="256" height="58" contents="London" script="hand" function_1="text_section" language="english"> </DL_ZONE>
			<DL_ZONE gedi_type="TextRegion" id="15" nextZoneID="16" col="1828" row="2054" width="270" height="50" contents="at the American" script="typed" function_1="text_section" language="english"> </DL_ZONE>
			<DL_ZONE gedi_type="TextRegion" id="16" nextZoneID="14" col="428" row="2082" width="530" height="50" contents="Embassy/Consulate General at" script="typed" function_1="text_section" language="english"> </DL_ZONE>
			<DL_ZONE gedi_type="GraphicRegion" id="18" col="294" row="2190" width="52" height="54" function="form-field"> </DL_ZONE>
			<DL_ZONE gedi_type="TextRegion" id="19" col="352" row="2192" width="46" height="44" contents="do" script="typed" language="english"> </DL_ZONE>
			<DL_ZONE gedi_type="TextRegion" id="20" nextZoneID="21" col="240" row="2188" width="30" height="50" contents="I:" script="typed" language="english"> </DL_ZONE>
			<DL_ZONE gedi_type="TextRegion" id="21" nextZoneID="88" col="520" row="2198" width="112" height="42" contents="do not" script="typed" language="english"> </DL_ZONE>
			<DL_ZONE gedi_type="GraphicRegion" id="22" col="458" row="2194" width="60" height="48" function="form-field"> </DL_ZONE>
			<DL_ZONE gedi_type="LineDrawingRegion" id="23" col="470" row="2206" width="46" height="26"> </DL_ZONE>
			<DL_ZONE gedi_type="TextRegion" id="25" col="764" row="2254" width="36" height="46" contents="I:" script="typed" language="english"> </DL_ZONE>
			<DL_ZONE gedi_type="GraphicRegion" id="26" col="816" row="2250" width="56" height="52" function="form-field"> </DL_ZONE>
			<DL_ZONE gedi_type="TextRegion" id="27" col="876" row="2268" width="106" height="26" contents="swear" script="typed" language="english"> </DL_ZONE>
			<DL_ZONE gedi_type="GraphicRegion" id="28" col="1046" row="2254" width="60" height="50" function="form-field"> </DL_ZONE>
			<DL_ZONE gedi_type="TextRegion" id="29" nextZoneID="34" col="1108" row="2260" width="98" height="42" contents="affirm" script="typed" language="english"> </DL_ZONE>
			<DL_ZONE gedi_type="LineDrawingRegion" id="30" col="1048" row="2262" width="78" height="26"> </DL_ZONE>
			<DL_ZONE gedi_type="TextRegion" id="31" col="1254" row="2262" width="196" height="40" contents="that I have" script="typed" language="english"> </DL_ZONE>
			<DL_ZONE gedi_type="GraphicRegion" id="32" col="1526" row="2260" width="54" height="50" function="form-field"> </DL_ZONE>
			<DL_ZONE gedi_type="LineDrawingRegion" id="33" col="1540" row="2260" width="64" height="36"> </DL_ZONE>
			<DL_ZONE gedi_type="TextRegion" id="34" nextZoneID="39" col="1584" row="2270" width="86" height="34" contents="read" script="typed" language="english"> </DL_ZONE>
			<DL_ZONE gedi_type="GraphicRegion" id="35" col="1754" row="2262" width="50" height="50" function="form-field"> </DL_ZONE>
			<DL_ZONE gedi_type="GraphicRegion" id="37" col="598" row="2354" width="634" height="26" function="underlined-field"> </DL_ZONE>
			<DL_ZONE gedi_type="TextRegion" id="39" nextZoneID="40" col="684" row="2310" width="214" height="76" contents="English" script="hand" language="english"> </DL_ZONE>
			<DL_ZONE gedi_type="TextRegion" id="40" col="1260" row="2337" width="716" height="53" contents="language and fully understand its contents." script="typed" language="english"> </DL_ZONE>
			<DL_ZONE gedi_type="TextRegion" id="41" nextZoneID="43" col="484" row="2532" width="618" height="58" contents="Former U.S. Citizen's Name (Typed)" script="typed" language="english"> </DL_ZONE>
			<DL_ZONE gedi_type="GraphicRegion" id="42" col="1102" row="2578" width="1256" height="34" function="underlined-field"> </DL_ZONE>
			<DL_ZONE gedi_type="TextRegion" id="43" col="1142" row="2508" width="540" height="84" contents="Ambrose Alvin." script="hand" language="english"> </DL_ZONE>
			<DL_ZONE gedi_type="TextRegion" id="44" col="486" row="2694" width="550" height="52" contents="Signature of Former U.S. Citizen" script="typed" language="english"> </DL_ZONE>
			<DL_ZONE gedi_type="GraphicRegion" id="45" col="1104" row="2736" width="1254" height="36" function="underlined-field"> </DL_ZONE>
			<DL_ZONE gedi_type="GraphicRegion" id="46" col="1118" row="2646" width="268" height="108" function="signature"> </DL_ZONE>
			<DL_ZONE gedi_type="TextRegion" id="47" col="2252" row="3132" width="198" height="48" contents="Page 1 of 2" script="typed" function_1="footer" language="english"> </DL_ZONE>
			<DL_ZONE gedi_type="NoiseRegion" id="48" col="2518" row="2484" width="30" height="988"> </DL_ZONE>
			<DL_ZONE gedi_type="Group" id="81" col="448" row="2184" width="194" height="68" elements="21;22;23"> </DL_ZONE>
			<DL_ZONE gedi_type="Group" id="82" col="1036" row="2244" width="180" height="70" elements="28;29;30"> </DL_ZONE>
			<DL_ZONE gedi_type="Group" id="83" col="1516" row="2250" width="164" height="70" elements="32;33;34"> </DL_ZONE>
			<DL_ZONE gedi_type="TextRegion" id="86" nextZoneID="87" col="1755" row="2107" width="347" height="49" contents=". I fully understand its" script="typed" function_1="text_section" language="english"> </DL_ZONE>
			<DL_ZONE gedi_type="TextRegion" id="87" col="424" row="2134" width="268" height="48" contents="consequences." script="typed" function_1="text_section" language="english"> </DL_ZONE>
			<DL_ZONE gedi_type="TextRegion" id="88" nextZoneID="90" col="692" row="2196" width="1507" height="54" contents="choose to make a separate written explanation of my reasons for renouncing/relinquishing" script="typed" language="english"> </DL_ZONE>
			<DL_ZONE gedi_type="TextRegion" id="90" nextZoneID="29" col="228" row="2247" width="498" height="59" contents="my United States citizenship." script="typed" language="english"> </DL_ZONE>
			<DL_ZONE gedi_type="TextRegion" id="91" col="1809" row="2270" width="260" height="48" contents="had read to me" script="typed" language="english"> </DL_ZONE>
			<DL_ZONE gedi_type="TextRegion" id="93" col="234" row="2315" width="354" height="54" contents="this statement in the" script="typed" language="english"> </DL_ZONE>
		</DL_PAGE>
		<DL_PAGE gedi_type="DL_PAGE" src="AQWCBW.tif" pageID="2" width="2550" height="3473" Language_2="" Language_1="" Sender_Name="" Receiver_Name="" Language_4="" Document_Date="" Language_3="" Receiver_Company="" Receiver_Address="" Sender_Company="" Script_1="" Category="" Sender_Phone="" Script_2="" Receiver_Fax="" Document_Location="" Sender_Address="" Receiver_Phone="" Sender_Fax="" Document_Object="" NumPage="2">
			<DL_ZONE gedi_type="TextRegion" id="49" col="312" row="420" width="506" height="68" nextZoneID="72" contents="Ambrose Alvin" script="hand" language="english"> </DL_ZONE>
			<DL_ZONE gedi_type="TextRegion" id="50" col="828" row="384" width="798" height="54" contents="CONSULAR OFFICER ATTESTATION" script="typed" language="english"> </DL_ZONE>
			<DL_ZONE gedi_type="GraphicRegion" id="52" col="280" row="474" width="810" height="26" function="underlined-field"> </DL_ZONE>
			<DL_ZONE gedi_type="GraphicRegion" id="53" col="278" row="676" width="396" height="24" function="underlined-field"> </DL_ZONE>
			<DL_ZONE gedi_type="GraphicRegion" id="54" col="732" row="682" width="294" height="24" function="underlined-field"> </DL_ZONE>
			<DL_ZONE gedi_type="GraphicRegion" id="55" col="1830" row="624" width="248" height="22" function="underlined-field"> </DL_ZONE>
			<DL_ZONE gedi_type="GraphicRegion" id="56" col="1276" row="932" width="1158" height="30" function="underlined-field"> </DL_ZONE>
			<DL_ZONE gedi_type="GraphicRegion" id="57" col="930" row="576" width="56" height="52" function="form-field"> </DL_ZONE>
			<DL_ZONE gedi_type="GraphicRegion" id="58" col="1220" row="576" width="56" height="54" function="form-field"> </DL_ZONE>
			<DL_ZONE gedi_type="GraphicRegion" id="59" col="1564" row="450" width="62" height="54" function="form-field"> </DL_ZONE>
			<DL_ZONE gedi_type="GraphicRegion" id="60" col="1794" row="454" width="60" height="54" function="form-field"> </DL_ZONE>
			<DL_ZONE gedi_type="LineDrawingRegion" id="61" col="1544" row="462" width="88" height="26"> </DL_ZONE>
			<DL_ZONE gedi_type="LineDrawingRegion" id="62" col="1194" row="580" width="102" height="34"> </DL_ZONE>
			<DL_ZONE gedi_type="GraphicRegion" id="63" col="1560" row="790" width="250" height="148" function="signature"> </DL_ZONE>
			<DL_ZONE gedi_type="GraphicRegion" id="64" col="152" row="294" width="2316" height="2802" function="other"> </DL_ZONE>
			<DL_ZONE gedi_type="TextRegion" id="65" col="2250" row="3138" width="198" height="42" contents="Page 2 of 2" script="typed" function_1="footer" language="english"> </DL_ZONE>
			<DL_ZONE gedi_type="TextRegion" id="66" col="482" row="860" width="126" height="46" contents="SEAL" script="typed" language="english"> </DL_ZONE>
			<DL_ZONE gedi_type="TextRegion" id="67" col="404" row="696" width="144" height="38" nextZoneID="69" contents="(Month)" script="typed" language="english"> </DL_ZONE>
			<DL_ZONE gedi_type="TextRegion" id="68" col="828" row="700" width="114" height="46" nextZoneID="70" contents="(Year)" script="typed" language="english"> </DL_ZONE>
			<DL_ZONE gedi_type="TextRegion" id="69" col="390" row="634" width="112" height="48" nextZoneID="68" contents="07" script="hand" function_1="date" language="english"> </DL_ZONE>
			<DL_ZONE gedi_type="TextRegion" id="70" col="762" row="632" width="238" height="50" contents="2012" script="hand" function_1="date" language="english"> </DL_ZONE>
			<DL_ZONE gedi_type="TextRegion" id="71" col="1900" row="646" width="104" height="44" nextZoneID="78" contents="(Day)" script="typed" language="english"> </DL_ZONE>
			<DL_ZONE gedi_type="TextRegion" id="72" col="1096" row="452" width="430" height="52" nextZoneID="73" contents="appeared personally and" script="typed" language="english"> </DL_ZONE>
			<DL_ZONE gedi_type="TextRegion" id="73" col="1630" row="464" width="88" height="36" nextZoneID="74" contents="read" script="typed" language="english"> </DL_ZONE>
			<DL_ZONE gedi_type="TextRegion" id="74" polygon="(2298,526);(2288,580);(916,560);(908,632);(268,626);(264,504)" nextZoneID="76" contents="this statement after my explanation of its meaning and the consequences of renunciation/relinquishment of United States&#10;citizenship and signed this statement" script="typed" language="english"> </DL_ZONE>
			<DL_ZONE gedi_type="TextRegion" id="75" col="988" row="584" width="190" height="38" contents="under oath" script="typed" language="english"> </DL_ZONE>
			<DL_ZONE gedi_type="TextRegion" id="76" col="1288" row="582" width="230" height="48" nextZoneID="77" contents="by affirmation" script="typed" language="english"> </DL_ZONE>
			<DL_ZONE gedi_type="TextRegion" id="77" col="1560" row="588" width="254" height="50" nextZoneID="71" contents="before me this" script="typed" language="english"> </DL_ZONE>
			<DL_ZONE gedi_type="TextRegion" id="78" col="1904" row="570" width="94" height="58" nextZoneID="79" contents="08" script="hand" function_1="date" language="english"> </DL_ZONE>
			<DL_ZONE gedi_type="TextRegion" id="79" col="2096" row="602" width="120" height="50" nextZoneID="67" contents="day of" script="typed" language="english"> </DL_ZONE>
			<DL_ZONE gedi_type="TextRegion" id="80" col="1520" row="946" width="666" height="50" contents="Consul of the United States of America" script="typed" language="english"> </DL_ZONE>
			<DL_ZONE gedi_type="Group" id="84" col="1534" row="440" width="194" height="74" elements="59;61;73"> </DL_ZONE>
			<DL_ZONE gedi_type="Group" id="85" col="1184" row="566" width="344" height="74" elements="58;62;76"> </DL_ZONE>
			<DL_ZONE gedi_type="TextRegion" id="94" col="680" row="685" width="19" height="19" contents="," script="typed" language="english"> </DL_ZONE>
			<DL_ZONE gedi_type="TextRegion" id="96" col="1874" row="462" width="332" height="48" contents="had read to him/her" script="hand" language="english"> </DL_ZONE>
			<DL_ZONE gedi_type="TextRegion" id="99" col="1572" row="840" width="204" height="100" contents="¤Peter J¤" script="hand" language="english"> </DL_ZONE>
		</DL_PAGE>
	</DL_DOCUMENT>
</GEDI>
