<?xml version="1.0" encoding="UTF-8"?>
<!--GEDI was developed at Language and Media Processing Laboratory, University of Maryland.-->

<GEDI xmlns="http://lamp.cfar.umd.edu/media/projects/GEDI/" GEDI_version="2.3.19" GEDI_date="12/23/2011">
	<USER name="MDR-P2" date="10/25/2012 22:00" dateFormat="mm/dd/yyyy hh:mm">	</USER>
	<USER name="MDR-P6" date="10/31/2012 12:39" dateFormat="mm/dd/yyyy hh:mm">	</USER>
	<USER name="MDR-P8" date="3/20/2013 11:06" dateFormat="mm/dd/yyyy hh:mm">	</USER>
	<USER name="Manuela" date="7/16/2012 15:09" dateFormat="mm/dd/yyyy hh:mm">	</USER>
	<USER name="Mdr-P5" date="5/28/2013 15:35" dateFormat="mm/dd/yyyy hh:mm">	</USER>
	<USER name="Nataly" date="7/2/2012 11:14" dateFormat="mm/dd/yyyy hh:mm">	</USER>
	<USER name="aboubekeur" date="7/2/2012 17:16" dateFormat="mm/dd/yyyy hh:mm">	</USER>
	<USER name="mailys" date="7/12/2012 20:19" dateFormat="mm/dd/yyyy hh:mm">	</USER>
	<DL_DOCUMENT src="ASCPDN.tif" docTag="xml" NrOfPages="2">
		<DL_PAGE gedi_type="DL_PAGE" src="ASCPDN.tif" pageID="1" width="826" height="1169" Language_2="" Language_4="" Language_3="" Receiver_Company="" Receiver_Address="" Sender_Company="" Sender_Phone="" Receiver_Fax="" Receiver_Phone="" Sender_Address="" Sender_Fax="" Category="C1" Document_Date="27/06/2012" Document_Location="RANSPACH LE BAS" Document_Object="DÉCLARATION DE LA LISTE DES ASSOCIATIONS MEMBRES D'UNE UNION OU D'UNE FÉDÉRATION D'ASSOCIATIONS" Language_1="french" Script_1="typed" Script_2="hand" NumPage="2" Receiver_Name="" Sender_Name="F. PERROT" GEDI_orientation="180">
			<DL_ZONE gedi_type="GraphicRegion" id="1" col="703" row="1056" width="90" height="70" function="logo"> </DL_ZONE>
			<DL_ZONE gedi_type="TextRegion" id="2" col="40" row="1083" width="71" height="16" contents="N° 13969°01" script="typed" function_1="reference" language="french"> </DL_ZONE>
			<DL_ZONE gedi_type="GraphicRegion" id="4" col="44" row="1097" width="64" height="27" function="logo"> </DL_ZONE>
			<DL_ZONE gedi_type="TextRegion" id="5" col="53" row="1098" width="46" height="24" contents="cerfa" script="typed" language="french"> </DL_ZONE>
			<DL_ZONE gedi_type="GraphicRegion" id="7" col="98" row="897" width="632" height="144" function="other"> </DL_ZONE>
			<DL_ZONE gedi_type="TextRegion" id="8" col="115" row="958" width="600" height="68" contents="DÉCLARATION DE LA LISTE DES ASSOCIATIONS MEMBRES&#10;D'UNE UNION OU D'UNE FÉDÉRATION D'ASSOCIATIONS" script="typed" language="french"> </DL_ZONE>
			<DL_ZONE gedi_type="TextRegion" id="9" col="98" row="810" width="633" height="83" contents="Ce formulaire vous permet de déclarer l'état initial ainsi que les modifications - adhésion(s)&#10;et/ou retrait(s) - de la composition de votre union ou fédération.&#10;Avant de renseigner ce document, veuillez lire attentivement les informations contenues&#10;dans le guide explicatif." script="typed" language="french"> </DL_ZONE>
			<DL_ZONE gedi_type="TextRegion" id="11" col="289" row="915" width="246" height="21" contents="Décret du 16 août 1901, article 7" script="typed" language="french"> </DL_ZONE>
			<DL_ZONE gedi_type="GraphicRegion" id="13" col="44" row="523" width="741" height="279" function="other"> </DL_ZONE>
			<DL_ZONE gedi_type="TextRegion" id="14" col="257" row="776" width="315" height="18" contents="1 - IDENTIFICATION DE L'ASSOCIATION" script="typed" language="french"> </DL_ZONE>
			<DL_ZONE gedi_type="TextRegion" id="16" nextZoneID="18" col="509" row="735" width="244" height="18" contents="TITRE ACTUEL DE L'ASSOCIATION :" script="typed" language="french"> </DL_ZONE>
			<DL_ZONE gedi_type="TextRegion" id="18" col="334" row="692" width="374" height="44" contents="¤{féderation/fédération}¤ sportive de RANSPACH LE BAS" script="hand" language="french"> </DL_ZONE>
			<DL_ZONE gedi_type="GraphicRegion" id="20" col="86" row="709" width="666" height="7" function="underlined-field"> </DL_ZONE>
			<DL_ZONE gedi_type="GraphicRegion" id="21" col="86" row="686" width="668" height="9" function="underlined-field"> </DL_ZONE>
			<DL_ZONE gedi_type="GraphicRegion" id="22" col="85" row="661" width="669" height="9" function="underlined-field"> </DL_ZONE>
			<DL_ZONE gedi_type="TextRegion" id="23" nextZoneID="30" col="598" row="624" width="153" height="16" contents="Numéro de DOSSIER :" script="typed" language="french"> </DL_ZONE>
			<DL_ZONE gedi_type="TextRegion" id="25" col="419" row="611" width="331" height="14" contents="(numéro figurant sur le dernier récépissé délivré par l'administration)" script="typed" language="french"> </DL_ZONE>
			<DL_ZONE gedi_type="GraphicRegion" id="27" col="348" row="622" width="250" height="29" function="form-field"> </DL_ZONE>
			<DL_ZONE gedi_type="TextRegion" id="28" col="348" row="622" width="221" height="26" contents="24NU621F0" script="hand" language="french"> </DL_ZONE>
			<DL_ZONE gedi_type="TextRegion" id="30" nextZoneID="28" col="573" row="628" width="19" height="20" contents="W" script="typed" language="french"> </DL_ZONE>
			<DL_ZONE gedi_type="TextRegion" id="31" nextZoneID="34" col="597" row="574" width="155" height="17" contents="Numéro SIREN/SIRET :" script="typed" language="french"> </DL_ZONE>
			<DL_ZONE gedi_type="GraphicRegion" id="33" col="251" row="572" width="347" height="29" function="form-field"> </DL_ZONE>
			<DL_ZONE gedi_type="TextRegion" id="34" col="264" row="572" width="329" height="26" contents="27465134978135" script="hand" language="french"> </DL_ZONE>
			<DL_ZONE gedi_type="TextRegion" id="36" col="522" row="559" width="228" height="14" contents="(numéro à indiquer lorsqu'il a déjà été attribué)" script="typed" language="french"> </DL_ZONE>
			<DL_ZONE gedi_type="TextRegion" id="38" col="276" row="491" width="275" height="19" contents="2 - NATURE DE LA DÉCLARATION" script="typed" language="french"> </DL_ZONE>
			<DL_ZONE gedi_type="TextRegion" id="40" col="229" row="456" width="377" height="18" contents="VOUS SOUHAITEZ (Veuillez cocher la case correspondante)" script="typed" language="french"> </DL_ZONE>
			<DL_ZONE gedi_type="GraphicRegion" id="42" col="738" row="426" width="21" height="19" function="form-field"> </DL_ZONE>
			<DL_ZONE gedi_type="GraphicRegion" id="43" col="738" row="361" width="20" height="21" function="form-field"> </DL_ZONE>
			<DL_ZONE gedi_type="TextRegion" id="44" col="196" row="421" width="533" height="22" contents="Déclarer la composition initiale de votre union ou de votre fédération" script="typed" language="french"> </DL_ZONE>
			<DL_ZONE gedi_type="GraphicRegion" id="46" col="714" row="396" width="19" height="13" function="drawing"> </DL_ZONE>
			<DL_ZONE gedi_type="TextRegion" id="47" col="233" row="391" width="477" height="18" contents="Nombre d'association(s) membre(s) à ma création de l'union ou de la fédération" script="typed" language="french"> </DL_ZONE>
			<DL_ZONE gedi_type="GraphicRegion" id="49" col="149" row="392" width="84" height="6" function="underlined-field"> </DL_ZONE>
			<DL_ZONE gedi_type="TextRegion" id="50" col="143" row="390" width="8" height="16" contents=":" script="typed" language="french"> </DL_ZONE>
			<DL_ZONE gedi_type="GraphicRegion" id="51" col="86" row="389" width="56" height="8" function="underlined-field"> </DL_ZONE>
			<DL_ZONE gedi_type="TextRegion" id="52" col="108" row="358" width="624" height="22" contents="Déclarer la modification de la composition de votre union ou de votre fédération" script="typed" language="french"> </DL_ZONE>
			<DL_ZONE gedi_type="LineDrawingRegion" id="54" col="742" row="364" width="13" height="13"> </DL_ZONE>
			<DL_ZONE gedi_type="GraphicRegion" id="55" col="610" row="329" width="22" height="19" function="form-field"> </DL_ZONE>
			<DL_ZONE gedi_type="GraphicRegion" id="56" col="380" row="329" width="22" height="18" function="form-field"> </DL_ZONE>
			<DL_ZONE gedi_type="LineDrawingRegion" id="57" col="740" row="363" width="17" height="15"> </DL_ZONE>
			<DL_ZONE gedi_type="LineDrawingRegion" id="58" col="613" row="331" width="14" height="14"> </DL_ZONE>
			<DL_ZONE gedi_type="TextRegion" id="59" col="435" row="329" width="170" height="16" contents="Déclaration d'adhésion(s)" script="typed" language="french"> </DL_ZONE>
			<DL_ZONE gedi_type="TextRegion" id="61" col="218" row="327" width="155" height="18" contents="Déclaration de retrait(s)" script="typed" language="french"> </DL_ZONE>
			<DL_ZONE gedi_type="TextRegion" id="63" nextZoneID="67" col="304" row="294" width="406" height="17" contents="Nombre d'association( s) membre(s) suite à la présente déclaration" script="typed" language="french"> </DL_ZONE>
			<DL_ZONE gedi_type="GraphicRegion" id="65" col="714" row="300" width="18" height="10" function="drawing"> </DL_ZONE>
			<DL_ZONE gedi_type="GraphicRegion" id="66" col="152" row="292" width="154" height="9" function="underlined-field"> </DL_ZONE>
			<DL_ZONE gedi_type="TextRegion" id="67" col="239" row="294" width="24" height="24" contents="3" script="hand" language="french"> </DL_ZONE>
			<DL_ZONE gedi_type="TextRegion" id="68" col="143" row="293" width="7" height="12" contents=":" script="typed" language="french"> </DL_ZONE>
			<DL_ZONE gedi_type="GraphicRegion" id="69" col="85" row="289" width="58" height="7" function="underlined-field"> </DL_ZONE>
			<DL_ZONE gedi_type="GraphicRegion" id="70" col="43" row="247" width="741" height="271" function="other"> </DL_ZONE>
			<DL_ZONE gedi_type="GraphicRegion" id="71" col="46" row="51" width="739" height="192" function="other"> </DL_ZONE>
			<DL_ZONE gedi_type="TextRegion" id="72" col="264" row="213" width="302" height="21" contents="3 - SIGNATURE DE LA DÉCLARATION" script="typed" language="french"> </DL_ZONE>
			<DL_ZONE gedi_type="TextRegion" id="74" nextZoneID="76" col="611" row="174" width="139" height="18" contents="Déclaration établie le :" script="typed" language="french"> </DL_ZONE>
			<DL_ZONE gedi_type="TextRegion" id="76" nextZoneID="78" col="486" row="171" width="122" height="27" contents="27/06/2012" script="hand" language="french"> </DL_ZONE>
			<DL_ZONE gedi_type="GraphicRegion" id="77" col="435" row="172" width="177" height="6" function="underlined-field"> </DL_ZONE>
			<DL_ZONE gedi_type="TextRegion" id="78" nextZoneID="79" col="413" row="175" width="12" height="14" contents="à" script="typed" language="french"> </DL_ZONE>
			<DL_ZONE gedi_type="TextRegion" id="79" col="191" row="175" width="186" height="24" contents="RANSPACH LE BAS" script="hand" language="french"> </DL_ZONE>
			<DL_ZONE gedi_type="GraphicRegion" id="81" col="87" row="171" width="319" height="8" function="underlined-field"> </DL_ZONE>
			<DL_ZONE gedi_type="TextRegion" id="82" nextZoneID="84" col="131" row="140" width="242" height="23" contents="Nom et qualité du déclarant - Signature" script="typed" language="french"> </DL_ZONE>
			<DL_ZONE gedi_type="TextRegion" id="84" col="59" row="113" width="318" height="35" contents="PERROT.F, Responsable de la fédération" script="hand" language="french"> </DL_ZONE>
			<DL_ZONE gedi_type="GraphicRegion" id="86" col="175" row="68" width="194" height="56" function="signature"> </DL_ZONE>
			<DL_ZONE gedi_type="TextRegion" id="87" col="48" row="30" width="296" height="19" contents="Veuillez compléter la page suivante 1/3" script="typed" function_1="footer" language="french"> </DL_ZONE>
			<DL_ZONE gedi_type="GraphicRegion" id="89" col="89" row="33" width="16" height="12" function="drawing"> </DL_ZONE>
			<DL_ZONE gedi_type="Group" id="300" col="98" row="348" width="670" height="44" elements="43;52;54;57"> </DL_ZONE>
			<DL_ZONE gedi_type="Group" id="301" col="425" row="319" width="217" height="39" elements="55;58;59"> </DL_ZONE>
		</DL_PAGE>
		<DL_PAGE gedi_type="DL_PAGE" src="ASCPDN.tif" pageID="2" width="826" height="1169" Language_2="" Sender_Name="" Language_1="" Document_Date="" Language_4="" Receiver_Name="" Language_3="" Receiver_Company="" Receiver_Address="" Sender_Company="" Script_1="" Sender_Phone="" Category="" Receiver_Fax="" Script_2="" Document_Location="" Receiver_Phone="" Sender_Address="" Sender_Fax="" Document_Object="" NumPage="2" GEDI_orientation="180">
			<DL_ZONE gedi_type="TextRegion" id="93" col="57" row="1078" width="737" height="49" contents="Attention : Avant de renseigner la page ci-dessous (page 2/3), vous devez tout d'abord remplir la page 1/3 puis&#10;reproduire la page 2/3 en nombre suffisant pour déclarer l'ensemble de la composition de votre association." script="typed" language="french"> </DL_ZONE>
			<DL_ZONE gedi_type="TextRegion" id="96" col="611" row="1028" width="148" height="17" nextZoneID="98" contents="Titre de l'association :" script="typed" language="french"> </DL_ZONE>
			<DL_ZONE gedi_type="TextRegion" id="98" col="143" row="1012" width="442" height="45" contents="fédération sportive de RANSPACH LE BAS" script="hand" language="french"> </DL_ZONE>
			<DL_ZONE gedi_type="GraphicRegion" id="100" col="84" row="1027" width="529" height="16" function="underlined-field"> </DL_ZONE>
			<DL_ZONE gedi_type="GraphicRegion" id="101" col="83" row="1002" width="675" height="19" function="underlined-field"> </DL_ZONE>
			<DL_ZONE gedi_type="GraphicRegion" id="102" col="78" row="982" width="681" height="16" function="underlined-field"> </DL_ZONE>
			<DL_ZONE gedi_type="TextRegion" id="103" col="522" row="948" width="126" height="11" nextZoneID="106" contents="Numéro de dossier :" script="typed" language="french"> </DL_ZONE>
			<DL_ZONE gedi_type="GraphicRegion" id="105" col="272" row="943" width="249" height="31" function="form-field"> </DL_ZONE>
			<DL_ZONE gedi_type="TextRegion" id="106" col="495" row="950" width="20" height="17" nextZoneID="107" contents="W" script="typed" function_1="reference" language="french"> </DL_ZONE>
			<DL_ZONE gedi_type="TextRegion" id="107" col="275" row="950" width="215" height="22" contents="24NU613F0" script="hand" function_1="reference" language="french"> </DL_ZONE>
			<DL_ZONE gedi_type="TextRegion" id="109" col="569" row="889" width="164" height="19" contents="DÉCLARATION INITIALE" script="typed" language="french"> </DL_ZONE>
			<DL_ZONE gedi_type="GraphicRegion" id="111" col="735" row="890" width="21" height="17" function="form-field"> </DL_ZONE>
			<DL_ZONE gedi_type="LineDrawingRegion" id="112" col="738" row="890" width="16" height="15"> </DL_ZONE>
			<DL_ZONE gedi_type="TextRegion" id="113" col="409" row="892" width="80" height="17" contents="ADHÉSION" script="typed" language="french"> </DL_ZONE>
			<DL_ZONE gedi_type="TextRegion" id="115" col="250" row="895" width="65" height="15" contents="RETRAIT" script="typed" language="french"> </DL_ZONE>
			<DL_ZONE gedi_type="GraphicRegion" id="117" col="491" row="890" width="19" height="20" function="form-field"> </DL_ZONE>
			<DL_ZONE gedi_type="GraphicRegion" id="118" col="318" row="894" width="21" height="17" function="form-field"> </DL_ZONE>
			<DL_ZONE gedi_type="TextRegion" id="119" col="568" row="864" width="186" height="18" contents="ASSOCIATION CONCERNÉE :" script="typed" language="french"> </DL_ZONE>
			<DL_ZONE gedi_type="GraphicRegion" id="121" col="143" row="867" width="273" height="26" function="form-field"> </DL_ZONE>
			<DL_ZONE gedi_type="TextRegion" id="122" col="144" row="871" width="271" height="22" contents="24006975880431" script="hand" function_1="reference" language="french"> </DL_ZONE>
			<DL_ZONE gedi_type="TextRegion" id="123" col="417" row="865" width="143" height="17" nextZoneID="122" contents="numéro SIREN/SIRET :" script="typed" language="french"> </DL_ZONE>
			<DL_ZONE gedi_type="TextRegion" id="125" col="415" row="846" width="143" height="17" nextZoneID="128" contents="numéro de DOSSIER :" script="typed" language="french"> </DL_ZONE>
			<DL_ZONE gedi_type="GraphicRegion" id="127" col="218" row="845" width="198" height="22" function="form-field"> </DL_ZONE>
			<DL_ZONE gedi_type="TextRegion" id="128" col="394" row="846" width="19" height="20" nextZoneID="129" contents="W" script="typed" function_1="reference" language="french"> </DL_ZONE>
			<DL_ZONE gedi_type="TextRegion" id="129" col="223" row="848" width="170" height="16" contents="24NU623F0" script="hand" function_1="reference" language="french"> </DL_ZONE>
			<DL_ZONE gedi_type="TextRegion" id="130" col="287" row="823" width="274" height="18" nextZoneID="132" contents="déclarée à la préfecture/sous-préfecture de :" script="typed" language="french"> </DL_ZONE>
			<DL_ZONE gedi_type="TextRegion" id="132" col="146" row="824" width="138" height="25" contents="RANSPACH LE BAS" script="hand" language="french"> </DL_ZONE>
			<DL_ZONE gedi_type="GraphicRegion" id="134" col="82" row="827" width="208" height="4" function="underlined-field"> </DL_ZONE>
			<DL_ZONE gedi_type="TextRegion" id="135" col="703" row="799" width="52" height="17" nextZoneID="137" contents="TITRE :" script="typed" language="french"> </DL_ZONE>
			<DL_ZONE gedi_type="TextRegion" id="137" col="297" row="787" width="393" height="42" contents="Association des jeunes gymnastes (AJG)" script="hand" language="french"> </DL_ZONE>
			<DL_ZONE gedi_type="GraphicRegion" id="139" col="82" row="798" width="618" height="10" function="underlined-field"> </DL_ZONE>
			<DL_ZONE gedi_type="GraphicRegion" id="140" col="81" row="777" width="674" height="16" function="underlined-field"> </DL_ZONE>
			<DL_ZONE gedi_type="GraphicRegion" id="141" col="79" row="762" width="675" height="21" function="underlined-field"> </DL_ZONE>
			<DL_ZONE gedi_type="TextRegion" id="142" col="698" row="742" width="55" height="17" nextZoneID="144" contents="OBJET :" script="typed" language="french"> </DL_ZONE>
			<DL_ZONE gedi_type="TextRegion" id="144" col="160" row="732" width="530" height="34" contents="Regrouper les jeunes membres du club de gymnastique." script="hand" language="french"> </DL_ZONE>
			<DL_ZONE gedi_type="LineDrawingRegion" id="146" col="135" row="749" width="18" height="17"> </DL_ZONE>
			<DL_ZONE gedi_type="GraphicRegion" id="147" col="79" row="741" width="620" height="5" function="underlined-field"> </DL_ZONE>
			<DL_ZONE gedi_type="GraphicRegion" id="148" col="78" row="723" width="676" height="8" function="underlined-field"> </DL_ZONE>
			<DL_ZONE gedi_type="GraphicRegion" id="149" col="77" row="705" width="677" height="18" function="underlined-field"> </DL_ZONE>
			<DL_ZONE gedi_type="TextRegion" id="150" col="550" row="687" width="201" height="19" nextZoneID="152" contents="ADRESSE DU SIÈGE SOCIAL :" script="typed" language="french"> </DL_ZONE>
			<DL_ZONE gedi_type="TextRegion" id="152" col="368" row="683" width="172" height="28" contents="2 rue Victor Hugo" script="hand" language="french"> </DL_ZONE>
			<DL_ZONE gedi_type="GraphicRegion" id="154" col="77" row="688" width="475" height="12" function="underlined-field"> </DL_ZONE>
			<DL_ZONE gedi_type="TextRegion" id="155" col="665" row="662" width="87" height="23" nextZoneID="158" contents="Code Postal :" script="typed" language="french"> </DL_ZONE>
			<DL_ZONE gedi_type="GraphicRegion" id="157" col="582" row="664" width="84" height="8" function="underlined-field"> </DL_ZONE>
			<DL_ZONE gedi_type="TextRegion" id="158" col="596" row="664" width="68" height="24" contents="68730" script="hand" language="french"> </DL_ZONE>
			<DL_ZONE gedi_type="TextRegion" id="159" col="445" row="669" width="135" height="16" nextZoneID="162" contents="Commune/Localité :" script="typed" language="french"> </DL_ZONE>
			<DL_ZONE gedi_type="GraphicRegion" id="161" col="77" row="668" width="369" height="11" function="underlined-field"> </DL_ZONE>
			<DL_ZONE gedi_type="TextRegion" id="162" col="263" row="668" width="173" height="23" contents="RANSPACH LE BAS" script="hand" language="french"> </DL_ZONE>
			<DL_ZONE gedi_type="GraphicRegion" id="163" col="29" row="58" width="769" height="1022" function="other"> </DL_ZONE>
			<DL_ZONE gedi_type="TextRegion" id="164" col="563" row="599" width="165" height="22" contents="DÉCLARATION INITIALE" script="typed" language="french"> </DL_ZONE>
			<DL_ZONE gedi_type="GraphicRegion" id="166" col="733" row="601" width="17" height="18" function="form-field"> </DL_ZONE>
			<DL_ZONE gedi_type="LineDrawingRegion" id="167" col="734" row="603" width="16" height="16"> </DL_ZONE>
			<DL_ZONE gedi_type="GraphicRegion" id="168" col="487" row="605" width="18" height="18" function="form-field"> </DL_ZONE>
			<DL_ZONE gedi_type="TextRegion" id="169" col="405" row="605" width="79" height="17" contents="ADHÉSION" script="typed" language="french"> </DL_ZONE>
			<DL_ZONE gedi_type="GraphicRegion" id="172" col="314" row="607" width="22" height="17" function="form-field"> </DL_ZONE>
			<DL_ZONE gedi_type="TextRegion" id="173" col="245" row="608" width="63" height="15" contents="RETRAIT" script="typed" language="french"> </DL_ZONE>
			<DL_ZONE gedi_type="TextRegion" id="175" col="565" row="576" width="187" height="19" contents="ASSOCIATION CONCERNÉE :" script="typed" language="french"> </DL_ZONE>
			<DL_ZONE gedi_type="GraphicRegion" id="177" col="138" row="578" width="275" height="27" function="form-field"> </DL_ZONE>
			<DL_ZONE gedi_type="TextRegion" id="178" col="141" row="584" width="268" height="19" contents="35600442562370" script="hand" function_1="reference" language="french"> </DL_ZONE>
			<DL_ZONE gedi_type="TextRegion" id="180" col="413" row="581" width="143" height="17" nextZoneID="178" contents="numéro SIREN/SIRET :" script="typed" language="french"> </DL_ZONE>
			<DL_ZONE gedi_type="TextRegion" id="182" col="410" row="558" width="144" height="16" nextZoneID="186" contents="numéro de DOSSIER :" script="typed" language="french"> </DL_ZONE>
			<DL_ZONE gedi_type="GraphicRegion" id="184" col="216" row="558" width="197" height="25" function="form-field"> </DL_ZONE>
			<DL_ZONE gedi_type="TextRegion" id="186" col="391" row="560" width="16" height="17" nextZoneID="187" contents="W" script="typed" language="french"> </DL_ZONE>
			<DL_ZONE gedi_type="TextRegion" id="187" col="217" row="561" width="173" height="17" contents="24NU633F0" script="hand" function_1="reference" language="french"> </DL_ZONE>
			<DL_ZONE gedi_type="TextRegion" id="189" col="282" row="536" width="271" height="17" nextZoneID="191" contents="déclarée à la préfecture/sous-préfecture de :" script="typed" language="french"> </DL_ZONE>
			<DL_ZONE gedi_type="TextRegion" id="191" col="136" row="539" width="146" height="18" contents="RANSPACH LE BAS" script="hand" language="french"> </DL_ZONE>
			<DL_ZONE gedi_type="GraphicRegion" id="193" col="73" row="538" width="210" height="7" function="underlined-field"> </DL_ZONE>
			<DL_ZONE gedi_type="TextRegion" id="195" col="698" row="509" width="54" height="19" nextZoneID="197" contents="TITRE :" script="typed" language="french"> </DL_ZONE>
			<DL_ZONE gedi_type="TextRegion" id="197" col="169" row="510" width="517" height="28" contents="ASSOCIATION RANSPACH LE BAS NATATION (ARBN)" script="hand" language="french"> </DL_ZONE>
			<DL_ZONE gedi_type="GraphicRegion" id="199" col="76" row="518" width="621" height="6" function="underlined-field"> </DL_ZONE>
			<DL_ZONE gedi_type="GraphicRegion" id="200" function="underlined-field" polygon="(751,501);(74,509);(750,492)"> </DL_ZONE>
			<DL_ZONE gedi_type="GraphicRegion" id="201" function="underlined-field" polygon="(721,484);(73,493);(76,485);(750,476);(750,483)"> </DL_ZONE>
			<DL_ZONE gedi_type="TextRegion" id="202" col="694" row="456" width="54" height="17" nextZoneID="204" contents="OBJET :" script="typed" language="french"> </DL_ZONE>
			<DL_ZONE gedi_type="TextRegion" id="204" col="118" row="453" width="566" height="32" nextZoneID="304" contents="Rassembler au sein d'une unité les inscrits à la discipline" script="hand" language="french"> </DL_ZONE>
			<DL_ZONE gedi_type="GraphicRegion" id="207" function="underlined-field" polygon="(654,463);(73,469);(76,463);(693,453);(694,462)"> </DL_ZONE>
			<DL_ZONE gedi_type="GraphicRegion" id="208" function="underlined-field" polygon="(551,445);(71,454);(77,443);(750,435);(751,444)"> </DL_ZONE>
			<DL_ZONE gedi_type="GraphicRegion" id="209" function="underlined-field" polygon="(502,430);(74,438);(76,428);(751,419);(750,429)"> </DL_ZONE>
			<DL_ZONE gedi_type="TextRegion" id="211" col="545" row="399" width="203" height="21" nextZoneID="213" contents="ADRESSE DU SIÈGE SOCIAL :" script="typed" language="french"> </DL_ZONE>
			<DL_ZONE gedi_type="TextRegion" id="213" col="363" row="398" width="181" height="28" contents="22 clos de ¤l'Cleng¤" script="hand" language="french"> </DL_ZONE>
			<DL_ZONE gedi_type="GraphicRegion" id="215" function="underlined-field" polygon="(550,408);(74,417);(74,406);(555,403)"> </DL_ZONE>
			<DL_ZONE gedi_type="TextRegion" id="216" col="663" row="380" width="85" height="17" nextZoneID="218" contents="Code Postal :" script="typed" language="french"> </DL_ZONE>
			<DL_ZONE gedi_type="TextRegion" id="218" col="594" row="377" width="67" height="22" contents="68730" script="hand" language="french"> </DL_ZONE>
			<DL_ZONE gedi_type="GraphicRegion" id="219" function="underlined-field" polygon="(614,387);(580,387);(580,380);(661,376);(665,386)"> </DL_ZONE>
			<DL_ZONE gedi_type="TextRegion" id="220" col="442" row="381" width="133" height="19" nextZoneID="224" contents="Commune/Localité :" script="typed" language="french"> </DL_ZONE>
			<DL_ZONE gedi_type="GraphicRegion" id="222" function="underlined-field" polygon="(429,390);(73,394);(72,386);(447,383)"> </DL_ZONE>
			<DL_ZONE gedi_type="TextRegion" id="224" col="264" row="384" width="166" height="16" contents="RANSPACH LE BAS" script="hand" language="french"> </DL_ZONE>
			<DL_ZONE gedi_type="GraphicRegion" id="226" col="728" row="314" width="20" height="19" function="form-field"> </DL_ZONE>
			<DL_ZONE gedi_type="GraphicRegion" id="227" col="482" row="318" width="19" height="18" function="form-field"> </DL_ZONE>
			<DL_ZONE gedi_type="GraphicRegion" id="228" col="311" row="322" width="20" height="16" function="form-field"> </DL_ZONE>
			<DL_ZONE gedi_type="TextRegion" id="229" col="557" row="315" width="166" height="19" contents="DÉCLARATION INITIALE" script="typed" language="french"> </DL_ZONE>
			<DL_ZONE gedi_type="TextRegion" id="231" col="400" row="320" width="79" height="15" contents="ADHÉSION" script="typed" language="french"> </DL_ZONE>
			<DL_ZONE gedi_type="TextRegion" id="233" col="242" row="321" width="64" height="17" contents="RETRAIT" script="typed" language="french"> </DL_ZONE>
			<DL_ZONE gedi_type="TextRegion" id="235" col="560" row="288" width="189" height="21" contents="ASSOCIATION CONCERNÉE :" script="typed" language="french"> </DL_ZONE>
			<DL_ZONE gedi_type="GraphicRegion" id="237" col="136" row="296" width="275" height="21" function="form-field"> </DL_ZONE>
			<DL_ZONE gedi_type="TextRegion" id="238" col="139" row="296" width="265" height="19" contents="82450448200034" script="hand" function_1="reference" language="french"> </DL_ZONE>
			<DL_ZONE gedi_type="TextRegion" id="239" col="407" row="293" width="144" height="19" nextZoneID="238" contents="numéro SIREN/SIRET :" script="typed" language="french"> </DL_ZONE>
			<DL_ZONE gedi_type="TextRegion" id="243" col="406" row="271" width="146" height="17" nextZoneID="296" contents="numéro de DOSSIER :" script="typed" language="french"> </DL_ZONE>
			<DL_ZONE gedi_type="TextRegion" id="245" col="278" row="250" width="273" height="18" contents="déclarée à la préfecture/sous-préfecture de :" script="typed" language="french"> </DL_ZONE>
			<DL_ZONE gedi_type="TextRegion" id="248" col="127" row="254" width="150" height="18" contents="RANSPACH LE BAS" script="hand" language="french"> </DL_ZONE>
			<DL_ZONE gedi_type="GraphicRegion" id="251" function="underlined-field" polygon="(235,258);(73,263);(73,252);(279,252);(278,259)"> </DL_ZONE>
			<DL_ZONE gedi_type="TextRegion" id="253" col="693" row="225" width="55" height="17" nextZoneID="255" contents="TITRE :" script="typed" language="french"> </DL_ZONE>
			<DL_ZONE gedi_type="TextRegion" id="255" col="226" row="222" width="446" height="30" contents="CLUB OMNISPORT JEAN JAURES (COJJ)" script="hand" language="french"> </DL_ZONE>
			<DL_ZONE gedi_type="GraphicRegion" id="257" function="underlined-field" polygon="(584,233);(71,241);(73,233);(693,225);(692,232)"> </DL_ZONE>
			<DL_ZONE gedi_type="GraphicRegion" id="258" function="underlined-field" polygon="(685,215);(72,226);(73,217);(753,208);(751,216)"> </DL_ZONE>
			<DL_ZONE gedi_type="GraphicRegion" id="259" function="underlined-field" polygon="(740,198);(71,208);(73,200);(750,191)"> </DL_ZONE>
			<DL_ZONE gedi_type="TextRegion" id="261" col="690" row="171" width="58" height="18" nextZoneID="263" contents="OBJET :" script="typed" language="french"> </DL_ZONE>
			<DL_ZONE gedi_type="TextRegion" id="263" polygon="(612,191);(68,198);(107,159);(542,170);(721,169);(736,171);(691,171);(681,191)" nextZoneID="307" contents="Etablir une union entre les membres de cette association, afin" script="hand" language="french"> </DL_ZONE>
			<DL_ZONE gedi_type="GraphicRegion" id="265" function="underlined-field" polygon="(613,175);(71,184);(71,176);(689,169);(691,176)"> </DL_ZONE>
			<DL_ZONE gedi_type="GraphicRegion" id="266" function="underlined-field" polygon="(679,159);(72,167);(72,159);(748,151);(750,159)"> </DL_ZONE>
			<DL_ZONE gedi_type="GraphicRegion" id="267" function="underlined-field" polygon="(606,141);(70,149);(72,141);(749,133);(750,144)"> </DL_ZONE>
			<DL_ZONE gedi_type="TextRegion" id="269" col="544" row="114" width="201" height="17" nextZoneID="273" contents="ADRESSE DU SIÈGE SOCIAL :" script="typed" language="french"> </DL_ZONE>
			<DL_ZONE gedi_type="TextRegion" id="273" col="337" row="114" width="200" height="24" contents="21 rue Jean-Jaurès" script="hand" language="french"> </DL_ZONE>
			<DL_ZONE gedi_type="GraphicRegion" id="275" function="underlined-field" polygon="(500,124);(70,129);(71,120);(548,115);(547,121)"> </DL_ZONE>
			<DL_ZONE gedi_type="TextRegion" id="278" col="659" row="92" width="87" height="19" nextZoneID="280" contents="Code Postal :" script="typed" language="french"> </DL_ZONE>
			<DL_ZONE gedi_type="TextRegion" id="280" col="592" row="90" width="66" height="25" contents="68730" script="hand" language="french"> </DL_ZONE>
			<DL_ZONE gedi_type="GraphicRegion" id="283" function="underlined-field" polygon="(591,100);(578,100);(578,93);(657,93);(658,99)"> </DL_ZONE>
			<DL_ZONE gedi_type="TextRegion" id="285" col="440" row="97" width="132" height="16" nextZoneID="287" contents="Commune/Localité :" script="typed" language="french"> </DL_ZONE>
			<DL_ZONE gedi_type="TextRegion" id="287" col="289" row="93" width="144" height="25" contents="RANSPACH LE BAS" script="hand" language="french"> </DL_ZONE>
			<DL_ZONE gedi_type="GraphicRegion" id="289" function="underlined-field" polygon="(294,104);(70,106);(73,99);(438,95);(441,103)"> </DL_ZONE>
			<DL_ZONE gedi_type="TextRegion" id="291" col="41" row="44" width="25" height="18" contents="2/3" script="typed" function_1="footer" language="french"> </DL_ZONE>
			<DL_ZONE gedi_type="GraphicRegion" id="293" col="160" row="24" width="205" height="59" function="signature"> </DL_ZONE>
			<DL_ZONE gedi_type="Group" id="294" col="559" row="879" width="207" height="39" elements="109;111;112"> </DL_ZONE>
			<DL_ZONE gedi_type="Group" id="295" col="553" row="589" width="207" height="42" elements="164;166;167"> </DL_ZONE>
			<DL_ZONE gedi_type="TextRegion" id="296" col="387" row="274" width="19" height="15" nextZoneID="297" contents="W" script="typed" function_1="reference" language="french"> </DL_ZONE>
			<DL_ZONE gedi_type="TextRegion" id="297" col="215" row="273" width="171" height="19" contents="24NU634F0" script="hand" function_1="reference" language="french"> </DL_ZONE>
			<DL_ZONE gedi_type="TextRegion" id="304" col="665" row="430" width="82" height="23" contents="nautique" script="typed" language="french"> </DL_ZONE>
			<DL_ZONE gedi_type="TextRegion" id="307" polygon="(741,158);(740,149);(603,151);(592,138);(564,148);(552,138);(382,159);(408,173);(607,166);(624,177);(740,170)" contents="d'accroître le partage des expériences." script="hand" language="french"> </DL_ZONE>
			<DL_ZONE gedi_type="GraphicRegion" id="312" col="210" row="273" width="198" height="20" function="form-field"> </DL_ZONE>
			<DL_ZONE gedi_type="LineDrawingRegion" id="313" col="487" row="322" width="12" height="13"> </DL_ZONE>
			<DL_ZONE gedi_type="Group" id="314" col="390" row="308" width="121" height="38" elements="227;231;313"> </DL_ZONE>
		</DL_PAGE>
	</DL_DOCUMENT>
</GEDI>