<?xml version="1.0" encoding="UTF-8"?>
<!--GEDI was developed at Language and Media Processing Laboratory, University of Maryland.-->

<GEDI xmlns="http://lamp.cfar.umd.edu/media/projects/GEDI/" GEDI_version="2.3.19" GEDI_date="12/23/2011">
	<USER name="Adil" date="4/22/2012 16:04" dateFormat="mm/dd/yyyy hh:mm">	</USER>
	<USER name="Amina" date="4/21/2012 16:43" dateFormat="mm/dd/yyyy hh:mm">	</USER>
	<USER name="Laure" date="5/4/2012 16:41" dateFormat="mm/dd/yyyy hh:mm">	</USER>
	<USER name="MDR-P6" date="10/31/2012 12:42" dateFormat="mm/dd/yyyy hh:mm">	</USER>
	<USER name="MDR_P4" date="10/23/2012 13:47" dateFormat="mm/dd/yyyy hh:mm">	</USER>
	<DL_DOCUMENT src="ATUVWF.tif" docTag="xml" NrOfPages="1">
		<DL_PAGE gedi_type="DL_PAGE" src="ATUVWF.tif" pageID="1" width="1700" height="2338" Language_4="" Receiver_Name="" Language_3="" Receiver_Company="" Receiver_Address="" Sender_Company="" Receiver_Fax="" Document_Location="" Receiver_Phone="" Sender_Fax="" Category="C1" Document_Date="18/04/2012" Document_Object="DOSSIER DE CANDIDATURE" Language_1="french" NumPage="1" Script_1="typed" Script_2="hand" Sender_Address="49 BIS BD GUYNEMER, 6240 BEAUSOLEIL" Sender_Phone="+33(0)4.81.59.16.27" Language_2="english" Sender_Name="Anna GOMEZ">
			<DL_ZONE gedi_type="TextRegion" id="1" col="491" row="139" width="634" height="62" contents="DOSSIER DE CANDIDATURE" script="typed" function_2="object" function_1="title" language="french"> </DL_ZONE>
			<DL_ZONE gedi_type="TextRegion" id="2" col="478" row="197" width="658" height="48" contents="Les informations marquées d'un astérisque (*) sont obligatoires" script="typed" language="french"> </DL_ZONE>
			<DL_ZONE gedi_type="TextRegion" id="3" col="65" row="309" width="144" height="45" contents="Civilité * :" script="typed" language="french"> </DL_ZONE>
			<DL_ZONE gedi_type="TextRegion" id="4" col="327" row="312" width="129" height="40" contents="Madame" script="typed" language="french"> </DL_ZONE>
			<DL_ZONE gedi_type="TextRegion" id="5" col="533" row="305" width="203" height="47" contents="Mademoiselle" script="typed" language="french"> </DL_ZONE>
			<DL_ZONE gedi_type="TextRegion" id="6" col="812" row="309" width="137" height="45" contents="Monsieur" script="typed" language="french"> </DL_ZONE>
			<DL_ZONE gedi_type="TextRegion" id="7" nextZoneID="8" col="62" row="386" width="139" height="45" contents="NOM * :" script="typed" language="french"> </DL_ZONE>
			<DL_ZONE gedi_type="TextRegion" id="8" col="212" row="373" width="221" height="60" contents="GOMEZ" script="hand" language="french"> </DL_ZONE>
			<DL_ZONE gedi_type="TextRegion" id="9" nextZoneID="10" col="755" row="380" width="151" height="47" contents="Prénom * :" script="typed" language="french"> </DL_ZONE>
			<DL_ZONE gedi_type="TextRegion" id="10" col="912" row="367" width="124" height="62" contents="Anna" script="hand" language="french"> </DL_ZONE>
			<DL_ZONE gedi_type="TextRegion" id="11" nextZoneID="12" col="65" row="459" width="155" height="44" contents="Adresse * :" script="typed" language="french"> </DL_ZONE>
			<DL_ZONE gedi_type="TextRegion" id="12" col="218" row="446" width="413" height="66" contents="49 Bis Bd Guynemer," script="hand" language="french"> </DL_ZONE>
			<DL_ZONE gedi_type="TextRegion" id="13" nextZoneID="14" col="65" row="537" width="202" height="49" contents="Code postal * :" script="typed" language="french"> </DL_ZONE>
			<DL_ZONE gedi_type="TextRegion" id="14" col="267" row="525" width="115" height="53" contents="6240" script="hand" language="french"> </DL_ZONE>
			<DL_ZONE gedi_type="TextRegion" id="15" nextZoneID="16" col="755" row="535" width="106" height="47" contents="City * :" script="typed" language="english"> </DL_ZONE>
			<DL_ZONE gedi_type="TextRegion" id="16" col="865" row="510" width="233" height="70" contents="Beausoleil" script="hand" language="french"> </DL_ZONE>
			<DL_ZONE gedi_type="TextRegion" id="17" nextZoneID="18" col="65" row="614" width="236" height="51" contents="Tél. personnel * :" script="typed" language="french"> </DL_ZONE>
			<DL_ZONE gedi_type="TextRegion" id="18" col="299" row="589" width="307" height="68" contents="04.81.59.16.27" script="hand" language="french"> </DL_ZONE>
			<DL_ZONE gedi_type="TextRegion" id="19" col="757" row="608" width="207" height="53" contents="Tél. portable :" script="typed" language="french"> </DL_ZONE>
			<DL_ZONE gedi_type="TextRegion" id="20" nextZoneID="21" col="64" row="693" width="137" height="45" contents="E-mail * :" script="typed" language="french"> </DL_ZONE>
			<DL_ZONE gedi_type="TextRegion" id="21" col="199" row="663" width="470" height="85" contents="amu_angel@hotmail.fr" script="hand" language="french"> </DL_ZONE>
			<DL_ZONE gedi_type="SeparatorRegion" id="22" col="65" row="755" width="1540" height="29"> </DL_ZONE>
			<DL_ZONE gedi_type="TextRegion" id="23" nextZoneID="90" col="114" row="808" width="447" height="38" contents="• Date et lieu de naissance :" script="typed" language="french"> </DL_ZONE>
			<DL_ZONE gedi_type="TextRegion" id="24" nextZoneID="93" col="114" row="848" width="387" height="43" contents="• Situation de famille :" script="typed" language="french"> </DL_ZONE>
			<DL_ZONE gedi_type="TextRegion" id="25" col="116" row="891" width="813" height="45" contents="• Autorisation de travail en France en cours de validité" script="typed" language="french"> </DL_ZONE>
			<DL_ZONE gedi_type="TextRegion" id="26" col="997" row="889" width="69" height="38" contents="Oui" script="typed" language="french"> </DL_ZONE>
			<DL_ZONE gedi_type="TextRegion" id="27" col="1144" row="885" width="77" height="40" contents="Non" script="typed" language="french"> </DL_ZONE>
			<DL_ZONE gedi_type="SeparatorRegion" id="28" col="65" row="946" width="1533" height="26"> </DL_ZONE>
			<DL_ZONE gedi_type="TextRegion" id="29" col="65" row="963" width="1214" height="50" contents="Préciser. pour les langues, le niveau : bilingue, courant, professionnel, scolaire ou notions" script="typed" language="french"> </DL_ZONE>
			<DL_ZONE gedi_type="TextRegion" id="30" nextZoneID="31" col="116" row="1044" width="253" height="49" contents="Anglais : (niveau)" script="typed" language="french"> </DL_ZONE>
			<DL_ZONE gedi_type="TextRegion" id="31" col="390" row="1027" width="198" height="68" contents="¤{couront/courant}¤" script="hand" language="french"> </DL_ZONE>
			<DL_ZONE gedi_type="TextRegion" id="32" nextZoneID="33" col="116" row="1119" width="236" height="55" contents="Autres (préciser)" script="typed" language="french"> </DL_ZONE>
			<DL_ZONE gedi_type="TextRegion" id="33" col="371" row="1104" width="143" height="56" contents="Arabe" script="hand" language="french"> </DL_ZONE>
			<DL_ZONE gedi_type="TextRegion" id="34" nextZoneID="35" col="73" row="1193" width="552" height="56" contents="• Caractéristiques du poste recherché :" script="typed" language="french"> </DL_ZONE>
			<DL_ZONE gedi_type="TextRegion" id="35" col="633" row="1144" width="286" height="96" contents="commerciale" script="hand" language="french"> </DL_ZONE>
			<DL_ZONE gedi_type="TextRegion" id="36" col="65" row="1274" width="457" height="45" contents="• Secteur d'activités souhaité :" script="typed" language="french"> </DL_ZONE>
			<DL_ZONE gedi_type="TextRegion" id="37" col="113" row="1321" width="143" height="34" contents="Industrie" script="typed" language="french"> </DL_ZONE>
			<DL_ZONE gedi_type="TextRegion" id="38" col="418" row="1315" width="122" height="41" contents="Banque" script="typed" language="french"> </DL_ZONE>
			<DL_ZONE gedi_type="TextRegion" id="39" col="716" row="1311" width="149" height="51" contents="Assurance" script="typed" language="french"> </DL_ZONE>
			<DL_ZONE gedi_type="TextRegion" id="40" col="912" row="1307" width="216" height="51" contents="Services d'Etat" script="typed" language="french"> </DL_ZONE>
			<DL_ZONE gedi_type="TextRegion" id="41" col="1309" row="1306" width="142" height="56" contents="Télécoms" script="typed" language="french"> </DL_ZONE>
			<DL_ZONE gedi_type="TextRegion" id="42" col="128" row="1355" width="248" height="47" contents="Autres (préciser)" script="typed" language="french"> </DL_ZONE>
			<DL_ZONE gedi_type="TextRegion" id="43" nextZoneID="44" col="71" row="1419" width="918" height="58" contents="• Zone(s) géographique(s) privilégiée(s) par ordre de préférence :" script="typed" language="french"> </DL_ZONE>
			<DL_ZONE gedi_type="TextRegion" id="44" col="989" row="1407" width="117" height="66" contents="Paris" script="hand" language="french"> </DL_ZONE>
			<DL_ZONE gedi_type="TextRegion" id="45" col="62" row="1500" width="947" height="54" contents="Acceptez-vous les déplacements de longue durée (6 mois et plus) ? :" script="typed" language="french"> </DL_ZONE>
			<DL_ZONE gedi_type="TextRegion" id="46" col="1102" row="1500" width="64" height="45" contents="Oui" script="typed" language="french"> </DL_ZONE>
			<DL_ZONE gedi_type="TextRegion" id="47" col="1247" row="1502" width="68" height="45" contents="Non" script="typed" language="french"> </DL_ZONE>
			<DL_ZONE gedi_type="TextRegion" id="48" col="501" row="1583" width="658" height="56" contents="INFORMATIONS COMPLEMENTAIRES*" script="typed" language="french"> </DL_ZONE>
			<DL_ZONE gedi_type="SeparatorRegion" id="49" col="64" row="1601" width="435" height="21"> </DL_ZONE>
			<DL_ZONE gedi_type="SeparatorRegion" id="50" col="1164" row="1590" width="407" height="28"> </DL_ZONE>
			<DL_ZONE gedi_type="TextRegion" id="51" nextZoneID="53" polygon="(79,1641);(493,1641);(503,1722);(278,1714);(263,1690);(75,1690)" contents="• Quels sont, selon vous :&#10;Vos points forts" script="typed" language="french"> </DL_ZONE>
			<DL_ZONE gedi_type="TextRegion" id="52" nextZoneID="54" col="1091" row="1666" width="256" height="49" contents="Vos points faibles" script="typed" language="french"> </DL_ZONE>
			<DL_ZONE gedi_type="TextRegion" id="53" col="99" row="1715" width="330" height="107" contents="¤{ésprit/esprit}¤ d'équipe&#10;serieuse" script="hand" language="french"> </DL_ZONE>
			<DL_ZONE gedi_type="TextRegion" id="54" col="853" row="1724" width="145" height="49" contents="aucun" script="hand" language="french"> </DL_ZONE>
			<DL_ZONE gedi_type="SeparatorRegion" id="55" col="812" row="1696" width="26" height="190"> </DL_ZONE>
			<DL_ZONE gedi_type="TextRegion" id="56" col="75" row="1896" width="1306" height="50" contents="Dans le cas où nous souhaiterions conserver votre dossier, acceptez-vous de figurer dans notre fichier * ?" script="typed" language="french"> </DL_ZONE>
			<DL_ZONE gedi_type="TextRegion" id="57" col="122" row="1945" width="62" height="41" contents="Oui" script="typed" language="french"> </DL_ZONE>
			<DL_ZONE gedi_type="TextRegion" id="58" col="260" row="1945" width="75" height="42" contents="Non" script="typed" language="french"> </DL_ZONE>
			<DL_ZONE gedi_type="TextRegion" id="59" nextZoneID="61" col="271" row="2020" width="234" height="49" contents="Lu et approuvé :" script="typed" language="french"> </DL_ZONE>
			<DL_ZONE gedi_type="TextRegion" id="60" nextZoneID="62" col="1066" row="2009" width="249" height="50" contents="Date et signature :" script="typed" language="french"> </DL_ZONE>
			<DL_ZONE gedi_type="TextRegion" id="61" col="286" row="2067" width="330" height="81" contents="Anna Gomez" script="hand" language="french"> </DL_ZONE>
			<DL_ZONE gedi_type="TextRegion" id="62" col="1066" row="2061" width="270" height="51" contents="18/04/2012" script="hand" function_1="date" language="french"> </DL_ZONE>
			<DL_ZONE gedi_type="TextRegion" id="63" col="79" row="2203" width="120" height="39" contents="Mars 2011" script="typed" function_1="footer" language="french"> </DL_ZONE>
			<DL_ZONE gedi_type="GraphicRegion" id="64" function="signature" polygon="(1089,2193);(1146,2163);(1176,2122);(1202,2114);(1236,2120);(1274,2178);(1255,2235);(1213,2201);(1200,2259)"> </DL_ZONE>
			<DL_ZONE gedi_type="NoiseRegion" id="65" polygon="(323,2330);(534,2338);(1650,2320);(1649,2330)"> </DL_ZONE>
			<DL_ZONE gedi_type="GraphicRegion" id="66" col="286" row="312" width="36" height="34" function="form-field"> </DL_ZONE>
			<DL_ZONE gedi_type="GraphicRegion" id="67" col="499" row="312" width="30" height="36" function="form-field"> </DL_ZONE>
			<DL_ZONE gedi_type="GraphicRegion" id="68" col="772" row="310" width="27" height="34" function="form-field"> </DL_ZONE>
			<DL_ZONE gedi_type="LineDrawingRegion" id="69" col="505" row="314" width="18" height="30"> </DL_ZONE>
			<DL_ZONE gedi_type="Group" id="70" col="489" row="295" width="257" height="67" elements="5;67;69"> </DL_ZONE>
			<DL_ZONE gedi_type="GraphicRegion" id="71" col="75" row="1051" width="31" height="27" function="form-field"> </DL_ZONE>
			<DL_ZONE gedi_type="GraphicRegion" id="72" col="75" row="1125" width="34" height="27" function="form-field"> </DL_ZONE>
			<DL_ZONE gedi_type="GraphicRegion" id="73" col="75" row="1324" width="34" height="29" function="form-field"> </DL_ZONE>
			<DL_ZONE gedi_type="GraphicRegion" id="74" col="77" row="1364" width="23" height="27" function="form-field"> </DL_ZONE>
			<DL_ZONE gedi_type="GraphicRegion" id="75" col="669" row="1320" width="24" height="26" function="form-field"> </DL_ZONE>
			<DL_ZONE gedi_type="GraphicRegion" id="76" col="868" row="1319" width="27" height="23" function="form-field"> </DL_ZONE>
			<DL_ZONE gedi_type="GraphicRegion" id="77" col="1264" row="1309" width="23" height="40" function="form-field"> </DL_ZONE>
			<DL_ZONE gedi_type="LineDrawingRegion" id="78" col="1268" row="1317" width="23" height="24"> </DL_ZONE>
			<DL_ZONE gedi_type="Group" id="79" col="1254" row="1296" width="207" height="76" elements="41;77;78"> </DL_ZONE>
			<DL_ZONE gedi_type="LineDrawingRegion" id="80" col="1062" row="1507" width="29" height="36"> </DL_ZONE>
			<DL_ZONE gedi_type="GraphicRegion" id="81" col="1053" row="1502" width="47" height="52" function="form-field"> </DL_ZONE>
			<DL_ZONE gedi_type="Group" id="82" col="1043" row="1490" width="133" height="74" elements="46;80;81"> </DL_ZONE>
			<DL_ZONE gedi_type="LineDrawingRegion" id="83" col="79" row="1948" width="30" height="36"> </DL_ZONE>
			<DL_ZONE gedi_type="GraphicRegion" id="84" col="226" row="1950" width="27" height="32" function="form-field"> </DL_ZONE>
			<DL_ZONE gedi_type="GraphicRegion" id="85" col="78" row="1949" width="29" height="25" function="form-field"> </DL_ZONE>
			<DL_ZONE gedi_type="Group" id="86" col="68" row="1935" width="126" height="61" elements="57;83;85"> </DL_ZONE>
			<DL_ZONE gedi_type="TextRegion" id="90" col="561" row="789" width="507" height="57" contents="28 Janvier 1981 a Ca¤s¤ada" script="hand" language="french"> </DL_ZONE>
			<DL_ZONE gedi_type="TextRegion" id="93" col="503" row="846" width="216" height="49" contents="¤{celibataire/célibataire}¤" script="hand" language="french"> </DL_ZONE>
			<DL_ZONE gedi_type="LineDrawingRegion" id="96" col="961" row="893" width="26" height="26"> </DL_ZONE>
			<DL_ZONE gedi_type="GraphicRegion" id="97" col="944" row="882" width="51" height="45" function="form-field"> </DL_ZONE>
			<DL_ZONE gedi_type="Group" id="98" col="934" row="872" width="142" height="65" elements="26;96;97"> </DL_ZONE>
			<DL_ZONE gedi_type="GraphicRegion" id="138" col="376" row="1324" width="22" height="23" function="form-field"> </DL_ZONE>
			<DL_ZONE gedi_type="GraphicRegion" id="139" col="1112" row="892" width="28" height="28" function="form-field"> </DL_ZONE>
			<DL_ZONE gedi_type="GraphicRegion" id="140" col="1208" row="1506" width="28" height="30" function="form-field"> </DL_ZONE>
		</DL_PAGE>
	</DL_DOCUMENT>
</GEDI>