<?xml version="1.0" encoding="UTF-8"?>
<!--GEDI was developed at Language and Media Processing Laboratory, University of Maryland.-->

<GEDI xmlns="http://lamp.cfar.umd.edu/media/projects/GEDI/" GEDI_version="2.3.19" GEDI_date="12/23/2011">
	<USER name="MDR-P6" date="10/31/2012 12:42" dateFormat="mm/dd/yyyy hh:mm">	</USER>
	<USER name="MDR-P8" date="3/11/2013 12:25" dateFormat="mm/dd/yyyy hh:mm">	</USER>
	<USER name="asmae" date="5/15/2012 12:05" dateFormat="mm/dd/yyyy hh:mm">	</USER>
	<DL_DOCUMENT src="ATUVNG.tif" docTag="xml" NrOfPages="1">
		<DL_PAGE gedi_type="DL_PAGE" src="ATUVNG.tif" pageID="1" width="1651" height="2335" Language_2="" Language_3="" Receiver_Company="" Sender_Phone="" Receiver_Fax="" Receiver_Phone="" Sender_Fax="" Category="C1" Document_Object="DÉCLARATION D'ACHAT D'UN VÉHICULE D'OCCASION" Language_1="french" Language_4="" NumPage="1" Document_Location="LUBINE" Script_1="typed" Script_2="hand" Sender_Company="" Sender_Address="12 BIS AVENUE D'ANTIBES 45200 MONTARGIS" Document_Date="02/04/2012" Receiver_Address="20 RUE DE LA GOUTTE 88490 LUBINE" Receiver_Name="Joseph CHARPENTIER" Sender_Name="Jean BUIZARD">
			<DL_ZONE gedi_type="TextRegion" id="1" col="408" row="130" width="816" height="86" contents="DÉCLARATION D'ACHAT D'UN VÉHICULE D'OCCASION&#10;Article R. 322-4 du code de la route" script="typed" function_2="object" function_1="title" language="french"> </DL_ZONE>
			<DL_ZONE gedi_type="TextRegion" id="2" col="143" row="197" width="104" height="24" contents="¤****** ******** *******&#10;*********** ***********¤" script="typed" language="french"> </DL_ZONE>
			<DL_ZONE gedi_type="TextRegion" id="3" col="130" row="241" width="129" height="16" contents="¤********* ********¤" script="typed" language="french"> </DL_ZONE>
			<DL_ZONE gedi_type="TextRegion" id="4" col="578" row="244" width="471" height="30" contents="Veuillez cocher la case correspondante :" script="typed" language="french"> </DL_ZONE>
			<DL_ZONE gedi_type="TextRegion" id="5" col="524" row="284" width="472" height="36" contents="professionnel du commerce de l’automobile" script="typed" language="french"> </DL_ZONE>
			<DL_ZONE gedi_type="TextRegion" id="6" col="1061" row="289" width="97" height="24" contents="assureur" script="typed" language="french"> </DL_ZONE>
			<DL_ZONE gedi_type="TextRegion" id="7" col="1367" row="183" width="142" height="28" contents="N° 13761*02" script="typed" function_1="reference" language="french"> </DL_ZONE>
			<DL_ZONE gedi_type="TextRegion" id="8" polygon="(1393,161);(1400,151);(1440,151);(1450,140);(1472,148);(1482,161);(1473,168);(1463,171);(1453,171);(1446,176);(1441,177);(1426,176);(1404,174);(1391,166)" contents="cerfa" script="typed" language="french"> </DL_ZONE>
			<DL_ZONE gedi_type="GraphicRegion" id="10" col="120" row="137" width="146" height="129" function="logo"> </DL_ZONE>
			<DL_ZONE gedi_type="GraphicRegion" id="11" col="1384" row="139" width="100" height="40" function="logo"> </DL_ZONE>
			<DL_ZONE gedi_type="LineDrawingRegion" id="12" polygon="(1038,286);(1059,267);(1066,273);(1049,294);(1072,317);(1065,326);(1045,306);(1028,312);(1025,306);(1020,283)"> </DL_ZONE>
			<DL_ZONE gedi_type="GraphicRegion" id="13" col="483" row="285" width="31" height="32" function="form-field"> </DL_ZONE>
			<DL_ZONE gedi_type="GraphicRegion" id="14" col="1019" row="283" width="34" height="33" function="form-field"> </DL_ZONE>
			<DL_ZONE gedi_type="Group" id="15" col="1009" row="257" width="159" height="79" elements="6;12;14"> </DL_ZONE>
			<DL_ZONE gedi_type="TextRegion" id="16" nextZoneID="18" col="121" row="349" width="186" height="33" contents="Je soussigné(e)," script="typed" language="french"> </DL_ZONE>
			<DL_ZONE gedi_type="TextRegion" id="17" col="310" row="375" width="626" height="20" contents="NOM DE NAISSANCE, NOM D’USAGE le cas échéant et PRÉNOM ou RAISON SOCIALE" script="typed" language="french"> </DL_ZONE>
			<DL_ZONE gedi_type="TextRegion" id="18" polygon="(336,365);(342,319);(388,319);(475,320);(511,329);(582,330);(685,332);(741,335);(768,326);(820,321);(857,323);(922,325);(989,329);(992,365);(988,372);(753,372);(337,373);(336,373)" contents="CHARPENTIER JOSEPH" script="hand" language="french"> </DL_ZONE>
			<DL_ZONE gedi_type="TextRegion" id="19" col="1234" row="370" width="183" height="22" contents="N° SIREN, le cas échéant" script="typed" language="french"> </DL_ZONE>
			<DL_ZONE gedi_type="TextRegion" id="20" nextZoneID="21" col="115" row="418" width="164" height="25" contents="domicilié(e) à :" script="typed" language="french"> </DL_ZONE>
			<DL_ZONE gedi_type="TextRegion" id="21" nextZoneID="23" polygon="(327,433);(353,400);(370,392);(382,393);(383,403);(419,409);(419,433)" contents="20" script="hand" language="french"> </DL_ZONE>
			<DL_ZONE gedi_type="TextRegion" id="22" nextZoneID="26" polygon="(791,423);(794,399);(817,396);(840,398);(862,399);(917,399);(979,400);(1085,395);(1267,400);(1272,439);(800,435)" contents="RUE DE LA GOUTTE" script="hand" language="french"> </DL_ZONE>
			<DL_ZONE gedi_type="TextRegion" id="23" nextZoneID="22" col="306" row="438" width="97" height="21" contents="N° de la voie" script="typed" language="french"> </DL_ZONE>
			<DL_ZONE gedi_type="TextRegion" id="24" col="426" row="441" width="123" height="20" contents="Extension (bis, ter, .)" script="typed" language="french"> </DL_ZONE>
			<DL_ZONE gedi_type="TextRegion" id="25" col="559" row="439" width="194" height="23" contents="Type de voie (avenue, etc.)" script="typed" language="french"> </DL_ZONE>
			<DL_ZONE gedi_type="TextRegion" id="26" nextZoneID="27" col="758" row="441" width="114" height="20" contents="Nom de la voie" script="typed" language="french"> </DL_ZONE>
			<DL_ZONE gedi_type="TextRegion" id="27" nextZoneID="29" polygon="(270,492);(270,462);(290,459);(325,461);(405,461);(448,468);(456,471);(462,485);(462,499);(272,496);(269,495)" contents="88490" script="hand" language="french"> </DL_ZONE>
			<DL_ZONE gedi_type="TextRegion" id="28" nextZoneID="30" polygon="(522,495);(521,462);(539,465);(585,466);(602,462);(634,465);(695,465);(740,463);(750,499);(571,502);(554,504);(534,505);(519,498)" contents="LUBINE" script="hand" language="french"> </DL_ZONE>
			<DL_ZONE gedi_type="TextRegion" id="29" nextZoneID="28" col="269" row="502" width="93" height="23" contents="Code postal" script="typed" language="french"> </DL_ZONE>
			<DL_ZONE gedi_type="TextRegion" id="30" col="491" row="504" width="74" height="20" contents="Commune" script="typed" language="french"> </DL_ZONE>
			<DL_ZONE gedi_type="TextRegion" id="31" nextZoneID="32" col="118" row="546" width="248" height="32" contents="Déclare avoir acheté le" script="typed" language="french"> </DL_ZONE>
			<DL_ZONE gedi_type="TextRegion" id="32" nextZoneID="38" col="376" row="528" width="73" height="43" contents="02" script="hand" language="french"> </DL_ZONE>
			<DL_ZONE gedi_type="TextRegion" id="33" nextZoneID="39" col="472" row="533" width="63" height="45" contents="04" script="hand" language="french"> </DL_ZONE>
			<DL_ZONE gedi_type="TextRegion" id="34" nextZoneID="40" col="548" row="525" width="148" height="46" contents="2012" script="hand" language="french"> </DL_ZONE>
			<DL_ZONE gedi_type="TextRegion" id="35" nextZoneID="36" col="711" row="549" width="26" height="26" contents="à" script="typed" language="french"> </DL_ZONE>
			<DL_ZONE gedi_type="TextRegion" id="36" nextZoneID="41" col="740" row="532" width="70" height="40" contents="12" script="hand" language="french"> </DL_ZONE>
			<DL_ZONE gedi_type="TextRegion" id="37" nextZoneID="58" col="900" row="548" width="593" height="33" contents="le véhicule désigné ci-dessous (joindre le certificat d’immatriculation) :" script="typed" language="french"> </DL_ZONE>
			<DL_ZONE gedi_type="TextRegion" id="38" nextZoneID="33" col="388" row="585" width="41" height="20" contents="Jour" script="typed" language="french"> </DL_ZONE>
			<DL_ZONE gedi_type="TextRegion" id="39" nextZoneID="34" col="482" row="584" width="44" height="21" contents="Mois" script="typed" language="french"> </DL_ZONE>
			<DL_ZONE gedi_type="TextRegion" id="40" nextZoneID="35" col="592" row="584" width="55" height="24" contents="Année" script="typed" language="french"> </DL_ZONE>
			<DL_ZONE gedi_type="TextRegion" id="41" nextZoneID="57" col="747" row="585" width="64" height="20" contents="Heures" script="typed" language="french"> </DL_ZONE>
			<DL_ZONE gedi_type="TextRegion" id="42" col="829" row="585" width="61" height="20" contents="Minutes" script="typed" language="french"> </DL_ZONE>
			<DL_ZONE gedi_type="GraphicRegion" id="43" col="317" row="353" width="892" height="18" function="form-field"> </DL_ZONE>
			<DL_ZONE gedi_type="GraphicRegion" id="44" col="1236" row="353" width="263" height="16" function="form-field"> </DL_ZONE>
			<DL_ZONE gedi_type="GraphicRegion" id="45" col="307" row="419" width="110" height="17" function="form-field"> </DL_ZONE>
			<DL_ZONE gedi_type="GraphicRegion" id="46" col="432" row="422" width="111" height="17" function="form-field"> </DL_ZONE>
			<DL_ZONE gedi_type="GraphicRegion" id="47" col="559" row="420" width="185" height="16" function="form-field"> </DL_ZONE>
			<DL_ZONE gedi_type="GraphicRegion" id="48" col="759" row="416" width="741" height="22" function="form-field"> </DL_ZONE>
			<DL_ZONE gedi_type="GraphicRegion" id="49" col="271" row="481" width="185" height="20" function="form-field"> </DL_ZONE>
			<DL_ZONE gedi_type="GraphicRegion" id="50" col="490" row="482" width="1010" height="19" function="form-field"> </DL_ZONE>
			<DL_ZONE gedi_type="TextRegion" id="57" nextZoneID="42" col="813" row="532" width="76" height="42" contents="00" script="hand" language="french"> </DL_ZONE>
			<DL_ZONE gedi_type="TextRegion" id="58" nextZoneID="61" col="161" row="624" width="387" height="52" contents="1583 2J 45" script="hand" language="french"> </DL_ZONE>
			<DL_ZONE gedi_type="TextRegion" id="59" nextZoneID="62" col="601" row="631" width="429" height="50" contents="VF1K48V0509600" script="hand" language="french"> </DL_ZONE>
			<DL_ZONE gedi_type="TextRegion" id="60" nextZoneID="65" col="1087" row="632" width="266" height="42" contents="CITROEN" script="hand" language="french"> </DL_ZONE>
			<DL_ZONE gedi_type="TextRegion" id="61" nextZoneID="59" col="237" row="680" width="208" height="18" contents="(A) N° D’IMMATRICULATION" script="typed" language="french"> </DL_ZONE>
			<DL_ZONE gedi_type="TextRegion" id="62" nextZoneID="60" col="657" row="683" width="302" height="18" contents="(E) N° D’IDENTIFICATION DU VÉHICULE" script="typed" language="french"> </DL_ZONE>
			<DL_ZONE gedi_type="GraphicRegion" id="63" col="376" row="542" width="320" height="29" function="form-field"> </DL_ZONE>
			<DL_ZONE gedi_type="GraphicRegion" id="64" col="740" row="542" width="147" height="32" function="form-field"> </DL_ZONE>
			<DL_ZONE gedi_type="TextRegion" id="65" nextZoneID="66" col="1230" row="678" width="114" height="20" contents="(D.1) MARQUE" script="typed" language="french"> </DL_ZONE>
			<DL_ZONE gedi_type="TextRegion" id="66" nextZoneID="67" col="217" row="699" width="315" height="44" contents="K48V05F" script="hand" language="french"> </DL_ZONE>
			<DL_ZONE gedi_type="TextRegion" id="67" nextZoneID="68" col="339" row="746" width="236" height="21" contents="(D.2) TYPE VARIANTE VERSION" script="typed" language="french"> </DL_ZONE>
			<DL_ZONE gedi_type="TextRegion" id="68" nextZoneID="69" col="884" row="701" width="101" height="39" contents="C4" script="hand" language="french"> </DL_ZONE>
			<DL_ZONE gedi_type="TextRegion" id="69" nextZoneID="70" col="837" row="744" width="278" height="24" contents="(D.3) DENOMINATION COMMERCIALE" script="typed" language="french"> </DL_ZONE>
			<DL_ZONE gedi_type="TextRegion" id="70" nextZoneID="71" polygon="(1295,731);(1295,710);(1328,700);(1341,695);(1348,684);(1378,685);(1383,694);(1383,718);(1368,727);(1370,737);(1331,740);(1324,746);(1310,744)" contents="VP" script="hand" language="french"> </DL_ZONE>
			<DL_ZONE gedi_type="TextRegion" id="71" col="1262" row="746" width="172" height="18" contents="(J.1) GENRE NATIONAL" script="typed" language="french"> </DL_ZONE>
			<DL_ZONE gedi_type="TextRegion" id="72" col="113" row="794" width="482" height="35" contents="Présence du certificat d’immatriculation * :" script="typed" language="french"> </DL_ZONE>
			<DL_ZONE gedi_type="TextRegion" id="73" col="684" row="796" width="46" height="25" contents="OUI" script="typed" language="french"> </DL_ZONE>
			<DL_ZONE gedi_type="TextRegion" id="74" col="820" row="797" width="57" height="23" contents="NON" script="typed" language="french"> </DL_ZONE>
			<DL_ZONE gedi_type="TextRegion" id="75" col="115" row="859" width="261" height="31" contents="Si oui, merci de préciser" script="typed" language="french"> </DL_ZONE>
			<DL_ZONE gedi_type="TextRegion" id="76" col="402" row="883" width="348" height="47" contents="(I) Date du certificat d’immatriculation&#10;(si ancien format d’immatriculation)" script="typed" language="french"> </DL_ZONE>
			<DL_ZONE gedi_type="TextRegion" id="77" col="784" row="864" width="32" height="19" contents="OU" script="typed" language="french"> </DL_ZONE>
			<DL_ZONE gedi_type="TextRegion" id="78" col="856" row="882" width="481" height="45" contents="Numéro de formule du certificat d’immatriculation **&#10;(si nouveau format d’immatriculation)" script="typed" language="french"> </DL_ZONE>
			<DL_ZONE gedi_type="GraphicRegion" id="79" col="121" row="623" width="440" height="54" function="form-field"> </DL_ZONE>
			<DL_ZONE gedi_type="GraphicRegion" id="80" col="593" row="644" width="437" height="33" function="form-field"> </DL_ZONE>
			<DL_ZONE gedi_type="GraphicRegion" id="81" col="1066" row="638" width="437" height="37" function="form-field"> </DL_ZONE>
			<DL_ZONE gedi_type="GraphicRegion" id="82" col="121" row="711" width="619" height="32" function="form-field"> </DL_ZONE>
			<DL_ZONE gedi_type="GraphicRegion" id="83" col="772" row="708" width="401" height="33" function="form-field"> </DL_ZONE>
			<DL_ZONE gedi_type="GraphicRegion" id="84" col="1206" row="708" width="292" height="35" function="form-field"> </DL_ZONE>
			<DL_ZONE gedi_type="GraphicRegion" id="85" col="652" row="797" width="24" height="25" function="form-field"> </DL_ZONE>
			<DL_ZONE gedi_type="LineDrawingRegion" id="86" polygon="(807,803);(823,786);(831,788);(813,811);(820,821);(813,831);(804,821);(787,833);(783,824);(794,813);(791,806);(801,799)"> </DL_ZONE>
			<DL_ZONE gedi_type="GraphicRegion" id="87" col="790" row="799" width="26" height="24" function="form-field"> </DL_ZONE>
			<DL_ZONE gedi_type="Group" id="88" col="773" row="776" width="114" height="67" elements="74;86;87"> </DL_ZONE>
			<DL_ZONE gedi_type="GraphicRegion" id="90" col="406" row="850" width="322" height="34" function="form-field"> </DL_ZONE>
			<DL_ZONE gedi_type="GraphicRegion" id="91" col="873" row="847" width="437" height="33" function="form-field"> </DL_ZONE>
			<DL_ZONE gedi_type="TextRegion" id="92" nextZoneID="93" col="115" row="965" width="347" height="31" contents="Si non, veuillez préciser le motif :" script="typed" language="french"> </DL_ZONE>
			<DL_ZONE gedi_type="TextRegion" id="93" polygon="(495,1018);(492,972);(518,956);(529,962);(568,963);(594,963);(598,939);(609,936);(620,966);(650,973);(658,992);(661,1000);(516,996);(514,1026);(491,1026)" contents="perdu" script="hand" language="french"> </DL_ZONE>
			<DL_ZONE gedi_type="TextRegion" id="94" col="118" row="1026" width="1391" height="30" contents="En cas d’achat du véhicule à un autre professionnel, veuillez joindre en plus la copie du récépissé de la précédente déclaration d’achat." script="typed" language="french"> </DL_ZONE>
			<DL_ZONE gedi_type="TextRegion" id="95" nextZoneID="96" col="114" row="1112" width="70" height="30" contents="Fait à" script="typed" language="french"> </DL_ZONE>
			<DL_ZONE gedi_type="TextRegion" id="96" nextZoneID="97" col="234" row="1095" width="228" height="54" contents="LUBINE" script="hand" language="french"> </DL_ZONE>
			<DL_ZONE gedi_type="TextRegion" id="97" nextZoneID="98" col="695" row="1115" width="48" height="30" contents=", le" script="typed" language="french"> </DL_ZONE>
			<DL_ZONE gedi_type="TextRegion" id="98" nextZoneID="102" col="756" row="1091" width="73" height="46" contents="02" script="hand" language="french"> </DL_ZONE>
			<DL_ZONE gedi_type="TextRegion" id="99" nextZoneID="103" col="843" row="1092" width="70" height="45" contents="04" script="hand" language="french"> </DL_ZONE>
			<DL_ZONE gedi_type="TextRegion" id="100" nextZoneID="104" col="927" row="1086" width="150" height="53" contents="2012" script="hand" language="french"> </DL_ZONE>
			<DL_ZONE gedi_type="TextRegion" id="101" col="1146" row="1118" width="327" height="30" contents="Cachet et signature de l’acquéreur" script="typed" language="french"> </DL_ZONE>
			<DL_ZONE gedi_type="TextRegion" id="102" nextZoneID="99" col="773" row="1142" width="43" height="19" contents="Jour" script="typed" language="french"> </DL_ZONE>
			<DL_ZONE gedi_type="TextRegion" id="103" nextZoneID="100" col="857" row="1141" width="42" height="20" contents="Mois" script="typed" language="french"> </DL_ZONE>
			<DL_ZONE gedi_type="TextRegion" id="104" col="977" row="1143" width="55" height="18" contents="Année" script="typed" language="french"> </DL_ZONE>
			<DL_ZONE gedi_type="TextRegion" id="105" col="114" row="1343" width="1393" height="67" contents="La loi n° 78-17 du 6 janvier 1978 relative à l’informatique, aux fichiers et aux libertés, garantit un droit d’accès et de rectification des données auprès d’une préfecture de son choix." script="typed" language="french"> </DL_ZONE>
			<DL_ZONE gedi_type="GraphicRegion" id="109" col="466" row="982" width="1026" height="14" function="underlined-field"> </DL_ZONE>
			<DL_ZONE gedi_type="GraphicRegion" id="110" col="184" row="1135" width="507" height="11" function="underlined-field"> </DL_ZONE>
			<DL_ZONE gedi_type="GraphicRegion" id="111" function="signature" polygon="(1158,1262);(1118,1231);(1184,1228);(1184,1184);(1197,1181);(1198,1152);(1245,1109);(1248,1124);(1248,1214);(1281,1214);(1300,1219);(1303,1227);(1304,1234);(1290,1240);(1248,1231);(1278,1300);(1257,1301);(1232,1232);(1215,1232);(1237,1295);(1228,1300);(1209,1303);(1171,1278)"> </DL_ZONE>
			<DL_ZONE gedi_type="GraphicRegion" id="112" col="1113" row="1111" width="387" height="195" function="other"> </DL_ZONE>
			<DL_ZONE gedi_type="TextRegion" id="113" col="153" row="1446" width="1266" height="33" contents="Je m’oppose à la réutilisation de mes données personnelles à des fins de prospection commerciale" script="typed" language="french"> </DL_ZONE>
			<DL_ZONE gedi_type="LineDrawingRegion" id="115" polygon="(1447,1450);(1467,1421);(1476,1424);(1473,1441);(1454,1464);(1467,1473);(1457,1480);(1444,1470);(1439,1476);(1436,1467);(1436,1459);(1434,1440)"> </DL_ZONE>
			<DL_ZONE gedi_type="GraphicRegion" id="116" col="1427" row="1442" width="33" height="32" function="form-field"> </DL_ZONE>
			<DL_ZONE gedi_type="Group" id="117" col="143" row="1411" width="1343" height="79" elements="113;115;116"> </DL_ZONE>
			<DL_ZONE gedi_type="GraphicRegion" id="118" function="other" polygon="(114,1456);(118,1440);(136,1427);(1486,1429);(1503,1443);(1504,1469);(1499,1483);(1482,1490);(136,1493);(120,1479)"> </DL_ZONE>
			<DL_ZONE gedi_type="TextRegion" id="119" col="449" row="1517" width="720" height="36" contents="CERTIFICAT DE VENTE (à remplir par l’ancien propriétaire)" script="typed" language="french"> </DL_ZONE>
			<DL_ZONE gedi_type="TextRegion" id="120" nextZoneID="121" col="130" row="1577" width="182" height="32" contents="Je soussigné(e)," script="typed" language="french"> </DL_ZONE>
			<DL_ZONE gedi_type="TextRegion" id="121" col="325" row="1553" width="506" height="53" contents="BUIZARD JEAN" script="hand" language="french"> </DL_ZONE>
			<DL_ZONE gedi_type="TextRegion" id="122" col="315" row="1606" width="630" height="23" contents="NOM DE NAISSANCE, NOM D’USAGE le cas échéant et PRÉNOM ou RAISON SOCIALE" script="typed" language="french"> </DL_ZONE>
			<DL_ZONE gedi_type="TextRegion" id="123" col="1221" row="1608" width="186" height="18" contents="N° SIREN, le cas échéant" script="typed" language="french"> </DL_ZONE>
			<DL_ZONE gedi_type="TextRegion" id="124" nextZoneID="127" col="128" row="1658" width="129" height="30" contents="domicilié à :" script="typed" language="french"> </DL_ZONE>
			<DL_ZONE gedi_type="TextRegion" id="125" nextZoneID="128" col="264" row="1685" width="98" height="21" contents="N° de la voie" script="typed" language="french"> </DL_ZONE>
			<DL_ZONE gedi_type="TextRegion" id="126" nextZoneID="129" col="396" row="1683" width="125" height="22" contents="Extension (bis, ter, .)" script="typed" language="french"> </DL_ZONE>
			<DL_ZONE gedi_type="TextRegion" id="127" nextZoneID="125" col="276" row="1637" width="83" height="44" contents="12" script="hand" language="french"> </DL_ZONE>
			<DL_ZONE gedi_type="TextRegion" id="128" nextZoneID="126" col="415" row="1632" width="86" height="50" contents="bis" script="hand" language="french"> </DL_ZONE>
			<DL_ZONE gedi_type="TextRegion" id="129" nextZoneID="135" col="539" row="1639" width="189" height="44" contents="AVENUE" script="hand" language="french"> </DL_ZONE>
			<DL_ZONE gedi_type="TextRegion" id="130" nextZoneID="136" col="761" row="1635" width="308" height="48" contents="D'ANTIBES" script="hand" language="french"> </DL_ZONE>
			<DL_ZONE gedi_type="TextRegion" id="131" nextZoneID="134" col="274" row="1710" width="175" height="48" contents="45200" script="hand" language="french"> </DL_ZONE>
			<DL_ZONE gedi_type="TextRegion" id="132" nextZoneID="133" col="502" row="1711" width="339" height="44" contents="MONTARGIS" script="hand" language="french"> </DL_ZONE>
			<DL_ZONE gedi_type="TextRegion" id="133" col="482" row="1756" width="89" height="22" contents="Commune" script="typed" language="french"> </DL_ZONE>
			<DL_ZONE gedi_type="TextRegion" id="134" nextZoneID="132" col="262" row="1756" width="91" height="23" contents="Code postal" script="typed" language="french"> </DL_ZONE>
			<DL_ZONE gedi_type="TextRegion" id="135" nextZoneID="130" col="534" row="1685" width="194" height="24" contents="Type de voie (avenue, etc.)" script="typed" language="french"> </DL_ZONE>
			<DL_ZONE gedi_type="TextRegion" id="136" nextZoneID="131" col="746" row="1685" width="103" height="20" contents="Nom de la voie" script="typed" language="french"> </DL_ZONE>
			<DL_ZONE gedi_type="GraphicRegion" id="138" col="266" row="1665" width="111" height="16" function="form-field"> </DL_ZONE>
			<DL_ZONE gedi_type="GraphicRegion" id="139" col="399" row="1665" width="112" height="17" function="form-field"> </DL_ZONE>
			<DL_ZONE gedi_type="GraphicRegion" id="140" col="533" row="1662" width="187" height="21" function="form-field"> </DL_ZONE>
			<DL_ZONE gedi_type="GraphicRegion" id="141" col="742" row="1662" width="743" height="21" function="form-field"> </DL_ZONE>
			<DL_ZONE gedi_type="GraphicRegion" id="142" col="316" row="1583" width="895" height="19" function="form-field"> </DL_ZONE>
			<DL_ZONE gedi_type="GraphicRegion" id="143" col="1222" row="1585" width="263" height="16" function="form-field"> </DL_ZONE>
			<DL_ZONE gedi_type="GraphicRegion" id="144" col="265" row="1736" width="184" height="19" function="form-field"> </DL_ZONE>
			<DL_ZONE gedi_type="GraphicRegion" id="145" col="484" row="1734" width="1006" height="21" function="form-field"> </DL_ZONE>
			<DL_ZONE gedi_type="TextRegion" id="146" nextZoneID="147" col="127" row="1809" width="830" height="61" contents="certifie avoir vendu le véhicule désigné ci-dessus au professionnel susnommé le&#10;n’a pas subi de transformation notable." script="typed" language="french"> </DL_ZONE>
			<DL_ZONE gedi_type="TextRegion" id="147" nextZoneID="151" col="966" row="1787" width="72" height="50" contents="02" script="hand" language="french"> </DL_ZONE>
			<DL_ZONE gedi_type="TextRegion" id="148" nextZoneID="152" col="1046" row="1789" width="76" height="45" contents="04" script="hand" language="french"> </DL_ZONE>
			<DL_ZONE gedi_type="TextRegion" id="149" nextZoneID="153" col="1139" row="1794" width="156" height="46" contents="2012" script="hand" language="french"> </DL_ZONE>
			<DL_ZONE gedi_type="TextRegion" id="150" nextZoneID="154" col="1297" row="1811" width="195" height="31" contents="et que ce véhicule" script="typed" language="french"> </DL_ZONE>
			<DL_ZONE gedi_type="TextRegion" id="151" nextZoneID="148" col="983" row="1835" width="43" height="19" contents="Jour" script="typed" language="french"> </DL_ZONE>
			<DL_ZONE gedi_type="TextRegion" id="152" nextZoneID="149" col="1069" row="1837" width="39" height="17" contents="Mois" script="typed" language="french"> </DL_ZONE>
			<DL_ZONE gedi_type="TextRegion" id="153" nextZoneID="150" col="1188" row="1834" width="56" height="23" contents="Année" script="typed" language="french"> </DL_ZONE>
			<DL_ZONE gedi_type="TextRegion" id="154" nextZoneID="155" col="126" row="1907" width="64" height="28" contents="Fait à" script="typed" language="french"> </DL_ZONE>
			<DL_ZONE gedi_type="TextRegion" id="155" nextZoneID="156" col="209" row="1874" width="217" height="67" contents="LUBINE" script="hand" language="french"> </DL_ZONE>
			<DL_ZONE gedi_type="TextRegion" id="156" nextZoneID="157" col="508" row="1903" width="40" height="34" contents=", le" script="typed" language="french"> </DL_ZONE>
			<DL_ZONE gedi_type="TextRegion" id="157" nextZoneID="160" col="569" row="1885" width="68" height="41" contents="02" script="hand" language="french"> </DL_ZONE>
			<DL_ZONE gedi_type="TextRegion" id="158" nextZoneID="161" col="649" row="1882" width="75" height="43" contents="04" script="hand" language="french"> </DL_ZONE>
			<DL_ZONE gedi_type="TextRegion" id="159" nextZoneID="162" col="740" row="1880" width="143" height="50" contents="2012" script="hand" language="french"> </DL_ZONE>
			<DL_ZONE gedi_type="TextRegion" id="160" nextZoneID="158" col="581" row="1933" width="40" height="18" contents="Jour" script="typed" language="french"> </DL_ZONE>
			<DL_ZONE gedi_type="TextRegion" id="161" nextZoneID="159" col="670" row="1930" width="40" height="20" contents="Mois" script="typed" language="french"> </DL_ZONE>
			<DL_ZONE gedi_type="TextRegion" id="162" col="787" row="1933" width="52" height="20" contents="Année" script="typed" language="french"> </DL_ZONE>
			<DL_ZONE gedi_type="TextRegion" id="163" col="1088" row="1898" width="226" height="69" contents="Signature du vendeur&#10;Pour les sociétés, nom et qualité&#10;du signataire et cachet" script="typed" language="french"> </DL_ZONE>
			<DL_ZONE gedi_type="GraphicRegion" id="164" col="963" row="1802" width="330" height="33" function="form-field"> </DL_ZONE>
			<DL_ZONE gedi_type="GraphicRegion" id="165" col="195" row="1923" width="307" height="12" function="underlined-field"> </DL_ZONE>
			<DL_ZONE gedi_type="GraphicRegion" id="166" function="signature" polygon="(969,2129);(1028,2084);(1071,2070);(1101,2061);(1136,2064);(1145,2069);(1152,2069);(1181,2056);(1159,1977);(1158,1928);(1171,1937);(1198,2039);(1212,2054);(1211,2070);(1219,2100);(1207,2110);(1198,2083);(1178,2097);(1172,2126);(1165,2139);(1136,2133);(1124,2114);(1032,2157);(1020,2155);(1068,2119);(973,2152);(957,2147)"> </DL_ZONE>
			<DL_ZONE gedi_type="TextRegion" id="167" col="113" row="2179" width="336" height="30" contents="* Veuillez cocher la case correspondante." script="typed" language="french"> </DL_ZONE>
			<DL_ZONE gedi_type="TextRegion" id="168" col="608" row="2179" width="904" height="33" contents="** Ce numéro figure sur la 1ère page du certificat d’immatriculation sous la mention «Certificat d’immatriculation»." script="typed" language="french"> </DL_ZONE>
			<DL_ZONE gedi_type="GraphicRegion" id="170" col="111" row="1502" width="1391" height="663" function="other"> </DL_ZONE>
			<DL_ZONE gedi_type="NoiseRegion" id="171" polygon="(601,227);(601,221);(1012,223);(1012,234);(604,236)"> </DL_ZONE>
			<DL_ZONE gedi_type="NoiseRegion" id="172" polygon="(1341,236);(1343,223);(1628,221);(1628,234)"> </DL_ZONE>
			<DL_ZONE gedi_type="NoiseRegion" id="173" polygon="(65,236);(67,224);(256,221);(264,226);(264,233)"> </DL_ZONE>
			<DL_ZONE gedi_type="NoiseRegion" id="174" col="1636" row="574" width="10" height="18"> </DL_ZONE>
			<DL_ZONE gedi_type="NoiseRegion" id="175" col="1643" row="190" width="8" height="20"> </DL_ZONE>
			<DL_ZONE gedi_type="NoiseRegion" id="176" col="1636" row="1704" width="15" height="90"> </DL_ZONE>
			<DL_ZONE gedi_type="NoiseRegion" id="177" polygon="(1360,2041);(1356,2027);(1407,1930);(1470,1907);(1503,1885);(1499,1988);(1453,2044);(1397,2079)"> </DL_ZONE>
			<DL_ZONE gedi_type="GraphicRegion" id="178" col="561" row="1894" width="324" height="36" function="form-field"> </DL_ZONE>
		</DL_PAGE>
	</DL_DOCUMENT>
</GEDI>