<?xml version="1.0" encoding="UTF-8"?>
<!--GEDI was developed at Language and Media Processing Laboratory, University of Maryland.-->

<GEDI xmlns="http://lamp.cfar.umd.edu/media/projects/GEDI/" GEDI_version="2.3.19" GEDI_date="12/23/2011">
	<USER name="Laure" date="5/4/2012 16:45" dateFormat="mm/dd/yyyy hh:mm">	</USER>
	<USER name="MDR-P1" date="10/25/2012 22:58" dateFormat="mm/dd/yyyy hh:mm">	</USER>
	<USER name="Manuela" date="4/23/2012 11:30" dateFormat="mm/dd/yyyy hh:mm">	</USER>
	<USER name="Mdr-P5" date="5/28/2013 12:22" dateFormat="mm/dd/yyyy hh:mm">	</USER>
	<DL_DOCUMENT src="ATUWJN.tif" docTag="xml" NrOfPages="1">
		<DL_PAGE gedi_type="DL_PAGE" src="ATUWJN.tif" pageID="1" width="1700" height="2338" Language_2="" Language_4="" Receiver_Name="" Language_3="" Receiver_Address="" Sender_Company="" Receiver_Fax="" Document_Location="" Receiver_Phone="" Sender_Fax="" Language_1="french" Category="C1" Document_Date="19/04/2012" Document_Object="DEMANDE D'ADHÉSION" NumPage="1" Receiver_Company="ASS CATF" Sender_Phone="+33(0)3.54.26.28.90" Sender_Address="23 CHEMIN SENGEAUX 88600 FONTENAT" Script_1="typed" Script_2="hand" Sender_Name="Georges DOS SANTOS">
			<DL_ZONE gedi_type="TextRegion" id="1" col="151" row="206" width="239" height="136" contents="CHÈQUE&#10;EMPLOI" script="typed" language="french"> </DL_ZONE>
			<DL_ZONE gedi_type="TextRegion" id="2" polygon="(1142,407);(1188,364);(1436,361);(1441,328);(1348,264);(1249,213);(1077,209);(674,215);(555,251);(474,314);(473,368);(753,369);(755,406)" contents="DEMANDE D'ADHÉSION&#10;À déposer auprès de la banque de votre association&#10;Encore plus simple : réalisez toutes vos déclarations sur Internet&#10;www.cea.urssaf.fr" script="typed" function_2="object" function_1="title" language="french"> </DL_ZONE>
			<DL_ZONE gedi_type="TextRegion" id="3" col="1398" row="388" width="102" height="23" contents="volet 1/3" script="typed" language="french"> </DL_ZONE>
			<DL_ZONE gedi_type="TextRegion" id="4" col="149" row="464" width="365" height="41" contents="L'association employeur" script="typed" language="french"> </DL_ZONE>
			<DL_ZONE gedi_type="TextRegion" id="5" nextZoneID="6" col="170" row="516" width="91" height="29" contents="N° SIRET" script="typed" language="french"> </DL_ZONE>
			<DL_ZONE gedi_type="TextRegion" id="6" col="268" row="504" width="482" height="50" contents="12382114522344" script="hand" function_1="reference" language="french"> </DL_ZONE>
			<DL_ZONE gedi_type="TextRegion" id="7" col="860" row="497" width="165" height="48" contents="78142" script="hand" language="french"> </DL_ZONE>
			<DL_ZONE gedi_type="TextRegion" id="8" nextZoneID="7" col="803" row="519" width="47" height="26" contents="NAF" script="typed" language="french"> </DL_ZONE>
			<DL_ZONE gedi_type="TextRegion" id="9" col="166" row="552" width="1325" height="60" contents="* Si l'association ne dispose pas de n° Siret, remplissez la déclaration sur www.cfe.urssaf.fr ou contactez votre Urssaf ou le centre national CEA qui&#10;se chargera des formalités d'attribution." script="typed" language="french"> </DL_ZONE>
			<DL_ZONE gedi_type="TextRegion" id="10" nextZoneID="11" col="172" row="622" width="418" height="37" contents="Convention collective (en toutes lettres)" script="typed" language="french"> </DL_ZONE>
			<DL_ZONE gedi_type="TextRegion" id="11" col="607" row="607" width="193" height="48" contents="SYNTEC" script="hand" language="french"> </DL_ZONE>
			<DL_ZONE gedi_type="TextRegion" id="12" nextZoneID="13" col="172" row="667" width="308" height="35" contents="Horaire collectif mensuel" script="typed" language="french"> </DL_ZONE>
			<DL_ZONE gedi_type="TextRegion" id="13" nextZoneID="14" col="490" row="664" width="95" height="41" contents="140" script="hand" language="french"> </DL_ZONE>
			<DL_ZONE gedi_type="TextRegion" id="14" col="591" row="671" width="23" height="32" contents="h" script="typed" language="french"> </DL_ZONE>
			<DL_ZONE gedi_type="TextRegion" id="15" col="681" row="672" width="43" height="28" contents="min" script="typed" language="french"> </DL_ZONE>
			<DL_ZONE gedi_type="TextRegion" id="16" col="168" row="710" width="1318" height="29" contents="(Nombre d'heures de travail à temps complet dans votre association. La durée légale de travail est à ce jour de 151 h 67, soit 151 h 40 min ou 35 h par semaine)" script="typed" language="french"> </DL_ZONE>
			<DL_ZONE gedi_type="TextRegion" id="17" col="153" row="2102" width="1328" height="105" contents="Merci de joindre un RIB ou un RICE&#10;(1) Pour l'obtenir, contacter votre Urssaf ou le centre national Chèque Emploi Associatif&#10;Les informations contenues dans la présente autorisation ne seront utilisées que pour les seules nécessités de la gestion et pourront donner lieu à l'exercice du droit individuel d'accès&#10;auprès du créancier ci-dessus, dans les conditions prévues par la délibération n°80-010 du 01/04/80 de la commission nationale et des libertés." script="typed" language="french"> </DL_ZONE>
			<DL_ZONE gedi_type="TextRegion" id="18" col="1512" row="2025" width="33" height="153" rotation="-90" contents="02/2011 DA-CEA-FE" script="typed" language="french"> </DL_ZONE>
			<DL_ZONE gedi_type="TextRegion" id="19" nextZoneID="29" col="418" row="2006" width="480" height="24" contents="identifiant international de compte bancaire (IBAN)" script="typed" language="french"> </DL_ZONE>
			<DL_ZONE gedi_type="TextRegion" id="20" col="710" row="1975" width="236" height="32" contents="COMPTE A DEBITER" script="typed" language="french"> </DL_ZONE>
			<DL_ZONE gedi_type="TextRegion" id="21" nextZoneID="22" col="1135" row="2002" width="320" height="43" contents="identifiant international&#10;de l'établissement bancaire (BIC)" script="typed" language="french"> </DL_ZONE>
			<DL_ZONE gedi_type="TextRegion" id="22" col="1179" row="2048" width="235" height="39" contents="36711233415" script="hand" language="french"> </DL_ZONE>
			<DL_ZONE gedi_type="TextRegion" id="23" col="1011" row="2049" width="66" height="40" contents="555" script="hand" language="french"> </DL_ZONE>
			<DL_ZONE gedi_type="TextRegion" id="24" nextZoneID="23" col="868" row="2047" width="87" height="40" contents="7891" script="hand" language="french"> </DL_ZONE>
			<DL_ZONE gedi_type="TextRegion" id="25" nextZoneID="24" col="734" row="2047" width="90" height="42" contents="3216" script="hand" language="french"> </DL_ZONE>
			<DL_ZONE gedi_type="TextRegion" id="26" nextZoneID="25" col="600" row="2051" width="89" height="37" contents="2847" script="hand" language="french"> </DL_ZONE>
			<DL_ZONE gedi_type="TextRegion" id="27" nextZoneID="26" col="466" row="2051" width="93" height="39" contents="0792" script="hand" language="french"> </DL_ZONE>
			<DL_ZONE gedi_type="TextRegion" id="28" nextZoneID="27" col="330" row="2053" width="88" height="39" contents="4451" script="hand" language="french"> </DL_ZONE>
			<DL_ZONE gedi_type="TextRegion" id="29" nextZoneID="28" col="198" row="2054" width="92" height="38" contents="0012" script="hand" language="french"> </DL_ZONE>
			<DL_ZONE gedi_type="TextRegion" id="30" col="172" row="1844" width="629" height="129" contents="BNC&#10;3 rue du Général de ¤{GAULE/GAULLE}¤&#10;70400 COUTHENANS" script="hand" language="french"> </DL_ZONE>
			<DL_ZONE gedi_type="TextRegion" id="31" col="841" row="1884" width="199" height="54" contents="19/04/2012" script="hand" function_1="date" language="french"> </DL_ZONE>
			<DL_ZONE gedi_type="TextRegion" id="32" nextZoneID="33" col="1102" row="1834" width="136" height="34" contents="Signature :" script="typed" language="french"> </DL_ZONE>
			<DL_ZONE gedi_type="TextRegion" id="33" col="1183" row="1870" width="139" height="83" contents="GDS" script="hand" language="french"> </DL_ZONE>
			<DL_ZONE gedi_type="TextRegion" id="34" nextZoneID="31" col="856" row="1837" width="81" height="31" contents="Date" script="typed" language="french"> </DL_ZONE>
			<DL_ZONE gedi_type="TextRegion" id="35" col="189" row="1666" width="490" height="84" contents="COMITE DES FETES&#10;DE COUTHENANS" script="hand" language="french"> </DL_ZONE>
			<DL_ZONE gedi_type="TextRegion" id="36" nextZoneID="35" col="316" row="1634" width="384" height="31" contents="NOM ET ADRESSE DU DEBITEUR" script="typed" language="french"> </DL_ZONE>
			<DL_ZONE gedi_type="TextRegion" id="37" nextZoneID="30" col="223" row="1783" width="566" height="55" contents="NOM ET ADRESSE DE L'ETABLISSEMENT TENEUR&#10;DU COMPTE A DEBITER" script="typed" language="french"> </DL_ZONE>
			<DL_ZONE gedi_type="TextRegion" id="38" nextZoneID="39" col="863" row="1722" width="107" height="29" contents="Urssaf de" script="typed" language="french"> </DL_ZONE>
			<DL_ZONE gedi_type="TextRegion" id="39" nextZoneID="40" col="1003" row="1717" width="201" height="38" contents="FONTENAY" script="typed" language="french"> </DL_ZONE>
			<DL_ZONE gedi_type="TextRegion" id="40" col="863" row="1747" width="609" height="78" contents="44 rue de Pierre et Marie CURIE&#10;92000 FONTENAY" script="hand" language="french"> </DL_ZONE>
			<DL_ZONE gedi_type="TextRegion" id="41" col="973" row="1691" width="404" height="26" contents="NOM ET ADRESSE DU CREANCIER" script="typed" language="french"> </DL_ZONE>
			<DL_ZONE gedi_type="TextRegion" id="42" col="1488" row="1627" width="24" height="26" contents="(1)" script="typed" language="french"> </DL_ZONE>
			<DL_ZONE gedi_type="TextRegion" id="43" col="1213" row="1636" width="197" height="41" contents="148322" script="hand" language="french"> </DL_ZONE>
			<DL_ZONE gedi_type="TextRegion" id="44" col="605" row="1529" width="448" height="35" contents="Autorisation de prélèvement" script="typed" language="french"> </DL_ZONE>
			<DL_ZONE gedi_type="TextRegion" id="45" col="172" row="1570" width="1314" height="54" contents="J'autorise l'établissement teneur de mon compte à prélever sur ce dernier, si sa situation le permet, tous les prélèvements ordonnés par l'Urssaf. En cas de litige sur un&#10;prélèvement, je pourrai en faire suspendre l'exécution par simple demande à l'établissement teneur de mon compte. Je réglerai le différent directement avec l'Urssaf." script="typed" language="french"> </DL_ZONE>
			<DL_ZONE gedi_type="TextRegion" id="46" col="203" row="1453" width="1264" height="31" contents="Je souhaite commander un carnet de volets sociaux et payer mes salariés avec les moyens de paiement de mon association (virement, chèque, espèces)." script="typed" language="french"> </DL_ZONE>
			<DL_ZONE gedi_type="TextRegion" id="47" col="574" row="1405" width="516" height="36" contents="Choix du carnet de volets sociaux" script="typed" language="french"> </DL_ZONE>
			<DL_ZONE gedi_type="TextRegion" id="48" col="199" row="1491" width="840" height="30" contents="Je souhaite commander un carnet de volets sociaux avec titres de paiement pour payer mes salariés." script="typed" language="french"> </DL_ZONE>
			<DL_ZONE gedi_type="TextRegion" id="49" nextZoneID="50" col="182" row="774" width="332" height="27" contents="Dénomination (en toutes lettres)" script="typed" language="french"> </DL_ZONE>
			<DL_ZONE gedi_type="TextRegion" id="50" col="192" row="799" width="432" height="56" contents="COMITE DES FÊTES DE&#10;COUTHENANS" script="hand" language="french"> </DL_ZONE>
			<DL_ZONE gedi_type="TextRegion" id="51" nextZoneID="52" col="184" row="877" width="557" height="31" contents="Adresse complète (figurant dans les statuts de l'association)" script="typed" language="french"> </DL_ZONE>
			<DL_ZONE gedi_type="TextRegion" id="52" col="184" row="922" width="287" height="34" contents="1 rue des Ecoles" script="hand" language="french"> </DL_ZONE>
			<DL_ZONE gedi_type="TextRegion" id="53" nextZoneID="54" col="184" row="1010" width="134" height="29" contents="Code postal" script="typed" language="french"> </DL_ZONE>
			<DL_ZONE gedi_type="TextRegion" id="54" col="332" row="1004" width="170" height="43" contents="70400" script="hand" language="french"> </DL_ZONE>
			<DL_ZONE gedi_type="TextRegion" id="55" col="180" row="1063" width="55" height="28" contents="Ville" script="typed" language="french"> </DL_ZONE>
			<DL_ZONE gedi_type="TextRegion" id="56" col="237" row="1058" width="256" height="38" contents="COUTHENANS" script="hand" language="french"> </DL_ZONE>
			<DL_ZONE gedi_type="TextRegion" id="57" col="803" row="753" width="153" height="31" contents="Agrément Sport" script="typed" language="french"> </DL_ZONE>
			<DL_ZONE gedi_type="TextRegion" id="58" col="841" row="801" width="55" height="24" contents="Date" script="typed" language="french"> </DL_ZONE>
			<DL_ZONE gedi_type="TextRegion" id="59" col="806" row="829" width="403" height="29" contents="Agrément Jeunesse - éducation populaire" script="typed" language="french"> </DL_ZONE>
			<DL_ZONE gedi_type="TextRegion" id="60" nextZoneID="61" col="842" row="875" width="54" height="20" contents="Date" script="typed" language="french"> </DL_ZONE>
			<DL_ZONE gedi_type="TextRegion" id="61" col="910" row="860" width="198" height="39" contents="030610" script="hand" language="french"> </DL_ZONE>
			<DL_ZONE gedi_type="TextRegion" id="62" col="803" row="899" width="613" height="64" contents="Déclaration Accueils collectifs de mineurs à caractère éducatif&#10;(ex Centres de loisirs)" script="typed" language="french"> </DL_ZONE>
			<DL_ZONE gedi_type="TextRegion" id="63" col="843" row="980" width="55" height="23" contents="Date" script="typed" language="french"> </DL_ZONE>
			<DL_ZONE gedi_type="TextRegion" id="64" col="803" row="1008" width="427" height="32" contents="Affiliation à une fédération sportive agréée" script="typed" language="french"> </DL_ZONE>
			<DL_ZONE gedi_type="TextRegion" id="65" col="839" row="1059" width="60" height="19" contents="Date" script="typed" language="french"> </DL_ZONE>
			<DL_ZONE gedi_type="TextRegion" id="66" col="803" row="1082" width="482" height="28" contents="Association d'étudiants à caractère pédagogique" script="typed" language="french"> </DL_ZONE>
			<DL_ZONE gedi_type="TextRegion" id="67" col="801" row="1110" width="157" height="27" contents="Sans agrément" script="typed" language="french"> </DL_ZONE>
			<DL_ZONE gedi_type="TextRegion" id="68" col="137" row="1154" width="799" height="34" contents="Personne à contacter et adresse de correspondance" script="typed" language="french"> </DL_ZONE>
			<DL_ZONE gedi_type="TextRegion" id="69" nextZoneID="70" col="171" row="1200" width="56" height="23" contents="Nom" script="typed" language="french"> </DL_ZONE>
			<DL_ZONE gedi_type="TextRegion" id="70" col="228" row="1190" width="229" height="37" contents="DOS SANTOS" script="hand" language="french"> </DL_ZONE>
			<DL_ZONE gedi_type="TextRegion" id="71" col="295" row="1230" width="298" height="41" contents="03 59 26 28 90" script="hand" language="french"> </DL_ZONE>
			<DL_ZONE gedi_type="TextRegion" id="72" nextZoneID="71" col="170" row="1238" width="122" height="31" contents="Téléphone" script="typed" language="french"> </DL_ZONE>
			<DL_ZONE gedi_type="TextRegion" id="73" nextZoneID="84" col="173" row="1285" width="831" height="25" contents="Adresse (si différente de l'adresse ci-dessus, par exemple celle du président, trésorier...)" script="typed" language="french"> </DL_ZONE>
			<DL_ZONE gedi_type="TextRegion" id="74" nextZoneID="75" col="614" row="1237" width="77" height="29" contents="E-mail" script="typed" language="french"> </DL_ZONE>
			<DL_ZONE gedi_type="TextRegion" id="75" col="702" row="1222" width="364" height="61" contents="dossantos@laville.fr" script="hand" language="french"> </DL_ZONE>
			<DL_ZONE gedi_type="TextRegion" id="76" col="1070" row="1240" width="44" height="25" contents="Fax" script="typed" language="french"> </DL_ZONE>
			<DL_ZONE gedi_type="TextRegion" id="77" col="1070" row="1195" width="84" height="30" contents="Qualité" script="typed" language="french"> </DL_ZONE>
			<DL_ZONE gedi_type="TextRegion" id="78" nextZoneID="79" col="614" row="1194" width="89" height="27" contents="Prénom" script="typed" language="french"> </DL_ZONE>
			<DL_ZONE gedi_type="TextRegion" id="79" col="729" row="1189" width="196" height="29" contents="GEORGES" script="hand" language="french"> </DL_ZONE>
			<DL_ZONE gedi_type="TextRegion" id="80" nextZoneID="81" col="614" row="1366" width="53" height="31" contents="Ville" script="typed" language="french"> </DL_ZONE>
			<DL_ZONE gedi_type="TextRegion" id="81" col="686" row="1359" width="219" height="48" contents="FONTENAY" script="hand" language="french"> </DL_ZONE>
			<DL_ZONE gedi_type="TextRegion" id="82" nextZoneID="83" col="172" row="1369" width="137" height="31" contents="Code postal" script="typed" language="french"> </DL_ZONE>
			<DL_ZONE gedi_type="TextRegion" id="83" col="321" row="1361" width="169" height="36" contents="88600" script="hand" language="french"> </DL_ZONE>
			<DL_ZONE gedi_type="TextRegion" id="84" col="177" row="1318" width="585" height="43" contents="23 CHEMIN SENGEAUX" script="hand" language="french"> </DL_ZONE>
			<DL_ZONE gedi_type="TextRegion" id="85" col="142" row="347" width="250" height="60" contents="ass catf" script="typed" language="french"> </DL_ZONE>
			<DL_ZONE gedi_type="TextRegion" id="86" col="168" row="416" width="196" height="21" contents="N° Vert 0 800 1901 00" script="typed" language="french"> </DL_ZONE>
			<DL_ZONE gedi_type="GraphicRegion" id="88" col="406" row="208" width="1097" height="202" function="other"> </DL_ZONE>
			<DL_ZONE gedi_type="GraphicRegion" id="89" col="144" row="417" width="21" height="16" function="drawing"> </DL_ZONE>
			<DL_ZONE gedi_type="GraphicRegion" id="90" col="144" row="414" width="247" height="25" function="other"> </DL_ZONE>
			<DL_ZONE gedi_type="GraphicRegion" id="94" col="130" row="202" width="269" height="208" function="logo"> </DL_ZONE>
			<DL_ZONE gedi_type="TextRegion" id="97" nextZoneID="43" col="864" row="1637" width="322" height="30" contents="N° NATIONAL D'EMETTEUR" script="typed" language="french"> </DL_ZONE>
			<DL_ZONE gedi_type="GraphicRegion" id="127" col="849" row="508" width="188" height="37" function="form-field"> </DL_ZONE>
			<DL_ZONE gedi_type="GraphicRegion" id="128" col="260" row="505" width="510" height="43" function="form-field"> </DL_ZONE>
			<DL_ZONE gedi_type="GraphicRegion" id="129" col="593" row="634" width="863" height="20" function="underlined-field"> </DL_ZONE>
			<DL_ZONE gedi_type="GraphicRegion" id="130" col="614" row="664" width="63" height="42" function="form-field"> </DL_ZONE>
			<DL_ZONE gedi_type="GraphicRegion" id="131" col="478" row="664" width="115" height="41" function="form-field"> </DL_ZONE>
			<DL_ZONE gedi_type="GraphicRegion" id="132" col="774" row="760" width="18" height="13" function="form-field"> </DL_ZONE>
			<DL_ZONE gedi_type="GraphicRegion" id="133" col="776" row="830" width="16" height="18" function="form-field"> </DL_ZONE>
			<DL_ZONE gedi_type="GraphicRegion" id="134" col="773" row="906" width="19" height="15" function="form-field"> </DL_ZONE>
			<DL_ZONE gedi_type="GraphicRegion" id="135" col="773" row="1014" width="16" height="16" function="form-field"> </DL_ZONE>
			<DL_ZONE gedi_type="GraphicRegion" id="136" col="901" row="964" width="220" height="42" function="form-field"> </DL_ZONE>
			<DL_ZONE gedi_type="GraphicRegion" id="137" col="901" row="858" width="221" height="39" function="form-field"> </DL_ZONE>
			<DL_ZONE gedi_type="GraphicRegion" id="138" col="901" row="782" width="223" height="43" function="form-field"> </DL_ZONE>
			<DL_ZONE gedi_type="GraphicRegion" id="139" col="901" row="1038" width="219" height="43" function="form-field"> </DL_ZONE>
			<DL_ZONE gedi_type="GraphicRegion" id="140" col="774" row="1088" width="18" height="14" function="form-field"> </DL_ZONE>
			<DL_ZONE gedi_type="GraphicRegion" id="141" col="774" row="1114" width="15" height="15" function="form-field"> </DL_ZONE>
			<DL_ZONE gedi_type="LineDrawingRegion" id="142" col="769" row="832" width="25" height="20"> </DL_ZONE>
			<DL_ZONE gedi_type="Group" id="143" col="759" row="819" width="460" height="49" elements="59;133;142"> </DL_ZONE>
			<DL_ZONE gedi_type="GraphicRegion" id="144" col="186" row="813" width="528" height="13" function="underlined-field"> </DL_ZONE>
			<DL_ZONE gedi_type="GraphicRegion" id="145" col="518" row="785" width="196" height="16" function="underlined-field"> </DL_ZONE>
			<DL_ZONE gedi_type="GraphicRegion" id="146" col="192" row="838" width="521" height="16" function="underlined-field"> </DL_ZONE>
			<DL_ZONE gedi_type="GraphicRegion" id="147" col="186" row="917" width="528" height="15" function="underlined-field"> </DL_ZONE>
			<DL_ZONE gedi_type="GraphicRegion" id="148" col="188" row="941" width="525" height="17" function="underlined-field"> </DL_ZONE>
			<DL_ZONE gedi_type="GraphicRegion" id="149" col="186" row="968" width="526" height="13" function="underlined-field"> </DL_ZONE>
			<DL_ZONE gedi_type="GraphicRegion" id="150" col="326" row="1008" width="187" height="40" function="form-field"> </DL_ZONE>
			<DL_ZONE gedi_type="GraphicRegion" id="151" col="240" row="1077" width="472" height="11" function="underlined-field"> </DL_ZONE>
			<DL_ZONE gedi_type="GraphicRegion" id="152" col="229" row="1208" width="368" height="13" function="underlined-field"> </DL_ZONE>
			<DL_ZONE gedi_type="GraphicRegion" id="153" col="700" row="1206" width="352" height="12" function="underlined-field"> </DL_ZONE>
			<DL_ZONE gedi_type="GraphicRegion" id="154" col="292" row="1254" width="301" height="12" function="underlined-field"> </DL_ZONE>
			<DL_ZONE gedi_type="GraphicRegion" id="155" col="180" row="1340" width="1278" height="9" function="underlined-field"> </DL_ZONE>
			<DL_ZONE gedi_type="GraphicRegion" id="156" col="1004" row="1297" width="450" height="11" function="underlined-field"> </DL_ZONE>
			<DL_ZONE gedi_type="GraphicRegion" id="157" col="1121" row="1252" width="329" height="12" function="underlined-field"> </DL_ZONE>
			<DL_ZONE gedi_type="GraphicRegion" id="158" col="1158" row="1209" width="296" height="13" function="underlined-field"> </DL_ZONE>
			<DL_ZONE gedi_type="GraphicRegion" id="159" col="673" row="1382" width="781" height="12" function="underlined-field"> </DL_ZONE>
			<DL_ZONE gedi_type="GraphicRegion" id="160" col="969" row="1741" width="493" height="9" function="underlined-field"> </DL_ZONE>
			<DL_ZONE gedi_type="GraphicRegion" id="161" col="864" row="1774" width="598" height="10" function="underlined-field"> </DL_ZONE>
			<DL_ZONE gedi_type="GraphicRegion" id="162" col="869" row="1810" width="596" height="8" function="underlined-field"> </DL_ZONE>
			<DL_ZONE gedi_type="GraphicRegion" id="163" col="1172" row="2060" width="252" height="29" function="form-field"> </DL_ZONE>
			<DL_ZONE gedi_type="GraphicRegion" id="164" col="1006" row="2058" width="75" height="34" function="form-field"> </DL_ZONE>
			<DL_ZONE gedi_type="GraphicRegion" id="165" col="866" row="2057" width="95" height="33" function="form-field"> </DL_ZONE>
			<DL_ZONE gedi_type="GraphicRegion" id="166" col="732" row="2062" width="97" height="30" function="form-field"> </DL_ZONE>
			<DL_ZONE gedi_type="GraphicRegion" id="167" col="596" row="2060" width="96" height="26" function="form-field"> </DL_ZONE>
			<DL_ZONE gedi_type="GraphicRegion" id="168" col="464" row="2064" width="96" height="25" function="form-field"> </DL_ZONE>
			<DL_ZONE gedi_type="GraphicRegion" id="169" col="326" row="2062" width="100" height="27" function="form-field"> </DL_ZONE>
			<DL_ZONE gedi_type="GraphicRegion" id="170" col="194" row="2062" width="98" height="32" function="form-field"> </DL_ZONE>
			<DL_ZONE gedi_type="GraphicRegion" id="171" col="228" row="1872" width="558" height="9" function="underlined-field"> </DL_ZONE>
			<DL_ZONE gedi_type="GraphicRegion" id="172" col="221" row="1906" width="556" height="18" function="underlined-field"> </DL_ZONE>
			<DL_ZONE gedi_type="GraphicRegion" id="173" col="217" row="1952" width="575" height="10" function="underlined-field"> </DL_ZONE>
			<DL_ZONE gedi_type="GraphicRegion" id="174" col="284" row="1682" width="537" height="16" function="underlined-field"> </DL_ZONE>
			<DL_ZONE gedi_type="GraphicRegion" id="175" col="193" row="1721" width="628" height="12" function="underlined-field"> </DL_ZONE>
			<DL_ZONE gedi_type="GraphicRegion" id="176" col="196" row="1757" width="629" height="15" function="underlined-field"> </DL_ZONE>
			<DL_ZONE gedi_type="GraphicRegion" id="177" col="696" row="1254" width="360" height="10" function="underlined-field"> </DL_ZONE>
			<DL_ZONE gedi_type="GraphicRegion" id="178" col="176" row="1498" width="18" height="18" function="form-field"> </DL_ZONE>
			<DL_ZONE gedi_type="GraphicRegion" id="179" col="173" row="1460" width="21" height="21" function="form-field"> </DL_ZONE>
			<DL_ZONE gedi_type="GraphicRegion" id="180" col="314" row="1365" width="186" height="31" function="form-field"> </DL_ZONE>
			<DL_ZONE gedi_type="GraphicRegion" id="181" col="174" row="748" width="571" height="394" function="other"> </DL_ZONE>
			<DL_ZONE gedi_type="GraphicRegion" id="182" col="760" row="745" width="726" height="399" function="other"> </DL_ZONE>
			<DL_ZONE gedi_type="GraphicRegion" id="183" col="176" row="1405" width="1304" height="35" function="other"> </DL_ZONE>
			<DL_ZONE gedi_type="GraphicRegion" id="184" col="176" row="1529" width="1304" height="35" function="other"> </DL_ZONE>
			<DL_ZONE gedi_type="LineDrawingRegion" id="185" col="170" row="1462" width="30" height="19"> </DL_ZONE>
			<DL_ZONE gedi_type="Group" id="186" col="160" row="1443" width="1317" height="51" elements="46;179;185"> </DL_ZONE>
			<DL_ZONE gedi_type="GraphicRegion" id="187" col="173" row="1785" width="669" height="183" function="other"> </DL_ZONE>
			<DL_ZONE gedi_type="GraphicRegion" id="188" col="173" row="1632" width="671" height="140" function="other"> </DL_ZONE>
			<DL_ZONE gedi_type="GraphicRegion" id="189" col="176" row="1632" width="666" height="32" function="other"> </DL_ZONE>
			<DL_ZONE gedi_type="GraphicRegion" id="190" col="172" row="1786" width="668" height="51" function="other"> </DL_ZONE>
			<DL_ZONE gedi_type="GraphicRegion" id="191" col="858" row="1630" width="624" height="47" function="other"> </DL_ZONE>
			<DL_ZONE gedi_type="GraphicRegion" id="192" col="857" row="1629" width="345" height="47" function="other"> </DL_ZONE>
			<DL_ZONE gedi_type="GraphicRegion" id="193" col="857" row="1689" width="627" height="137" function="other"> </DL_ZONE>
			<DL_ZONE gedi_type="GraphicRegion" id="194" col="856" row="1689" width="628" height="32" function="other"> </DL_ZONE>
			<DL_ZONE gedi_type="GraphicRegion" id="195" col="174" row="1974" width="1310" height="120" function="other"> </DL_ZONE>
			<DL_ZONE gedi_type="GraphicRegion" id="196" col="173" row="1973" width="1309" height="32" function="other"> </DL_ZONE>
		</DL_PAGE>
	</DL_DOCUMENT>
</GEDI>