<?xml version="1.0" encoding="UTF-8"?>
<!--GEDI was developed at Language and Media Processing Laboratory, University of Maryland.-->

<GEDI xmlns="http://lamp.cfar.umd.edu/media/projects/GEDI/" GEDI_version="2.3.19" GEDI_date="12/23/2011">
	<USER name="Laure" date="5/16/2012 17:01" dateFormat="mm/dd/yyyy hh:mm">	</USER>
	<USER name="MDR-P4" date="10/23/2012 15:31" dateFormat="mm/dd/yyyy hh:mm">	</USER>
	<USER name="MDR-P6" date="10/31/2012 12:47" dateFormat="mm/dd/yyyy hh:mm">	</USER>
	<USER name="MDR-P8" date="3/12/2013 14:25" dateFormat="mm/dd/yyyy hh:mm">	</USER>
	<USER name="Manuela" date="5/25/2012 14:41" dateFormat="mm/dd/yyyy hh:mm">	</USER>
	<USER name="Marnissi" date="5/12/2012 15:32" dateFormat="mm/dd/yyyy hh:mm">	</USER>
	<DL_DOCUMENT src="ATWJFN.tif" docTag="xml" NrOfPages="4">
		<DL_PAGE gedi_type="DL_PAGE" src="ATWJFN.tif" pageID="1" width="1684" height="2288" Language_2="" Language_4="" Receiver_Name="" Language_3="" Receiver_Address="" Sender_Company="" Receiver_Fax="" Document_Location="" Receiver_Phone="" Receiver_Company="MINISTÈRE ÉDUCATION NATIONALE JEUNESSE VIE ASSOCIATIVE" Document_Object="DEMANDE DE BOURSE NATIONALE DE LYCÉE" Language_1="french" Script_1="typed" Script_2="hand" Category="C1" NumPage="4" Sender_Address="42 RUE DES FORGES 88700 ST GORGON" Sender_Phone="+33(0)3.68.00.33.81" Document_Date="03/05/2012" Sender_Fax="" Sender_Name="Claude REMY">
			<DL_ZONE gedi_type="TextRegion" id="1" col="258" row="173" width="187" height="153" contents="¤ministère&#10;éducation&#10;nationale&#10;jeunesse&#10;vie associative¤" script="typed" language="french"> </DL_ZONE>
			<DL_ZONE gedi_type="TextRegion" id="2" col="632" row="268" width="811" height="66" contents="Demande de bourse nationale de lycée" script="typed" function_2="object" function_1="title" language="french"> </DL_ZONE>
			<DL_ZONE gedi_type="TextRegion" id="3" col="1311" row="177" width="160" height="29" contents="N° 11319*09" script="typed" function_1="reference" language="french"> </DL_ZONE>
			<DL_ZONE gedi_type="TextRegion" id="4" col="1336" row="114" width="112" height="60" contents="cerfa" script="typed" language="french"> </DL_ZONE>
			<DL_ZONE gedi_type="TextRegion" id="5" col="226" row="596" width="1265" height="69" contents="Important : merci de remplir ce formulaire en majuscules, de cocher les cases qui concernent votre&#10;situation et de ne rien inscrire dans les cases grises" script="typed" language="french"> </DL_ZONE>
			<DL_ZONE gedi_type="TextRegion" id="6" col="212" row="697" width="1067" height="67" contents="1 - Renseignements concernant les membres de la famille" script="typed" language="french"> </DL_ZONE>
			<DL_ZONE gedi_type="TextRegion" id="7" col="529" row="764" width="719" height="40" contents="L'enfant pour lequel vous demandez la bourse" script="typed" language="french"> </DL_ZONE>
			<DL_ZONE gedi_type="TextRegion" id="8" nextZoneID="9" col="173" row="826" width="116" height="29" contents="Son nom :" script="typed" language="french"> </DL_ZONE>
			<DL_ZONE gedi_type="TextRegion" id="9" col="318" row="800" width="122" height="78" contents="Remy" script="hand" language="french"> </DL_ZONE>
			<DL_ZONE gedi_type="TextRegion" id="10" nextZoneID="11" col="171" row="920" width="159" height="32" contents="Ses prénoms :" script="typed" language="french"> </DL_ZONE>
			<DL_ZONE gedi_type="TextRegion" id="11" col="362" row="897" width="195" height="65" contents="Stephanie" script="hand" language="french"> </DL_ZONE>
			<DL_ZONE gedi_type="TextRegion" id="12" col="171" row="995" width="61" height="30" contents="Fille" script="typed" language="french"> </DL_ZONE>
			<DL_ZONE gedi_type="TextRegion" id="13" col="342" row="995" width="87" height="29" contents="Garçon" script="typed" language="french"> </DL_ZONE>
			<DL_ZONE gedi_type="TextRegion" id="14" nextZoneID="22" col="172" row="1054" width="236" height="33" contents="Sa date de naissance :" script="typed" language="french"> </DL_ZONE>
			<DL_ZONE gedi_type="TextRegion" id="15" nextZoneID="21" col="698" row="1054" width="332" height="34" contents="Son département de naissance :" script="typed" language="french"> </DL_ZONE>
			<DL_ZONE gedi_type="TextRegion" id="16" col="176" row="1106" width="157" height="30" contents="Sa nationalité :" script="typed" language="french"> </DL_ZONE>
			<DL_ZONE gedi_type="TextRegion" id="17" col="340" row="1104" width="111" height="32" contents="Française" script="typed" language="french"> </DL_ZONE>
			<DL_ZONE gedi_type="TextRegion" id="18" col="547" row="1104" width="347" height="31" contents="d'un pays de l'Union Européenne" script="typed" language="french"> </DL_ZONE>
			<DL_ZONE gedi_type="TextRegion" id="19" col="976" row="1103" width="176" height="34" contents="d'un autre pays" script="typed" language="french"> </DL_ZONE>
			<DL_ZONE gedi_type="TextRegion" id="20" col="173" row="1153" width="658" height="34" contents="Si l'enfant est sous-tutelle administrative, indiquez l'organisme :" script="typed" language="french"> </DL_ZONE>
			<DL_ZONE gedi_type="TextRegion" id="21" col="1030" row="1036" width="56" height="54" contents="94" script="hand" language="french"> </DL_ZONE>
			<DL_ZONE gedi_type="TextRegion" id="22" col="416" row="1039" width="239" height="49" contents="22051994" script="hand" language="french"> </DL_ZONE>
			<DL_ZONE gedi_type="TextRegion" id="23" col="170" row="1264" width="129" height="31" contents="Vous êtes :" script="typed" language="french"> </DL_ZONE>
			<DL_ZONE gedi_type="TextRegion" id="24" col="339" row="1262" width="85" height="32" contents="le père" script="typed" language="french"> </DL_ZONE>
			<DL_ZONE gedi_type="TextRegion" id="25" col="605" row="1264" width="126" height="29" contents="OU la mère" script="typed" language="french"> </DL_ZONE>
			<DL_ZONE gedi_type="TextRegion" id="26" col="793" row="1199" width="198" height="43" contents="Vous-même" script="typed" language="french"> </DL_ZONE>
			<DL_ZONE gedi_type="TextRegion" id="27" col="978" row="1259" width="368" height="35" contents="OU le représentant légal de l'enfant" script="typed" language="french"> </DL_ZONE>
			<DL_ZONE gedi_type="TextRegion" id="28" nextZoneID="29" col="172" row="1310" width="727" height="34" contents="Votre nom (suivi éventuellement du nom d'épouse) et prénom :" script="typed" language="french"> </DL_ZONE>
			<DL_ZONE gedi_type="TextRegion" id="29" col="928" row="1293" width="315" height="57" contents="REMY Claude" script="hand" language="french"> </DL_ZONE>
			<DL_ZONE gedi_type="TextRegion" id="30" nextZoneID="31" col="171" row="1402" width="167" height="35" contents="Votre adresse :" script="typed" language="french"> </DL_ZONE>
			<DL_ZONE gedi_type="TextRegion" id="31" col="365" row="1392" width="442" height="62" contents="42 rue des Forges" script="hand" language="french"> </DL_ZONE>
			<DL_ZONE gedi_type="TextRegion" id="32" nextZoneID="33" col="173" row="1547" width="141" height="30" contents="Code postal :" script="typed" language="french"> </DL_ZONE>
			<DL_ZONE gedi_type="TextRegion" id="33" col="321" row="1531" width="155" height="50" contents="88700" script="hand" language="french"> </DL_ZONE>
			<DL_ZONE gedi_type="TextRegion" id="34" nextZoneID="35" col="477" row="1544" width="125" height="34" contents="Commune :" script="typed" language="french"> </DL_ZONE>
			<DL_ZONE gedi_type="TextRegion" id="35" col="629" row="1529" width="217" height="63" contents="St Gorgon" script="hand" language="french"> </DL_ZONE>
			<DL_ZONE gedi_type="TextRegion" id="36" nextZoneID="37" col="172" row="1591" width="108" height="35" contents="N° de tel :" script="typed" language="french"> </DL_ZONE>
			<DL_ZONE gedi_type="TextRegion" id="37" col="288" row="1585" width="284" height="45" contents="0368003381" script="hand" language="french"> </DL_ZONE>
			<DL_ZONE gedi_type="TextRegion" id="38" nextZoneID="39" col="698" row="1593" width="106" height="31" contents="Courriel :" script="typed" language="french"> </DL_ZONE>
			<DL_ZONE gedi_type="TextRegion" id="39" nextZoneID="41" col="850" row="1570" width="121" height="67" contents="Remy" script="typed" language="french"> </DL_ZONE>
			<DL_ZONE gedi_type="TextRegion" id="40" col="1153" row="1574" width="266" height="51" contents="Fastmail.com" script="hand" language="french"> </DL_ZONE>
			<DL_ZONE gedi_type="TextRegion" id="41" nextZoneID="40" col="1098" row="1589" width="34" height="38" contents="@" script="typed" language="french"> </DL_ZONE>
			<DL_ZONE gedi_type="TextRegion" id="42" col="168" row="1647" width="97" height="32" contents="Salarié :" script="typed" language="french"> </DL_ZONE>
			<DL_ZONE gedi_type="TextRegion" id="43" col="265" row="1647" width="36" height="28" contents="oui" script="typed" language="french"> </DL_ZONE>
			<DL_ZONE gedi_type="TextRegion" id="44" col="325" row="1650" width="72" height="28" contents="non :" script="typed" language="french"> </DL_ZONE>
			<DL_ZONE gedi_type="TextRegion" id="45" col="169" row="1692" width="220" height="34" contents="Situation de famille :" script="typed" language="french"> </DL_ZONE>
			<DL_ZONE gedi_type="TextRegion" id="46" nextZoneID="62" col="698" row="1647" width="135" height="31" contents="Profession :" script="typed" language="french"> </DL_ZONE>
			<DL_ZONE gedi_type="TextRegion" id="47" col="413" row="1697" width="94" height="28" contents="marié(e)" script="typed" language="french"> </DL_ZONE>
			<DL_ZONE gedi_type="TextRegion" id="48" col="536" row="1696" width="104" height="28" contents="séparé(e)" script="typed" language="french"> </DL_ZONE>
			<DL_ZONE gedi_type="TextRegion" id="49" col="667" row="1690" width="110" height="37" contents="divorcé(e)" script="typed" language="french"> </DL_ZONE>
			<DL_ZONE gedi_type="TextRegion" id="50" col="805" row="1692" width="85" height="35" contents="veuf(ve)" script="typed" language="french"> </DL_ZONE>
			<DL_ZONE gedi_type="TextRegion" id="51" col="921" row="1694" width="110" height="32" contents="célibataire" script="typed" language="french"> </DL_ZONE>
			<DL_ZONE gedi_type="TextRegion" id="52" col="1062" row="1694" width="137" height="32" contents="concubinage" script="typed" language="french"> </DL_ZONE>
			<DL_ZONE gedi_type="TextRegion" id="53" col="416" row="1727" width="178" height="32" contents="autre (préciser) :" script="typed" language="french"> </DL_ZONE>
			<DL_ZONE gedi_type="TextRegion" id="54" col="165" row="1831" width="81" height="29" contents="Est-il :" script="typed" language="french"> </DL_ZONE>
			<DL_ZONE gedi_type="TextRegion" id="55" col="248" row="1834" width="73" height="31" contents="le père" script="typed" language="french"> </DL_ZONE>
			<DL_ZONE gedi_type="TextRegion" id="56" col="349" row="1832" width="110" height="32" contents="ou la mère" script="typed" language="french"> </DL_ZONE>
			<DL_ZONE gedi_type="TextRegion" id="57" col="492" row="1833" width="113" height="32" contents="de l'enfant" script="typed" language="french"> </DL_ZONE>
			<DL_ZONE gedi_type="TextRegion" id="58" nextZoneID="60" col="172" row="1882" width="710" height="32" contents="Votre nom (suivi éventuellement du nom d'époux ou d'épouse) et prénom :" script="typed" language="french"> </DL_ZONE>
			<DL_ZONE gedi_type="TextRegion" id="59" col="168" row="1929" width="471" height="35" contents="Son adresse si elle est différente de la vôtre :" script="typed" language="french"> </DL_ZONE>
			<DL_ZONE gedi_type="TextRegion" id="60" col="930" row="1861" width="289" height="95" contents="Stella Remy" script="hand" language="french"> </DL_ZONE>
			<DL_ZONE gedi_type="TextRegion" id="61" col="476" row="1773" width="828" height="41" contents="Votre conjoint(e), votre concubin(e) ou votre pacsé(e)" script="typed" language="french"> </DL_ZONE>
			<DL_ZONE gedi_type="TextRegion" id="62" col="863" row="1635" width="399" height="55" contents="Thanatopracteur" script="hand" language="french"> </DL_ZONE>
			<DL_ZONE gedi_type="TextRegion" id="63" col="169" row="2071" width="146" height="31" contents="Code postal :" script="typed" language="french"> </DL_ZONE>
			<DL_ZONE gedi_type="TextRegion" id="64" col="469" row="2069" width="122" height="33" contents="Commune :" script="typed" language="french"> </DL_ZONE>
			<DL_ZONE gedi_type="TextRegion" id="65" col="171" row="2120" width="88" height="33" contents="Salarié :" script="typed" language="french"> </DL_ZONE>
			<DL_ZONE gedi_type="TextRegion" id="66" col="329" row="2126" width="56" height="25" contents="non :" script="typed" language="french"> </DL_ZONE>
			<DL_ZONE gedi_type="TextRegion" id="67" nextZoneID="68" col="699" row="2124" width="133" height="33" contents="Profession :" script="typed" language="french"> </DL_ZONE>
			<DL_ZONE gedi_type="TextRegion" id="68" col="863" row="2098" width="367" height="86" contents="Thanatopractrice" script="hand" language="french"> </DL_ZONE>
			<DL_ZONE gedi_type="TextRegion" id="69" col="862" row="412" width="309" height="29" contents="Cadre réservé a l'administration" script="typed" language="french"> </DL_ZONE>
			<DL_ZONE gedi_type="TextRegion" id="70" col="858" row="448" width="62" height="26" contents="INE :" script="typed" language="french"> </DL_ZONE>
			<DL_ZONE gedi_type="TextRegion" id="71" col="860" row="483" width="446" height="30" contents="Date de dépôt du dossier dans l'établissement" script="typed" language="french"> </DL_ZONE>
			<DL_ZONE gedi_type="TextRegion" id="73" col="260" row="2125" width="41" height="25" contents="oui" script="typed" language="french"> </DL_ZONE>
			<DL_ZONE gedi_type="GraphicRegion" id="74" function="logo" polygon="(1319,130);(1363,106);(1433,108);(1474,133);(1473,157);(1423,180);(1353,178);(1319,155)"> </DL_ZONE>
			<DL_ZONE gedi_type="TextRegion" id="75" col="442" row="172" width="70" height="157" contents="É" script="typed" language="french"> </DL_ZONE>
			<DL_ZONE gedi_type="NoiseRegion" id="76" col="1" row="2" width="1683" height="235"> </DL_ZONE>
			<DL_ZONE gedi_type="NoiseRegion" id="77" col="1669" row="240" width="13" height="2046"> </DL_ZONE>
			<DL_ZONE gedi_type="LineDrawingRegion" id="78" polygon="(272,986);(298,975);(280,1025);(257,1023);(246,986)"> </DL_ZONE>
			<DL_ZONE gedi_type="LineDrawingRegion" id="79" polygon="(513,1091);(500,1134);(480,1132);(474,1098)"> </DL_ZONE>
			<DL_ZONE gedi_type="LineDrawingRegion" id="80" polygon="(453,1265);(496,1235);(483,1293);(466,1294)"> </DL_ZONE>
			<DL_ZONE gedi_type="LineDrawingRegion" id="81" polygon="(511,1688);(553,1671);(532,1720);(515,1722);(504,1694)"> </DL_ZONE>
			<DL_ZONE gedi_type="LineDrawingRegion" id="83" polygon="(314,2116);(336,2115);(325,2150);(305,2153);(299,2116)"> </DL_ZONE>
			<DL_ZONE gedi_type="GraphicRegion" id="84" col="844" row="394" width="684" height="177" function="other"> </DL_ZONE>
			<DL_ZONE gedi_type="GraphicRegion" id="85" col="1041" row="524" width="292" height="27" function="form-field"> </DL_ZONE>
			<DL_ZONE gedi_type="GraphicRegion" id="86" col="920" row="452" width="583" height="25" function="form-field"> </DL_ZONE>
			<DL_ZONE gedi_type="GraphicRegion" id="87" col="286" row="837" width="1243" height="19" function="underlined-field"> </DL_ZONE>
			<DL_ZONE gedi_type="GraphicRegion" id="88" col="178" row="888" width="1353" height="18" function="underlined-field"> </DL_ZONE>
			<DL_ZONE gedi_type="GraphicRegion" id="89" col="326" row="938" width="1199" height="15" function="underlined-field"> </DL_ZONE>
			<DL_ZONE gedi_type="GraphicRegion" id="101" col="170" row="980" width="1356" height="19" function="underlined-field"> </DL_ZONE>
			<DL_ZONE gedi_type="GraphicRegion" id="102" col="1034" row="1058" width="96" height="23" function="form-field"> </DL_ZONE>
			<DL_ZONE gedi_type="GraphicRegion" id="103" col="419" row="1056" width="240" height="28" function="form-field"> </DL_ZONE>
			<DL_ZONE gedi_type="GraphicRegion" id="104" col="479" row="1107" width="25" height="22" function="form-field"> </DL_ZONE>
			<DL_ZONE gedi_type="GraphicRegion" id="105" col="912" row="1107" width="22" height="24" function="form-field"> </DL_ZONE>
			<DL_ZONE gedi_type="GraphicRegion" id="106" col="1175" row="1106" width="24" height="22" function="form-field"> </DL_ZONE>
			<DL_ZONE gedi_type="GraphicRegion" id="107" col="829" row="1169" width="705" height="18" function="form-field"> </DL_ZONE>
			<DL_ZONE gedi_type="GraphicRegion" id="108" col="459" row="1266" width="24" height="22" function="form-field"> </DL_ZONE>
			<DL_ZONE gedi_type="GraphicRegion" id="109" col="800" row="1265" width="25" height="20" function="form-field"> </DL_ZONE>
			<DL_ZONE gedi_type="GraphicRegion" id="110" col="1362" row="1264" width="23" height="22" function="form-field"> </DL_ZONE>
			<DL_ZONE gedi_type="GraphicRegion" id="111" col="170" row="1374" width="1357" height="20" function="underlined-field"> </DL_ZONE>
			<DL_ZONE gedi_type="GraphicRegion" id="112" col="896" row="1325" width="641" height="20" function="underlined-field"> </DL_ZONE>
			<DL_ZONE gedi_type="GraphicRegion" id="113" col="337" row="1422" width="1204" height="20" function="underlined-field"> </DL_ZONE>
			<DL_ZONE gedi_type="GraphicRegion" id="114" col="170" row="1467" width="1363" height="18" function="underlined-field"> </DL_ZONE>
			<DL_ZONE gedi_type="GraphicRegion" id="115" col="170" row="1515" width="1365" height="16" function="underlined-field"> </DL_ZONE>
			<DL_ZONE gedi_type="GraphicRegion" id="116" col="601" row="1562" width="930" height="17" function="underlined-field"> </DL_ZONE>
			<DL_ZONE gedi_type="GraphicRegion" id="117" col="801" row="1611" width="304" height="13" function="underlined-field"> </DL_ZONE>
			<DL_ZONE gedi_type="GraphicRegion" id="118" col="1130" row="1611" width="396" height="16" function="underlined-field"> </DL_ZONE>
			<DL_ZONE gedi_type="GraphicRegion" id="119" col="283" row="1593" width="300" height="29" function="form-field"> </DL_ZONE>
			<DL_ZONE gedi_type="GraphicRegion" id="120" col="307" row="1649" width="19" height="24" function="form-field"> </DL_ZONE>
			<DL_ZONE gedi_type="GraphicRegion" id="121" col="402" row="1649" width="21" height="21" function="form-field"> </DL_ZONE>
			<DL_ZONE gedi_type="GraphicRegion" id="122" col="511" row="1698" width="22" height="22" function="form-field"> </DL_ZONE>
			<DL_ZONE gedi_type="GraphicRegion" id="123" col="643" row="1697" width="24" height="23" function="form-field"> </DL_ZONE>
			<DL_ZONE gedi_type="GraphicRegion" id="124" col="778" row="1696" width="23" height="22" function="form-field"> </DL_ZONE>
			<DL_ZONE gedi_type="GraphicRegion" id="125" col="897" row="1696" width="22" height="23" function="form-field"> </DL_ZONE>
			<DL_ZONE gedi_type="GraphicRegion" id="126" col="1033" row="1698" width="26" height="21" function="form-field"> </DL_ZONE>
			<DL_ZONE gedi_type="GraphicRegion" id="127" col="1204" row="1696" width="23" height="20" function="form-field"> </DL_ZONE>
			<DL_ZONE gedi_type="GraphicRegion" id="128" col="836" row="1664" width="697" height="16" function="underlined-field"> </DL_ZONE>
			<DL_ZONE gedi_type="GraphicRegion" id="129" col="588" row="1742" width="375" height="18" function="underlined-field"> </DL_ZONE>
			<DL_ZONE gedi_type="GraphicRegion" id="130" col="323" row="1836" width="23" height="20" function="form-field"> </DL_ZONE>
			<DL_ZONE gedi_type="GraphicRegion" id="131" col="465" row="1834" width="22" height="26" function="form-field"> </DL_ZONE>
			<DL_ZONE gedi_type="GraphicRegion" id="132" col="882" row="1896" width="644" height="22" function="underlined-field"> </DL_ZONE>
			<DL_ZONE gedi_type="GraphicRegion" id="133" col="635" row="1945" width="895" height="19" function="underlined-field"> </DL_ZONE>
			<DL_ZONE gedi_type="GraphicRegion" id="134" col="166" row="1990" width="1359" height="19" function="underlined-field"> </DL_ZONE>
			<DL_ZONE gedi_type="GraphicRegion" id="135" col="170" row="2039" width="1357" height="19" function="underlined-field"> </DL_ZONE>
			<DL_ZONE gedi_type="GraphicRegion" id="136" col="316" row="2076" width="155" height="22" function="form-field"> </DL_ZONE>
			<DL_ZONE gedi_type="GraphicRegion" id="137" col="592" row="2087" width="936" height="17" function="underlined-field"> </DL_ZONE>
			<DL_ZONE gedi_type="GraphicRegion" id="138" col="827" row="2136" width="696" height="22" function="underlined-field"> </DL_ZONE>
			<DL_ZONE gedi_type="GraphicRegion" id="139" col="301" row="2126" width="24" height="21" function="form-field"> </DL_ZONE>
			<DL_ZONE gedi_type="GraphicRegion" id="140" col="390" row="2125" width="21" height="19" function="form-field"> </DL_ZONE>
			<DL_ZONE gedi_type="GraphicRegion" id="141" function="other" polygon="(228,198);(230,153);(269,115);(549,117);(578,153);(580,206);(1507,208);(1533,230);(1530,347);(1506,368);(580,370);(579,433);(544,472);(269,472);(229,432);(227,366);(194,364);(177,341);(181,226);(197,211);(228,208)"> </DL_ZONE>
			<DL_ZONE gedi_type="GraphicRegion" id="142" col="256" row="149" width="290" height="286" function="logo"> </DL_ZONE>
			<DL_ZONE gedi_type="GraphicRegion" id="143" col="257" row="999" width="21" height="23" function="form-field"> </DL_ZONE>
			<DL_ZONE gedi_type="GraphicRegion" id="144" col="463" row="999" width="21" height="20" function="form-field"> </DL_ZONE>
			<DL_ZONE gedi_type="Group" id="145" col="161" row="965" width="147" height="70" elements="12;78;143"> </DL_ZONE>
			<DL_ZONE gedi_type="Group" id="146" col="330" row="1081" width="193" height="65" elements="17;79;104"> </DL_ZONE>
			<DL_ZONE gedi_type="Group" id="147" col="329" row="1225" width="177" height="79" elements="24;80;108"> </DL_ZONE>
			<DL_ZONE gedi_type="Group" id="148" col="403" row="1661" width="160" height="74" elements="47;81;122"> </DL_ZONE>
			<DL_ZONE gedi_type="Group" id="149" col="339" row="1808" width="168" height="66" elements="56;131;401"> </DL_ZONE>
			<DL_ZONE gedi_type="Group" id="150" col="250" row="2105" width="96" height="58" elements="73;83;139"> </DL_ZONE>
			<DL_ZONE gedi_type="GraphicRegion" id="153" col="325" row="1549" width="155" height="28" function="form-field"> </DL_ZONE>
			<DL_ZONE gedi_type="LineDrawingRegion" id="401" col="466" row="1818" width="31" height="39"> </DL_ZONE>
		</DL_PAGE>
		<DL_PAGE gedi_type="DL_PAGE" src="ATWJFN.tif" pageID="2" width="1684" height="2288" Language_2="" Sender_Name="" Document_Date="" Language_4="" Receiver_Name="" Language_3="" Receiver_Company="" Receiver_Address="" Sender_Company="" Sender_Phone="" Receiver_Fax="" Document_Location="" Receiver_Phone="" Sender_Address="" Sender_Fax="" NumPage="4" Document_Object="" Category="" Language_1="" Script_2="" Script_1="">
			<DL_ZONE gedi_type="TextRegion" id="154" col="651" row="276" width="808" height="62" contents="Demande de bourse nationale de lycée" script="typed" function_2="object" function_1="title" language="french"> </DL_ZONE>
			<DL_ZONE gedi_type="TextRegion" id="155" col="1318" row="174" width="160" height="29" contents="N° 11319*09" script="typed" function_1="reference" language="french"> </DL_ZONE>
			<DL_ZONE gedi_type="TextRegion" id="156" col="1342" row="112" width="107" height="58" contents="cerfa" script="typed" language="french"> </DL_ZONE>
			<DL_ZONE gedi_type="TextRegion" id="157" col="275" row="200" width="185" height="160" contents="¤ministère&#10;éducation&#10;nationale&#10;jeunesse&#10;vie associative¤" script="typed" language="french"> </DL_ZONE>
			<DL_ZONE gedi_type="TextRegion" id="158" col="205" row="537" width="763" height="64" contents="2 - Renseignements relatifs à la scolarité" script="typed" language="french"> </DL_ZONE>
			<DL_ZONE gedi_type="TextRegion" id="159" col="411" row="667" width="960" height="47" contents="Etablissement fréquenté au moment de la demande de bourse" script="typed" language="french"> </DL_ZONE>
			<DL_ZONE gedi_type="TextRegion" id="160" col="176" row="775" width="257" height="33" nextZoneID="161" contents="Nom de l'établissement :" script="typed" language="french"> </DL_ZONE>
			<DL_ZONE gedi_type="TextRegion" id="161" col="471" row="744" width="441" height="88" contents="Collège G.Brassens" script="hand" language="french"> </DL_ZONE>
			<DL_ZONE gedi_type="TextRegion" id="162" col="1219" row="857" width="277" height="30" contents="(N° établissement fréquenté)" script="typed" language="french"> </DL_ZONE>
			<DL_ZONE gedi_type="TextRegion" id="163" col="176" row="918" width="105" height="27" nextZoneID="280" contents="Adresse :" script="typed" language="french"> </DL_ZONE>
			<DL_ZONE gedi_type="TextRegion" id="164" col="174" row="985" width="142" height="32" nextZoneID="166" contents="Code postal :" script="typed" language="french"> </DL_ZONE>
			<DL_ZONE gedi_type="TextRegion" id="165" col="482" row="985" width="122" height="32" nextZoneID="281" contents="Commune :" script="typed" language="french"> </DL_ZONE>
			<DL_ZONE gedi_type="TextRegion" id="166" col="325" row="971" width="152" height="53" contents="88700" script="hand" language="french"> </DL_ZONE>
			<DL_ZONE gedi_type="TextRegion" id="167" col="171" row="1055" width="284" height="36" nextZoneID="186" contents="Classe actuelle de l'élève :" script="typed" language="french"> </DL_ZONE>
			<DL_ZONE gedi_type="TextRegion" id="168" col="1203" row="1129" width="261" height="35" contents="(MEF-CLASSE : libellé court)" script="typed" language="french"> </DL_ZONE>
			<DL_ZONE gedi_type="TextRegion" id="169" col="631" row="1355" width="524" height="42" contents="Etablissement d'accueil envisagé" script="typed" language="french"> </DL_ZONE>
			<DL_ZONE gedi_type="TextRegion" id="170" col="170" row="1424" width="278" height="33" contents="Est-ce un établissement :" script="typed" language="french"> </DL_ZONE>
			<DL_ZONE gedi_type="TextRegion" id="171" col="461" row="1424" width="77" height="31" contents="Public" script="typed" language="french"> </DL_ZONE>
			<DL_ZONE gedi_type="TextRegion" id="172" col="698" row="1426" width="73" height="28" contents="Privé" script="typed" language="french"> </DL_ZONE>
			<DL_ZONE gedi_type="TextRegion" id="173" col="170" row="1521" width="185" height="36" contents="L'élève sera-t-il :" script="typed" language="french"> </DL_ZONE>
			<DL_ZONE gedi_type="TextRegion" id="174" col="357" row="1525" width="90" height="30" contents="externe" script="typed" language="french"> </DL_ZONE>
			<DL_ZONE gedi_type="TextRegion" id="175" col="604" row="1523" width="209" height="36" contents="demi-pensionnaire" script="typed" language="french"> </DL_ZONE>
			<DL_ZONE gedi_type="TextRegion" id="176" col="976" row="1525" width="90" height="29" contents="interne" script="typed" language="french"> </DL_ZONE>
			<DL_ZONE gedi_type="TextRegion" id="177" col="172" row="1617" width="257" height="38" nextZoneID="275" contents="Nom de l'établissement :" script="typed" language="french"> </DL_ZONE>
			<DL_ZONE gedi_type="TextRegion" id="178" col="172" row="1761" width="105" height="33" nextZoneID="185" contents="Adresse :" script="typed" language="french"> </DL_ZONE>
			<DL_ZONE gedi_type="TextRegion" id="179" col="171" row="1831" width="143" height="31" nextZoneID="184" contents="Code postal :" script="typed" language="french"> </DL_ZONE>
			<DL_ZONE gedi_type="TextRegion" id="180" col="475" row="1832" width="129" height="36" nextZoneID="284" contents="Commune :" script="typed" language="french"> </DL_ZONE>
			<DL_ZONE gedi_type="TextRegion" id="181" col="172" row="1877" width="1307" height="84" nextZoneID="282" contents="Classe souhaité : merci de répondre le plus précisément possible à cette question le type de formation, et l'option spécifique&#10;choisie (exemple 2nde générale et technologique, 1ere STL, CAP cuisine 1 ère année, BAC PRO 3 ANS 2ème année. ) :" script="typed" language="french"> </DL_ZONE>
			<DL_ZONE gedi_type="TextRegion" id="182" col="1214" row="2085" width="259" height="33" contents="(MEF-CLASSE : libellé court)" script="typed" language="french"> </DL_ZONE>
			<DL_ZONE gedi_type="TextRegion" id="183" col="1240" row="1690" width="272" height="37" contents="(N° établissement d'accueil)" script="typed" language="french"> </DL_ZONE>
			<DL_ZONE gedi_type="TextRegion" id="184" col="325" row="1815" width="141" height="56" contents="88290" script="hand" language="french"> </DL_ZONE>
			<DL_ZONE gedi_type="TextRegion" id="185" col="320" row="1712" width="514" height="88" contents="¤53 rue de l'Adresse¤" script="hand" language="french"> </DL_ZONE>
			<DL_ZONE gedi_type="TextRegion" id="186" col="495" row="1032" width="125" height="58" contents="3 eme" script="typed" language="french"> </DL_ZONE>
			<DL_ZONE gedi_type="TextRegion" id="274" col="460" row="198" width="76" height="162" contents="É" script="typed" language="french"> </DL_ZONE>
			<DL_ZONE gedi_type="TextRegion" id="275" col="442" row="1583" width="564" height="89" contents="¤Lycée Alester¤ Gr¤owley¤" script="hand" language="french"> </DL_ZONE>
			<DL_ZONE gedi_type="LineDrawingRegion" id="277" polygon="(557,1419);(608,1406);(572,1457)"> </DL_ZONE>
			<DL_ZONE gedi_type="LineDrawingRegion" id="278" polygon="(831,1522);(878,1506);(847,1559)"> </DL_ZONE>
			<DL_ZONE gedi_type="TextRegion" id="280" polygon="(326,892);(797,889);(839,918);(839,966);(747,968);(692,953);(326,948)" contents="22 rue des Templiers" script="hand" language="french"> </DL_ZONE>
			<DL_ZONE gedi_type="TextRegion" id="281" polygon="(656,953);(706,956);(740,974);(858,982);(857,1039);(657,1033)" contents="St Gorg¤m¤" script="hand" language="french"> </DL_ZONE>
			<DL_ZONE gedi_type="TextRegion" id="282" col="242" row="1960" width="656" height="73" contents="¤2nde¤ générale et technologique" script="hand" language="french"> </DL_ZONE>
			<DL_ZONE gedi_type="TextRegion" id="284" polygon="(648,1806);(1044,1808);(1046,1871);(875,1881);(741,1890);(655,1863);(648,1840)" contents="¤Bange la princesse.¤" script="hand" language="french"> </DL_ZONE>
			<DL_ZONE gedi_type="GraphicRegion" id="285" function="logo" polygon="(1402,99);(1463,114);(1481,141);(1461,169);(1392,177);(1341,171);(1319,144);(1329,113)"> </DL_ZONE>
			<DL_ZONE gedi_type="GraphicRegion" id="286" function="other" polygon="(604,213);(1514,213);(1537,234);(1535,350);(1511,378);(602,377);(603,464);(565,506);(292,504);(248,464);(246,378);(204,374);(181,350);(182,232);(204,211);(249,210);(252,179);(296,146);(565,148);(594,171)"> </DL_ZONE>
			<DL_ZONE gedi_type="GraphicRegion" id="287" col="274" row="184" width="293" height="283" function="logo"> </DL_ZONE>
			<DL_ZONE gedi_type="GraphicRegion" id="288" col="433" row="788" width="1094" height="21" function="underlined-field"> </DL_ZONE>
			<DL_ZONE gedi_type="GraphicRegion" id="289" col="960" row="858" width="260" height="24" function="form-field"> </DL_ZONE>
			<DL_ZONE gedi_type="GraphicRegion" id="290" col="929" row="832" width="597" height="74" function="other"> </DL_ZONE>
			<DL_ZONE gedi_type="GraphicRegion" id="291" col="278" row="928" width="1253" height="24" function="underlined-field"> </DL_ZONE>
			<DL_ZONE gedi_type="GraphicRegion" id="292" col="607" row="1001" width="928" height="23" function="underlined-field"> </DL_ZONE>
			<DL_ZONE gedi_type="GraphicRegion" id="293" col="328" row="987" width="151" height="28" function="form-field"> </DL_ZONE>
			<DL_ZONE gedi_type="GraphicRegion" id="294" col="452" row="1072" width="1079" height="17" function="underlined-field"> </DL_ZONE>
			<DL_ZONE gedi_type="GraphicRegion" id="295" col="1020" row="1130" width="180" height="32" function="form-field"> </DL_ZONE>
			<DL_ZONE gedi_type="GraphicRegion" id="296" col="975" row="1110" width="548" height="70" function="other"> </DL_ZONE>
			<DL_ZONE gedi_type="GraphicRegion" id="297" col="559" row="1427" width="25" height="22" function="form-field"> </DL_ZONE>
			<DL_ZONE gedi_type="GraphicRegion" id="298" col="779" row="1427" width="28" height="21" function="form-field"> </DL_ZONE>
			<DL_ZONE gedi_type="GraphicRegion" id="299" col="465" row="1528" width="25" height="22" function="form-field"> </DL_ZONE>
			<DL_ZONE gedi_type="GraphicRegion" id="300" col="833" row="1528" width="24" height="23" function="form-field"> </DL_ZONE>
			<DL_ZONE gedi_type="GraphicRegion" id="301" col="1070" row="1528" width="22" height="21" function="form-field"> </DL_ZONE>
			<DL_ZONE gedi_type="GraphicRegion" id="302" col="427" row="1632" width="1096" height="24" function="underlined-field"> </DL_ZONE>
			<DL_ZONE gedi_type="GraphicRegion" id="303" col="978" row="1696" width="261" height="24" function="form-field"> </DL_ZONE>
			<DL_ZONE gedi_type="GraphicRegion" id="304" col="961" row="1670" width="568" height="73" function="other"> </DL_ZONE>
			<DL_ZONE gedi_type="GraphicRegion" id="305" col="274" row="1772" width="1252" height="24" function="underlined-field"> </DL_ZONE>
			<DL_ZONE gedi_type="GraphicRegion" id="306" col="323" row="1836" width="151" height="32" function="form-field"> </DL_ZONE>
			<DL_ZONE gedi_type="GraphicRegion" id="307" col="605" row="1850" width="930" height="22" function="underlined-field"> </DL_ZONE>
			<DL_ZONE gedi_type="GraphicRegion" id="308" col="170" row="1988" width="1344" height="20" function="underlined-field"> </DL_ZONE>
			<DL_ZONE gedi_type="GraphicRegion" id="309" col="168" row="2036" width="1352" height="20" function="underlined-field"> </DL_ZONE>
			<DL_ZONE gedi_type="GraphicRegion" id="310" col="1031" row="2087" width="183" height="25" function="form-field"> </DL_ZONE>
			<DL_ZONE gedi_type="GraphicRegion" id="311" col="972" row="2062" width="551" height="73" function="other"> </DL_ZONE>
			<DL_ZONE gedi_type="Group" id="312" col="451" row="1396" width="167" height="71" elements="171;277;297"> </DL_ZONE>
			<DL_ZONE gedi_type="Group" id="313" col="594" row="1496" width="294" height="73" elements="175;278;300"> </DL_ZONE>
			<DL_ZONE gedi_type="NoiseRegion" id="314" col="1" row="1" width="1683" height="237"> </DL_ZONE>
			<DL_ZONE gedi_type="NoiseRegion" id="315" col="1648" row="236" width="36" height="2047"> </DL_ZONE>
		</DL_PAGE>
		<DL_PAGE gedi_type="DL_PAGE" src="ATWJFN.tif" pageID="3" width="1684" height="2288" Language_2="" Sender_Name="" Document_Date="" Language_4="" Receiver_Name="" Language_3="" Receiver_Company="" Receiver_Address="" Sender_Company="" Sender_Phone="" Receiver_Fax="" Document_Location="" Receiver_Phone="" Sender_Address="" Sender_Fax="" NumPage="4" Document_Object="" Language_1="" Category="" Script_1="" Script_2="">
			<DL_ZONE gedi_type="TextRegion" id="187" col="647" row="274" width="814" height="60" contents="Demande de bourse nationale de lycée" script="typed" function_2="object" function_1="title" language="french"> </DL_ZONE>
			<DL_ZONE gedi_type="TextRegion" id="188" col="1315" row="179" width="163" height="33" contents="N° 11319*09" script="typed" function_1="reference" language="french"> </DL_ZONE>
			<DL_ZONE gedi_type="TextRegion" id="189" col="278" row="178" width="187" height="162" contents="¤ministère&#10;éducation&#10;nationale&#10;jeunesse&#10;vie associative¤" script="typed" language="french"> </DL_ZONE>
			<DL_ZONE gedi_type="TextRegion" id="190" col="461" row="178" width="82" height="159" contents="É" script="typed" language="french"> </DL_ZONE>
			<DL_ZONE gedi_type="TextRegion" id="191" col="1337" row="121" width="112" height="53" contents="cerfa" script="typed" language="french"> </DL_ZONE>
			<DL_ZONE gedi_type="TextRegion" id="192" col="213" row="505" width="1042" height="71" contents="3 - Renseignements pour déterminer les charges du foyer" script="typed" language="french"> </DL_ZONE>
			<DL_ZONE gedi_type="TextRegion" id="193" col="226" row="581" width="1285" height="68" contents="Les éléments de cette rubrique vont permettre au service des bourses de déterminer de manière vos changes en&#10;fonction de l'année prise en compte pour vos revenus." script="typed" language="french"> </DL_ZONE>
			<DL_ZONE gedi_type="TextRegion" id="194" col="679" row="661" width="428" height="48" contents="Les enfants à votre charge" script="typed" language="french"> </DL_ZONE>
			<DL_ZONE gedi_type="TextRegion" id="195" col="230" row="730" width="449" height="35" contents="Merci de remplir ce tableau en y indiquant :" script="typed" language="french"> </DL_ZONE>
			<DL_ZONE gedi_type="TextRegion" id="196" col="238" row="787" width="559" height="59" contents="Nom et prénom de chacun des enfants à charge&#10;(y compris l'enfant pour lequel vous demandez la bourse)" script="typed" language="french"> </DL_ZONE>
			<DL_ZONE gedi_type="TextRegion" id="197" col="810" row="796" width="202" height="38" contents="Date de naissance" script="typed" language="french"> </DL_ZONE>
			<DL_ZONE gedi_type="TextRegion" id="198" col="1048" row="780" width="263" height="71" contents="Etablissement scolaire,&#10;université fréquentée&#10;ou profession" script="typed" language="french"> </DL_ZONE>
			<DL_ZONE gedi_type="TextRegion" id="199" col="1361" row="783" width="134" height="30" contents="BOURSIER" script="typed" language="french"> </DL_ZONE>
			<DL_ZONE gedi_type="TextRegion" id="200" col="1351" row="823" width="58" height="27" contents="Oui" script="typed" language="french"> </DL_ZONE>
			<DL_ZONE gedi_type="TextRegion" id="201" col="1442" row="819" width="64" height="29" contents="Non" script="typed" language="french"> </DL_ZONE>
			<DL_ZONE gedi_type="TextRegion" id="202" col="576" row="1241" width="631" height="39" contents="Renseignements concernant votre foyer" script="typed" language="french"> </DL_ZONE>
			<DL_ZONE gedi_type="TextRegion" id="203" col="225" row="1281" width="659" height="32" contents="Merci de cocher les cases qui correspondent à votre situation :" script="typed" language="french"> </DL_ZONE>
			<DL_ZONE gedi_type="TextRegion" id="204" col="267" row="1323" width="1085" height="34" contents="Vous avez chez vous un ou plusieurs de vos ascendants à charge atteint(s) d'un handicap ou d'une maladie grave" script="typed" language="french"> </DL_ZONE>
			<DL_ZONE gedi_type="TextRegion" id="205" col="1393" row="1327" width="86" height="25" contents="nombre" script="typed" language="french"> </DL_ZONE>
			<DL_ZONE gedi_type="TextRegion" id="206" col="1395" row="1392" width="85" height="23" contents="nombre" script="typed" language="french"> </DL_ZONE>
			<DL_ZONE gedi_type="TextRegion" id="207" col="1395" row="1431" width="84" height="26" contents="nombre" script="typed" language="french"> </DL_ZONE>
			<DL_ZONE gedi_type="TextRegion" id="208" col="1398" row="1498" width="83" height="22" contents="nombre" script="typed" language="french"> </DL_ZONE>
			<DL_ZONE gedi_type="TextRegion" id="209" col="265" row="1365" width="1129" height="53" contents="Vous avez chez vous un(des) enfants(s) en situation de handicap n'ayant pas droit à l'allocation d'éducation de l'enfant&#10;handicapé (AEEH)" script="typed" language="french"> </DL_ZONE>
			<DL_ZONE gedi_type="TextRegion" id="210" col="262" row="1426" width="1087" height="35" contents="Un (ou les deux) conjoint(s) du foyer est(sont) en arrêt de travail pour longue maladie ou affection de longue durée" script="typed" language="french"> </DL_ZONE>
			<DL_ZONE gedi_type="TextRegion" id="213" col="266" row="1534" width="1257" height="55" contents="Vous avec tous les deux une activité professionnelle (salarié, gèrent, indemnisation chômage...) si un seul des deux parents a une&#10;activité professionnelle, ne pas cocher." script="typed" language="french"> </DL_ZONE>
			<DL_ZONE gedi_type="TextRegion" id="214" col="264" row="1595" width="432" height="35" contents="Vous vivez seul(e) avec votre(vos) enfant(s)." script="typed" language="french"> </DL_ZONE>
			<DL_ZONE gedi_type="TextRegion" id="215" col="549" row="1727" width="585" height="32" contents="Charges et ressources (Cadre réservé à l'administration)" script="typed" language="french"> </DL_ZONE>
			<DL_ZONE gedi_type="TextRegion" id="216" col="1127" row="1769" width="60" height="31" contents="Total" script="typed" language="french"> </DL_ZONE>
			<DL_ZONE gedi_type="TextRegion" id="217" col="1320" row="1768" width="143" height="33" contents="Ressources" script="typed" language="french"> </DL_ZONE>
			<DL_ZONE gedi_type="TextRegion" id="218" col="1032" row="1759" width="74" height="50" contents="2ème&#10;cycle" script="typed" language="french"> </DL_ZONE>
			<DL_ZONE gedi_type="TextRegion" id="219" col="961" row="1768" width="48" height="29" contents="PN" script="typed" language="french"> </DL_ZONE>
			<DL_ZONE gedi_type="TextRegion" id="220" col="888" row="1772" width="51" height="30" contents="PM" script="typed" language="french"> </DL_ZONE>
			<DL_ZONE gedi_type="TextRegion" id="221" col="795" row="1767" width="68" height="31" contents="2ACP" script="typed" language="french"> </DL_ZONE>
			<DL_ZONE gedi_type="TextRegion" id="222" col="695" row="1767" width="83" height="31" contents="LM-AH" script="typed" language="french"> </DL_ZONE>
			<DL_ZONE gedi_type="TextRegion" id="223" col="618" row="1768" width="51" height="31" contents="INF" script="typed" language="french"> </DL_ZONE>
			<DL_ZONE gedi_type="TextRegion" id="224" col="520" row="1767" width="56" height="33" contents="ASC" script="typed" language="french"> </DL_ZONE>
			<DL_ZONE gedi_type="TextRegion" id="225" col="425" row="1769" width="55" height="28" contents="ENF" script="typed" language="french"> </DL_ZONE>
			<DL_ZONE gedi_type="TextRegion" id="226" col="228" row="1761" width="106" height="43" contents="Nombre&#10;d'enfants" script="typed" language="french"> </DL_ZONE>
			<DL_ZONE gedi_type="TextRegion" id="227" col="273" row="1872" width="1230" height="44" contents="Votre situation financière ou familiale a changé depuis le 1er janvier de l'année dernière" script="typed" language="french"> </DL_ZONE>
			<DL_ZONE gedi_type="TextRegion" id="228" col="222" row="1927" width="1300" height="59" contents="Si votre situation a changé depuis le 1er janvier de l'année et que cela a entrainé une diminution de vos ressources par&#10;rapport aux années précédentes (divorce, chômage, décès..), merci de le signaler :" script="typed" language="french"> </DL_ZONE>
			<DL_ZONE gedi_type="TextRegion" id="229" polygon="(270,1634);(1503,1637);(1504,1679);(506,1672);(505,1700);(228,1696);(229,1663);(266,1661)" contents="L'enfant pour lequel est demandé la bourse est pupille de la nation ou enfant d'agent public tué ou blessé en service et bénéficiant&#10;d'une protection particulière." script="typed" language="french"> </DL_ZONE>
			<DL_ZONE gedi_type="TextRegion" id="276" polygon="(264,1464);(1421,1469);(1417,1501);(688,1502);(689,1527);(265,1522)" contents="Un (ou les deux) conjoint(s) du foyer perçoit(perçoivent) une pension d'invalidé ou une allocation aux adultes handicapés&#10;et n'exerce(nt) pas d'activité professionnelle" script="typed" language="french"> </DL_ZONE>
			<DL_ZONE gedi_type="TextRegion" id="316" col="811" row="852" width="209" height="52" contents="¤22/05/99¤" script="hand" language="french"> </DL_ZONE>
			<DL_ZONE gedi_type="TextRegion" id="317" col="803" row="895" width="215" height="52" contents="¤27/04/95¤" script="hand" language="french"> </DL_ZONE>
			<DL_ZONE gedi_type="TextRegion" id="318" col="802" row="931" width="215" height="49" contents="¤21/03/96¤" script="typed" language="french"> </DL_ZONE>
			<DL_ZONE gedi_type="TextRegion" id="319" col="808" row="970" width="215" height="41" contents="¤26/02/97¤" script="hand" language="french"> </DL_ZONE>
			<DL_ZONE gedi_type="TextRegion" id="320" col="1030" row="852" width="287" height="45" contents="¤Cole . G.Brassens¤" script="hand" language="french"> </DL_ZONE>
			<DL_ZONE gedi_type="TextRegion" id="321" polygon="(257,850);(668,850);(667,895);(377,896);(362,912);(264,891)" contents="Stéphanie REMY" script="hand" language="french"> </DL_ZONE>
			<DL_ZONE gedi_type="TextRegion" id="322" polygon="(264,894);(346,892);(361,905);(402,902);(572,894);(669,897);(672,919);(650,939);(632,934);(264,932)" contents="Si¤dd**ie¤ REMY" script="hand" language="french"> </DL_ZONE>
			<DL_ZONE gedi_type="TextRegion" id="323" polygon="(264,932);(674,930);(674,971);(266,968)" contents="¤Hakim REMY¤" script="hand" language="french"> </DL_ZONE>
			<DL_ZONE gedi_type="TextRegion" id="324" polygon="(264,966);(668,968);(664,1012);(262,1012)" contents="¤Gerard REMY¤" script="hand" language="french"> </DL_ZONE>
			<DL_ZONE gedi_type="LineDrawingRegion" id="337" polygon="(1041,936);(1103,890);(1136,894);(1090,931)"> </DL_ZONE>
			<DL_ZONE gedi_type="LineDrawingRegion" id="338" polygon="(1161,934);(1228,889);(1288,890);(1219,937)"> </DL_ZONE>
			<DL_ZONE gedi_type="LineDrawingRegion" id="339" polygon="(1184,938);(1210,915);(1273,920);(1203,964);(1153,963)"> </DL_ZONE>
			<DL_ZONE gedi_type="LineDrawingRegion" id="340" polygon="(1032,969);(1082,934);(1138,926);(1066,980)"> </DL_ZONE>
			<DL_ZONE gedi_type="LineDrawingRegion" id="341" polygon="(1063,985);(1097,958);(1145,953);(1073,1011);(1041,1007)"> </DL_ZONE>
			<DL_ZONE gedi_type="LineDrawingRegion" id="342" polygon="(1130,1004);(1208,955);(1280,959);(1193,1004)"> </DL_ZONE>
			<DL_ZONE gedi_type="LineDrawingRegion" id="343" polygon="(1370,855);(1407,856);(1366,897);(1343,872)"> </DL_ZONE>
			<DL_ZONE gedi_type="LineDrawingRegion" id="344" polygon="(1345,906);(1399,891);(1410,900);(1363,935)"> </DL_ZONE>
			<DL_ZONE gedi_type="LineDrawingRegion" id="345" polygon="(1369,936);(1390,931);(1401,945);(1355,969);(1338,944)"> </DL_ZONE>
			<DL_ZONE gedi_type="LineDrawingRegion" id="346" polygon="(1333,988);(1391,956);(1403,969);(1350,1010)"> </DL_ZONE>
			<DL_ZONE gedi_type="LineDrawingRegion" id="347" polygon="(236,1533);(270,1518);(254,1560);(238,1560)"> </DL_ZONE>
			<DL_ZONE gedi_type="GraphicRegion" id="348" col="237" row="1328" width="19" height="21" function="form-field"> </DL_ZONE>
			<DL_ZONE gedi_type="GraphicRegion" id="349" col="235" row="1369" width="23" height="18" function="form-field"> </DL_ZONE>
			<DL_ZONE gedi_type="GraphicRegion" id="350" col="235" row="1431" width="18" height="20" function="form-field"> </DL_ZONE>
			<DL_ZONE gedi_type="GraphicRegion" id="351" col="235" row="1471" width="22" height="22" function="form-field"> </DL_ZONE>
			<DL_ZONE gedi_type="GraphicRegion" id="352" col="234" row="1535" width="25" height="18" function="form-field"> </DL_ZONE>
			<DL_ZONE gedi_type="GraphicRegion" id="353" col="235" row="1597" width="21" height="21" function="form-field"> </DL_ZONE>
			<DL_ZONE gedi_type="GraphicRegion" id="354" col="236" row="1638" width="22" height="20" function="form-field"> </DL_ZONE>
			<DL_ZONE gedi_type="GraphicRegion" id="355" col="1481" row="1327" width="36" height="24" function="form-field"> </DL_ZONE>
			<DL_ZONE gedi_type="GraphicRegion" id="356" col="1481" row="1394" width="34" height="24" function="form-field"> </DL_ZONE>
			<DL_ZONE gedi_type="GraphicRegion" id="357" col="1481" row="1434" width="32" height="24" function="form-field"> </DL_ZONE>
			<DL_ZONE gedi_type="GraphicRegion" id="358" col="1481" row="1499" width="34" height="23" function="form-field"> </DL_ZONE>
			<DL_ZONE gedi_type="GraphicRegion" id="359" col="222" row="2013" width="1328" height="20" function="underlined-field"> </DL_ZONE>
			<DL_ZONE gedi_type="GraphicRegion" id="360" col="225" row="2060" width="1322" height="19" function="underlined-field"> </DL_ZONE>
			<DL_ZONE gedi_type="GraphicRegion" id="361" col="222" row="2109" width="1330" height="17" function="underlined-field"> </DL_ZONE>
			<DL_ZONE gedi_type="GraphicRegion" id="362" function="logo" polygon="(1326,134);(1363,112);(1435,113);(1478,142);(1473,170);(1426,187);(1352,184);(1320,163);(1315,142)"> </DL_ZONE>
			<DL_ZONE gedi_type="GraphicRegion" id="363" function="other" polygon="(603,208);(1510,210);(1538,234);(1535,347);(1507,376);(603,372);(603,442);(560,482);(297,484);(249,447);(250,372);(198,372);(177,342);(178,232);(205,206);(250,206);(250,166);(281,126);(561,124);(600,158)"> </DL_ZONE>
			<DL_ZONE gedi_type="GraphicRegion" id="364" col="276" row="161" width="299" height="279" function="logo"> </DL_ZONE>
			<DL_ZONE gedi_type="TableRegion" id="365" col="220" row="777" width="1305" height="441"> </DL_ZONE>
			<DL_ZONE gedi_type="TableRegion" id="366" col="214" row="1725" width="1312" height="127"> </DL_ZONE>
			<DL_ZONE gedi_type="GraphicRegion" id="367" col="245" row="1818" width="72" height="23" function="form-field"> </DL_ZONE>
			<DL_ZONE gedi_type="GraphicRegion" id="368" col="413" row="1818" width="70" height="23" function="form-field"> </DL_ZONE>
			<DL_ZONE gedi_type="GraphicRegion" id="369" col="527" row="1818" width="34" height="22" function="form-field"> </DL_ZONE>
			<DL_ZONE gedi_type="GraphicRegion" id="370" col="607" row="1820" width="67" height="19" function="form-field"> </DL_ZONE>
			<DL_ZONE gedi_type="GraphicRegion" id="371" col="719" row="1816" width="37" height="24" function="form-field"> </DL_ZONE>
			<DL_ZONE gedi_type="GraphicRegion" id="372" col="810" row="1820" width="36" height="20" function="form-field"> </DL_ZONE>
			<DL_ZONE gedi_type="GraphicRegion" id="373" col="894" row="1821" width="34" height="21" function="form-field"> </DL_ZONE>
			<DL_ZONE gedi_type="GraphicRegion" id="374" col="967" row="1820" width="41" height="26" function="form-field"> </DL_ZONE>
			<DL_ZONE gedi_type="GraphicRegion" id="375" col="1051" row="1817" width="38" height="28" function="form-field"> </DL_ZONE>
			<DL_ZONE gedi_type="GraphicRegion" id="376" col="1130" row="1821" width="71" height="25" function="form-field"> </DL_ZONE>
			<DL_ZONE gedi_type="GraphicRegion" id="377" col="1291" row="1820" width="215" height="24" function="form-field"> </DL_ZONE>
			<DL_ZONE gedi_type="NoiseRegion" id="378" col="3" row="0" width="1681" height="240"> </DL_ZONE>
			<DL_ZONE gedi_type="NoiseRegion" id="379" col="1645" row="245" width="37" height="2040"> </DL_ZONE>
			<DL_ZONE gedi_type="Group" id="380" col="224" row="1508" width="1309" height="91" elements="213;347;352"> </DL_ZONE>
		</DL_PAGE>
		<DL_PAGE gedi_type="DL_PAGE" src="ATWJFN.tif" pageID="4" width="1684" height="2288" Sender_Name="" Language_4="" Receiver_Name="" Language_3="" Receiver_Company="" Receiver_Address="" Sender_Company="" Sender_Phone="" Receiver_Fax="" Document_Location="" Receiver_Phone="" Sender_Address="" Sender_Fax="" NumPage="4" Document_Date="" Category="" Document_Object="" Language_1="" Language_2="" Script_1="" Script_2="">
			<DL_ZONE gedi_type="TextRegion" id="230" col="626" row="266" width="814" height="66" contents="Demande de bourse nationale de lycée" script="typed" function_2="object" function_1="title" language="french"> </DL_ZONE>
			<DL_ZONE gedi_type="TextRegion" id="231" col="1317" row="176" width="155" height="29" contents="N° 11319*09" script="typed" function_1="reference" language="french"> </DL_ZONE>
			<DL_ZONE gedi_type="TextRegion" id="232" col="1338" row="116" width="111" height="58" contents="cerfa" script="typed" language="french"> </DL_ZONE>
			<DL_ZONE gedi_type="TextRegion" id="233" col="256" row="177" width="185" height="162" contents="¤ministère&#10;éducation&#10;nationale&#10;jeunesse&#10;vie associative¤" script="typed" language="french"> </DL_ZONE>
			<DL_ZONE gedi_type="TextRegion" id="234" col="442" row="181" width="72" height="158" contents="É" script="typed" language="french"> </DL_ZONE>
			<DL_ZONE gedi_type="TextRegion" id="235" col="208" row="495" width="654" height="67" contents="4 - Pièces à joindre à votre dossier" script="typed" language="french"> </DL_ZONE>
			<DL_ZONE gedi_type="TextRegion" id="239" col="229" row="697" width="359" height="52" contents="Selon votre situation" script="typed" language="french"> </DL_ZONE>
			<DL_ZONE gedi_type="TextRegion" id="240" col="1023" row="696" width="282" height="53" contents="Pièces à fournir" script="typed" language="french"> </DL_ZONE>
			<DL_ZONE gedi_type="TextRegion" id="241" col="172" row="763" width="395" height="40" contents="Si vous êtes divorcé(e) ou séparé(e)" script="typed" language="french"> </DL_ZONE>
			<DL_ZONE gedi_type="TextRegion" id="242" col="172" row="828" width="503" height="32" contents="Si vous vivez seul(e) avec votre (vos) enfant(s)" script="typed" language="french"> </DL_ZONE>
			<DL_ZONE gedi_type="TextRegion" id="243" col="795" row="765" width="646" height="55" contents="La copie du jugement indiquant les dispositions relatives à la&#10;résidence de l'enfant et à la pension alimentaire versée" script="typed" language="french"> </DL_ZONE>
			<DL_ZONE gedi_type="TextRegion" id="244" col="794" row="824" width="681" height="35" contents="Une déclaration sur l'honneur indiquant la situation de la famille" script="typed" language="french"> </DL_ZONE>
			<DL_ZONE gedi_type="TextRegion" id="245" col="794" row="867" width="596" height="43" contents="L'avis d'imposition sur le revenu de chacun des parents" script="typed" language="french"> </DL_ZONE>
			<DL_ZONE gedi_type="TextRegion" id="246" col="170" row="863" width="595" height="60" contents="Si l'enfant pour lequel vous demandez la bourse est en&#10;résidence alternée" script="typed" language="french"> </DL_ZONE>
			<DL_ZONE gedi_type="TextRegion" id="247" col="171" row="930" width="604" height="58" contents="Si votre demande concerne un enfant dont vous avez la&#10;tutelle" script="typed" language="french"> </DL_ZONE>
			<DL_ZONE gedi_type="TextRegion" id="248" col="171" row="993" width="604" height="65" contents="Si un ascendant atteint d'un handicap ou d'une maladie&#10;grave vit chez vous" script="typed" language="french"> </DL_ZONE>
			<DL_ZONE gedi_type="TextRegion" id="249" col="793" row="932" width="663" height="56" contents="La copie de décision de justice désignant le tuteur ou de la&#10;décision du conseil de famille" script="typed" language="french"> </DL_ZONE>
			<DL_ZONE gedi_type="TextRegion" id="250" col="789" row="988" width="750" height="108" contents="Une attestation de la Maison départementale des personnes&#10;handicapées (MDPH) précisant le taux de handicap.&#10;Pour maladie grave, un certificat médical attestant d'une Affection de&#10;Longue Durée (liste ALD30-31-32 du code de la sécurité sociale)" script="typed" language="french"> </DL_ZONE>
			<DL_ZONE gedi_type="TextRegion" id="251" col="791" row="1100" width="623" height="63" contents="Une attestation de la MDPH précisant le taux de handicap&#10;(AEEH : allocation pour l'éducation de l'enfant handicapé)" script="typed" language="french"> </DL_ZONE>
			<DL_ZONE gedi_type="TextRegion" id="252" col="789" row="1164" width="715" height="58" contents="Copie de l'arrêt de travail ou attestation de l'organisme de sécurité&#10;sociale" script="typed" language="french"> </DL_ZONE>
			<DL_ZONE gedi_type="TextRegion" id="253" col="792" row="1225" width="654" height="40" contents="Attestation de pension d'invalidité ou attestation de la MDPH" script="typed" language="french"> </DL_ZONE>
			<DL_ZONE gedi_type="TextRegion" id="254" col="172" row="1102" width="584" height="58" contents="Si un de vos enfants atteint d'un handicap permanent,&#10;n'ayant pas droit à l'AEEH, vit chez vous" script="typed" language="french"> </DL_ZONE>
			<DL_ZONE gedi_type="TextRegion" id="255" col="171" row="1162" width="591" height="62" contents="Si l'un des conjoints est en arrêt de travail pour longue&#10;maladie ou affection de longue durée" script="typed" language="french"> </DL_ZONE>
			<DL_ZONE gedi_type="TextRegion" id="256" col="165" row="1224" width="604" height="90" contents="Si l'un des conjoints perçoit une pension d'invalidité ou&#10;une allocation aux adultes handicapée et n'exerce pas&#10;d'activité professionnelle" script="typed" language="french"> </DL_ZONE>
			<DL_ZONE gedi_type="TextRegion" id="257" col="170" row="1315" width="534" height="60" contents="Si vous êtes au chômage depuis le 1er janvier de&#10;l'année dernière" script="typed" language="french"> </DL_ZONE>
			<DL_ZONE gedi_type="TextRegion" id="258" col="169" row="1382" width="594" height="64" contents="Si vous avez repris une activité professionnelle depuis&#10;le 1er janvier de l'année dernière" script="typed" language="french"> </DL_ZONE>
			<DL_ZONE gedi_type="TextRegion" id="259" col="791" row="1379" width="657" height="67" contents="Les copies ces trois bulletins de salaire qui suivent la reprise&#10;d'activité" script="typed" language="french"> </DL_ZONE>
			<DL_ZONE gedi_type="TextRegion" id="260" col="789" row="1313" width="693" height="63" contents="L'avis de décision du pôle emploi précisant le montant journalier&#10;alloué, ainsi que le dernier avis de paiement" script="typed" language="french"> </DL_ZONE>
			<DL_ZONE gedi_type="TextRegion" id="261" col="210" row="1464" width="543" height="66" contents="5 - Engagement de la famille" script="typed" language="french"> </DL_ZONE>
			<DL_ZONE gedi_type="TextRegion" id="262" col="226" row="1526" width="1031" height="33" contents="Vous devez dater et signer la rubrique suivante (en cochant la case qui correspond à votre situation)" script="typed" language="french"> </DL_ZONE>
			<DL_ZONE gedi_type="TextRegion" id="263" col="208" row="1650" width="264" height="34" nextZoneID="264" contents="Date et signature :" script="typed" language="french"> </DL_ZONE>
			<DL_ZONE gedi_type="TextRegion" id="264" col="476" row="1645" width="294" height="60" contents="03/05/2012" script="hand" language="french"> </DL_ZONE>
			<DL_ZONE gedi_type="TextRegion" id="265" col="232" row="1566" width="257" height="29" contents="Je soussigné(e) le père" script="typed" language="french"> </DL_ZONE>
			<DL_ZONE gedi_type="TextRegion" id="266" col="533" row="1566" width="126" height="28" contents="ou la mère" script="typed" language="french"> </DL_ZONE>
			<DL_ZONE gedi_type="TextRegion" id="267" col="706" row="1563" width="396" height="31" contents="ou le (le) représentant(e) de l'enfant" script="typed" language="french"> </DL_ZONE>
			<DL_ZONE gedi_type="TextRegion" id="268" col="230" row="1597" width="923" height="30" contents="Certifie sur l'honneur que les renseignements portés sur cette déclaration sont exacts :" script="typed" language="french"> </DL_ZONE>
			<DL_ZONE gedi_type="TextRegion" id="269" col="225" row="1770" width="1300" height="107" contents="La loi punit quiconque se rend coupable de fraudes ou de fausses déclarations (loi n°68-690 du 31 juillet 1968, article 22).&#10;La loi n° 78-17 du 6 janvier 1978 relative à l'informatique, aux fichiers nominatifs et aux libertés s'applique aux réponses données dans ce&#10;formulaire. Elle vous garantit à vous et à l'enfant pour lequel est faite le demande un droit d'accès et de rectification pour les données les&#10;concernant auprès du service académique dans lequel la demande est envoyée" script="typed" language="french"> </DL_ZONE>
			<DL_ZONE gedi_type="TextRegion" id="270" col="942" row="1897" width="410" height="62" contents="Signature du chef d'établissement&#10;&amp; timbre de l'établissement :" script="typed" language="french"> </DL_ZONE>
			<DL_ZONE gedi_type="TextRegion" id="271" col="940" row="2109" width="93" height="32" contents="DATE :" script="typed" language="french"> </DL_ZONE>
			<DL_ZONE gedi_type="TextRegion" id="272" col="188" row="1897" width="585" height="109" contents="Rubrique réservée au chef d'établissement&#10;Après vérification des renseignements indiquée par la famille&#10;en ce qui concerne l'établissement et la classe actuellement&#10;fréquentes par l'élève." script="typed" language="french"> </DL_ZONE>
			<DL_ZONE gedi_type="TextRegion" id="273" col="189" row="2009" width="399" height="39" contents="OBSERVATIONS EVENTUELLES :" script="typed" language="french"> </DL_ZONE>
			<DL_ZONE gedi_type="TextRegion" id="381" polygon="(232,564);(555,565);(555,601);(1182,602);(1180,633);(1497,635);(1498,685);(233,683)" contents="Dans tous les cas :&#10;- une photocopie complète de votre avis d'imposition sur le revenu&#10;- une attestation de prestation de la CAF indiquant les personnes à charge de votre foyer" script="typed" language="french"> </DL_ZONE>
			<DL_ZONE gedi_type="GraphicRegion" id="382" function="signature" polygon="(752,1762);(832,1657);(982,1672);(859,1761)"> </DL_ZONE>
			<DL_ZONE gedi_type="GraphicRegion" id="383" function="logo" polygon="(1327,130);(1382,107);(1450,113);(1481,144);(1469,168);(1415,182);(1345,179);(1315,154)"> </DL_ZONE>
			<DL_ZONE gedi_type="GraphicRegion" id="384" function="other" polygon="(581,208);(1486,206);(1512,229);(1506,355);(1479,371);(580,372);(579,445);(540,484);(266,482);(227,440);(227,370);(178,371);(153,342);(153,228);(172,206);(228,208);(227,172);(268,126);(545,126);(579,162)"> </DL_ZONE>
			<DL_ZONE gedi_type="GraphicRegion" id="385" col="253" row="172" width="296" height="278" function="logo"> </DL_ZONE>
			<DL_ZONE gedi_type="GraphicRegion" id="386" col="1113" row="1569" width="25" height="22" function="form-field"> </DL_ZONE>
			<DL_ZONE gedi_type="GraphicRegion" id="387" col="499" row="1570" width="22" height="20" function="form-field"> </DL_ZONE>
			<DL_ZONE gedi_type="GraphicRegion" id="388" col="674" row="1568" width="21" height="23" function="form-field"> </DL_ZONE>
			<DL_ZONE gedi_type="GraphicRegion" id="389" col="1035" row="2113" width="287" height="27" function="form-field"> </DL_ZONE>
			<DL_ZONE gedi_type="GraphicRegion" id="390" function="other" polygon="(173,1886);(153,1918);(150,2136);(185,2172);(1498,2171);(1533,2135);(1530,1908);(1490,1873)"> </DL_ZONE>
			<DL_ZONE gedi_type="GraphicRegion" id="391" function="other" polygon="(172,1623);(153,1647);(154,1757);(181,1781);(1504,1778);(1533,1754);(1529,1637);(1499,1617)"> </DL_ZONE>
			<DL_ZONE gedi_type="TableRegion" id="392" col="161" row="689" width="1388" height="759"> </DL_ZONE>
			<DL_ZONE gedi_type="LineDrawingRegion" id="393" col="497" row="1557" width="36" height="44"> </DL_ZONE>
			<DL_ZONE gedi_type="Group" id="394" col="222" row="1547" width="321" height="64" elements="265;387;393"> </DL_ZONE>
			<DL_ZONE gedi_type="NoiseRegion" id="395" col="2" row="1" width="1682" height="239"> </DL_ZONE>
			<DL_ZONE gedi_type="NoiseRegion" id="396" col="1661" row="242" width="21" height="2042"> </DL_ZONE>
		</DL_PAGE>
	</DL_DOCUMENT>
</GEDI>