<?xml version="1.0" encoding="UTF-8"?>
<!--GEDI was developed at Language and Media Processing Laboratory, University of Maryland.-->

<GEDI xmlns="http://lamp.cfar.umd.edu/media/projects/GEDI/" GEDI_version="2.3.19" GEDI_date="12/23/2011">
	<USER name="MDR-P1" date="3/21/2013 16:09" dateFormat="mm/dd/yyyy hh:mm">	</USER>
	<USER name="MDR-P8" date="5/22/2013 18:47" dateFormat="mm/dd/yyyy hh:mm">	</USER>
	<USER name="MDR-R1" date="10/29/2012 14:44" dateFormat="mm/dd/yyyy hh:mm">	</USER>
	<USER name="MDR-R2" date="11/5/2012 15:24" dateFormat="mm/dd/yyyy hh:mm">	</USER>
	<USER name="MDR-R4" date="2/5/2013 13:49" dateFormat="mm/dd/yyyy hh:mm">	</USER>
	<USER name="MDR-R6" date="10/22/2012 11:28" dateFormat="mm/dd/yyyy hh:mm">	</USER>
	<USER name="Manuela" date="7/13/2012 11:25" dateFormat="mm/dd/yyyy hh:mm">	</USER>
	<USER name="Marnissi" date="6/7/2012 11:31" dateFormat="mm/dd/yyyy hh:mm">	</USER>
	<USER name="Mohamed" date="7/3/2012 21:49" dateFormat="mm/dd/yyyy hh:mm">	</USER>
	<DL_DOCUMENT src="AWJFNG.tif" docTag="xml" NrOfPages="1">
		<DL_PAGE gedi_type="DL_PAGE" src="AWJFNG.tif" pageID="1" width="1700" height="2338" Language_4="" Receiver_Name="" Language_3="" Receiver_Company="" Receiver_Address="" Sender_Company="" Sender_Phone="" Receiver_Fax="" Document_Location="" Receiver_Phone="" Sender_Fax="" Document_Object="استمارة ترفيع فئة العضوية" Language_1="arabic" Language_2="english" NumPage="1" Script_1="typed" Script_2="hand" Sender_Address="شارع البريد، حي الأمل - الرباط" Document_Date="03/05/2011" Category="C1" Sender_Name="أنس الجابي">
			<DL_ZONE gedi_type="TextRegion" id="1" col="184" row="131" width="229" height="112" contents="MEMBERSHIP&#10;UPGRADING&#10;REQUISITION" script="typed" function_2="title" function_1="object" language="english"> </DL_ZONE>
			<DL_ZONE gedi_type="TextRegion" id="2" col="1107" row="124" width="304" height="105" contents="استمارة ترفيع فئة&#10;العضوية" script="typed" function_2="title" function_1="object" language="arabic"> </DL_ZONE>
			<DL_ZONE gedi_type="TextRegion" id="3" nextZoneID="6" col="1447" row="402" width="69" height="45" contents="الإسم:" script="typed" language="arabic"> </DL_ZONE>
			<DL_ZONE gedi_type="TextRegion" id="4" col="872" row="407" width="93" height="40" contents="Name:" script="typed" language="english"> </DL_ZONE>
			<DL_ZONE gedi_type="TextRegion" id="5" nextZoneID="16" col="622" row="401" width="150" height="44" contents="تاريخ الميلاد:" script="typed" language="arabic"> </DL_ZONE>
			<DL_ZONE gedi_type="TextRegion" id="6" col="1017" row="377" width="400" height="82" contents="أنس الجابي" script="hand" language="arabic"> </DL_ZONE>
			<DL_ZONE gedi_type="TextRegion" id="7" nextZoneID="9" col="1363" row="513" width="153" height="42" contents="رقم العضوية:" script="typed" language="arabic"> </DL_ZONE>
			<DL_ZONE gedi_type="TextRegion" id="8" col="1307" row="553" width="210" height="37" contents="Membership No." script="typed" language="english"> </DL_ZONE>
			<DL_ZONE gedi_type="TextRegion" id="9" col="1219" row="499" width="80" height="57" contents="12" script="hand" function_1="reference" language="arabic"> </DL_ZONE>
			<DL_ZONE gedi_type="TextRegion" id="10" nextZoneID="65" col="862" row="513" width="165" height="40" contents="تاريخ الالتحاق:" script="typed" language="arabic"> </DL_ZONE>
			<DL_ZONE gedi_type="TextRegion" id="11" col="840" row="556" width="189" height="40" contents="Date of Joining" script="typed" language="english"> </DL_ZONE>
			<DL_ZONE gedi_type="TextRegion" id="12" nextZoneID="14" col="352" row="515" width="231" height="37" contents="فئة العضوية المطلوبة:" script="typed" language="arabic"> </DL_ZONE>
			<DL_ZONE gedi_type="TextRegion" id="13" col="364" row="556" width="221" height="36" contents="Required Mem.Cat" script="typed" language="english"> </DL_ZONE>
			<DL_ZONE gedi_type="TextRegion" id="14" col="120" row="508" width="206" height="70" contents="منتسب" script="hand" language="arabic"> </DL_ZONE>
			<DL_ZONE gedi_type="TextRegion" id="15" col="153" row="413" width="163" height="39" contents="Date of Birth:" script="typed" language="english"> </DL_ZONE>
			<DL_ZONE gedi_type="TextRegion" id="16" col="321" row="380" width="277" height="77" contents="1967/4/06" script="hand" language="arabic"> </DL_ZONE>
			<DL_ZONE gedi_type="TextRegion" id="17" nextZoneID="66" col="632" row="691" width="140" height="48" contents="الاختصاص:" script="typed" language="arabic"> </DL_ZONE>
			<DL_ZONE gedi_type="TextRegion" id="18" col="843" row="694" width="181" height="45" contents="Qualification:" script="typed" language="english"> </DL_ZONE>
			<DL_ZONE gedi_type="TextRegion" id="19" nextZoneID="20" col="1397" row="691" width="118" height="47" contents="المؤهلات:" script="typed" language="arabic"> </DL_ZONE>
			<DL_ZONE gedi_type="TextRegion" id="20" col="1049" row="670" width="325" height="99" contents="دبلوم تقتي" script="hand" language="arabic"> </DL_ZONE>
			<DL_ZONE gedi_type="TextRegion" id="21" col="152" row="699" width="134" height="43" contents="Discipline:" script="typed" language="english"> </DL_ZONE>
			<DL_ZONE gedi_type="TextRegion" id="22" nextZoneID="67" col="1172" row="803" width="286" height="49" contents="عنوان وجهة العمل الحالية:" script="typed" language="arabic"> </DL_ZONE>
			<DL_ZONE gedi_type="TextRegion" id="23" nextZoneID="24" col="1336" row="917" width="178" height="51" contents="المسمى الوظيفي" script="typed" language="arabic"> </DL_ZONE>
			<DL_ZONE gedi_type="TextRegion" id="24" col="1077" row="902" width="208" height="88" contents="تقني" script="hand" language="arabic"> </DL_ZONE>
			<DL_ZONE gedi_type="TextRegion" id="25" col="837" row="922" width="126" height="42" contents="Job Title :" script="typed" language="english"> </DL_ZONE>
			<DL_ZONE gedi_type="TextRegion" id="26" nextZoneID="27" col="565" row="918" width="202" height="42" contents="عدد سنوات الخبرة:" script="typed" language="arabic"> </DL_ZONE>
			<DL_ZONE gedi_type="TextRegion" id="27" col="433" row="901" width="77" height="79" contents="7" script="hand" language="arabic"> </DL_ZONE>
			<DL_ZONE gedi_type="TextRegion" id="28" col="131" row="925" width="229" height="42" contents="Years Of ¤{Experince/Experience}¤" script="typed" language="english"> </DL_ZONE>
			<DL_ZONE gedi_type="TextRegion" id="29" nextZoneID="71" col="324" row="1028" width="136" height="39" contents="فئة العضوية" script="typed" language="arabic"> </DL_ZONE>
			<DL_ZONE gedi_type="TextRegion" id="30" col="333" row="1071" width="121" height="34" contents="Category" script="typed" language="english"> </DL_ZONE>
			<DL_ZONE gedi_type="TextRegion" id="31" nextZoneID="33" col="1156" row="1027" width="354" height="40" contents="عضوية الجمعيات المهنية الاخرى:" script="typed" language="arabic"> </DL_ZONE>
			<DL_ZONE gedi_type="TextRegion" id="32" col="1054" row="1067" width="467" height="29" contents="Membership of other Prof. Institutions" script="typed" language="english"> </DL_ZONE>
			<DL_ZONE gedi_type="TextRegion" id="33" nextZoneID="68" col="1464" row="1101" width="39" height="34" contents="(1" script="typed" language="arabic"> </DL_ZONE>
			<DL_ZONE gedi_type="TextRegion" id="34" nextZoneID="69" col="1463" row="1152" width="39" height="43" contents="(2" script="typed" language="arabic"> </DL_ZONE>
			<DL_ZONE gedi_type="TextRegion" id="35" nextZoneID="70" col="1459" row="1204" width="45" height="41" contents="(3" script="typed" language="arabic"> </DL_ZONE>
			<DL_ZONE gedi_type="TextRegion" id="36" col="1292" row="1298" width="199" height="39" contents="توقيع مقدم الطلب:" script="typed" language="arabic"> </DL_ZONE>
			<DL_ZONE gedi_type="TextRegion" id="37" nextZoneID="38" col="658" row="1300" width="86" height="47" contents="التاريخ:" script="typed" language="arabic"> </DL_ZONE>
			<DL_ZONE gedi_type="TextRegion" id="38" col="305" row="1275" width="325" height="75" contents="2011/5/03" script="hand" function_1="date" language="arabic"> </DL_ZONE>
			<DL_ZONE gedi_type="TextRegion" id="39" col="503" row="1369" width="984" height="112" contents="ملاحظة:&#10;- يجب أرفاق نسخة من إفادة التخرج في حالة طلب ترفيع العضوية إلى فئة&quot;خريج&quot;&#10;- يجب إرفاق شهادة عمل لفترة لا تقل عن 3 سنوات في حالة طلب ترفيع العضوية إلى فئة &quot;عامل.&quot;" script="typed" language="arabic"> </DL_ZONE>
			<DL_ZONE gedi_type="TextRegion" id="40" col="92" row="1481" width="1216" height="103" contents="Note:&#10;- Attach confirmation of graduation, if applied to &quot;Graduate&quot; category.&#10;- Attach letter of employment for minimum 3 years, if applied to &quot;Member&quot; category" script="typed" language="english"> </DL_ZONE>
			<DL_ZONE gedi_type="TextRegion" id="41" col="1306" row="1614" width="212" height="35" contents="للاستخدام الرسمي :" script="typed" language="arabic"> </DL_ZONE>
			<DL_ZONE gedi_type="TextRegion" id="42" col="995" row="1671" width="37" height="38" contents="لا" script="typed" language="arabic"> </DL_ZONE>
			<DL_ZONE gedi_type="TextRegion" id="43" col="1174" row="1675" width="46" height="37" contents="نعم" script="typed" language="arabic"> </DL_ZONE>
			<DL_ZONE gedi_type="TextRegion" id="44" col="1263" row="1671" width="261" height="48" contents="تم استلام إفادة التخرج:" script="typed" language="arabic"> </DL_ZONE>
			<DL_ZONE gedi_type="TextRegion" id="45" col="523" row="1673" width="217" height="47" contents="استلام شهادة عمل:" script="typed" language="arabic"> </DL_ZONE>
			<DL_ZONE gedi_type="TextRegion" id="46" col="398" row="1678" width="49" height="38" contents="نعم" script="typed" language="arabic"> </DL_ZONE>
			<DL_ZONE gedi_type="TextRegion" id="47" col="223" row="1672" width="30" height="44" contents="لا" script="typed" language="arabic"> </DL_ZONE>
			<DL_ZONE gedi_type="TextRegion" id="48" col="1419" row="1821" width="96" height="38" contents="ملاحظة:" script="typed" language="arabic"> </DL_ZONE>
			<DL_ZONE gedi_type="TextRegion" id="49" col="1118" row="1893" width="400" height="51" contents="تواقيع أعضاء لجنة شئون الأعضاء:" script="typed" language="arabic"> </DL_ZONE>
			<DL_ZONE gedi_type="TextRegion" id="50" col="1023" row="1747" width="161" height="46" contents="تم قبول الطلب" script="typed" language="arabic"> </DL_ZONE>
			<DL_ZONE gedi_type="TextRegion" id="51" col="727" row="1748" width="172" height="44" contents="تم رفض الطلب" script="typed" language="arabic"> </DL_ZONE>
			<DL_ZONE gedi_type="TextRegion" id="52" col="979" row="2048" width="122" height="45" contents="أمين السر" script="typed" language="arabic"> </DL_ZONE>
			<DL_ZONE gedi_type="TextRegion" id="53" col="1202" row="2052" width="298" height="45" contents="مدير شئون الأعضاء والمهنة" script="typed" language="arabic"> </DL_ZONE>
			<DL_ZONE gedi_type="TextRegion" id="54" col="511" row="2050" width="382" height="48" contents="عضو لجنة شئون الأعضاء والمهنة" script="typed" language="arabic"> </DL_ZONE>
			<DL_ZONE gedi_type="TextRegion" id="55" col="106" row="2052" width="376" height="46" contents="عضو لجنة شئون الأعضاء والمهنة" script="typed" language="arabic"> </DL_ZONE>
			<DL_ZONE gedi_type="GraphicRegion" id="56" col="106" row="1848" width="1332" height="20" function="underlined-field"> </DL_ZONE>
			<DL_ZONE gedi_type="TextRegion" id="57" col="123" row="813" width="290" height="38" contents="Present Work Address:" script="typed" language="english"> </DL_ZONE>
			<DL_ZONE gedi_type="TextRegion" id="60" col="98" row="1619" width="425" height="34" contents="FOR OFFICIAL ONLY:" script="typed" language="english"> </DL_ZONE>
			<DL_ZONE gedi_type="SeparatorRegion" id="61" col="1177" row="2042" width="345" height="20"> </DL_ZONE>
			<DL_ZONE gedi_type="SeparatorRegion" id="62" col="932" row="2035" width="212" height="19"> </DL_ZONE>
			<DL_ZONE gedi_type="SeparatorRegion" id="63" col="523" row="2040" width="362" height="16"> </DL_ZONE>
			<DL_ZONE gedi_type="SeparatorRegion" id="64" col="123" row="2043" width="343" height="15"> </DL_ZONE>
			<DL_ZONE gedi_type="TextRegion" id="65" polygon="(619,500);(731,481);(802,483);(851,499);(856,551);(783,571);(620,566)" contents="2004/5/02" script="hand" language="arabic"> </DL_ZONE>
			<DL_ZONE gedi_type="TextRegion" id="66" col="287" row="680" width="315" height="75" contents="الإعلاميات" script="hand" language="arabic"> </DL_ZONE>
			<DL_ZONE gedi_type="TextRegion" id="67" polygon="(1122,782);(395,785);(415,842);(465,871);(1042,884);(1128,844)" contents="شارع البريد، حي الأمل - الرباط" script="hand" language="arabic"> </DL_ZONE>
			<DL_ZONE gedi_type="TextRegion" id="68" nextZoneID="34" col="1086" row="1094" width="325" height="47" contents="جمعية الأفق" script="hand" language="arabic"> </DL_ZONE>
			<DL_ZONE gedi_type="TextRegion" id="69" nextZoneID="35" col="1082" row="1139" width="351" height="63" contents="جمعية الأمل" script="hand" language="arabic"> </DL_ZONE>
			<DL_ZONE gedi_type="TextRegion" id="70" col="775" row="1194" width="658" height="67" contents="جمعية الصدق والأمانة" script="hand" language="arabic"> </DL_ZONE>
			<DL_ZONE gedi_type="TextRegion" id="71" nextZoneID="72" polygon="(367,1094);(445,1087);(503,1111);(504,1142);(332,1151);(331,1127)" contents="عامل" script="hand" language="arabic"> </DL_ZONE>
			<DL_ZONE gedi_type="TextRegion" id="72" nextZoneID="73" polygon="(379,1151);(455,1146);(514,1163);(512,1193);(356,1209);(318,1200)" contents="عامل" script="hand" language="arabic"> </DL_ZONE>
			<DL_ZONE gedi_type="TextRegion" id="73" polygon="(373,1207);(460,1201);(518,1219);(513,1251);(346,1270);(316,1254)" contents="عامل" script="hand" language="arabic"> </DL_ZONE>
			<DL_ZONE gedi_type="GraphicRegion" id="77" function="signature" polygon="(1035,1278);(1155,1218);(1181,1238);(1151,1298);(1248,1301);(1236,1350);(1053,1386);(941,1424);(925,1417)"> </DL_ZONE>
			<DL_ZONE gedi_type="GraphicRegion" id="78" function="logo" polygon="(764,156);(776,132);(805,126);(820,139);(835,174);(892,166);(909,180);(895,204);(870,221);(907,253);(903,278);(874,282);(833,272);(819,315);(797,317);(775,308);(765,274);(699,280);(689,256);(722,221);(690,188);(695,163);(715,161);(759,170)"> </DL_ZONE>
			<DL_ZONE gedi_type="GraphicRegion" id="79" col="954" row="425" width="508" height="20" function="underlined-field"> </DL_ZONE>
			<DL_ZONE gedi_type="GraphicRegion" id="80" col="314" row="428" width="322" height="17" function="underlined-field"> </DL_ZONE>
			<DL_ZONE gedi_type="GraphicRegion" id="81" col="138" row="538" width="223" height="24" function="underlined-field"> </DL_ZONE>
			<DL_ZONE gedi_type="GraphicRegion" id="82" col="662" row="538" width="200" height="19" function="underlined-field"> </DL_ZONE>
			<DL_ZONE gedi_type="GraphicRegion" id="83" col="1144" row="534" width="221" height="20" function="underlined-field"> </DL_ZONE>
			<DL_ZONE gedi_type="GraphicRegion" id="84" col="1018" row="718" width="397" height="15" function="underlined-field"> </DL_ZONE>
			<DL_ZONE gedi_type="GraphicRegion" id="85" col="284" row="726" width="359" height="13" function="underlined-field"> </DL_ZONE>
			<DL_ZONE gedi_type="GraphicRegion" id="86" col="427" row="828" width="745" height="16" function="underlined-field"> </DL_ZONE>
			<DL_ZONE gedi_type="GraphicRegion" id="87" col="354" row="943" width="225" height="19" function="underlined-field"> </DL_ZONE>
			<DL_ZONE gedi_type="GraphicRegion" id="88" col="956" row="935" width="391" height="15" function="underlined-field"> </DL_ZONE>
			<DL_ZONE gedi_type="GraphicRegion" id="89" col="133" row="1122" width="498" height="19" function="underlined-field"> </DL_ZONE>
			<DL_ZONE gedi_type="GraphicRegion" id="90" col="789" row="1116" width="683" height="18" function="underlined-field"> </DL_ZONE>
			<DL_ZONE gedi_type="GraphicRegion" id="91" col="789" row="1174" width="682" height="18" function="underlined-field"> </DL_ZONE>
			<DL_ZONE gedi_type="GraphicRegion" id="92" col="789" row="1232" width="682" height="18" function="underlined-field"> </DL_ZONE>
			<DL_ZONE gedi_type="GraphicRegion" id="93" col="133" row="1177" width="499" height="21" function="underlined-field"> </DL_ZONE>
			<DL_ZONE gedi_type="GraphicRegion" id="94" col="134" row="1232" width="496" height="18" function="underlined-field"> </DL_ZONE>
			<DL_ZONE gedi_type="GraphicRegion" id="95" col="185" row="1326" width="483" height="17" function="underlined-field"> </DL_ZONE>
			<DL_ZONE gedi_type="GraphicRegion" id="96" col="907" row="1321" width="396" height="21" function="underlined-field"> </DL_ZONE>
			<DL_ZONE gedi_type="GraphicRegion" id="97" col="171" row="126" width="1254" height="194" function="other"> </DL_ZONE>
			<DL_ZONE gedi_type="GraphicRegion" id="98" col="85" row="367" width="1448" height="1221" function="other"> </DL_ZONE>
			<DL_ZONE gedi_type="GraphicRegion" id="99" col="85" row="1610" width="1445" height="589" function="other"> </DL_ZONE>
			<DL_ZONE gedi_type="NoiseRegion" id="100" col="1575" row="2292" width="15" height="14"> </DL_ZONE>
			<DL_ZONE gedi_type="NoiseRegion" id="101" polygon="(481,2289);(529,2204);(583,2325);(1663,2325);(1663,2337);(411,2337)"> </DL_ZONE>
			<DL_ZONE gedi_type="NoiseRegion" id="107" col="1049" row="2131" width="19" height="15"> </DL_ZONE>
			<DL_ZONE gedi_type="TextRegion" id="108" col="1257" row="795" width="1039" height="187" orientationD="-134.919" contents="ORIGINAL" script="typed" language="english"> </DL_ZONE>
		</DL_PAGE>
	</DL_DOCUMENT>
</GEDI>