<?xml version="1.0" encoding="UTF-8"?>
<!--GEDI was developed at Language and Media Processing Laboratory, University of Maryland.-->

<GEDI xmlns="http://lamp.cfar.umd.edu/media/projects/GEDI/" GEDI_version="2.3.19" GEDI_date="12/23/2011">
	<USER name="Laure" date="5/31/2012 19:19" dateFormat="mm/dd/yyyy hh:mm">	</USER>
	<USER name="MDR-P8" date="3/14/2013 17:58" dateFormat="mm/dd/yyyy hh:mm">	</USER>
	<USER name="MDR_P4" date="10/23/2012 19:12" dateFormat="mm/dd/yyyy hh:mm">	</USER>
	<USER name="Mdr-P5" date="5/28/2013 12:58" dateFormat="mm/dd/yyyy hh:mm">	</USER>
	<USER name="soumaya" date="5/29/2012 18:26" dateFormat="mm/dd/yyyy hh:mm">	</USER>
	<DL_DOCUMENT src="AZHCPI.tif" docTag="xml" NrOfPages="1">
		<DL_PAGE gedi_type="DL_PAGE" src="AZHCPI.tif" pageID="1" width="2484" height="3496" Language_2="" Receiver_Name="" Language_4="" Document_Date="" Language_3="" Receiver_Company="" Receiver_Address="" Sender_Company="" Sender_Phone="" Receiver_Fax="" Document_Location="" Receiver_Phone="" Sender_Fax="" Document_Object="BIRTH AFFIDAVIT" Sender_Address="500 LONDON ROAD DERBY DERBYSHIRE, DERBY" Script_1="typed" Script_2="hand" NumPage="1" Language_1="english" Category="C1" Sender_Name="Ryan COLLINS">
			<DL_ZONE gedi_type="TextRegion" id="1" col="106" row="391" width="2250" height="171" contents="WARNING False statements made knowingly and willfully in passport applications or in affidavits or other supporting documents submitted therewith are punishable by fine&#10;and/or imprisonment under the provisions of 18 U.S.C 1001, 18 U.S.C. 1542, and/or 18 U.S.C. 1621. Alteration or mutilation of a passport issued pursuant to this&#10;application is punishable by fine and/or imprisonment under the provisions of 18 U.S.C. 1543. The use of a passport in violation of the restrictions contained therein or of the&#10;passport regulations is punishable by fine and/or imprisonment under 18 U.S.C. 1544. All statements and documents are subject to verification." script="typed" language="english"> </DL_ZONE>
			<DL_ZONE gedi_type="TextRegion" id="2" col="1910" row="287" width="448" height="88" contents="EXPIRES: 07-31-2014&#10;ESTIMATED BURDEN: 15 MINUTES" script="typed" language="english"> </DL_ZONE>
			<DL_ZONE gedi_type="TextRegion" id="3" col="114" row="575" width="2247" height="253" contents="PURPOSE A birth affidavit should be submitted (with an application for a U.S. passport) when an acceptable birth certificate cannot be obtained for a person born in the&#10;United States. The affidavit must be accompanied by a notice from the appropriate authorities indicating that no birth record exists and a photocopy of the front&#10;and hack side of the affiant‘s identification. A birth affidavit may also be submitted in conjunction with other birth records. A birth affidavit must be made by a person who&#10;has personal knowledge of the facts of the birth of the person whose birth in the United States is to be proved. The affidavit shall state briefly how his/her knowledge was&#10;acquired. It is preferred that the affidavit be made by an older blood relative. although it may be made by the attending physician or any other person who has personal&#10;knowledge of the birth. Completed affidavits will be retained by Passport Services. Requests for copies of this affidavit should be made at the time of execution." script="typed" language="english"> </DL_ZONE>
			<DL_ZONE gedi_type="TextRegion" id="4" col="109" row="852" width="1402" height="51" contents="1. Name of Applicant Whose Birth in the United States is to be proved" script="typed" language="english"> </DL_ZONE>
			<DL_ZONE gedi_type="TextRegion" id="5" col="2001" row="855" width="141" height="56" contents="2. Sex" script="typed" language="english"> </DL_ZONE>
			<DL_ZONE gedi_type="TextRegion" id="6" nextZoneID="7" col="106" row="922" width="93" height="53" contents="Last" script="typed" language="english"> </DL_ZONE>
			<DL_ZONE gedi_type="TextRegion" id="7" col="218" row="922" width="432" height="90" contents="GAUDIN" script="hand" language="english"> </DL_ZONE>
			<DL_ZONE gedi_type="TextRegion" id="8" nextZoneID="9" col="114" row="1012" width="88" height="51" contents="First" script="typed" language="english"> </DL_ZONE>
			<DL_ZONE gedi_type="TextRegion" id="9" col="223" row="1015" width="360" height="96" contents="WENDY" script="hand" language="english"> </DL_ZONE>
			<DL_ZONE gedi_type="TextRegion" id="10" col="1239" row="924" width="277" height="46" contents="Suffix (J r.,Sr.,III)" script="typed" language="english"> </DL_ZONE>
			<DL_ZONE gedi_type="TextRegion" id="11" nextZoneID="12" col="1239" row="1018" width="130" height="50" contents="Middle" script="typed" language="english"> </DL_ZONE>
			<DL_ZONE gedi_type="TextRegion" id="12" col="1375" row="1020" width="325" height="88" contents="MARIE" script="hand" language="english"> </DL_ZONE>
			<DL_ZONE gedi_type="TextRegion" id="13" col="2132" row="948" width="88" height="43" contents="Male" script="typed" language="english"> </DL_ZONE>
			<DL_ZONE gedi_type="TextRegion" id="14" col="2137" row="1052" width="115" height="43" contents="Female" script="typed" language="english"> </DL_ZONE>
			<DL_ZONE gedi_type="TextRegion" id="15" nextZoneID="17" col="109" row="1122" width="815" height="61" contents="3. Applicant's Date of Birth (mm-dd-yyyy)" script="typed" language="english"> </DL_ZONE>
			<DL_ZONE gedi_type="TextRegion" id="16" nextZoneID="18" col="943" row="1122" width="888" height="58" contents="4. Applicant's Place of Birth (City and State)" script="typed" language="english"> </DL_ZONE>
			<DL_ZONE gedi_type="TextRegion" id="17" col="245" row="1199" width="418" height="85" contents="10-5-75" script="hand" language="english"> </DL_ZONE>
			<DL_ZONE gedi_type="TextRegion" id="18" nextZoneID="19" col="1012" row="1210" width="731" height="79" contents="NEW ORLEANS" script="hand" language="english"> </DL_ZONE>
			<DL_ZONE gedi_type="TextRegion" id="19" col="1881" row="1210" width="448" height="66" contents="LUISIANA" script="hand" language="english"> </DL_ZONE>
			<DL_ZONE gedi_type="TextRegion" id="20" col="103" row="1300" width="757" height="59" contents="5. Applicant's Current Home Address" script="typed" language="english"> </DL_ZONE>
			<DL_ZONE gedi_type="TextRegion" id="21" nextZoneID="22" col="101" row="1372" width="133" height="53" contents="Street" script="typed" language="english"> </DL_ZONE>
			<DL_ZONE gedi_type="TextRegion" id="22" col="255" row="1385" width="1120" height="91" contents="1842 ANNUNEIATION ST" script="hand" language="english"> </DL_ZONE>
			<DL_ZONE gedi_type="TextRegion" id="23" nextZoneID="24" col="1807" row="1383" width="293" height="45" contents="Apartment/Unit" script="typed" language="english"> </DL_ZONE>
			<DL_ZONE gedi_type="TextRegion" id="24" col="1974" row="1425" width="203" height="64" contents="4-13" script="hand" language="english"> </DL_ZONE>
			<DL_ZONE gedi_type="TextRegion" id="25" nextZoneID="26" col="1804" row="1487" width="184" height="34" contents="Zip Code" script="typed" language="english"> </DL_ZONE>
			<DL_ZONE gedi_type="TextRegion" id="26" col="1865" row="1527" width="272" height="53" contents="70/30" script="hand" language="english"> </DL_ZONE>
			<DL_ZONE gedi_type="TextRegion" id="27" nextZoneID="28" col="1228" row="1484" width="101" height="48" contents="State" script="typed" language="english"> </DL_ZONE>
			<DL_ZONE gedi_type="TextRegion" id="28" col="1364" row="1492" width="144" height="83" contents="LA" script="hand" language="english"> </DL_ZONE>
			<DL_ZONE gedi_type="TextRegion" id="29" nextZoneID="30" col="106" row="1471" width="83" height="42" contents="City" script="typed" language="english"> </DL_ZONE>
			<DL_ZONE gedi_type="TextRegion" id="30" col="175" row="1492" width="637" height="85" contents="NEW ORLEANS" script="hand" language="english"> </DL_ZONE>
			<DL_ZONE gedi_type="TextRegion" id="31" nextZoneID="34" col="109" row="1591" width="669" height="90" contents="6. Number of years&#10;you have known the applicant" script="typed" language="english"> </DL_ZONE>
			<DL_ZONE gedi_type="TextRegion" id="32" nextZoneID="33" col="943" row="1588" width="1103" height="101" contents="7. Your relationship to the applicant Or&#10;the basis of your knowledge regarding the applicant" script="typed" language="english"> </DL_ZONE>
			<DL_ZONE gedi_type="TextRegion" id="33" col="1039" row="1703" width="829" height="90" contents="FAMILY FRIEND" script="hand" language="english"> </DL_ZONE>
			<DL_ZONE gedi_type="TextRegion" id="34" col="282" row="1692" width="179" height="91" contents="15" script="hand" language="english"> </DL_ZONE>
			<DL_ZONE gedi_type="TextRegion" id="35" nextZoneID="36" col="103" row="1809" width="2005" height="107" contents="8. State all the facts you know about the applicant's birth. State how you obtained this knowledge.&#10;Continue on the back of this form if additional space is required." script="typed" language="english"> </DL_ZONE>
			<DL_ZONE gedi_type="TextRegion" id="36" col="250" row="1945" width="1413" height="277" contents="I am a personal friend of&#10;Wendy's parents" script="hand" language="english"> </DL_ZONE>
			<DL_ZONE gedi_type="TextRegion" id="37" col="111" row="2244" width="2253" height="96" contents="I, the undersigned, do solemnly swear (or Affirm) that the above information given by me is true and correct to the&#10;best of my knowledge and belief." script="typed" language="english"> </DL_ZONE>
			<DL_ZONE gedi_type="TextRegion" id="38" col="191" row="2350" width="795" height="102" contents="RYAN COLLINS" script="hand" language="english"> </DL_ZONE>
			<DL_ZONE gedi_type="TextRegion" id="39" nextZoneID="38" col="354" row="2460" width="496" height="53" contents="Printed Name of Affiant" script="typed" language="english"> </DL_ZONE>
			<DL_ZONE gedi_type="TextRegion" id="40" col="727" row="2545" width="653" height="98" contents="834-96-1817" script="hand" language="english"> </DL_ZONE>
			<DL_ZONE gedi_type="TextRegion" id="41" nextZoneID="57" col="1572" row="2473" width="426" height="53" contents="Signature of Affiant" script="typed" language="english"> </DL_ZONE>
			<DL_ZONE gedi_type="TextRegion" id="42" nextZoneID="40" col="698" row="2651" width="669" height="46" contents="Affiant's Social Security Number" script="typed" language="english"> </DL_ZONE>
			<DL_ZONE gedi_type="TextRegion" id="43" col="162" row="2710" width="2292" height="88" contents="500 LONDON ROAD DERBY DERBYSHIRE, DERBY 13 32 26 86" script="hand" language="english"> </DL_ZONE>
			<DL_ZONE gedi_type="TextRegion" id="44" col="2121" row="2801" width="144" height="45" contents="(S E A L)" script="typed" language="english"> </DL_ZONE>
			<DL_ZONE gedi_type="TextRegion" id="45" nextZoneID="43" col="146" row="2795" width="1143" height="51" contents="Address of Affiant (number and Street, City, State, and AIP Code)" script="typed" language="english"> </DL_ZONE>
			<DL_ZONE gedi_type="TextRegion" id="46" col="162" row="2862" width="1834" height="83" contents="Driver's license, Now 15,2011, 4074315" script="hand" language="english"> </DL_ZONE>
			<DL_ZONE gedi_type="TextRegion" id="47" nextZoneID="46" col="149" row="2942" width="1793" height="53" contents="Identifying Document Submitted (Type of Document, Date of Issuance/Expiration, Document Number)" script="typed" language="english"> </DL_ZONE>
			<DL_ZONE gedi_type="TextRegion" id="48" nextZoneID="58" col="1388" row="3078" width="141" height="50" contents="day of" script="typed" language="english"> </DL_ZONE>
			<DL_ZONE gedi_type="TextRegion" id="50" nextZoneID="48" col="1167" row="3035" width="213" height="91" contents="23rd" script="hand" language="english"> </DL_ZONE>
			<DL_ZONE gedi_type="TextRegion" id="51" nextZoneID="50" col="159" row="3070" width="981" height="56" contents="Subscribed and Sworn to (Affirmed) before me this" script="typed" language="english"> </DL_ZONE>
			<DL_ZONE gedi_type="TextRegion" id="52" nextZoneID="54" col="181" row="3147" width="965" height="99" contents="BRIGETTE M.PIATTOLY" script="hand" language="english"> </DL_ZONE>
			<DL_ZONE gedi_type="TextRegion" id="53" nextZoneID="52" col="149" row="3243" width="1236" height="48" contents="Name of passport Agent, Acceptance Agent, or Notary Public" script="typed" language="english"> </DL_ZONE>
			<DL_ZONE gedi_type="TextRegion" id="54" nextZoneID="56" col="1417" row="3208" width="48" height="40" contents="at" script="typed" language="english"> </DL_ZONE>
			<DL_ZONE gedi_type="TextRegion" id="55" col="1497" row="3155" width="704" height="99" contents="New Orleans, La" script="hand" language="english"> </DL_ZONE>
			<DL_ZONE gedi_type="TextRegion" id="56" nextZoneID="55" col="1479" row="3248" width="805" height="43" contents="Location (Passport Agency or City and State)" script="typed" language="english"> </DL_ZONE>
			<DL_ZONE gedi_type="TextRegion" id="57" polygon="(1388,2422);(1481,2337);(1524,2356);(1783,2345);(2014,2356);(2060,2422);(2025,2465);(1769,2468);(1663,2465);(1540,2478);(1452,2585);(1396,2497);(1383,2420)" contents="Ryan Collins" script="hand" language="english"> </DL_ZONE>
			<DL_ZONE gedi_type="TextRegion" id="58" polygon="(1612,3046);(1633,3027);(2148,3049);(2137,3118);(2097,3131);(1793,3134);(1772,3182);(1708,3187);(1687,3139);(1569,3123);(1612,3043)" contents="May 2012" script="hand" language="english"> </DL_ZONE>
			<DL_ZONE gedi_type="GraphicRegion" id="59" col="2038" row="938" width="75" height="66" function="form-field"> </DL_ZONE>
			<DL_ZONE gedi_type="GraphicRegion" id="60" col="2036" row="1042" width="85" height="56" function="form-field"> </DL_ZONE>
			<DL_ZONE gedi_type="GraphicRegion" id="61" col="114" row="2452" width="970" height="24" function="underlined-field"> </DL_ZONE>
			<DL_ZONE gedi_type="GraphicRegion" id="62" col="1226" row="2452" width="1087" height="21" function="underlined-field"> </DL_ZONE>
			<DL_ZONE gedi_type="GraphicRegion" id="63" col="626" row="2641" width="813" height="16" function="underlined-field"> </DL_ZONE>
			<DL_ZONE gedi_type="GraphicRegion" id="64" col="114" row="2782" width="1826" height="29" function="underlined-field"> </DL_ZONE>
			<DL_ZONE gedi_type="GraphicRegion" id="65" col="114" row="2921" width="1842" height="37" function="underlined-field"> </DL_ZONE>
			<DL_ZONE gedi_type="GraphicRegion" id="66" col="1537" row="3107" width="763" height="24" function="underlined-field"> </DL_ZONE>
			<DL_ZONE gedi_type="GraphicRegion" id="67" col="1151" row="3107" width="232" height="32" function="underlined-field"> </DL_ZONE>
			<DL_ZONE gedi_type="GraphicRegion" id="68" col="1479" row="3240" width="826" height="24" function="underlined-field"> </DL_ZONE>
			<DL_ZONE gedi_type="GraphicRegion" id="69" col="122" row="3227" width="1274" height="27" function="underlined-field"> </DL_ZONE>
			<DL_ZONE gedi_type="TextRegion" id="71" col="970" row="287" width="543" height="72" contents="BIRTH AFFIDAVIT" script="typed" function_2="object" function_1="title" language="english"> </DL_ZONE>
			<DL_ZONE gedi_type="LineDrawingRegion" id="76" polygon="(2060,1052);(2073,1047);(2078,1055);(2105,1044);(2097,1066);(2110,1087);(2084,1095);(2046,1082);(2065,1044)"> </DL_ZONE>
			<DL_ZONE gedi_type="Group" id="108" col="2026" row="1032" width="236" height="76" elements="14;60;76"> </DL_ZONE>
			<DL_ZONE gedi_type="GraphicRegion" id="133" col="79" row="375" width="2322" height="2983" function="other"> </DL_ZONE>
			<DL_ZONE gedi_type="GraphicRegion" id="134" col="101" row="836" width="2273" height="83" function="other"> </DL_ZONE>
			<DL_ZONE gedi_type="GraphicRegion" id="135" col="1988" row="919" width="384" height="101" function="other"> </DL_ZONE>
			<DL_ZONE gedi_type="GraphicRegion" id="136" col="101" row="1111" width="2273" height="85" function="other"> </DL_ZONE>
			<DL_ZONE gedi_type="GraphicRegion" id="137" col="95" row="1292" width="2274" height="80" function="other"> </DL_ZONE>
			<DL_ZONE gedi_type="GraphicRegion" id="138" col="98" row="1580" width="2274" height="117" function="other"> </DL_ZONE>
			<DL_ZONE gedi_type="GraphicRegion" id="139" col="101" row="1799" width="2271" height="138" function="other"> </DL_ZONE>
			<DL_ZONE gedi_type="GraphicRegion" id="140" col="1998" row="1026" width="371" height="85" function="other"> </DL_ZONE>
		</DL_PAGE>
	</DL_DOCUMENT>
</GEDI>