<?xml version="1.0" encoding="UTF-8"?>
<!--GEDI was developed at Language and Media Processing Laboratory, University of Maryland.-->

<GEDI xmlns="http://lamp.cfar.umd.edu/media/projects/GEDI/" GEDI_version="2.3.19" GEDI_date="12/23/2011">
	<USER name="MDR-P1" date="8/13/2012 10:34" dateFormat="mm/dd/yyyy hh:mm">	</USER>
	<USER name="MDR-P6" date="5/28/2013 9:27" dateFormat="mm/dd/yyyy hh:mm">	</USER>
	<USER name="MDR-P7" date="8/16/2012 12:54" dateFormat="mm/dd/yyyy hh:mm">	</USER>
	<USER name="MDR-P8" date="10/31/2012 12:29" dateFormat="mm/dd/yyyy hh:mm">	</USER>
	<DL_DOCUMENT src="AZJBOL.tif" docTag="xml" NrOfPages="1">
		<DL_PAGE gedi_type="DL_PAGE" src="AZJBOL.tif" pageID="1" width="825" height="1167" Language_2="" Language_4="" Receiver_Name="" Language_3="" Receiver_Company="" Receiver_Address="" Receiver_Fax="" Document_Location="" Receiver_Phone="" Category="C3" Document_Date="11/12/2011" Language_1="english" NumPage="1" Script_1="hand" Script_2="typed" Sender_Company="MOONSUN" Document_Object="LETTER TO WORK COLLEAGUES" Sender_Fax="+44(0)19.87.65.43.42" Sender_Phone="+44(0)19.42.88.30.00" Sender_Address="273 NORTH ROAD.,., ATHERTON MANCHESTER LANCASHIRE M46ORF MANCHESTER" Sender_Name="David CHEESMANN">
			<DL_ZONE gedi_type="GraphicRegion" id="1" col="137" row="40" width="195" height="107" function="logo"> </DL_ZONE>
			<DL_ZONE gedi_type="TextRegion" id="2" col="525" row="109" width="124" height="32" contents="11 - 12 - 11" script="hand" function_1="date" language="english"> </DL_ZONE>
			<DL_ZONE gedi_type="TextRegion" id="3" col="338" row="32" width="230" height="71" contents="273 North road.,., Atherton Manchester,&#10;Lancashire M46ORF , Manchester&#10;Tele. 1942883000&#10;Fax 1987654342" script="typed" language="english"> </DL_ZONE>
			<DL_ZONE gedi_type="TextRegion" id="5" col="152" row="190" width="410" height="73" contents="From,&#10;Cheesmann David" script="hand" language="english"> </DL_ZONE>
			<DL_ZONE gedi_type="TextRegion" id="7" col="170" row="297" width="549" height="322" contents="Hello Friends,&#10;Please welcome our new&#10;member Ms Priest Jewel .&#10;and cooperate with her in&#10;all our day to day works." script="hand" function_1="text_section" language="english"> </DL_ZONE>
			<DL_ZONE gedi_type="TextRegion" id="9" col="231" row="669" width="146" height="126" contents="Thanks&#10;yours" script="hand" language="english"> </DL_ZONE>
			<DL_ZONE gedi_type="GraphicRegion" id="11" col="277" row="792" width="108" height="56" function="signature"> </DL_ZONE>
			<DL_ZONE gedi_type="TextRegion" id="12" col="278" row="794" width="101" height="53" contents="chee¤ge¤" script="hand" language="english"> </DL_ZONE>
			<DL_ZONE gedi_type="TextRegion" id="14" col="385" row="996" width="152" height="41" contents="david@rediffmail.com&#10;www.moonsun.com" script="typed" function_1="footer" language="english"> </DL_ZONE>
			<DL_ZONE gedi_type="NoiseRegion" id="15" col="59" row="27" width="98" height="72"> </DL_ZONE>
			<DL_ZONE gedi_type="NoiseRegion" id="16" col="6" row="567" width="12" height="51"> </DL_ZONE>
			<DL_ZONE gedi_type="NoiseRegion" id="17" col="793" row="7" width="29" height="255"> </DL_ZONE>
			<DL_ZONE gedi_type="LineDrawingRegion" id="19" col="356" row="507" width="14" height="14"> </DL_ZONE>
		</DL_PAGE>
	</DL_DOCUMENT>
</GEDI>