<?xml version="1.0" encoding="UTF-8"?>
<!--GEDI was developed at Language and Media Processing Laboratory, University of Maryland.-->

<GEDI xmlns="http://lamp.cfar.umd.edu/media/projects/GEDI/" GEDI_version="2.3.19" GEDI_date="12/23/2011">
	<USER name="Laure" date="5/31/2012 17:39" dateFormat="mm/dd/yyyy hh:mm">	</USER>
	<USER name="MDR-P8" date="3/14/2013 18:17" dateFormat="mm/dd/yyyy hh:mm">	</USER>
	<USER name="MDR_P4" date="10/23/2012 18:40" dateFormat="mm/dd/yyyy hh:mm">	</USER>
	<USER name="Mdr-P5" date="5/28/2013 13:01" dateFormat="mm/dd/yyyy hh:mm">	</USER>
	<USER name="soumaya" date="5/25/2012 16:53" dateFormat="mm/dd/yyyy hh:mm">	</USER>
	<DL_DOCUMENT src="AZSHDI.tif" docTag="xml" NrOfPages="1">
		<DL_PAGE gedi_type="DL_PAGE" src="AZSHDI.tif" pageID="1" width="2492" height="3496" Language_2="" Receiver_Name="" Language_4="" Language_3="" Receiver_Company="" Receiver_Address="" Sender_Company="" Receiver_Fax="" Document_Location="" Receiver_Phone="" Category="C1" Document_Date="22/05/2012" Language_1="english" Script_1="typed" Script_2="hand" Sender_Fax="+44(0)20.75.84.44.11" Sender_Phone="+44(0)20.75.84.44.11" Document_Object="APPLICATION FORM" NumPage="1" Sender_Address="45 PRINCES GATE (EXHIBITION ROAD) LONDON SW72 UK" Sender_Name="Tysson MAC-GREGOR" GEDI_orientation="180">
			<DL_ZONE gedi_type="TextRegion" id="1" col="1862" row="3058" width="494" height="75" contents="Application Form" script="typed" function_2="object" function_1="title" language="english"> </DL_ZONE>
			<DL_ZONE gedi_type="TextRegion" id="2" col="2018" row="2982" width="343" height="55" contents="Please Print Clearly" script="typed" language="english"> </DL_ZONE>
			<DL_ZONE gedi_type="TextRegion" id="3" col="1728" row="2871" width="482" height="68" contents="Mac-Gregor" script="hand" language="english"> </DL_ZONE>
			<DL_ZONE gedi_type="TextRegion" id="4" col="1158" row="2871" width="232" height="76" contents="Tysson" script="hand" language="english"> </DL_ZONE>
			<DL_ZONE gedi_type="TextRegion" id="5" nextZoneID="3" col="2008" row="2833" width="351" height="38" contents="Student's Family Name" script="typed" language="english"> </DL_ZONE>
			<DL_ZONE gedi_type="TextRegion" id="6" nextZoneID="4" col="1136" row="2826" width="325" height="35" contents="Student's First Name" script="typed" language="english"> </DL_ZONE>
			<DL_ZONE gedi_type="TextRegion" id="7" col="364" row="2815" width="75" height="51" contents="Male" script="typed" language="english"> </DL_ZONE>
			<DL_ZONE gedi_type="TextRegion" id="8" col="154" row="2815" width="119" height="46" contents="Female" script="typed" language="english"> </DL_ZONE>
			<DL_ZONE gedi_type="TextRegion" id="9" col="1766" row="2760" width="431" height="63" contents="26/03/1988" script="hand" function_1="date" language="english"> </DL_ZONE>
			<DL_ZONE gedi_type="TextRegion" id="10" col="1057" row="2752" width="250" height="63" contents="London" script="hand" language="english"> </DL_ZONE>
			<DL_ZONE gedi_type="TextRegion" id="11" col="1854" row="2715" width="505" height="45" contents="Date of Birth (Day /Month / Year)" script="typed" language="english"> </DL_ZONE>
			<DL_ZONE gedi_type="TextRegion" id="12" nextZoneID="10" col="1062" row="2710" width="245" height="40" contents="Country of Birth" script="typed" language="english"> </DL_ZONE>
			<DL_ZONE gedi_type="TextRegion" id="13" col="2056" row="2644" width="265" height="63" contents="English" script="hand" language="english"> </DL_ZONE>
			<DL_ZONE gedi_type="TextRegion" id="14" nextZoneID="13" col="2210" row="2601" width="154" height="43" contents="Language" script="typed" language="english"> </DL_ZONE>
			<DL_ZONE gedi_type="TextRegion" id="15" nextZoneID="73" col="1426" row="2588" width="335" height="43" contents="Country of Citizenship" script="typed" language="english"> </DL_ZONE>
			<DL_ZONE gedi_type="TextRegion" id="16" col="553" row="2631" width="270" height="66" contents="Student" script="hand" language="english"> </DL_ZONE>
			<DL_ZONE gedi_type="TextRegion" id="17" nextZoneID="16" col="477" row="2583" width="384" height="46" contents="Occupation (or &quot;student&quot;)" script="typed" language="english"> </DL_ZONE>
			<DL_ZONE gedi_type="TextRegion" id="18" col="803" row="2472" width="1470" height="96" contents="45 Princes Gate ( Exhibition Road)" script="hand" language="english"> </DL_ZONE>
			<DL_ZONE gedi_type="TextRegion" id="19" nextZoneID="18" col="1794" row="2440" width="565" height="48" contents="HOME COUNTRY ADDRESS" script="typed" language="english"> </DL_ZONE>
			<DL_ZONE gedi_type="TextRegion" id="20" nextZoneID="72" col="1912" row="2319" width="452" height="42" contents="Street number &amp; Street Name" script="typed" language="english"> </DL_ZONE>
			<DL_ZONE gedi_type="TextRegion" id="21" col="775" row="2359" width="126" height="66" contents="113" script="hand" function_1="reference" language="english"> </DL_ZONE>
			<DL_ZONE gedi_type="TextRegion" id="22" nextZoneID="21" col="719" row="2311" width="288" height="38" contents="Apartment Number" script="typed" language="english"> </DL_ZONE>
			<DL_ZONE gedi_type="TextRegion" id="23" col="434" row="2235" width="109" height="61" contents="UK" script="hand" function_1="location" language="english"> </DL_ZONE>
			<DL_ZONE gedi_type="TextRegion" id="24" nextZoneID="23" col="432" row="2192" width="123" height="31" contents="Country" script="typed" language="english"> </DL_ZONE>
			<DL_ZONE gedi_type="TextRegion" id="25" nextZoneID="26" col="916" row="2187" width="247" height="53" contents="Postal/Zip Code" script="typed" language="english"> </DL_ZONE>
			<DL_ZONE gedi_type="TextRegion" id="26" col="934" row="2243" width="219" height="66" contents="SW72" script="hand" function_1="reference" language="english"> </DL_ZONE>
			<DL_ZONE gedi_type="TextRegion" id="27" col="1461" row="2198" width="156" height="47" contents="Province" script="typed" language="english"> </DL_ZONE>
			<DL_ZONE gedi_type="TextRegion" id="28" col="2051" row="2248" width="235" height="68" contents="London" script="hand" function_1="location" language="english"> </DL_ZONE>
			<DL_ZONE gedi_type="TextRegion" id="29" nextZoneID="28" col="2298" row="2205" width="68" height="43" contents="City" script="typed" language="english"> </DL_ZONE>
			<DL_ZONE gedi_type="TextRegion" id="30" col="1695" row="2129" width="629" height="63" contents="2075844411" script="hand" language="english"> </DL_ZONE>
			<DL_ZONE gedi_type="TextRegion" id="31" nextZoneID="30" col="2071" row="2092" width="298" height="40" contents="Telephone Number" script="typed" language="english"> </DL_ZONE>
			<DL_ZONE gedi_type="TextRegion" id="32" nextZoneID="71" col="939" row="2084" width="224" height="40" contents="Email Address" script="typed" language="english"> </DL_ZONE>
			<DL_ZONE gedi_type="TextRegion" id="33" col="1915" row="1933" width="449" height="45" contents="CANADIAN ADDRESS" script="typed" language="english"> </DL_ZONE>
			<DL_ZONE gedi_type="TextRegion" id="34" col="1534" row="1847" width="769" height="78" contents="234 wellington Street" script="hand" function_1="coordinates" language="english"> </DL_ZONE>
			<DL_ZONE gedi_type="TextRegion" id="35" nextZoneID="34" col="1912" row="1812" width="457" height="37" contents="Street Number &amp; Street Name" script="typed" language="english"> </DL_ZONE>
			<DL_ZONE gedi_type="TextRegion" id="36" col="636" row="1847" width="131" height="71" contents="21" script="hand" language="english"> </DL_ZONE>
			<DL_ZONE gedi_type="TextRegion" id="37" nextZoneID="36" col="568" row="1802" width="293" height="37" contents="Apartment Number" script="hand" language="english"> </DL_ZONE>
			<DL_ZONE gedi_type="TextRegion" id="38" col="2008" row="1736" width="305" height="68" contents="ottavwa" script="hand" language="english"> </DL_ZONE>
			<DL_ZONE gedi_type="TextRegion" id="39" col="1305" row="1731" width="335" height="93" contents="Ontarior" script="hand" function_1="location" language="english"> </DL_ZONE>
			<DL_ZONE gedi_type="TextRegion" id="40" col="815" row="1728" width="318" height="79" contents="K117069" script="hand" language="english"> </DL_ZONE>
			<DL_ZONE gedi_type="TextRegion" id="41" nextZoneID="40" col="972" row="1678" width="191" height="53" contents="Postal Code" script="typed" language="english"> </DL_ZONE>
			<DL_ZONE gedi_type="TextRegion" id="42" nextZoneID="39" col="1458" row="1688" width="157" height="40" contents="Province" script="typed" language="english"> </DL_ZONE>
			<DL_ZONE gedi_type="TextRegion" id="43" nextZoneID="38" col="2298" row="1698" width="68" height="35" contents="City" script="typed" language="english"> </DL_ZONE>
			<DL_ZONE gedi_type="TextRegion" id="44" col="2076" row="1575" width="288" height="47" contents="Telephone Number" script="typed" language="english"> </DL_ZONE>
			<DL_ZONE gedi_type="TextRegion" id="45" col="611" row="1567" width="555" height="38" contents="Second Email Address (if applicable)" script="typed" language="english"> </DL_ZONE>
			<DL_ZONE gedi_type="TextRegion" id="46" col="1088" row="1403" width="1286" height="61" contents="ACCEPTANCE DOCUMENTS AND EMERGENCY INFORMATION" script="typed" language="english"> </DL_ZONE>
			<DL_ZONE gedi_type="TextRegion" id="47" col="1340" row="1287" width="1036" height="68" contents="Where would you like your Receipt and Letter of Acceptance mailed?" script="typed" language="english"> </DL_ZONE>
			<DL_ZONE gedi_type="TextRegion" id="48" col="1685" row="1211" width="681" height="58" contents="Would you like your documents faxed to you?" script="typed" language="english"> </DL_ZONE>
			<DL_ZONE gedi_type="TextRegion" id="49" col="1844" row="1136" width="540" height="65" contents="If yes, please provide a fax number" script="typed" language="english"> </DL_ZONE>
			<DL_ZONE gedi_type="TextRegion" id="50" col="349" row="1050" width="2033" height="71" contents="Please allow 4-5 days for these documents to arrive in Canada. Please allow 2-3 weeks for these documents to arrive overseas." script="typed" language="english"> </DL_ZONE>
			<DL_ZONE gedi_type="TextRegion" id="51" col="888" row="1290" width="227" height="45" contents="Home Address" script="typed" language="english"> </DL_ZONE>
			<DL_ZONE gedi_type="TextRegion" id="52" col="1052" row="1221" width="66" height="41" contents="Yes" script="typed" language="english"> </DL_ZONE>
			<DL_ZONE gedi_type="TextRegion" id="53" col="381" row="1284" width="285" height="51" contents="Canadian Address" script="typed" language="english"> </DL_ZONE>
			<DL_ZONE gedi_type="TextRegion" id="54" col="613" row="1216" width="58" height="36" contents="No" script="typed" language="english"> </DL_ZONE>
			<DL_ZONE gedi_type="TextRegion" id="55" col="1779" row="944" width="597" height="50" contents="Who can we contact in an emergency?" script="typed" language="english"> </DL_ZONE>
			<DL_ZONE gedi_type="TextRegion" id="56" nextZoneID="67" col="1521" row="954" width="96" height="38" contents="Name" script="typed" language="english"> </DL_ZONE>
			<DL_ZONE gedi_type="TextRegion" id="57" nextZoneID="68" col="674" row="934" width="199" height="50" contents="relationship" script="typed" language="english"> </DL_ZONE>
			<DL_ZONE gedi_type="TextRegion" id="58" nextZoneID="69" col="1900" row="833" width="476" height="48" contents="Emergency Telephone Number" script="typed" language="english"> </DL_ZONE>
			<DL_ZONE gedi_type="TextRegion" id="59" nextZoneID="70" col="1098" row="833" width="224" height="38" contents="Email Address" script="typed" language="english"> </DL_ZONE>
			<DL_ZONE gedi_type="TextRegion" id="60" col="2104" row="513" width="272" height="60" contents="Student Signature" script="typed" language="english"> </DL_ZONE>
			<DL_ZONE gedi_type="TextRegion" id="61" col="2109" row="402" width="262" height="48" contents="Payor's Signature" script="typed" language="english"> </DL_ZONE>
			<DL_ZONE gedi_type="TextRegion" id="62" nextZoneID="64" col="780" row="505" width="388" height="56" contents="Date (Day / Month / Year)" script="typed" language="english"> </DL_ZONE>
			<DL_ZONE gedi_type="TextRegion" id="63" nextZoneID="65" col="782" row="389" width="396" height="58" contents="Date (Day / Month / Year)" script="typed" language="english"> </DL_ZONE>
			<DL_ZONE gedi_type="TextRegion" id="64" col="275" row="490" width="419" height="88" contents="22/05/2012" script="hand" function_1="date" language="english"> </DL_ZONE>
			<DL_ZONE gedi_type="TextRegion" id="65" col="268" row="384" width="439" height="83" contents="22/05/2012" script="hand" function_1="date" language="english"> </DL_ZONE>
			<DL_ZONE gedi_type="TextRegion" id="66" col="1143" row="1126" width="603" height="75" contents="2075844411" script="hand" function_1="coordinates" language="english"> </DL_ZONE>
			<DL_ZONE gedi_type="TextRegion" id="67" col="901" row="909" width="593" height="101" contents="Mac-Gregor Jhon" script="hand" language="english"> </DL_ZONE>
			<DL_ZONE gedi_type="TextRegion" id="68" col="338" row="914" width="288" height="103" contents="brother" script="hand" language="english"> </DL_ZONE>
			<DL_ZONE gedi_type="TextRegion" id="69" col="1332" row="808" width="490" height="83" contents="2075855511" script="hand" function_1="coordinates" language="english"> </DL_ZONE>
			<DL_ZONE gedi_type="TextRegion" id="70" col="144" row="770" width="906" height="106" contents="v-mgregor@gmail.com" script="hand" function_1="coordinates" language="english"> </DL_ZONE>
			<DL_ZONE gedi_type="TextRegion" id="71" polygon="(1151,2180);(707,2185);(265,2150);(283,2092);(646,2104);(682,2079);(712,2109);(873,2117);(886,2076);(916,2084);(919,2107);(967,2129);(992,2094);(1032,2097);(1022,2127);(1151,2124);(1148,2182)" contents="t-mgregor@gmail.com" script="hand" language="english"> </DL_ZONE>
			<DL_ZONE gedi_type="TextRegion" id="72" polygon="(2321,2435);(1045,2440);(1067,2324);(1118,2314);(1148,2354);(1718,2346);(1912,2351);(2303,2367);(2321,2437)" contents="45 Princes Gate (Exhibition Road)" script="hand" language="english"> </DL_ZONE>
			<DL_ZONE gedi_type="TextRegion" id="73" polygon="(1733,2692);(1552,2720);(1287,2692);(1264,2621);(1395,2626);(1415,2604);(1431,2639);(1733,2636);(1733,2694)" contents="United Kingdom" script="hand" language="english"> </DL_ZONE>
			<DL_ZONE gedi_type="TextRegion" id="74" polygon="(2293,1683);(2240,1701);(1642,1678);(1645,1602);(1983,1607);(2021,1587);(2056,1612);(2119,1617);(2149,1615);(2281,1635);(2298,1678)" contents="1-647-933-5463" script="hand" language="english"> </DL_ZONE>
			<DL_ZONE gedi_type="GraphicRegion" id="76" col="538" row="2851" width="1819" height="32" function="underlined-field"> </DL_ZONE>
			<DL_ZONE gedi_type="GraphicRegion" id="77" col="96" row="2732" width="2263" height="36" function="underlined-field"> </DL_ZONE>
			<DL_ZONE gedi_type="GraphicRegion" id="78" col="84" row="2616" width="2287" height="33" function="underlined-field"> </DL_ZONE>
			<DL_ZONE gedi_type="GraphicRegion" id="79" col="84" row="2462" width="2280" height="33" function="underlined-field"> </DL_ZONE>
			<DL_ZONE gedi_type="GraphicRegion" id="80" col="91" row="2336" width="2275" height="33" function="underlined-field"> </DL_ZONE>
			<DL_ZONE gedi_type="GraphicRegion" id="81" col="94" row="2215" width="2270" height="38" function="underlined-field"> </DL_ZONE>
			<DL_ZONE gedi_type="GraphicRegion" id="82" col="96" row="2109" width="2268" height="31" function="underlined-field"> </DL_ZONE>
			<DL_ZONE gedi_type="SeparatorRegion" id="83" col="96" row="1953" width="2270" height="38"> </DL_ZONE>
			<DL_ZONE gedi_type="GraphicRegion" id="84" col="96" row="1824" width="2270" height="38" function="underlined-field"> </DL_ZONE>
			<DL_ZONE gedi_type="GraphicRegion" id="85" col="99" row="1711" width="2267" height="33" function="underlined-field"> </DL_ZONE>
			<DL_ZONE gedi_type="GraphicRegion" id="86" col="96" row="1600" width="2270" height="27" function="underlined-field"> </DL_ZONE>
			<DL_ZONE gedi_type="GraphicRegion" id="87" col="96" row="1128" width="1743" height="30" function="underlined-field"> </DL_ZONE>
			<DL_ZONE gedi_type="GraphicRegion" id="88" col="97" row="967" width="2275" height="35" function="underlined-field"> </DL_ZONE>
			<DL_ZONE gedi_type="GraphicRegion" id="89" col="101" row="858" width="2275" height="33" function="underlined-field"> </DL_ZONE>
			<DL_ZONE gedi_type="GraphicRegion" id="90" col="1312" row="399" width="769" height="23" function="underlined-field"> </DL_ZONE>
			<DL_ZONE gedi_type="GraphicRegion" id="91" col="1307" row="513" width="769" height="20" function="underlined-field"> </DL_ZONE>
			<DL_ZONE gedi_type="GraphicRegion" id="92" col="106" row="503" width="666" height="17" function="underlined-field"> </DL_ZONE>
			<DL_ZONE gedi_type="GraphicRegion" id="93" col="106" row="384" width="666" height="20" function="underlined-field"> </DL_ZONE>
			<DL_ZONE gedi_type="GraphicRegion" id="131" function="signature" polygon="(1784,596);(1678,649);(1660,548);(1547,561);(1542,525);(1630,508);(1653,460);(1809,457);(1789,593)"> </DL_ZONE>
			<DL_ZONE gedi_type="GraphicRegion" id="132" function="signature" polygon="(1640,480);(1617,510);(1529,503);(1516,409);(1584,334);(1660,331);(1642,482)"> </DL_ZONE>
			<DL_ZONE gedi_type="LineDrawingRegion" id="133" polygon="(1163,1325);(1163,1327);(1153,1332);(1143,1327);(1141,1302);(1161,1302);(1163,1330)"> </DL_ZONE>
			<DL_ZONE gedi_type="LineDrawingRegion" id="134" polygon="(1161,1252);(1146,1247);(1141,1234);(1156,1234);(1158,1249)"> </DL_ZONE>
			<DL_ZONE gedi_type="GraphicRegion" id="135" col="1133" row="1295" width="38" height="37" function="form-field"> </DL_ZONE>
			<DL_ZONE gedi_type="GraphicRegion" id="136" col="1132" row="1218" width="29" height="39" function="form-field"> </DL_ZONE>
			<DL_ZONE gedi_type="GraphicRegion" id="137" col="455" row="2815" width="35" height="38" function="form-field"> </DL_ZONE>
			<DL_ZONE gedi_type="Group" id="138" col="878" row="1280" width="303" height="65" elements="51;133;135"> </DL_ZONE>
			<DL_ZONE gedi_type="Group" id="139" col="1042" row="1208" width="129" height="64" elements="52;134;136"> </DL_ZONE>
			<DL_ZONE gedi_type="GraphicRegion" id="140" col="288" row="2815" width="30" height="38" function="form-field"> </DL_ZONE>
			<DL_ZONE gedi_type="SeparatorRegion" id="141" col="101" row="1438" width="2270" height="38"> </DL_ZONE>
			<DL_ZONE gedi_type="GraphicRegion" id="142" col="676" row="1287" width="36" height="45" function="form-field"> </DL_ZONE>
			<DL_ZONE gedi_type="GraphicRegion" id="143" col="679" row="1216" width="35" height="36" function="form-field"> </DL_ZONE>
			<DL_ZONE gedi_type="LineDrawingRegion" id="144" polygon="(475,2857);(470,2848);(456,2860);(452,2850);(462,2842);(455,2829);(458,2825);(471,2833);(484,2824);(474,2832);(476,2839);(489,2828);(479,2841);(486,2853)"> </DL_ZONE>
			<DL_ZONE gedi_type="Group" id="145" col="354" row="2805" width="146" height="71" elements="7;137;144"> </DL_ZONE>
		</DL_PAGE>
	</DL_DOCUMENT>
</GEDI>