<?xml version="1.0" encoding="UTF-8"?>
<!--GEDI was developed at Language and Media Processing Laboratory, University of Maryland.-->

<GEDI xmlns="http://lamp.cfar.umd.edu/media/projects/GEDI/" GEDI_version="2.3.19" GEDI_date="12/23/2011">
	<USER name="Laure" date="5/31/2012 18:44" dateFormat="mm/dd/yyyy hh:mm">	</USER>
	<USER name="MDR-P1" date="10/29/2012 17:19" dateFormat="mm/dd/yyyy hh:mm">	</USER>
	<USER name="MDR-P8" date="3/14/2013 17:16" dateFormat="mm/dd/yyyy hh:mm">	</USER>
	<USER name="MDR_P4" date="10/23/2012 18:04" dateFormat="mm/dd/yyyy hh:mm">	</USER>
	<USER name="Mdr-P5" date="5/28/2013 13:02" dateFormat="mm/dd/yyyy hh:mm">	</USER>
	<USER name="soumaya" date="5/29/2012 10:07" dateFormat="mm/dd/yyyy hh:mm">	</USER>
	<DL_DOCUMENT src="AZSHIN.tif" docTag="xml" NrOfPages="1">
		<DL_PAGE gedi_type="DL_PAGE" src="AZSHIN.tif" pageID="1" width="2552" height="3496" Language_2="" Receiver_Name="" Language_4="" Language_3="" Receiver_Company="" Receiver_Address="" Sender_Company="" Receiver_Fax="" Document_Location="" Receiver_Phone="" Category="C1" Document_Date="22/05/2012" Document_Object="APPLICATION FORM" Language_1="english" NumPage="1" Script_1="typed" Script_2="hand" Sender_Phone="+44(0)20.74.30.75.00" Sender_Fax="+44(0)20.74.30.75.01" Sender_Address="VERULAM GARDENS, GRAY'INN ROAD 70 LONDON WC1X UK" Sender_Name="Jonathan VINCENT" GEDI_orientation="180">
			<DL_ZONE gedi_type="TextRegion" id="1" col="1904" row="3057" width="496" height="86" contents="Application Form" script="typed" function_2="object" function_1="title" language="english"> </DL_ZONE>
			<DL_ZONE gedi_type="TextRegion" id="2" col="2054" row="2970" width="344" height="56" contents="Please Print Clearly" script="typed" language="english"> </DL_ZONE>
			<DL_ZONE gedi_type="TextRegion" id="3" nextZoneID="8" col="2046" row="2828" width="352" height="38" contents="Student's Family Name" script="typed" language="english"> </DL_ZONE>
			<DL_ZONE gedi_type="TextRegion" id="4" nextZoneID="7" col="1171" row="2833" width="325" height="36" contents="Student's First Name" script="typed" language="english"> </DL_ZONE>
			<DL_ZONE gedi_type="TextRegion" id="5" col="393" row="2840" width="80" height="34" contents="Male" script="typed" language="english"> </DL_ZONE>
			<DL_ZONE gedi_type="TextRegion" id="6" col="181" row="2840" width="127" height="29" contents="Female" script="typed" language="english"> </DL_ZONE>
			<DL_ZONE gedi_type="TextRegion" id="7" col="1047" row="2755" width="488" height="70" contents="JONATHAN" script="hand" language="english"> </DL_ZONE>
			<DL_ZONE gedi_type="TextRegion" id="8" col="2041" row="2758" width="310" height="70" contents="VINCENT" script="hand" language="english"> </DL_ZONE>
			<DL_ZONE gedi_type="TextRegion" id="9" nextZoneID="11" col="1889" row="2711" width="509" height="42" contents="Date of Birth (Day / Month / Year)" script="typed" language="english"> </DL_ZONE>
			<DL_ZONE gedi_type="TextRegion" id="10" col="1098" row="2719" width="246" height="34" contents="Country of Birth" script="typed" language="english"> </DL_ZONE>
			<DL_ZONE gedi_type="TextRegion" id="11" col="1902" row="2626" width="428" height="70" contents="01/01/1985" script="hand" language="english"> </DL_ZONE>
			<DL_ZONE gedi_type="TextRegion" id="12" col="2240" row="2595" width="152" height="41" contents="Language" script="typed" language="english"> </DL_ZONE>
			<DL_ZONE gedi_type="TextRegion" id="13" nextZoneID="14" col="1457" row="2592" width="334" height="44" contents="Country of Citizenship" script="typed" language="english"> </DL_ZONE>
			<DL_ZONE gedi_type="TextRegion" id="14" col="1586" row="2636" width="155" height="70" contents="UK" script="hand" language="english"> </DL_ZONE>
			<DL_ZONE gedi_type="TextRegion" id="15" col="47" row="2649" width="783" height="83" contents="STUDENT RESEARCHER" script="hand" language="english"> </DL_ZONE>
			<DL_ZONE gedi_type="TextRegion" id="16" nextZoneID="15" col="504" row="2595" width="393" height="47" contents="Occupation (or &quot;student&quot;)" script="typed" language="english"> </DL_ZONE>
			<DL_ZONE gedi_type="TextRegion" id="17" col="1824" row="2437" width="574" height="44" contents="HOME COUNTRY ADDRESS" script="typed" language="english"> </DL_ZONE>
			<DL_ZONE gedi_type="TextRegion" id="18" col="824" row="2357" width="1530" height="79" contents="VERULAM GARDENS, GRAY'INN ROAD 70" script="hand" language="english"> </DL_ZONE>
			<DL_ZONE gedi_type="TextRegion" id="19" col="742" row="2316" width="294" height="41" contents="Apartment Number" script="typed" language="english"> </DL_ZONE>
			<DL_ZONE gedi_type="TextRegion" id="20" nextZoneID="18" col="1933" row="2319" width="459" height="31" contents="Street Number &amp; Street Name" script="typed" language="english"> </DL_ZONE>
			<DL_ZONE gedi_type="TextRegion" id="21" col="2023" row="2241" width="341" height="65" contents="LONDON" script="hand" language="english"> </DL_ZONE>
			<DL_ZONE gedi_type="TextRegion" id="22" col="1377" row="2239" width="300" height="72" contents="LONDON" script="hand" language="english"> </DL_ZONE>
			<DL_ZONE gedi_type="TextRegion" id="23" col="943" row="2244" width="251" height="57" contents="WC1X" script="hand" language="english"> </DL_ZONE>
			<DL_ZONE gedi_type="TextRegion" id="24" col="434" row="2254" width="135" height="75" contents="UK" script="hand" language="english"> </DL_ZONE>
			<DL_ZONE gedi_type="TextRegion" id="25" nextZoneID="24" col="463" row="2208" width="126" height="36" contents="Country" script="typed" language="english"> </DL_ZONE>
			<DL_ZONE gedi_type="TextRegion" id="26" nextZoneID="23" col="941" row="2200" width="253" height="44" contents="Postal/Zip Code" script="typed" language="english"> </DL_ZONE>
			<DL_ZONE gedi_type="TextRegion" id="27" nextZoneID="22" col="1478" row="2210" width="163" height="31" contents="Province" script="typed" language="english"> </DL_ZONE>
			<DL_ZONE gedi_type="TextRegion" id="28" nextZoneID="21" col="2333" row="2205" width="62" height="34" contents="City" script="typed" language="english"> </DL_ZONE>
			<DL_ZONE gedi_type="TextRegion" id="29" col="1734" row="2122" width="638" height="75" contents="2074307500" script="hand" language="english"> </DL_ZONE>
			<DL_ZONE gedi_type="TextRegion" id="30" nextZoneID="29" col="2098" row="2084" width="300" height="41" contents="Telephone Number" script="typed" language="english"> </DL_ZONE>
			<DL_ZONE gedi_type="TextRegion" id="31" col="269" row="2125" width="907" height="67" contents="JOHN.VINCENT@FICT.COM" script="hand" language="english"> </DL_ZONE>
			<DL_ZONE gedi_type="TextRegion" id="32" nextZoneID="31" col="961" row="2089" width="230" height="33" contents="Email Address" script="typed" language="english"> </DL_ZONE>
			<DL_ZONE gedi_type="TextRegion" id="33" col="1945" row="1918" width="447" height="57" contents="CANADIAN ADDRESS" script="typed" language="english"> </DL_ZONE>
			<DL_ZONE gedi_type="TextRegion" id="34" col="1561" row="1836" width="741" height="82" contents="Chamberalin Road" script="hand" language="english"> </DL_ZONE>
			<DL_ZONE gedi_type="TextRegion" id="35" nextZoneID="34" col="1935" row="1807" width="455" height="31" contents="Street Number &amp; Street Name" script="typed" language="english"> </DL_ZONE>
			<DL_ZONE gedi_type="TextRegion" id="36" col="706" row="1851" width="87" height="80" contents="7" script="hand" language="english"> </DL_ZONE>
			<DL_ZONE gedi_type="TextRegion" id="37" nextZoneID="36" col="589" row="1810" width="300" height="41" contents="Apartment Number" script="typed" language="english"> </DL_ZONE>
			<DL_ZONE gedi_type="TextRegion" id="38" col="2067" row="1732" width="325" height="73" contents="To¤*¤anto" script="hand" language="english"> </DL_ZONE>
			<DL_ZONE gedi_type="TextRegion" id="39" nextZoneID="38" col="2323" row="1686" width="69" height="39" contents="City" script="typed" language="english"> </DL_ZONE>
			<DL_ZONE gedi_type="TextRegion" id="40" col="1457" row="1611" width="814" height="83" contents="001 2074307005" script="hand" language="english"> </DL_ZONE>
			<DL_ZONE gedi_type="TextRegion" id="41" col="1499" row="1696" width="144" height="39" contents="Province" script="typed" language="english"> </DL_ZONE>
			<DL_ZONE gedi_type="TextRegion" id="42" col="987" row="1694" width="202" height="31" contents="Postal Code" script="typed" language="english"> </DL_ZONE>
			<DL_ZONE gedi_type="TextRegion" id="43" col="936" row="1619" width="188" height="75" contents="NA" script="hand" language="english"> </DL_ZONE>
			<DL_ZONE gedi_type="TextRegion" id="44" nextZoneID="40" col="2090" row="1577" width="297" height="39" contents="Telephone Number" script="typed" language="english"> </DL_ZONE>
			<DL_ZONE gedi_type="TextRegion" id="45" nextZoneID="43" col="620" row="1577" width="566" height="42" contents="Second Email Address (if applicable)" script="typed" language="english"> </DL_ZONE>
			<DL_ZONE gedi_type="TextRegion" id="46" col="1109" row="1409" width="1281" height="50" contents="ACCEPTANCE DOCUMENTS AND EMERGENCY INFORMATION" script="typed" language="english"> </DL_ZONE>
			<DL_ZONE gedi_type="TextRegion" id="47" col="1349" row="1298" width="1046" height="47" contents="Where would you like your Receipt and Letter of Acceptance mailed?" script="typed" language="english"> </DL_ZONE>
			<DL_ZONE gedi_type="TextRegion" id="48" col="905" row="1296" width="229" height="41" contents="Home Address" script="typed" language="english"> </DL_ZONE>
			<DL_ZONE gedi_type="TextRegion" id="49" col="398" row="1301" width="282" height="41" contents="Canadian Address" script="typed" language="english"> </DL_ZONE>
			<DL_ZONE gedi_type="TextRegion" id="50" col="628" row="1231" width="57" height="34" contents="No" script="typed" language="english"> </DL_ZONE>
			<DL_ZONE gedi_type="TextRegion" id="51" col="1062" row="1229" width="72" height="36" contents="Yes" script="typed" language="english"> </DL_ZONE>
			<DL_ZONE gedi_type="TextRegion" id="52" col="1698" row="1215" width="700" height="47" contents="Would you like your documents faxed to you?" script="typed" language="english"> </DL_ZONE>
			<DL_ZONE gedi_type="TextRegion" id="53" nextZoneID="54" col="1863" row="1141" width="535" height="59" contents="If yes, please provide a fax number" script="typed" language="english"> </DL_ZONE>
			<DL_ZONE gedi_type="TextRegion" id="54" col="832" row="1138" width="995" height="75" contents="044 - 2074307501" script="hand" language="english"> </DL_ZONE>
			<DL_ZONE gedi_type="TextRegion" id="55" col="357" row="1068" width="2053" height="50" contents="Please allow 4-5 days for these documents to arrive in Canada. Please allow 2-3 weeks for these documents to arrive overseas." script="typed" language="english"> </DL_ZONE>
			<DL_ZONE gedi_type="TextRegion" id="56" col="1008" row="991" width="630" height="72" contents="KIRON VINCENT" script="hand" language="english"> </DL_ZONE>
			<DL_ZONE gedi_type="TextRegion" id="57" col="543" row="996" width="305" height="67" contents="mother" script="hand" language="english"> </DL_ZONE>
			<DL_ZONE gedi_type="TextRegion" id="58" nextZoneID="57" col="680" row="952" width="206" height="39" contents="Relationship" script="typed" language="english"> </DL_ZONE>
			<DL_ZONE gedi_type="TextRegion" id="59" nextZoneID="56" col="1527" row="955" width="106" height="39" contents="Name" script="typed" language="english"> </DL_ZONE>
			<DL_ZONE gedi_type="TextRegion" id="60" col="1801" row="944" width="589" height="44" contents="Who can we contact in an emergency?" script="typed" language="english"> </DL_ZONE>
			<DL_ZONE gedi_type="TextRegion" id="61" col="992" row="880" width="840" height="59" contents="044 - 207430 7500" script="hand" language="english"> </DL_ZONE>
			<DL_ZONE gedi_type="TextRegion" id="62" col="55" row="870" width="873" height="82" contents="KIR.VINCENT@Fict.com" script="hand" language="english"> </DL_ZONE>
			<DL_ZONE gedi_type="TextRegion" id="63" nextZoneID="62" col="1093" row="836" width="240" height="44" contents="Email Address" script="typed" language="english"> </DL_ZONE>
			<DL_ZONE gedi_type="TextRegion" id="64" nextZoneID="61" col="1909" row="833" width="478" height="37" contents="Emergency Telephone Number" script="typed" language="english"> </DL_ZONE>
			<DL_ZONE gedi_type="TextRegion" id="65" col="212" row="513" width="548" height="123" contents="22/05/2012" script="hand" function_1="date" language="english"> </DL_ZONE>
			<DL_ZONE gedi_type="TextRegion" id="66" col="174" row="366" width="568" height="116" contents="22/05/2012" script="hand" function_1="date" language="english"> </DL_ZONE>
			<DL_ZONE gedi_type="TextRegion" id="67" nextZoneID="65" col="791" row="516" width="400" height="57" contents="Date ( Day / Month / Year)" script="typed" language="english"> </DL_ZONE>
			<DL_ZONE gedi_type="TextRegion" id="68" nextZoneID="66" col="788" row="402" width="388" height="57" contents="Date (Day / Month / Year )" script="typed" language="english"> </DL_ZONE>
			<DL_ZONE gedi_type="TextRegion" id="69" col="1638" row="498" width="364" height="99" contents="Jvincent" script="hand" language="english"> </DL_ZONE>
			<DL_ZONE gedi_type="TextRegion" id="70" nextZoneID="69" col="2106" row="511" width="284" height="56" contents="Student Signature" script="typed" language="english"> </DL_ZONE>
			<DL_ZONE gedi_type="TextRegion" id="71" nextZoneID="72" col="2113" row="394" width="268" height="54" contents="Payor's Signature" script="typed" language="english"> </DL_ZONE>
			<DL_ZONE gedi_type="TextRegion" id="72" col="1664" row="371" width="421" height="116" contents="VinKiron" script="hand" language="english"> </DL_ZONE>
			<DL_ZONE gedi_type="GraphicRegion" id="73" col="1679" row="376" width="406" height="106" function="signature"> </DL_ZONE>
			<DL_ZONE gedi_type="GraphicRegion" id="74" col="1313" row="392" width="787" height="38" function="underlined-field"> </DL_ZONE>
			<DL_ZONE gedi_type="GraphicRegion" id="75" col="1315" row="508" width="775" height="36" function="underlined-field"> </DL_ZONE>
			<DL_ZONE gedi_type="GraphicRegion" id="77" col="99" row="513" width="682" height="39" function="underlined-field"> </DL_ZONE>
			<DL_ZONE gedi_type="GraphicRegion" id="78" col="112" row="402" width="661" height="23" function="underlined-field"> </DL_ZONE>
			<DL_ZONE gedi_type="GraphicRegion" id="79" col="101" row="872" width="2289" height="18" function="underlined-field"> </DL_ZONE>
			<DL_ZONE gedi_type="GraphicRegion" id="80" col="114" row="991" width="2273" height="15" function="underlined-field"> </DL_ZONE>
			<DL_ZONE gedi_type="GraphicRegion" id="81" col="119" row="1141" width="1739" height="18" function="underlined-field"> </DL_ZONE>
			<DL_ZONE gedi_type="GraphicRegion" id="82" col="695" row="1301" width="36" height="46" function="form-field"> </DL_ZONE>
			<DL_ZONE gedi_type="GraphicRegion" id="83" col="695" row="1229" width="36" height="36" function="form-field"> </DL_ZONE>
			<DL_ZONE gedi_type="GraphicRegion" id="84" col="1153" row="1304" width="25" height="33" function="form-field"> </DL_ZONE>
			<DL_ZONE gedi_type="GraphicRegion" id="85" col="1150" row="1234" width="34" height="33" function="form-field"> </DL_ZONE>
			<DL_ZONE gedi_type="GraphicRegion" id="86" col="117" row="1616" width="2283" height="13" function="underlined-field"> </DL_ZONE>
			<DL_ZONE gedi_type="GraphicRegion" id="87" col="117" row="1727" width="2275" height="18" function="underlined-field"> </DL_ZONE>
			<DL_ZONE gedi_type="GraphicRegion" id="88" col="119" row="1846" width="2276" height="18" function="underlined-field"> </DL_ZONE>
			<DL_ZONE gedi_type="GraphicRegion" id="89" col="119" row="2117" width="2273" height="18" function="underlined-field"> </DL_ZONE>
			<DL_ZONE gedi_type="GraphicRegion" id="90" col="117" row="2241" width="2278" height="26" function="underlined-field"> </DL_ZONE>
			<DL_ZONE gedi_type="GraphicRegion" id="91" col="124" row="2352" width="2274" height="23" function="underlined-field"> </DL_ZONE>
			<DL_ZONE gedi_type="GraphicRegion" id="92" col="119" row="2634" width="2276" height="20" function="underlined-field"> </DL_ZONE>
			<DL_ZONE gedi_type="GraphicRegion" id="93" col="122" row="2745" width="2273" height="23" function="underlined-field"> </DL_ZONE>
			<DL_ZONE gedi_type="GraphicRegion" id="94" col="574" row="2869" width="1821" height="10" function="underlined-field"> </DL_ZONE>
			<DL_ZONE gedi_type="GraphicRegion" id="95" col="489" row="2838" width="39" height="36" function="form-field"> </DL_ZONE>
			<DL_ZONE gedi_type="GraphicRegion" id="96" col="321" row="2835" width="33" height="36" function="form-field"> </DL_ZONE>
			<DL_ZONE gedi_type="LineDrawingRegion" id="97" polygon="(517,2865);(530,2852);(507,2834);(435,2906);(528,2860)"> </DL_ZONE>
			<DL_ZONE gedi_type="LineDrawingRegion" id="98" polygon="(1171,1342);(1178,1327);(1160,1306);(1078,1371);(1173,1332)"> </DL_ZONE>
			<DL_ZONE gedi_type="LineDrawingRegion" id="99" polygon="(1178,1267);(1189,1252);(1155,1234);(1072,1291);(1186,1262)"> </DL_ZONE>
			<DL_ZONE gedi_type="Group" id="100" col="895" row="1286" width="293" height="95" elements="48;84;98"> </DL_ZONE>
			<DL_ZONE gedi_type="Group" id="101" col="1052" row="1219" width="147" height="82" elements="51;85;99"> </DL_ZONE>
			<DL_ZONE gedi_type="Group" id="102" col="383" row="2824" width="157" height="92" elements="5;95;97"> </DL_ZONE>
			<DL_ZONE gedi_type="SeparatorRegion" id="135" col="118" row="1971" width="2276" height="17"> </DL_ZONE>
			<DL_ZONE gedi_type="SeparatorRegion" id="146" col="113" row="1459" width="2275" height="17"> </DL_ZONE>
			<DL_ZONE gedi_type="SeparatorRegion" id="175" col="118" row="2481" width="2276" height="19"> </DL_ZONE>
		</DL_PAGE>
	</DL_DOCUMENT>
</GEDI>