<?xml version="1.0" encoding="UTF-8"?>
<!--GEDI was developed at Language and Media Processing Laboratory, University of Maryland.-->

<GEDI xmlns="http://lamp.cfar.umd.edu/media/projects/GEDI/" GEDI_version="2.3" GEDI_date="01/21/2010">
	<USER name="MDR-R2" date="11/5/2012 15:24" dateFormat="mm/dd/yyyy hh:mm">	</USER>
	<USER name="MDR-R3" date="10/22/2012 16:58" dateFormat="mm/dd/yyyy hh:mm">	</USER>
	<USER name="MDR-R4" date="11/1/2012 19:57" dateFormat="mm/dd/yyyy hh:mm">	</USER>
	<USER name="MDR-R6" date="10/29/2012 14:41" dateFormat="mm/dd/yyyy hh:mm">	</USER>
	<USER name="MDR_R8" date="2/5/2013 11:57" dateFormat="mm/dd/yyyy hh:mm">	</USER>
	<USER name="Marnissi" date="5/22/2012 14:04" dateFormat="mm/dd/yyyy hh:mm">	</USER>
	<USER name="mohamed salah" date="5/28/2012 16:42" dateFormat="mm/dd/yyyy hh:mm">	</USER>
	<DL_DOCUMENT src="AZWRQO.tif" docTag="xml" NrOfPages="1">
		<DL_PAGE gedi_type="DL_PAGE" src="AZWRQO.tif" pageID="1" width="1700" height="2338" Receiver_Name="" Language_4="" Document_Date="" Language_3="" Receiver_Address="" Sender_Company="" Receiver_Fax="" Document_Location="" Receiver_Phone="" Sender_Fax="" Category="C1" Language_1="arabic" Document_Object="استمارة المعلومات" NumPage="1" Script_1="typed" Script_2="hand" Sender_Address="شارع واد المخازن 28830 - المحمدية" Sender_Phone="¤{+212(0)5.23.30.12.39|+212(0)6.06.14.27.13|+212(0)6.25.10.77.99}¤" Language_2="" Receiver_Company="حظانة ميسون لاستقبال صغار الأطفال" Sender_Name="زهرة البوعزاوي">
			<DL_ZONE gedi_type="TextRegion" id="1" col="565" row="207" width="367" height="154" contents="حظانة ميسون&#10;لاستقبال صغار الأطفال" script="typed" language="arabic"> </DL_ZONE>
			<DL_ZONE gedi_type="TextRegion" id="2" col="548" row="463" width="435" height="79" contents="استمارة المعلومات" script="typed" function_2="object" function_1="title" language="arabic"> </DL_ZONE>
			<DL_ZONE gedi_type="TextRegion" id="3" nextZoneID="38" col="971" row="642" width="446" height="60" contents="الرقم التسلسلي (خاص بالإدارة) :" script="typed" language="arabic"> </DL_ZONE>
			<DL_ZONE gedi_type="TextRegion" id="4" nextZoneID="36" col="1316" row="710" width="94" height="58" contents="اللقب:" script="typed" language="arabic"> </DL_ZONE>
			<DL_ZONE gedi_type="TextRegion" id="5" nextZoneID="37" col="1318" row="788" width="98" height="57" contents="الاسم:" script="typed" language="arabic"> </DL_ZONE>
			<DL_ZONE gedi_type="TextRegion" id="6" nextZoneID="39" col="1144" row="862" width="273" height="52" contents="تاريخ ومكان الميلاد:" script="typed" language="arabic"> </DL_ZONE>
			<DL_ZONE gedi_type="TextRegion" id="7" nextZoneID="34" col="1268" row="926" width="147" height="60" contents="اسم الأب :" script="typed" language="arabic"> </DL_ZONE>
			<DL_ZONE gedi_type="TextRegion" id="8" nextZoneID="35" col="1201" row="1001" width="217" height="62" contents="لقب واسم الأم:" script="typed" language="arabic"> </DL_ZONE>
			<DL_ZONE gedi_type="TextRegion" id="9" nextZoneID="42" col="1165" row="1081" width="252" height="55" contents="العنوان الاجتماعي:" script="typed" language="arabic"> </DL_ZONE>
			<DL_ZONE gedi_type="TextRegion" id="10" nextZoneID="31" col="1204" row="1146" width="217" height="62" contents="تاريخ التسجيل:" script="typed" language="arabic"> </DL_ZONE>
			<DL_ZONE gedi_type="TextRegion" id="11" nextZoneID="30" col="600" row="1149" width="239" height="67" contents="المكلف بالتسجيل:" script="typed" language="arabic"> </DL_ZONE>
			<DL_ZONE gedi_type="TextRegion" id="12" nextZoneID="32" col="551" row="1006" width="147" height="68" contents="وظيفة الأم:" script="typed" language="arabic"> </DL_ZONE>
			<DL_ZONE gedi_type="TextRegion" id="13" nextZoneID="33" col="700" row="936" width="172" height="61" contents="وظيفة الأب:" script="typed" language="arabic"> </DL_ZONE>
			<DL_ZONE gedi_type="TextRegion" id="14" col="1083" row="1291" width="239" height="61" contents="- أرقام الهاتف:" script="typed" language="arabic"> </DL_ZONE>
			<DL_ZONE gedi_type="TextRegion" id="15" nextZoneID="29" col="1211" row="1371" width="209" height="53" contents="الثابت (البيت) :" script="typed" language="arabic"> </DL_ZONE>
			<DL_ZONE gedi_type="TextRegion" id="16" col="599" row="1378" width="203" height="58" contents="الثابت (العمل):" script="typed" language="arabic"> </DL_ZONE>
			<DL_ZONE gedi_type="TextRegion" id="17" nextZoneID="28" col="1215" row="1439" width="206" height="59" contents="المحمول (الأب) :" script="typed" language="arabic"> </DL_ZONE>
			<DL_ZONE gedi_type="TextRegion" id="18" nextZoneID="27" col="1235" row="1513" width="188" height="56" contents="المحمول (الأم) :" script="typed" language="arabic"> </DL_ZONE>
			<DL_ZONE gedi_type="TextRegion" id="19" col="1052" row="1660" width="383" height="60" contents="المكلفون بالدخول والخروج:" script="typed" language="arabic"> </DL_ZONE>
			<DL_ZONE gedi_type="TextRegion" id="20" nextZoneID="23" col="992" row="1660" width="57" height="54" contents="-1" script="typed" language="arabic"> </DL_ZONE>
			<DL_ZONE gedi_type="TextRegion" id="21" nextZoneID="24" col="1004" row="1731" width="50" height="52" contents="-2" script="typed" language="arabic"> </DL_ZONE>
			<DL_ZONE gedi_type="TextRegion" id="22" nextZoneID="25" col="1003" row="1796" width="54" height="63" contents="-3" script="typed" language="arabic"> </DL_ZONE>
			<DL_ZONE gedi_type="TextRegion" id="23" col="819" row="1649" width="142" height="77" contents="الوالد" script="hand" language="arabic"> </DL_ZONE>
			<DL_ZONE gedi_type="TextRegion" id="24" col="815" row="1727" width="154" height="70" contents="الوالدة" script="hand" language="arabic"> </DL_ZONE>
			<DL_ZONE gedi_type="TextRegion" id="25" col="580" row="1797" width="393" height="87" contents="العمة (زهرة البوعزاوي" script="hand" language="arabic"> </DL_ZONE>
			<DL_ZONE gedi_type="TextRegion" id="26" col="371" row="1963" width="147" height="54" contents="مدير المركز" script="typed" language="arabic"> </DL_ZONE>
			<DL_ZONE gedi_type="TextRegion" id="27" col="852" row="1505" width="365" height="54" contents="06-25-10-77-99" script="hand" language="arabic"> </DL_ZONE>
			<DL_ZONE gedi_type="TextRegion" id="28" col="864" row="1440" width="356" height="50" contents="06-06-14-27-13" script="hand" language="arabic"> </DL_ZONE>
			<DL_ZONE gedi_type="TextRegion" id="29" col="867" row="1363" width="311" height="52" contents="05 23 30 12 39" script="hand" language="arabic"> </DL_ZONE>
			<DL_ZONE gedi_type="TextRegion" id="30" col="475" row="1144" width="82" height="81" contents="الأم" script="hand" language="arabic"> </DL_ZONE>
			<DL_ZONE gedi_type="TextRegion" id="31" col="912" row="1142" width="281" height="51" contents="2011-09-04" script="hand" language="arabic"> </DL_ZONE>
			<DL_ZONE gedi_type="TextRegion" id="32" col="377" row="1009" width="155" height="67" contents="موظفة" script="hand" language="arabic"> </DL_ZONE>
			<DL_ZONE gedi_type="TextRegion" id="33" col="522" row="927" width="165" height="72" contents="تاجر" script="hand" language="arabic"> </DL_ZONE>
			<DL_ZONE gedi_type="TextRegion" id="34" col="932" row="920" width="312" height="74" contents="البوعزاوي أحمد" script="hand" language="arabic"> </DL_ZONE>
			<DL_ZONE gedi_type="TextRegion" id="35" col="890" row="999" width="292" height="74" contents="الزعيم زهرة" script="hand" language="arabic"> </DL_ZONE>
			<DL_ZONE gedi_type="TextRegion" id="36" col="1024" row="703" width="238" height="70" contents="البوعزاوي" script="hand" language="arabic"> </DL_ZONE>
			<DL_ZONE gedi_type="TextRegion" id="37" col="1165" row="777" width="122" height="56" contents="خالد" script="hand" language="arabic"> </DL_ZONE>
			<DL_ZONE gedi_type="TextRegion" id="38" col="635" row="625" width="262" height="61" contents="2012/700" script="hand" function_1="reference" language="arabic"> </DL_ZONE>
			<DL_ZONE gedi_type="TextRegion" id="39" col="519" row="854" width="580" height="67" contents="2008-01-31 بالمحمدية" script="hand" language="arabic"> </DL_ZONE>
			<DL_ZONE gedi_type="TextRegion" id="42" polygon="(1098,1074);(877,1073);(571,1074);(394,1081);(396,1143);(453,1148);(1152,1137);(1147,1073)" contents="شارع واد المخازن 28830 - المحمدية" script="hand" function_1="coordinates" language="arabic"> </DL_ZONE>
			<DL_ZONE gedi_type="GraphicRegion" id="43" function="underlined-field" polygon="(133,680);(970,673);(969,696);(134,701)"> </DL_ZONE>
			<DL_ZONE gedi_type="GraphicRegion" id="44" function="underlined-field" polygon="(134,750);(1308,737);(1306,756);(131,772)"> </DL_ZONE>
			<DL_ZONE gedi_type="GraphicRegion" id="45" function="underlined-field" polygon="(135,821);(1313,807);(1314,831);(137,846)"> </DL_ZONE>
			<DL_ZONE gedi_type="GraphicRegion" id="46" function="underlined-field" polygon="(136,897);(1135,883);(1137,904);(132,918)"> </DL_ZONE>
			<DL_ZONE gedi_type="GraphicRegion" id="47" function="underlined-field" polygon="(132,973);(695,960);(697,982);(137,988)"> </DL_ZONE>
			<DL_ZONE gedi_type="GraphicRegion" id="48" function="underlined-field" polygon="(879,963);(1259,955);(1262,973);(877,976)"> </DL_ZONE>
			<DL_ZONE gedi_type="GraphicRegion" id="49" function="underlined-field" polygon="(140,1044);(549,1040);(551,1056);(136,1066)"> </DL_ZONE>
			<DL_ZONE gedi_type="GraphicRegion" id="50" function="underlined-field" polygon="(706,1030);(1192,1026);(1192,1047);(707,1052)"> </DL_ZONE>
			<DL_ZONE gedi_type="GraphicRegion" id="51" function="underlined-field" polygon="(148,1115);(1156,1101);(1157,1120);(140,1134)"> </DL_ZONE>
			<DL_ZONE gedi_type="GraphicRegion" id="52" function="underlined-field" polygon="(147,1186);(587,1185);(588,1201);(149,1209)"> </DL_ZONE>
			<DL_ZONE gedi_type="GraphicRegion" id="53" function="underlined-field" polygon="(847,1175);(1198,1168);(1199,1192);(847,1195)"> </DL_ZONE>
			<DL_ZONE gedi_type="GraphicRegion" id="54" col="819" row="1399" width="383" height="17" function="underlined-field"> </DL_ZONE>
			<DL_ZONE gedi_type="GraphicRegion" id="55" col="829" row="1469" width="367" height="19" function="underlined-field"> </DL_ZONE>
			<DL_ZONE gedi_type="GraphicRegion" id="56" col="837" row="1543" width="390" height="23" function="underlined-field"> </DL_ZONE>
			<DL_ZONE gedi_type="GraphicRegion" id="57" col="145" row="1410" width="442" height="22" function="underlined-field"> </DL_ZONE>
			<DL_ZONE gedi_type="GraphicRegion" id="58" col="574" row="1693" width="420" height="23" function="underlined-field"> </DL_ZONE>
			<DL_ZONE gedi_type="GraphicRegion" id="59" col="582" row="1762" width="412" height="20" function="underlined-field"> </DL_ZONE>
			<DL_ZONE gedi_type="GraphicRegion" id="60" col="583" row="1834" width="415" height="24" function="underlined-field"> </DL_ZONE>
			<DL_ZONE gedi_type="GraphicRegion" id="61" function="signature" polygon="(382,2021);(395,2031);(402,2091);(337,2178);(245,2075);(360,2008)"> </DL_ZONE>
		</DL_PAGE>
	</DL_DOCUMENT>
</GEDI>