<?xml version="1.0" encoding="UTF-8"?>
<!--GEDI was developed at Language and Media Processing Laboratory, University of Maryland.-->

<GEDI xmlns="http://lamp.cfar.umd.edu/media/projects/GEDI/" GEDI_version="2.3" GEDI_date="01/21/2010">
	<USER name="Adil" date="4/16/2012 9:14" dateFormat="mm/dd/yyyy hh:mm">	</USER>
	<USER name="MDR-R2" date="11/5/2012 15:24" dateFormat="mm/dd/yyyy hh:mm">	</USER>
	<USER name="MDR-R4" date="11/1/2012 20:06" dateFormat="mm/dd/yyyy hh:mm">	</USER>
	<USER name="MDR_R8" date="2/5/2013 12:07" dateFormat="mm/dd/yyyy hh:mm">	</USER>
	<USER name="mohamed salah" date="5/9/2012 3:31" dateFormat="mm/dd/yyyy hh:mm">	</USER>
	<DL_DOCUMENT src="AZXQPS.tif" docTag="xml" NrOfPages="1">
		<DL_PAGE gedi_type="DL_PAGE" src="AZXQPS.tif" pageID="1" width="1700" height="2338" Language_4="" Language_3="" Receiver_Address="" Sender_Company="" Receiver_Fax="" Document_Location="" Receiver_Phone="" Sender_Fax="" Category="C1" Document_Date="28/03/2012" Document_Object="إستمارة تطوع" Language_1="arabic" NumPage="1" Receiver_Company="جمعية الأعمال الخيرية" Script_1="typed" Script_2="hand" Sender_Address="شارع عبيدة ابن الجراح 30000 فاس" Sender_Phone="¤{+212(0)5.35.62.49.49|+212(0)6.63.62.11.25}¤" Sender_Name=" سليمان الكزبري" Receiver_Name="محمد العمراني" Language_2="">
			<DL_ZONE gedi_type="TextRegion" id="1" col="577" row="63" width="295" height="64" contents="جمعية الأعمال الخيرية" script="typed" language="arabic"> </DL_ZONE>
			<DL_ZONE gedi_type="TextRegion" id="2" polygon="(575,210);(595,186);(704,166);(835,177);(901,215);(922,267);(878,271);(820,252);(736,237);(685,245);(646,267);(589,276);(558,279)" contents="متعة العطاء" script="typed" language="arabic"> </DL_ZONE>
			<DL_ZONE gedi_type="TextRegion" id="3" col="630" row="336" width="237" height="65" contents="¤{إستمارت/إستمارة}¤ تطوع" script="typed" function_1="object" language="arabic"> </DL_ZONE>
			<DL_ZONE gedi_type="TextRegion" id="5" nextZoneID="119" col="1409" row="421" width="132" height="44" contents="الإسم :" script="typed" language="arabic"> </DL_ZONE>
			<DL_ZONE gedi_type="TextRegion" id="6" nextZoneID="120" col="1409" row="495" width="128" height="45" contents="العنوان :" script="typed" language="arabic"> </DL_ZONE>
			<DL_ZONE gedi_type="TextRegion" id="7" nextZoneID="121" col="1349" row="578" width="188" height="48" contents="تاريخ الميلاد :" script="typed" language="arabic"> </DL_ZONE>
			<DL_ZONE gedi_type="TextRegion" id="8" nextZoneID="122" col="654" row="574" width="172" height="56" contents="رقم البطاقة :" script="typed" language="arabic"> </DL_ZONE>
			<DL_ZONE gedi_type="TextRegion" id="9" nextZoneID="123" col="1297" row="656" width="241" height="54" contents="البريد الإلكتروني :" script="typed" language="arabic"> </DL_ZONE>
			<DL_ZONE gedi_type="TextRegion" id="10" nextZoneID="125" col="1406" row="737" width="131" height="53" contents="التيلفون :" script="typed" language="arabic"> </DL_ZONE>
			<DL_ZONE gedi_type="TextRegion" id="11" nextZoneID="126" col="689" row="745" width="129" height="50" contents="الموبايل :" script="typed" language="arabic"> </DL_ZONE>
			<DL_ZONE gedi_type="TextRegion" id="12" nextZoneID="127" col="1331" row="815" width="205" height="53" contents="المهنة/الكلية :" script="typed" language="arabic"> </DL_ZONE>
			<DL_ZONE gedi_type="TextRegion" id="13" nextZoneID="128" col="549" row="817" width="271" height="55" contents="مكان العمل / الكلية :" script="typed" language="arabic"> </DL_ZONE>
			<DL_ZONE gedi_type="TextRegion" id="14" col="1358" row="897" width="181" height="54" contents="سنة التخرج :" script="typed" language="arabic"> </DL_ZONE>
			<DL_ZONE gedi_type="TextRegion" id="15" col="691" row="902" width="171" height="54" contents="فصيلة الدم :" script="typed" language="arabic"> </DL_ZONE>
			<DL_ZONE gedi_type="TextRegion" id="16" col="1121" row="977" width="469" height="64" contents="- كيف تعرفت على الجمعية :" script="typed" language="arabic"> </DL_ZONE>
			<DL_ZONE gedi_type="TextRegion" id="17" col="122" row="882" width="482" height="52" contents="(AB أو o أو B أو A اختيار بين الفصائل)" script="typed" language="arabic"> </DL_ZONE>
			<DL_ZONE gedi_type="TextRegion" id="18" col="256" row="987" width="726" height="54" contents="إختيارات بوضع علامة صح أمام الإختيار المناسب (إختيار واحد فقط)" script="typed" language="arabic"> </DL_ZONE>
			<DL_ZONE gedi_type="TextRegion" id="19" col="1418" row="1072" width="125" height="47" contents="صديق" script="typed" language="arabic"> </DL_ZONE>
			<DL_ZONE gedi_type="TextRegion" id="20" col="1114" row="1063" width="116" height="51" contents="دعاية" script="typed" language="arabic"> </DL_ZONE>
			<DL_ZONE gedi_type="TextRegion" id="21" col="792" row="1069" width="131" height="48" contents="معارض" script="typed" language="arabic"> </DL_ZONE>
			<DL_ZONE gedi_type="TextRegion" id="22" col="519" row="1071" width="94" height="53" contents="إعلام" script="typed" language="arabic"> </DL_ZONE>
			<DL_ZONE gedi_type="TextRegion" id="23" col="185" row="1070" width="111" height="51" contents="أخرى" script="typed" language="arabic"> </DL_ZONE>
			<DL_ZONE gedi_type="TextRegion" id="24" col="987" row="1144" width="607" height="60" contents="- ماهو النشاط الذي ترغب في الإشتراك به :" script="typed" language="arabic"> </DL_ZONE>
			<DL_ZONE gedi_type="TextRegion" id="25" col="81" row="1152" width="784" height="52" contents="إختيارات بوضع علامة صح أمام الاختيار المناسب (إختيار واحد على الأقل)" script="typed" language="arabic"> </DL_ZONE>
			<DL_ZONE gedi_type="TextRegion" id="26" col="1029" row="1229" width="455" height="61" contents="- معارض ملابس (فرز/معارض)" script="typed" language="arabic"> </DL_ZONE>
			<DL_ZONE gedi_type="TextRegion" id="27" col="1361" row="1303" width="125" height="54" contents="- الدعاية" script="typed" language="arabic"> </DL_ZONE>
			<DL_ZONE gedi_type="TextRegion" id="28" col="1276" row="1386" width="210" height="54" contents="- الورشة الفنية" script="typed" language="arabic"> </DL_ZONE>
			<DL_ZONE gedi_type="TextRegion" id="29" col="694" row="1271" width="290" height="107" contents="إذا تم اختيارها (يتم تخييره&#10;بين الخيارين ويسمح&#10;باختيارهما معا" script="typed" language="arabic"> </DL_ZONE>
			<DL_ZONE gedi_type="TextRegion" id="30" col="363" row="1240" width="293" height="50" contents="- خدمات الصم والبكم" script="typed" language="arabic"> </DL_ZONE>
			<DL_ZONE gedi_type="TextRegion" id="31" col="442" row="1317" width="214" height="53" contents="-دروس التقوية" script="typed" language="arabic"> </DL_ZONE>
			<DL_ZONE gedi_type="TextRegion" id="32" col="416" row="1396" width="245" height="51" contents="-رعاية المكفوفين" script="typed" language="arabic"> </DL_ZONE>
			<DL_ZONE gedi_type="TextRegion" id="33" col="1219" row="1465" width="267" height="58" contents="- الزيارات الخارجية" script="typed" language="arabic"> </DL_ZONE>
			<DL_ZONE gedi_type="TextRegion" id="34" col="725" row="1426" width="295" height="117" contents="إذا تم اختيارها (يتم تخييره&#10;بين الخيارين ويسمح&#10;باختيارهما معا" script="typed" language="arabic"> </DL_ZONE>
			<DL_ZONE gedi_type="TextRegion" id="35" col="540" row="1481" width="122" height="48" contents="-تسويق" script="typed" language="arabic"> </DL_ZONE>
			<DL_ZONE gedi_type="TextRegion" id="36" col="979" row="1548" width="506" height="55" contents="-مساعدات أسر (استكشاف توصيل)" script="typed" language="arabic"> </DL_ZONE>
			<DL_ZONE gedi_type="TextRegion" id="37" col="496" row="1558" width="168" height="53" contents="-طبق الخير" script="typed" language="arabic"> </DL_ZONE>
			<DL_ZONE gedi_type="TextRegion" id="38" col="499" row="1643" width="169" height="41" contents="-لجان طبية" script="typed" language="arabic"> </DL_ZONE>
			<DL_ZONE gedi_type="TextRegion" id="39" col="1163" row="1631" width="324" height="52" contents="- تدريس دورات كمبيوتر" script="typed" language="arabic"> </DL_ZONE>
			<DL_ZONE gedi_type="TextRegion" id="40" col="375" row="1701" width="165" height="46" contents="اختيار نعم أو لا" script="typed" language="arabic"> </DL_ZONE>
			<DL_ZONE gedi_type="TextRegion" id="41" col="730" row="1718" width="861" height="54" contents="- هل لديك سيارة وتريد استخدامها لأغراض الجمعية : (نعم/لا)" script="typed" language="arabic"> </DL_ZONE>
			<DL_ZONE gedi_type="TextRegion" id="42" col="161" row="1771" width="1432" height="60" contents="- هل لديك في دائرة معارفك أو أقربائك (رجال أعمال/أطباء/¤{مسؤلوين/مسؤولين}¤) يستطيعوا تقديم خدمات للجمعية : (" script="typed" language="arabic"> </DL_ZONE>
			<DL_ZONE gedi_type="TextRegion" id="43" col="1416" row="1820" width="147" height="55" contents="نعم / لا)" script="typed" language="arabic"> </DL_ZONE>
			<DL_ZONE gedi_type="TextRegion" id="44" polygon="(100,1835);(261,1833);(559,1832);(850,1828);(1257,1827);(1261,1865);(1181,1862);(1161,1867);(1120,1862);(1053,1868);(914,1874);(836,1870);(754,1869);(685,1871);(580,1870);(541,1871);(403,1871);(370,1876);(296,1873);(107,1878)" contents="إختيار نعم أو لا (إذا تم اختيار نعم يظهر له السطر في الأسفل (إسم ¤{الضخص/الشخص}¤ ونوع الخدمة وصلة القرابة)" script="typed" language="arabic"> </DL_ZONE>
			<DL_ZONE gedi_type="TextRegion" id="45" nextZoneID="46" col="1356" row="1875" width="195" height="45" contents="إسم الشخص :" script="typed" language="arabic"> </DL_ZONE>
			<DL_ZONE gedi_type="TextRegion" id="46" polygon="(1054,1918);(1031,1896);(1054,1873);(1141,1859);(1275,1859);(1345,1876);(1345,1911);(1323,1919);(1067,1922)" contents="عبد الله بن التهامي" script="hand" language="arabic"> </DL_ZONE>
			<DL_ZONE gedi_type="TextRegion" id="47" nextZoneID="49" col="815" row="1873" width="199" height="53" contents="، نوع الخدمة :" script="typed" language="arabic"> </DL_ZONE>
			<DL_ZONE gedi_type="TextRegion" id="49" col="657" row="1877" width="142" height="53" contents="طبيب" script="hand" language="arabic"> </DL_ZONE>
			<DL_ZONE gedi_type="TextRegion" id="51" nextZoneID="52" col="393" row="1881" width="187" height="44" contents="، صلة القرابة:" script="typed" language="arabic"> </DL_ZONE>
			<DL_ZONE gedi_type="TextRegion" id="52" col="193" row="1875" width="167" height="56" contents="صديق" script="hand" language="arabic"> </DL_ZONE>
			<DL_ZONE gedi_type="TextRegion" id="53" nextZoneID="54" col="824" row="1922" width="770" height="54" contents="- ما هي الأيام والأوقات التي نستطيع طلب مساعدتك فيها :" script="typed" language="arabic"> </DL_ZONE>
			<DL_ZONE gedi_type="TextRegion" id="54" polygon="(447,1945);(458,1927);(533,1929);(563,1918);(630,1923);(744,1922);(773,1953);(744,1978);(692,1994);(432,2001)" contents="نهاية الأسبوع" script="hand" language="arabic"> </DL_ZONE>
			<DL_ZONE gedi_type="SeparatorRegion" id="55" polygon="(137,2010);(1596,1990);(1592,2013);(136,2033)"> </DL_ZONE>
			<DL_ZONE gedi_type="TextRegion" id="56" nextZoneID="57" col="1249" row="2026" width="298" height="54" contents="إسم موظف الإستقبال :" script="typed" language="arabic"> </DL_ZONE>
			<DL_ZONE gedi_type="TextRegion" id="57" polygon="(957,2042);(976,2028);(995,2012);(1099,2008);(1152,2036);(1231,2021);(1241,2048);(1212,2070);(963,2099)" contents="محمد العمراني" script="hand" language="arabic"> </DL_ZONE>
			<DL_ZONE gedi_type="TextRegion" id="58" nextZoneID="60" col="719" row="2036" width="118" height="47" contents="التاريخ :" script="typed" language="arabic"> </DL_ZONE>
			<DL_ZONE gedi_type="TextRegion" id="59" col="840" row="2048" width="14" height="22" contents="،" script="typed" language="arabic"> </DL_ZONE>
			<DL_ZONE gedi_type="TextRegion" id="60" col="423" row="2030" width="269" height="57" contents="28/03/2012" script="hand" function_1="date" language="arabic"> </DL_ZONE>
			<DL_ZONE gedi_type="TextRegion" id="61" col="388" row="2050" width="20" height="26" contents="،" script="typed" language="arabic"> </DL_ZONE>
			<DL_ZONE gedi_type="TextRegion" id="62" nextZoneID="63" col="270" row="2039" width="116" height="43" contents="الساعة :" script="typed" language="arabic"> </DL_ZONE>
			<DL_ZONE gedi_type="TextRegion" id="63" col="110" row="2034" width="135" height="52" contents="16:00" script="hand" language="arabic"> </DL_ZONE>
			<DL_ZONE gedi_type="TextRegion" id="119" polygon="(954,395);(991,371);(1074,368);(1141,398);(1251,383);(1300,357);(1357,408);(1357,453);(1272,465);(1194,460);(1119,442);(1021,454);(950,445)" contents="الكزبري سليمان" script="hand" language="arabic"> </DL_ZONE>
			<DL_ZONE gedi_type="TextRegion" id="120" polygon="(415,482);(446,476);(521,461);(620,478);(731,497);(819,493);(855,458);(911,452);(963,478);(1039,460);(1202,481);(1300,474);(1368,490);(1332,540);(1255,552);(1226,552);(1154,542);(965,541);(862,548);(787,522);(675,528);(418,536)" contents="شارع عبيدة ابن الجراح 30000 فاس" script="hand" language="arabic"> </DL_ZONE>
			<DL_ZONE gedi_type="TextRegion" id="121" col="995" row="556" width="329" height="72" contents="27/03/1975" script="hand" language="arabic"> </DL_ZONE>
			<DL_ZONE gedi_type="TextRegion" id="122" col="330" row="559" width="293" height="61" contents="A 731435" script="hand" function_1="reference" language="arabic"> </DL_ZONE>
			<DL_ZONE gedi_type="TextRegion" id="123" col="680" row="631" width="599" height="77" contents="Soulaiman@gmail.com" script="hand" language="arabic"> </DL_ZONE>
			<DL_ZONE gedi_type="TextRegion" id="125" col="1103" row="730" width="310" height="50" contents="0535624949" script="hand" language="arabic"> </DL_ZONE>
			<DL_ZONE gedi_type="TextRegion" id="126" col="326" row="731" width="308" height="52" contents="0663621125" script="hand" language="arabic"> </DL_ZONE>
			<DL_ZONE gedi_type="TextRegion" id="127" col="1090" row="811" width="162" height="75" contents="مستخدم" script="hand" language="arabic"> </DL_ZONE>
			<DL_ZONE gedi_type="TextRegion" id="128" polygon="(279,842);(301,820);(383,804);(457,800);(540,798);(542,866);(332,880);(285,870)" contents="أكسا للتأمين" script="hand" language="arabic"> </DL_ZONE>
			<DL_ZONE gedi_type="GraphicRegion" id="134" col="124" row="435" width="1285" height="27" function="underlined-field"> </DL_ZONE>
			<DL_ZONE gedi_type="GraphicRegion" id="135" col="126" row="520" width="1280" height="25" function="underlined-field"> </DL_ZONE>
			<DL_ZONE gedi_type="GraphicRegion" id="136" col="133" row="605" width="521" height="23" function="underlined-field"> </DL_ZONE>
			<DL_ZONE gedi_type="GraphicRegion" id="137" col="839" row="601" width="511" height="21" function="underlined-field"> </DL_ZONE>
			<DL_ZONE gedi_type="GraphicRegion" id="138" col="132" row="683" width="1164" height="25" function="underlined-field"> </DL_ZONE>
			<DL_ZONE gedi_type="GraphicRegion" id="139" col="136" row="768" width="556" height="19" function="underlined-field"> </DL_ZONE>
			<DL_ZONE gedi_type="GraphicRegion" id="140" col="834" row="765" width="576" height="20" function="underlined-field"> </DL_ZONE>
			<DL_ZONE gedi_type="GraphicRegion" id="141" col="830" row="841" width="501" height="24" function="underlined-field"> </DL_ZONE>
			<DL_ZONE gedi_type="GraphicRegion" id="142" col="130" row="851" width="419" height="18" function="underlined-field"> </DL_ZONE>
			<DL_ZONE gedi_type="GraphicRegion" id="143" col="870" row="924" width="489" height="24" function="underlined-field"> </DL_ZONE>
			<DL_ZONE gedi_type="GraphicRegion" id="144" col="122" row="931" width="568" height="21" function="underlined-field"> </DL_ZONE>
			<DL_ZONE gedi_type="GraphicRegion" id="145" col="1016" row="1898" width="314" height="22" function="underlined-field"> </DL_ZONE>
			<DL_ZONE gedi_type="GraphicRegion" id="146" col="590" row="1903" width="223" height="18" function="underlined-field"> </DL_ZONE>
			<DL_ZONE gedi_type="GraphicRegion" id="147" col="141" row="1907" width="252" height="18" function="underlined-field"> </DL_ZONE>
			<DL_ZONE gedi_type="GraphicRegion" id="148" col="138" row="1958" width="689" height="21" function="underlined-field"> </DL_ZONE>
			<DL_ZONE gedi_type="GraphicRegion" id="149" col="859" row="2056" width="389" height="20" function="underlined-field"> </DL_ZONE>
			<DL_ZONE gedi_type="GraphicRegion" id="150" col="416" row="2062" width="299" height="17" function="underlined-field"> </DL_ZONE>
			<DL_ZONE gedi_type="GraphicRegion" id="151" col="132" row="2065" width="134" height="21" function="underlined-field"> </DL_ZONE>
			<DL_ZONE gedi_type="GraphicRegion" id="152" col="1084" row="972" width="529" height="71" function="other"> </DL_ZONE>
			<DL_ZONE gedi_type="GraphicRegion" id="153" function="other" polygon="(25,904);(25,880);(113,864);(238,867);(412,867);(618,864);(695,870);(743,916);(721,926);(679,940);(593,945);(137,949);(35,945)"> </DL_ZONE>
			<DL_ZONE gedi_type="GraphicRegion" id="154" function="other" polygon="(188,977);(243,964);(352,965);(593,964);(709,960);(941,959);(1045,975);(1097,1029);(1096,1043);(1047,1042);(1013,1058);(950,1065);(869,1057);(812,1062);(707,1061);(633,1064);(534,1064);(416,1065);(328,1068);(242,1059);(178,1054)"> </DL_ZONE>
			<DL_ZONE gedi_type="GraphicRegion" id="155" function="other" polygon="(21,1139);(64,1127);(175,1120);(382,1122);(735,1119);(878,1120);(934,1133);(985,1185);(980,1200);(939,1206);(920,1221);(865,1232);(792,1231);(721,1232);(652,1231);(536,1231);(484,1233);(403,1234);(324,1239);(230,1236);(173,1237);(108,1236);(21,1222)"> </DL_ZONE>
			<DL_ZONE gedi_type="GraphicRegion" id="156" function="other" polygon="(664,1263);(686,1251);(752,1246);(991,1251);(1017,1271);(1021,1304);(1061,1270);(1057,1309);(1024,1364);(1004,1384);(955,1397);(673,1399);(650,1333);(648,1304)"> </DL_ZONE>
			<DL_ZONE gedi_type="GraphicRegion" id="157" function="other" polygon="(690,1436);(717,1421);(777,1414);(948,1408);(1031,1414);(1057,1445);(1064,1490);(1121,1566);(1114,1570);(1051,1540);(1027,1564);(964,1564);(717,1562);(686,1539)"> </DL_ZONE>
			<DL_ZONE gedi_type="GraphicRegion" id="158" function="other" polygon="(289,1694);(310,1683);(375,1679);(452,1674);(602,1681);(639,1702);(721,1730);(719,1740);(623,1733);(617,1753);(602,1762);(567,1765);(507,1769);(420,1768);(354,1766);(293,1756)"> </DL_ZONE>
			<DL_ZONE gedi_type="GraphicRegion" id="159" function="other" polygon="(47,1833);(106,1823);(332,1822);(683,1820);(886,1818);(1332,1810);(1421,1854);(1384,1862);(1349,1867);(1297,1874);(1207,1876);(1047,1876);(939,1880);(802,1880);(639,1881);(513,1884);(375,1880);(272,1882);(153,1886);(25,1883);(20,1833)"> </DL_ZONE>
			<DL_ZONE gedi_type="LineDrawingRegion" id="160" polygon="(800,1734);(815,1715);(849,1712);(864,1725);(862,1756);(854,1772);(840,1777);(822,1781);(802,1777)"> </DL_ZONE>
			<DL_ZONE gedi_type="LineDrawingRegion" id="161" polygon="(1506,1814);(1521,1813);(1554,1813);(1554,1837);(1558,1868);(1549,1878);(1481,1876);(1476,1853);(1483,1816)"> </DL_ZONE>
			<DL_ZONE gedi_type="LineDrawingRegion" id="162" polygon="(712,1569);(692,1593);(671,1601);(661,1583);(670,1568);(676,1579);(715,1549);(723,1561)"> </DL_ZONE>
			<DL_ZONE gedi_type="LineDrawingRegion" id="163" polygon="(488,1555);(498,1545);(547,1546);(600,1548);(670,1551);(670,1612);(654,1616);(588,1620);(519,1619);(489,1615)"> </DL_ZONE>
			<DL_ZONE gedi_type="LineDrawingRegion" id="164" polygon="(1518,1414);(1517,1390);(1529,1387);(1533,1398);(1594,1356);(1603,1367);(1528,1426)"> </DL_ZONE>
			<DL_ZONE gedi_type="LineDrawingRegion" id="165" polygon="(1257,1371);(1274,1368);(1338,1366);(1388,1366);(1488,1373);(1498,1442);(1495,1451);(1254,1447)"> </DL_ZONE>
			<DL_ZONE gedi_type="LineDrawingRegion" id="166" polygon="(1420,1056);(1465,1050);(1503,1053);(1552,1058);(1555,1083);(1556,1112);(1549,1126);(1398,1122);(1391,1098);(1390,1060)"> </DL_ZONE>
			<DL_ZONE gedi_type="LineDrawingRegion" id="167" polygon="(460,879);(473,874);(498,873);(502,887);(499,909);(496,926);(487,926);(474,927);(457,919)"> </DL_ZONE>
			<DL_ZONE gedi_type="GraphicRegion" id="168" col="555" row="163" width="367" height="116" function="logo"> </DL_ZONE>
		</DL_PAGE>
	</DL_DOCUMENT>
</GEDI>