<?xml version="1.0" encoding="UTF-8"?>
<!--GEDI was developed at Language and Media Processing Laboratory, University of Maryland.-->

<GEDI xmlns="http://lamp.cfar.umd.edu/media/projects/GEDI/" GEDI_version="2.3.19" GEDI_date="12/23/2011">
	<USER name="Khizrane" date="5/21/2012 12:26" dateFormat="mm/dd/yyyy hh:mm">	</USER>
	<USER name="MDR-P8" date="3/12/2013 11:43" dateFormat="mm/dd/yyyy hh:mm">	</USER>
	<USER name="MDR-R2" date="11/5/2012 15:24" dateFormat="mm/dd/yyyy hh:mm">	</USER>
	<USER name="MDR-R6" date="10/29/2012 14:42" dateFormat="mm/dd/yyyy hh:mm">	</USER>
	<USER name="MDR_R8" date="2/5/2013 12:08" dateFormat="mm/dd/yyyy hh:mm">	</USER>
	<USER name="mohamed salah" date="5/28/2012 14:17" dateFormat="mm/dd/yyyy hh:mm">	</USER>
	<DL_DOCUMENT src="AZXROS.tif" docTag="xml" NrOfPages="1">
		<DL_PAGE gedi_type="DL_PAGE" src="AZXROS.tif" pageID="1" width="1700" height="2338" Language_4="" Language_3="" Receiver_Address="" Sender_Company="" Receiver_Fax="" Receiver_Phone="" Sender_Fax="" Category="C1" Document_Date="29/03/2012" Document_Object="إستمارة تطوع" Language_1="arabic" NumPage="1" Receiver_Name="رشيد المريني" Script_1="typed" Script_2="hand" Sender_Address="شارع محمد بن عبوب، 93000 تطوان" Receiver_Company="جمعية الأعمال الخيرية" Sender_Phone="¤{+212(0)6.61.52.73.15|+212(0)5.39.71.11.11}¤" Sender_Name="رمزي السادات" Document_Location="" Language_2="french">
			<DL_ZONE gedi_type="TextRegion" id="1" col="578" row="62" width="296" height="52" contents="جمعية الأعمال الخيرية" script="typed" language="arabic"> </DL_ZONE>
			<DL_ZONE gedi_type="TextRegion" id="2" polygon="(552,221);(602,190);(714,170);(859,182);(911,223);(875,280);(812,247);(680,250);(601,277)" contents="متعة العطاء" script="typed" function_1="title" language="arabic"> </DL_ZONE>
			<DL_ZONE gedi_type="TextRegion" id="3" col="625" row="336" width="247" height="52" contents="إستمارة تطوع" script="typed" function_1="object" language="arabic"> </DL_ZONE>
			<DL_ZONE gedi_type="TextRegion" id="4" nextZoneID="59" col="1406" row="416" width="133" height="50" contents="الاسم :" script="typed" language="arabic"> </DL_ZONE>
			<DL_ZONE gedi_type="TextRegion" id="5" nextZoneID="66" col="653" row="575" width="172" height="51" contents="رقم البطاقة :" script="typed" language="arabic"> </DL_ZONE>
			<DL_ZONE gedi_type="TextRegion" id="6" nextZoneID="61" col="1408" row="495" width="126" height="44" contents="العنوان :" script="typed" language="arabic"> </DL_ZONE>
			<DL_ZONE gedi_type="TextRegion" id="7" nextZoneID="64" col="1347" row="576" width="188" height="46" contents="تاريخ الميلاد :" script="typed" language="arabic"> </DL_ZONE>
			<DL_ZONE gedi_type="TextRegion" id="8" nextZoneID="68" col="1299" row="656" width="235" height="49" contents="البريد الكتروني:" script="typed" language="arabic"> </DL_ZONE>
			<DL_ZONE gedi_type="TextRegion" id="9" nextZoneID="70" col="689" row="739" width="133" height="52" contents="المبايل :" script="typed" language="arabic"> </DL_ZONE>
			<DL_ZONE gedi_type="TextRegion" id="10" nextZoneID="72" col="1406" row="733" width="132" height="54" contents="التيليفون :" script="typed" language="arabic"> </DL_ZONE>
			<DL_ZONE gedi_type="TextRegion" id="11" nextZoneID="74" col="1327" row="816" width="211" height="49" contents="المهنة / الكلية :" script="typed" language="arabic"> </DL_ZONE>
			<DL_ZONE gedi_type="TextRegion" id="12" nextZoneID="75" col="545" row="822" width="271" height="48" contents="مكان العمل / الكلية :" script="typed" language="arabic"> </DL_ZONE>
			<DL_ZONE gedi_type="TextRegion" id="13" col="690" row="899" width="165" height="55" contents="فصيلة الدم :" script="typed" language="arabic"> </DL_ZONE>
			<DL_ZONE gedi_type="TextRegion" id="14" col="529" row="880" width="68" height="46" contents="AB (" script="typed" language="french"> </DL_ZONE>
			<DL_ZONE gedi_type="TextRegion" id="15" col="469" row="883" width="26" height="38" contents="O" script="typed" language="french"> </DL_ZONE>
			<DL_ZONE gedi_type="TextRegion" id="16" col="409" row="886" width="26" height="38" contents="B" script="typed" language="french"> </DL_ZONE>
			<DL_ZONE gedi_type="TextRegion" id="17" col="349" row="884" width="30" height="40" contents="A" script="typed" language="french"> </DL_ZONE>
			<DL_ZONE gedi_type="TextRegion" id="18" col="499" row="877" width="28" height="46" contents="او" script="typed" language="arabic"> </DL_ZONE>
			<DL_ZONE gedi_type="TextRegion" id="19" col="438" row="877" width="27" height="46" contents="او" script="typed" language="arabic"> </DL_ZONE>
			<DL_ZONE gedi_type="TextRegion" id="20" col="382" row="880" width="27" height="44" contents="او" script="typed" language="arabic"> </DL_ZONE>
			<DL_ZONE gedi_type="TextRegion" id="21" col="128" row="886" width="218" height="41" contents="اختيار بين الفصائل (" script="typed" language="arabic"> </DL_ZONE>
			<DL_ZONE gedi_type="TextRegion" id="22" col="256" row="982" width="719" height="55" contents="اختيارات بوضع علامة صح امام الإختيار المناسب (إختيار واحد فقط)" script="typed" language="arabic"> </DL_ZONE>
			<DL_ZONE gedi_type="TextRegion" id="23" col="1119" row="978" width="471" height="53" contents="● كيف تعرفت على الجمعية :" script="typed" language="arabic"> </DL_ZONE>
			<DL_ZONE gedi_type="TextRegion" id="24" nextZoneID="78" col="1357" row="896" width="184" height="52" contents="سنة التخرج :" script="typed" language="arabic"> </DL_ZONE>
			<DL_ZONE gedi_type="TextRegion" id="25" col="1415" row="1071" width="124" height="46" contents="صديق" script="typed" language="arabic"> </DL_ZONE>
			<DL_ZONE gedi_type="TextRegion" id="26" col="1110" row="1065" width="121" height="45" contents="دعاية" script="typed" language="arabic"> </DL_ZONE>
			<DL_ZONE gedi_type="TextRegion" id="27" col="791" row="1068" width="132" height="46" contents="معارض" script="typed" language="arabic"> </DL_ZONE>
			<DL_ZONE gedi_type="TextRegion" id="28" col="521" row="1068" width="94" height="53" contents="إعلام" script="typed" language="arabic"> </DL_ZONE>
			<DL_ZONE gedi_type="TextRegion" id="29" col="188" row="1065" width="101" height="52" contents="أخرى" script="typed" language="arabic"> </DL_ZONE>
			<DL_ZONE gedi_type="TextRegion" id="30" col="85" row="1147" width="779" height="55" contents="اختيارات بوضع علامة صح امام الإختيار المناسب (إختيار واحد على الأقل)" script="typed" language="arabic"> </DL_ZONE>
			<DL_ZONE gedi_type="TextRegion" id="31" col="990" row="1142" width="604" height="57" contents="● ما هو النشاط الذي ترغب في الإشتراك به :" script="typed" language="arabic"> </DL_ZONE>
			<DL_ZONE gedi_type="TextRegion" id="32" col="1024" row="1224" width="464" height="56" contents="* معارض ملابس ( فرز / معارض)" script="typed" language="arabic"> </DL_ZONE>
			<DL_ZONE gedi_type="TextRegion" id="33" col="1362" row="1305" width="124" height="49" contents="* الدعاية" script="typed" language="arabic"> </DL_ZONE>
			<DL_ZONE gedi_type="TextRegion" id="34" col="1279" row="1388" width="204" height="49" contents="* الورشة الفنية" script="typed" language="arabic"> </DL_ZONE>
			<DL_ZONE gedi_type="TextRegion" id="35" col="1219" row="1462" width="269" height="55" contents="* الزيارات الخارجية" script="typed" language="arabic"> </DL_ZONE>
			<DL_ZONE gedi_type="TextRegion" id="36" col="367" row="1234" width="289" height="55" contents="* خدمات الصم و البكم" script="typed" language="arabic"> </DL_ZONE>
			<DL_ZONE gedi_type="TextRegion" id="37" col="435" row="1316" width="220" height="46" contents="* دروس التقوية" script="typed" language="arabic"> </DL_ZONE>
			<DL_ZONE gedi_type="TextRegion" id="38" col="422" row="1397" width="237" height="49" contents="*رعاية المكفوفين" script="typed" language="arabic"> </DL_ZONE>
			<DL_ZONE gedi_type="TextRegion" id="39" col="535" row="1477" width="130" height="48" contents="*تسويق" script="typed" language="arabic"> </DL_ZONE>
			<DL_ZONE gedi_type="TextRegion" id="40" col="495" row="1557" width="170" height="54" contents="*طبق الخير" script="typed" language="arabic"> </DL_ZONE>
			<DL_ZONE gedi_type="TextRegion" id="41" col="497" row="1639" width="172" height="49" contents="* لجان طبية" script="typed" language="arabic"> </DL_ZONE>
			<DL_ZONE gedi_type="TextRegion" id="42" col="979" row="1553" width="512" height="56" contents="* مساعدات أسر ( استكشاف / توصيل )" script="typed" language="arabic"> </DL_ZONE>
			<DL_ZONE gedi_type="TextRegion" id="43" col="1154" row="1637" width="342" height="49" contents="* تدريس دورات كمبيوتر" script="typed" language="arabic"> </DL_ZONE>
			<DL_ZONE gedi_type="TextRegion" id="44" col="732" row="1713" width="868" height="59" contents="● هل لديك سيارة وتريد إستخدامها لأغراض الجمعية : ( نعم / لا)" script="typed" language="arabic"> </DL_ZONE>
			<DL_ZONE gedi_type="TextRegion" id="45" col="161" row="1772" width="1435" height="52" contents="● هل لديك في دائرة معارفك أو أقاربك ( رجال أعمال / أطباء / مسئولين ) تقديم خدمات للجمعية :(" script="typed" language="arabic"> </DL_ZONE>
			<DL_ZONE gedi_type="TextRegion" id="46" col="1410" row="1825" width="138" height="46" contents="نعم / لا" script="typed" language="arabic"> </DL_ZONE>
			<DL_ZONE gedi_type="TextRegion" id="47" col="102" row="1824" width="1159" height="50" contents="اختيار نعم أو لا ( إذا تم اختيار نعم يظهر له السطر الذي في الأسفل ( اسم الضص و نوع الخدمة و ضلة القرابة )" script="typed" language="arabic"> </DL_ZONE>
			<DL_ZONE gedi_type="TextRegion" id="48" col="1351" row="1873" width="194" height="49" contents="إسم الشحص :" script="typed" language="arabic"> </DL_ZONE>
			<DL_ZONE gedi_type="TextRegion" id="49" col="812" row="1874" width="195" height="46" contents="، نوع الخدمة :" script="typed" language="arabic"> </DL_ZONE>
			<DL_ZONE gedi_type="TextRegion" id="50" col="391" row="1876" width="191" height="47" contents="، صلة القرابة :" script="typed" language="arabic"> </DL_ZONE>
			<DL_ZONE gedi_type="TextRegion" id="51" nextZoneID="85" col="829" row="1925" width="770" height="55" contents="● ما هي الأيام و الأوقات التي تستطيع طلب مساعدتك فيها :" script="typed" language="arabic"> </DL_ZONE>
			<DL_ZONE gedi_type="TextRegion" id="52" nextZoneID="82" col="725" row="2031" width="133" height="51" contents="، التاريخ :" script="typed" language="arabic"> </DL_ZONE>
			<DL_ZONE gedi_type="TextRegion" id="53" nextZoneID="80" col="1250" row="2027" width="297" height="49" contents="إسم الموظف الإستقبال :" script="typed" language="arabic"> </DL_ZONE>
			<DL_ZONE gedi_type="TextRegion" id="54" nextZoneID="83" col="268" row="2034" width="141" height="48" contents="، الساعة :" script="typed" language="arabic"> </DL_ZONE>
			<DL_ZONE gedi_type="TextRegion" id="55" col="369" row="1700" width="171" height="40" contents="اختيارات نعم أو لا" script="typed" language="arabic"> </DL_ZONE>
			<DL_ZONE gedi_type="TextRegion" id="56" polygon="(782,1270);(982,1268);(982,1301);(960,1302);(960,1345);(917,1344);(917,1381);(761,1375);(757,1344);(726,1345);(724,1313);(692,1311);(689,1270)" contents="إذا تم اختيارها ( يتم تغييره&#10;بين الخيارين ويمسح&#10;بإختيارهمت معا" script="typed" language="arabic"> </DL_ZONE>
			<DL_ZONE gedi_type="TextRegion" id="57" polygon="(724,1428);(1016,1430);(1016,1461);(985,1459);(987,1505);(948,1508);(951,1539);(791,1539);(788,1510);(758,1505);(755,1474);(727,1471)" contents="إذا تم اختيارها ( يتم تغييره&#10;بين الخيارين ويمسح&#10;بإختيارهمت معا" script="typed" language="arabic"> </DL_ZONE>
			<DL_ZONE gedi_type="GraphicRegion" id="58" function="signature" polygon="(284,2177);(334,2171);(323,2153);(343,2123);(388,2113);(444,2122);(459,2146);(462,2166);(672,2166);(689,2206);(462,2196);(438,2232);(380,2267);(342,2257);(352,2238);(374,2246);(434,2203);(283,2199)"> </DL_ZONE>
			<DL_ZONE gedi_type="TextRegion" id="59" col="669" row="392" width="712" height="85" contents="السادات رمزي" script="hand" language="arabic"> </DL_ZONE>
			<DL_ZONE gedi_type="TextRegion" id="61" col="176" row="480" width="1202" height="79" contents="شارع محمد بن عبوب، 93000 تطوان" script="hand" language="arabic"> </DL_ZONE>
			<DL_ZONE gedi_type="TextRegion" id="64" col="942" row="564" width="374" height="67" contents="25/3/1970" script="hand" language="arabic"> </DL_ZONE>
			<DL_ZONE gedi_type="TextRegion" id="66" col="272" row="560" width="298" height="55" contents="L 60532" script="hand" function_1="reference" language="arabic"> </DL_ZONE>
			<DL_ZONE gedi_type="TextRegion" id="68" col="622" row="640" width="707" height="68" contents="SABAI_Ramzi@hotmail.Fr" script="hand" language="arabic"> </DL_ZONE>
			<DL_ZONE gedi_type="TextRegion" id="70" col="209" row="716" width="470" height="71" contents="06 61 52 73 15" script="hand" language="arabic"> </DL_ZONE>
			<DL_ZONE gedi_type="TextRegion" id="72" col="892" row="724" width="440" height="60" contents="05 39 71 11 11" script="hand" language="arabic"> </DL_ZONE>
			<DL_ZONE gedi_type="TextRegion" id="74" col="1068" row="789" width="230" height="79" contents="أستاذ" script="hand" language="arabic"> </DL_ZONE>
			<DL_ZONE gedi_type="TextRegion" id="75" col="140" row="806" width="387" height="69" contents="ثانوية عمر الخيام" script="hand" language="arabic"> </DL_ZONE>
			<DL_ZONE gedi_type="NoiseRegion" id="77" col="973" row="810" width="37" height="28"> </DL_ZONE>
			<DL_ZONE gedi_type="TextRegion" id="78" col="1132" row="881" width="158" height="60" contents="1993" script="hand" language="arabic"> </DL_ZONE>
			<DL_ZONE gedi_type="TextRegion" id="80" col="871" row="2017" width="366" height="83" contents="رشيد المريني" script="hand" language="arabic"> </DL_ZONE>
			<DL_ZONE gedi_type="TextRegion" id="82" col="468" row="2027" width="277" height="58" contents="29/03/2012" script="hand" function_1="date" language="arabic"> </DL_ZONE>
			<DL_ZONE gedi_type="TextRegion" id="83" col="20" row="2024" width="251" height="65" contents="10 صباحا ." script="hand" language="arabic"> </DL_ZONE>
			<DL_ZONE gedi_type="TextRegion" id="85" col="179" row="1922" width="608" height="72" contents="السبت بعد الظهر" script="hand" language="arabic"> </DL_ZONE>
			<DL_ZONE gedi_type="SeparatorRegion" id="87" col="136" row="1999" width="1457" height="25"> </DL_ZONE>
			<DL_ZONE gedi_type="LineDrawingRegion" id="88" polygon="(746,1722);(778,1701);(797,1720);(788,1760);(764,1775);(741,1756)"> </DL_ZONE>
			<DL_ZONE gedi_type="LineDrawingRegion" id="89" polygon="(1431,1818);(1456,1811);(1482,1820);(1483,1849);(1464,1870);(1430,1864)"> </DL_ZONE>
			<DL_ZONE gedi_type="LineDrawingRegion" id="90" polygon="(1213,1459);(1336,1445);(1421,1451);(1468,1456);(1476,1507);(1451,1531);(1341,1545);(1242,1534);(1202,1498)"> </DL_ZONE>
			<DL_ZONE gedi_type="LineDrawingRegion" id="91" polygon="(459,1296);(539,1285);(609,1298);(641,1326);(629,1372);(563,1385);(469,1378);(412,1366);(410,1316)"> </DL_ZONE>
			<DL_ZONE gedi_type="LineDrawingRegion" id="92" polygon="(520,1064);(560,1055);(606,1056);(634,1080);(626,1111);(572,1123);(514,1124);(499,1087)"> </DL_ZONE>
			<DL_ZONE gedi_type="LineDrawingRegion" id="93" polygon="(527,889);(549,872);(569,870);(589,889);(570,923);(533,932);(520,911)"> </DL_ZONE>
			<DL_ZONE gedi_type="GraphicRegion" id="94" col="123" row="440" width="1301" height="19" function="underlined-field"> </DL_ZONE>
			<DL_ZONE gedi_type="GraphicRegion" id="95" col="125" row="523" width="1302" height="15" function="underlined-field"> </DL_ZONE>
			<DL_ZONE gedi_type="GraphicRegion" id="96" col="128" row="606" width="537" height="20" function="underlined-field"> </DL_ZONE>
			<DL_ZONE gedi_type="GraphicRegion" id="97" col="831" row="603" width="528" height="16" function="underlined-field"> </DL_ZONE>
			<DL_ZONE gedi_type="GraphicRegion" id="98" col="133" row="686" width="1183" height="15" function="underlined-field"> </DL_ZONE>
			<DL_ZONE gedi_type="GraphicRegion" id="99" col="137" row="767" width="558" height="20" function="underlined-field"> </DL_ZONE>
			<DL_ZONE gedi_type="GraphicRegion" id="100" col="831" row="761" width="587" height="23" function="underlined-field"> </DL_ZONE>
			<DL_ZONE gedi_type="GraphicRegion" id="101" col="124" row="844" width="436" height="28" function="underlined-field"> </DL_ZONE>
			<DL_ZONE gedi_type="GraphicRegion" id="102" col="819" row="841" width="520" height="24" function="underlined-field"> </DL_ZONE>
			<DL_ZONE gedi_type="GraphicRegion" id="103" col="120" row="930" width="584" height="20" function="underlined-field"> </DL_ZONE>
			<DL_ZONE gedi_type="GraphicRegion" id="104" col="864" row="926" width="509" height="21" function="underlined-field"> </DL_ZONE>
			<DL_ZONE gedi_type="GraphicRegion" id="105" col="1009" row="1900" width="357" height="16" function="underlined-field"> </DL_ZONE>
			<DL_ZONE gedi_type="GraphicRegion" id="106" col="583" row="1903" width="246" height="17" function="underlined-field"> </DL_ZONE>
			<DL_ZONE gedi_type="GraphicRegion" id="107" col="139" row="1903" width="259" height="20" function="underlined-field"> </DL_ZONE>
			<DL_ZONE gedi_type="GraphicRegion" id="108" col="134" row="1959" width="704" height="15" function="underlined-field"> </DL_ZONE>
			<DL_ZONE gedi_type="GraphicRegion" id="109" col="858" row="2058" width="398" height="16" function="underlined-field"> </DL_ZONE>
			<DL_ZONE gedi_type="GraphicRegion" id="110" col="409" row="2058" width="323" height="19" function="underlined-field"> </DL_ZONE>
			<DL_ZONE gedi_type="GraphicRegion" id="111" col="131" row="2063" width="152" height="20" function="underlined-field"> </DL_ZONE>
			<DL_ZONE gedi_type="GraphicRegion" id="112" col="1084" row="976" width="524" height="63" function="other"> </DL_ZONE>
			<DL_ZONE gedi_type="GraphicRegion" id="113" function="other" polygon="(32,1831);(143,1824);(1335,1818);(1418,1855);(1356,1860);(1313,1873);(90,1886);(26,1874)"> </DL_ZONE>
			<DL_ZONE gedi_type="GraphicRegion" id="114" function="other" polygon="(300,1691);(324,1679);(609,1677);(619,1692);(730,1738);(622,1729);(621,1748);(588,1762);(320,1762);(297,1747)"> </DL_ZONE>
			<DL_ZONE gedi_type="GraphicRegion" id="115" function="other" polygon="(687,1439);(727,1412);(1022,1415);(1050,1436);(1050,1474);(1123,1569);(1050,1525);(1038,1548);(1021,1553);(717,1556);(690,1531)"> </DL_ZONE>
			<DL_ZONE gedi_type="GraphicRegion" id="116" function="other" polygon="(675,1267);(702,1247);(988,1252);(1018,1279);(1015,1316);(1061,1265);(1018,1350);(1009,1378);(979,1394);(692,1393);(658,1368);(653,1282)"> </DL_ZONE>
			<DL_ZONE gedi_type="GraphicRegion" id="117" function="other" polygon="(28,1138);(93,1123);(872,1121);(930,1136);(933,1153);(991,1190);(935,1203);(904,1222);(97,1234);(25,1213)"> </DL_ZONE>
			<DL_ZONE gedi_type="GraphicRegion" id="118" function="other" polygon="(31,880);(103,864);(675,865);(742,912);(702,920);(661,941);(78,947);(31,935)"> </DL_ZONE>
			<DL_ZONE gedi_type="GraphicRegion" id="119" function="other" polygon="(185,982);(257,966);(985,963);(1046,975);(1046,994);(1099,1040);(1046,1038);(1009,1058);(256,1067);(186,1047)"> </DL_ZONE>
			<DL_ZONE gedi_type="NoiseRegion" id="120" col="207" row="2323" width="1491" height="14"> </DL_ZONE>
			<DL_ZONE gedi_type="NoiseRegion" id="121" col="154" row="2255" width="31" height="17"> </DL_ZONE>
		</DL_PAGE>
	</DL_DOCUMENT>
</GEDI>