<?xml version="1.0" encoding="UTF-8"?>
<!--GEDI was developed at Language and Media Processing Laboratory, University of Maryland.-->

<GEDI xmlns="http://lamp.cfar.umd.edu/media/projects/GEDI/" GEDI_version="2.3.19" GEDI_date="12/23/2011">
	<USER name="Khizrane" date="5/4/2012 14:57" dateFormat="mm/dd/yyyy hh:mm">	</USER>
	<USER name="Laure" date="5/9/2012 12:23" dateFormat="mm/dd/yyyy hh:mm">	</USER>
	<USER name="MDR-P6" date="10/16/2012 23:28" dateFormat="mm/dd/yyyy hh:mm">	</USER>
	<USER name="MDR-P8" date="10/31/2012 15:32" dateFormat="mm/dd/yyyy hh:mm">	</USER>
	<DL_DOCUMENT src="BDEFSA.tif" docTag="xml" NrOfPages="1">
		<DL_PAGE gedi_type="DL_PAGE" src="BDEFSA.tif" pageID="1" width="1651" height="2335" Language_2="" Receiver_Name="" Language_4="" Document_Date="" Language_3="" Sender_Company="" Document_Location="" NumPage="1" Script_1="typed" Script_2="hand" Language_1="french" Category="C2" Document_Object="BON DE COMMANDE" Receiver_Address="14 RUE FICHIER 67 000 STRASBOURG" Receiver_Company="CABI" Receiver_Fax="+33(0)4.55.66.78.00" Receiver_Phone="+33(0)4.55.66.78.97" Sender_Fax="" Sender_Phone="+33(0)4.65.50.32.10" Sender_Address="41 IMPASSE DES ACACIAS LOT LA ROUMIOUGNE 83 210 LA FARLEDE" Sender_Name="Annie HENRY">
			<DL_ZONE gedi_type="TextRegion" id="1" col="513" row="237" width="661" height="67" contents="Bon de commande" script="typed" function_2="object" function_1="title" language="french"> </DL_ZONE>
			<DL_ZONE gedi_type="TextRegion" id="2" col="259" row="522" width="686" height="203" contents="Adresse de l'entreprise : 14 rue Fichier 67 000 Strasbourg&#10;N° SIRET : 14256378945671&#10;Téléphone :04 55 66 78 97&#10;Fax : 04 55 66 78 00&#10;Email : CABI@bia.com&#10;Site web : WWW.CABI.com" script="typed" function_2="reference" function_1="coordinates" language="french"> </DL_ZONE>
			<DL_ZONE gedi_type="TextRegion" id="10" col="269" row="1129" width="316" height="34" contents="Adresse de livraison :" script="typed" language="french"> </DL_ZONE>
			<DL_ZONE gedi_type="TextRegion" id="11" col="652" row="1129" width="264" height="35" contents="Veuillez préciser :" script="typed" language="french"> </DL_ZONE>
			<DL_ZONE gedi_type="TextRegion" id="12" col="291" row="1166" width="341" height="37" nextZoneID="21" contents="S'il s'agit d'un cadeau :" script="typed" language="french"> </DL_ZONE>
			<DL_ZONE gedi_type="TextRegion" id="13" col="286" row="1204" width="691" height="36" contents="Adresse différente de celle indiquée ci-dessus :" script="typed" language="french"> </DL_ZONE>
			<DL_ZONE gedi_type="TextRegion" id="14" col="263" row="1305" width="574" height="38" contents="Commande de : montre de luxe Radio" script="typed" language="french"> </DL_ZONE>
			<DL_ZONE gedi_type="TextRegion" id="15" col="262" row="1373" width="294" height="110" contents="Quantité : 1&#10;Frais de port : 6,90&#10;Total : 256,90" script="typed" language="french"> </DL_ZONE>
			<DL_ZONE gedi_type="TextRegion" id="21" col="636" row="1169" width="82" height="34" contents="oui" script="hand" language="french"> </DL_ZONE>
			<DL_ZONE gedi_type="TextRegion" id="29" col="265" row="1544" width="759" height="39" nextZoneID="30" contents="Date et signature (Précéder de « lu et approuvé ») :" script="typed" language="french"> </DL_ZONE>
			<DL_ZONE gedi_type="TextRegion" id="30" col="1045" row="1514" width="424" height="83" contents="lu et approuvé" script="hand" language="french"> </DL_ZONE>
			<DL_ZONE gedi_type="TextRegion" id="31" col="1088" row="1652" width="109" height="90" contents="A" script="hand" language="french"> </DL_ZONE>
			<DL_ZONE gedi_type="TextRegion" id="32" col="424" row="1846" width="830" height="76" contents="A renvoyer ¤{accompagner/accompagné}¤ du règlement à l'adresse suivante :&#10;14 rue Fichier 67 000 Strasbourg" script="typed" function_1="footer" language="french"> </DL_ZONE>
			<DL_ZONE gedi_type="SeparatorRegion" id="34" polygon="(270,747);(1421,750);(1420,763);(269,761)"> </DL_ZONE>
			<DL_ZONE gedi_type="NoiseRegion" id="35" polygon="(4,217);(1642,218);(1645,237);(5,234)"> </DL_ZONE>
			<DL_ZONE gedi_type="NoiseRegion" id="36" col="1633" row="0" width="18" height="2331"> </DL_ZONE>
			<DL_ZONE gedi_type="NoiseRegion" id="37" col="1232" row="313" width="22" height="16"> </DL_ZONE>
			<DL_ZONE gedi_type="NoiseRegion" id="38" col="1412" row="292" width="11" height="26"> </DL_ZONE>
			<DL_ZONE gedi_type="NoiseRegion" id="39" col="1412" row="477" width="11" height="25"> </DL_ZONE>
			<DL_ZONE gedi_type="GraphicRegion" id="40" col="1235" row="312" width="164" height="168" function="other"> </DL_ZONE>
			<DL_ZONE gedi_type="GraphicRegion" id="41" function="signature" polygon="(962,1750);(1084,1649);(1249,1670);(1277,1772);(981,1765)"> </DL_ZONE>
			<DL_ZONE gedi_type="TextRegion" id="45" polygon="(267,789);(467,790);(568,866);(569,894);(1039,895);(1039,931);(581,980);(811,1036);(812,1067);(266,1064)" contents="Nom : HENRY&#10;Prénom : Annie&#10;Tél :04 65 50 32 10&#10;Adresse :41 Impasse des Acacias Lot la Roumiougne&#10;Code postal :83 210&#10;Ville : La Farlede&#10;Adresse mail : Annie.henry@bia.com" script="typed" function_1="coordinates" language="french"> </DL_ZONE>
			<DL_ZONE gedi_type="LineDrawingRegion" id="46" col="249" row="1208" width="41" height="31"> </DL_ZONE>
			<DL_ZONE gedi_type="LineDrawingRegion" id="47" col="247" row="1165" width="49" height="37"> </DL_ZONE>
		</DL_PAGE>
	</DL_DOCUMENT>
</GEDI>