<?xml version="1.0" encoding="UTF-8"?>
<!--GEDI was developed at Language and Media Processing Laboratory, University of Maryland.-->

<GEDI xmlns="http://lamp.cfar.umd.edu/media/projects/GEDI/" GEDI_version="2.3.19" GEDI_date="12/23/2011">
	<USER name="MDR-P4" date="11/30/2012 10:23" dateFormat="mm/dd/yyyy hh:mm">	</USER>
	<USER name="Mdr-P5" date="11/26/2012 17:13" dateFormat="mm/dd/yyyy hh:mm">	</USER>
	<DL_DOCUMENT src="BDHTEM.tif" docTag="xml" NrOfPages="1">
		<DL_PAGE gedi_type="DL_PAGE" src="BDHTEM.tif" pageID="1" width="826" height="1169" Language_2="" Sender_Name="" Receiver_Name="" Language_4="" Document_Date="" Language_3="" Receiver_Company="" Receiver_Address="" Sender_Company="" Sender_Phone="" Script_2="" Receiver_Fax="" Document_Location="" Sender_Address="" Receiver_Phone="" Sender_Fax="" Category="C2" Document_Object="ARTICLE" Language_1="english" NumPage="1" Script_1="typed" GEDI_orientation="90">
			<DL_ZONE gedi_type="TextRegion" id="1" nextZoneID="2" col="120" row="824" width="347" height="225" contents="”I had to pinch myself to make sure&#10;it was really happening. I was walking&#10;on native soil : Tarshiha, my parents’&#10;birthplace. It was hard to imagine&#10;that 50 years ago my mother may&#10;have roamed up and down these same&#10;streets or my father may have visited&#10;these very homes. My mother had&#10;drawn a plan by heart and it was so&#10;precise you’d have thought she’d left&#10;the night before. Now I was back.”&#10;Though born in Lebanon, Samia&#10;is Palestinian. Committed to armed&#10;struggle from a very young age, she&#10;dreamt of freedom, women’s liberation&#10;and world revolution. Now for the&#10;ﬁrst time, she could visit her family&#10;birthplace, now in Israel.&#10;”I learnt about Palestine through&#10;stories. In the refugee camps we never&#10;missed an opportunity - a marriage or&#10;funeral - to tell these stories, often&#10;with tears in our eyes. Palestine was&#10;a sort of Paradise Lost. I remember&#10;being afraid and curling up in my bed&#10;whenever a gust of wind made the&#10;zinc roof over my head rattle like a&#10;machine-gun. I’d imagine a safer place" script="typed" function_1="text_section" language="english"> </DL_ZONE>
			<DL_ZONE gedi_type="TextRegion" id="2" nextZoneID="3" col="269" row="586" width="196" height="225" contents="- somewhere that would protect us&#10;from danger.”&#10;Tarshiha did not disappoint Samia,&#10;even if the reality sometimes fell short&#10;of the stories she had heard. ”The&#10;countryside was even more beautiful&#10;than I’d imagined, more striking than&#10;the loveliest Lebanese landscapes.”&#10;She became quite emotional. ”During&#10;one of my strolls in the village a couple&#10;of Jewish Israelis asked me if I knew&#10;the way to the clinic. ’I don’t know,&#10;I’m not from around here,’ I remember&#10;replying. Then, overcome by what I’d&#10;just said, I broke down and wept.”" script="typed" function_1="text_section" language="english"> </DL_ZONE>
			<DL_ZONE gedi_type="TextRegion" id="3" nextZoneID="4" col="118" row="348" width="596" height="226" contents="Is Samia in fact ”from here”, from&#10;Tarshiha ? Is she ready to put down&#10;new roots in this town where part of&#10;her family still lives, settle down in&#10;the State of Israel and live in harmony&#10;with Jewish neighbours ? Yes, she says&#10;without a moment’s hesitation. Then&#10;she adds ”In concrete terms, return&#10;isn’t necessarily important. But I do&#10;want to be able to come and go as I&#10;wish.” The hardest problem&#10;They are called refugees. They num-&#10;ber 3.5 million, perhaps more. A&#10;minority live in camps - in Lebanon,&#10;Syria, Jordan, the West Bank, East&#10;Jerusalem, Gaza. Some have settled&#10;in Egypt, Iraq, the Gulf states and&#10;even America. Many live in poverty&#10;but there are also doctors, engineers,&#10;brilliant intellectuals - even fabulously&#10;wealthy businessmen. Though most of&#10;them were born in exile, when asked&#10;about their origins they reply Haifa,&#10;Ramallah, Jaﬀa or perhaps one of&#10;the villages destroyed after 1948 (1)&#10;whose memory they lovingly preserve&#10;with the help of photos, deeds and&#10;other mementos.&#10;Like Samia they all dream of ”re-&#10;turning”. They know UN General&#10;Assembly Resolution 194, passed 50&#10;years ago on 11 December 1948 oﬀ by&#10;heart : ”There are grounds for allowing&#10;refugees who so wish to return to&#10;their homes as soon as possible so&#10;that they may live in peace with&#10;their neighbours.” They indignantly&#10;reject the other part of the proposal :&#10;”As compensation for their property,&#10;payment must be made to those who&#10;decide not to return.” You do not sell&#10;your homeland.&#10;Of all the outstanding issues, the fate&#10;of the refugees is the most complex and&#10;both Palestinians and Israelis know it.&#10;No permanent solution for the region&#10;is feasible for as long as the camps&#10;- hotbeds of instability - continue&#10;to exist. Numerous plans have been" script="typed" function_1="text_section" language="english"> </DL_ZONE>
			<DL_ZONE gedi_type="TextRegion" id="4" col="117" row="108" width="592" height="226" contents="worked out, but can they square the&#10;circle when the Israeli government&#10;balks at withdrawing from even a few&#10;square kilometres of the West Bank ?&#10;The Palestinian poet Mahmud Dar-&#10;wich, who divides his time between&#10;Ramallah and Amman, acknowledges&#10;the dilemma. ”There is a struggle&#10;taking place within each of us : our&#10;hearts tell us we cannot give up what&#10;is ours, while our brains tell us that it&#10;is unrealistic to think we are going to&#10;return to our towns inside Israel. But&#10;how can we give up ? The memories&#10;are still too fresh ; we haven’t been&#10;exiled for 2,000 years. Our homes and&#10;land are so near.”&#10;The nakba (catastrophe) of 1948&#10;remains a raw wound in the Pales-&#10;tinian psyche. ”In 1948 our national&#10;consciousness was emerging”, explains&#10;Iyad Serraj, head of the Gaza Commu-&#10;nity Mental Health Programme (2).&#10;”The identity of the Palestinians, who&#10;are mostly peasants, was linked to&#10;the land. Thus, to lose your land and&#10;house was also to lose your honour&#10;and identity.” Deep-seated fear&#10;Dr Sarraj’s centre takes care of the&#10;most vulnerable : women oppressed&#10;by patriarchal society and children&#10;traumatised by years of occupation&#10;and violence. At the time of his&#10;arrest in 1996 - he had dared criticise&#10;Yasser Arafat - Dr Sarraj witnessed&#10;the interrogation of a detainee. The&#10;oﬃcer, a junior cadre in the intifada,&#10;got excited and began shouting and&#10;yelling - in Hebrew. Remarkably, the&#10;former victim was identifying with the&#10;persecutor." script="typed" function_1="text_section" language="english"> </DL_ZONE>
			<DL_ZONE gedi_type="GraphicRegion" id="5" col="473" row="587" width="236" height="464" function="other"> </DL_ZONE>
			<DL_ZONE gedi_type="ImageRegion" id="6" col="477" row="674" width="226" height="296"> </DL_ZONE>
			<DL_ZONE gedi_type="GraphicRegion" id="7" col="119" row="589" width="140" height="223" function="other"> </DL_ZONE>
			<DL_ZONE gedi_type="TextRegion" id="8" col="150" row="584" width="76" height="206" contents="¤{Palestiniandeams/Palestinian dreams}¤&#10;and anger" script="typed" function_1="title" language="english"> </DL_ZONE>
		</DL_PAGE>
	</DL_DOCUMENT>
</GEDI>