<?xml version="1.0" encoding="UTF-8"?>
<!--GEDI was developed at Language and Media Processing Laboratory, University of Maryland.-->

<GEDI xmlns="http://lamp.cfar.umd.edu/media/projects/GEDI/" GEDI_version="2.3.19" GEDI_date="12/23/2011">
	<USER name="Adil" date="3/2/2012 11:12" dateFormat="mm/dd/yyyy hh:mm">	</USER>
	<USER name="Elise" date="2/1/2012 17:15" dateFormat="mm/dd/yyyy hh:mm">	</USER>
	<USER name="Laure" date="4/4/2012 17:52" dateFormat="mm/dd/yyyy hh:mm">	</USER>
	<USER name="MDR-P6" date="10/16/2012 23:02" dateFormat="mm/dd/yyyy hh:mm">	</USER>
	<USER name="MDR-P8" date="10/31/2012 15:31" dateFormat="mm/dd/yyyy hh:mm">	</USER>
	<USER name="MDR_P1" date="10/16/2012 16:35" dateFormat="mm/dd/yyyy hh:mm">	</USER>
	<DL_DOCUMENT src="BFGIJO.tif" docTag="xml" NrOfPages="1">
		<DL_PAGE gedi_type="DL_PAGE" src="BFGIJO.tif" pageID="1" width="1700" height="2338" NumPage="1" Language_2="" Language_4="" Language_3="" Receiver_Fax="" Category="C2" Document_Date="20/12/2011" Language_1="french" Receiver_Company="NVODECO" Sender_Company="BRICODOM" Receiver_Address="PLACE LUCIEN CHAIX, BEUIL, 06470" Receiver_Name="Caroline COUSIN " Receiver_Phone="+33(0)4.26.40.75.49" Script_1="typed" Sender_Fax="+33(0)4.93.12.22.24" Sender_Name="" Sender_Phone="¤{+33(0)4.93.12.22.23|+33(0)4.93.12.22.26}¤" Document_Location="" Script_2="" Document_Object="RÉNOVATION D'UN APPARTEMENT" Sender_Address="61 RUE DE LA BUFFA NICE, 06000">
			<DL_ZONE gedi_type="TextRegion" id="1" col="1306" row="105" width="266" height="53" contents="FACTURE" script="typed" function_1="title" language="french"> </DL_ZONE>
			<DL_ZONE gedi_type="TextRegion" id="2" col="96" row="112" width="168" height="38" contents="Bricodom" script="typed" language="french"> </DL_ZONE>
			<DL_ZONE gedi_type="TextRegion" id="3" col="94" row="156" width="446" height="29" contents="Tout ce qu'il vous faut pour vos travaux" script="typed" language="french"> </DL_ZONE>
			<DL_ZONE gedi_type="TextRegion" id="4" col="95" row="210" width="599" height="92" contents="61 rue de la Buffa&#10;NICE, 06000&#10;Téléphone : 33 4 93 12 22 23 Fax : 33 4 93 12 22 24" script="typed" function_1="coordinates" language="french"> </DL_ZONE>
			<DL_ZONE gedi_type="TextRegion" id="6" col="92" row="340" width="242" height="188" contents="À L'ATTENTION DE :&#10;COUSIN Caroline&#10;Nvodeco&#10;Place Lucien Chaix&#10;BEUIL, 06470&#10;0426407549" script="typed" function_1="coordinates" language="french"> </DL_ZONE>
			<DL_ZONE gedi_type="TextRegion" id="7" col="845" row="343" width="333" height="127" contents="OBJET :&#10;Rénovation d'un appartement&#10;2011/23334&#10;FR 11 123 456 789" script="typed" function_2="reference" function_1="object" language="french"> </DL_ZONE>
			<DL_ZONE gedi_type="TextRegion" id="12" col="530" row="615" width="185" height="31" contents="DÉSIGNATION" script="typed" language="french"> </DL_ZONE>
			<DL_ZONE gedi_type="TextRegion" id="13" col="1287" row="618" width="172" height="30" contents="MONTANT HT" script="typed" language="french"> </DL_ZONE>
			<DL_ZONE gedi_type="TextRegion" id="14" col="94" row="735" width="751" height="39" contents="Nature et quantité des biens livrés ou étendue des services fournis :" script="typed" language="french"> </DL_ZONE>
			<DL_ZONE gedi_type="TextRegion" id="15" col="1494" row="777" width="66" height="34" contents="7,9 €" script="typed" language="french"> </DL_ZONE>
			<DL_ZONE gedi_type="TextRegion" id="16" col="1494" row="822" width="65" height="29" contents="9,9 €" script="typed" language="french"> </DL_ZONE>
			<DL_ZONE gedi_type="TextRegion" id="17" col="1483" row="859" width="75" height="31" contents="5,95 €" script="typed" language="french"> </DL_ZONE>
			<DL_ZONE gedi_type="TextRegion" id="18" col="1484" row="897" width="74" height="34" contents="88,9 €" script="typed" language="french"> </DL_ZONE>
			<DL_ZONE gedi_type="TextRegion" id="19" col="1481" row="941" width="79" height="31" contents="35,9 €" script="typed" language="french"> </DL_ZONE>
			<DL_ZONE gedi_type="TextRegion" id="20" col="95" row="776" width="200" height="34" contents="Lot de 7 pinceaux" script="typed" language="french"> </DL_ZONE>
			<DL_ZONE gedi_type="TextRegion" id="21" col="93" row="818" width="350" height="33" contents="Lot rouleau, manchon et bâche" script="typed" language="french"> </DL_ZONE>
			<DL_ZONE gedi_type="TextRegion" id="22" col="95" row="857" width="400" height="32" contents="Maxi rouleau pour murs et plafonds" script="typed" language="french"> </DL_ZONE>
			<DL_ZONE gedi_type="TextRegion" id="23" col="94" row="900" width="552" height="33" contents="Peinture murs et plafonds « Blanc professionnel »" script="typed" language="french"> </DL_ZONE>
			<DL_ZONE gedi_type="TextRegion" id="24" col="96" row="939" width="197" height="35" contents="Enduit garnissant" script="typed" language="french"> </DL_ZONE>
			<DL_ZONE gedi_type="TextRegion" id="25" col="93" row="1214" width="396" height="43" contents="TVA applicable au taux de 19,6 % :" script="typed" language="french"> </DL_ZONE>
			<DL_ZONE gedi_type="TextRegion" id="26" col="1468" row="1219" width="92" height="32" contents="29,12 €" script="typed" language="french"> </DL_ZONE>
			<DL_ZONE gedi_type="TextRegion" id="27" col="1026" row="1341" width="125" height="35" contents="TOTAL TTC" script="typed" language="french"> </DL_ZONE>
			<DL_ZONE gedi_type="TextRegion" id="28" col="1456" row="1343" width="107" height="28" contents="177,67 €" script="typed" language="french"> </DL_ZONE>
			<DL_ZONE gedi_type="TextRegion" id="29" col="96" row="1571" width="1469" height="133" contents="Veuillez établir les chèques à l'ordre de Bricodom&#10;Les règlements doivent être effectués dans les 30 jours.&#10;Pour toute question relative à cette facture, veuillez contacter Service Clientèle 33 4 93 12 22 26 service_client@bricodom.fr&#10;FR 11 123 456 789" script="typed" function_1="reference" language="french"> </DL_ZONE>
			<DL_ZONE gedi_type="TextRegion" id="36" col="644" row="1730" width="379" height="29" contents="Avec nos remerciements !" script="typed" language="french"> </DL_ZONE>
			<DL_ZONE gedi_type="GraphicRegion" id="37" col="650" row="1826" width="410" height="139" function="signature"> </DL_ZONE>
			<DL_ZONE gedi_type="NoiseRegion" id="39" col="808" row="4" width="43" height="1146"> </DL_ZONE>
			<DL_ZONE gedi_type="NoiseRegion" id="40" col="80" row="1153" width="1323" height="53"> </DL_ZONE>
			<DL_ZONE gedi_type="NoiseRegion" id="42" col="746" row="1204" width="66" height="1130"> </DL_ZONE>
			<DL_ZONE gedi_type="TextRegion" id="48" col="1371" row="261" width="201" height="59" contents="FACTURE N° 175&#10;DATE : 20/12/2011" script="typed" function_2="date" function_1="reference" language="french"> </DL_ZONE>
			<DL_ZONE gedi_type="TableRegion" id="55" col="82" row="610" width="1504" height="768"> </DL_ZONE>
		</DL_PAGE>
	</DL_DOCUMENT>
</GEDI>