<?xml version="1.0" encoding="UTF-8"?>
<!--GEDI was developed at Language and Media Processing Laboratory, University of Maryland.-->

<GEDI xmlns="http://lamp.cfar.umd.edu/media/projects/GEDI/" GEDI_version="2.3.19" GEDI_date="12/23/2011">
	<USER name="Khizrane" date="3/2/2012 9:56" dateFormat="mm/dd/yyyy hh:mm">	</USER>
	<USER name="Laure" date="4/4/2012 17:06" dateFormat="mm/dd/yyyy hh:mm">	</USER>
	<USER name="MDR-P6" date="10/16/2012 23:43" dateFormat="mm/dd/yyyy hh:mm">	</USER>
	<USER name="MDR-P8" date="10/31/2012 15:31" dateFormat="mm/dd/yyyy hh:mm">	</USER>
	<USER name="Manuela" date="2/9/2012 11:21" dateFormat="mm/dd/yyyy hh:mm">	</USER>
	<DL_DOCUMENT src="BFHJKQ.tif" docTag="xml" NrOfPages="1">
		<DL_PAGE gedi_type="DL_PAGE" src="BFHJKQ.tif" pageID="1" width="1275" height="1754" NumPage="1" Language_2="" Language_3="" Receiver_Company="" Document_Location="" Category="C2" Document_Object="FACTURE" Language_1="french" Script_1="typed" Sender_Address="SAV@NICOLAS-INFORMATIQUE.FR" Script_2="hand" Receiver_Phone="" Sender_Phone="+33(0)4.05.06.07.08" Language_4="" Sender_Fax="+33(0)4.05.06.00.00" Sender_Company="NICOLAS INFORMATIQUE" Receiver_Fax="" Document_Date="29/12/2011" Receiver_Address="46 OREE DU BOIS 04564 BOIS D'EBENE" Receiver_Name="Nadine DUBOIS" Sender_Name="Nicolas MICHEL">
			<DL_ZONE gedi_type="TextRegion" id="1" col="129" row="90" width="205" height="50" contents="Téléphone : 04.05.06.07.08&#10;Télécopie : 04.05.06.00.00" script="typed" language="french"> </DL_ZONE>
			<DL_ZONE gedi_type="TextRegion" id="5" col="127" row="283" width="304" height="96" contents="À : MLLE DUBOIS NADINE&#10;46 OREE DU BOIS&#10;04564 BOIS D'EBENE&#10;(NAD_DUBOIS425@GMAIL.COM)" script="typed" function_1="coordinates" language="french"> </DL_ZONE>
			<DL_ZONE gedi_type="TextRegion" id="6" col="1012" row="129" width="196" height="39" contents="FACTURE" script="typed" function_2="title" function_1="object" language="french"> </DL_ZONE>
			<DL_ZONE gedi_type="TextRegion" id="12" col="958" row="216" width="253" height="45" contents="N° DE FACTURE :2912201100256&#10;DATE :29 DECEMBRE 2011" script="typed" function_2="date" function_1="reference" language="french"> </DL_ZONE>
			<DL_ZONE gedi_type="TextRegion" id="22" col="128" row="403" width="945" height="46" contents="COMMENTAIRES OU INSTRUCTIONS SPECIALES :&#10;PERSONNE A MOBILITE REDUITE, FAIRE PATIENTER LE LIVREUR LE TEMPS QU'ON LUI OUVRE LA PORTE" script="typed" language="french"> </DL_ZONE>
			<DL_ZONE gedi_type="TableRegion" id="24" col="115" row="546" width="1100" height="97"> </DL_ZONE>
			<DL_ZONE gedi_type="TextRegion" id="27" col="956" row="1110" width="111" height="16" contents="SOUS-TOTAL" script="typed" language="french"> </DL_ZONE>
			<DL_ZONE gedi_type="TextRegion" id="28" col="125" row="1300" width="1059" height="46" contents="Veuillez rédiger tous les chèques à l'ordre de NICOLAS informatique S.A.R.L.&#10;Pour toute question concernant cette facture, veuillez contacter : Séverine au : 05.05.06.07.12 ou à l'adresse sav@nicolas-informatique.fr" script="typed" language="french"> </DL_ZONE>
			<DL_ZONE gedi_type="TextRegion" id="35" col="451" row="1360" width="424" height="18" contents="NOUS VOUS REMERCIONS DE VOTRE CONFIANCE." script="typed" language="french"> </DL_ZONE>
			<DL_ZONE gedi_type="TextRegion" id="37" col="749" row="1420" width="156" height="44" orientationD="4.0" contents="N Michel" script="hand" language="french"> </DL_ZONE>
			<DL_ZONE gedi_type="TextRegion" id="40" col="168" row="559" width="91" height="19" contents="VENDEUR" script="typed" language="french"> </DL_ZONE>
			<DL_ZONE gedi_type="TextRegion" id="41" col="328" row="561" width="199" height="18" contents="N° BON DE COMMANDE" script="typed" language="french"> </DL_ZONE>
			<DL_ZONE gedi_type="TextRegion" id="49" col="129" row="603" width="149" height="22" contents="Nicolas (code 123)" script="typed" language="french"> </DL_ZONE>
			<DL_ZONE gedi_type="TextRegion" id="50" col="321" row="604" width="76" height="19" contents="12-00256" script="typed" function_1="reference" language="french"> </DL_ZONE>
			<DL_ZONE gedi_type="TextRegion" id="51" col="553" row="604" width="75" height="20" contents="DUBOIS" script="typed" language="french"> </DL_ZONE>
			<DL_ZONE gedi_type="TextRegion" id="52" col="605" row="561" width="111" height="17" contents="DEMANDEUR" script="typed" language="french"> </DL_ZONE>
			<DL_ZONE gedi_type="TextRegion" id="53" col="791" row="558" width="119" height="22" contents="EXPÉDIÉ PAR" script="typed" language="french"> </DL_ZONE>
			<DL_ZONE gedi_type="TextRegion" id="54" col="958" row="553" width="75" height="36" contents="FRANCO&#10;DÉPART" script="typed" language="french"> </DL_ZONE>
			<DL_ZONE gedi_type="TextRegion" id="55" col="1086" row="560" width="111" height="19" contents="CONDITIONS" script="typed" language="french"> </DL_ZONE>
			<DL_ZONE gedi_type="TextRegion" id="56" col="787" row="605" width="37" height="18" contents="UPS" script="typed" language="french"> </DL_ZONE>
			<DL_ZONE gedi_type="TextRegion" id="57" col="933" row="596" width="123" height="41" contents="0€ si cde&gt;&#10;250€ autre: 25€" script="typed" language="french"> </DL_ZONE>
			<DL_ZONE gedi_type="TextRegion" id="58" col="1078" row="595" width="78" height="42" contents="Payable à&#10;réception" script="typed" language="french"> </DL_ZONE>
			<DL_ZONE gedi_type="TextRegion" id="59" col="208" row="677" width="94" height="20" contents="QUANTITÉ" script="typed" language="french"> </DL_ZONE>
			<DL_ZONE gedi_type="TextRegion" id="60" col="469" row="678" width="119" height="18" contents="DESCRIPTION" script="typed" language="french"> </DL_ZONE>
			<DL_ZONE gedi_type="TextRegion" id="61" col="738" row="679" width="131" height="19" contents="PRIX UNITAIRE" script="typed" language="french"> </DL_ZONE>
			<DL_ZONE gedi_type="TextRegion" id="62" col="1047" row="681" width="61" height="16" contents="TOTAL" script="typed" language="french"> </DL_ZONE>
			<DL_ZONE gedi_type="TextRegion" id="63" col="370" row="716" width="9" height="19" contents="1" script="typed" language="french"> </DL_ZONE>
			<DL_ZONE gedi_type="TextRegion" id="64" col="371" row="757" width="8" height="17" contents="1" script="typed" language="french"> </DL_ZONE>
			<DL_ZONE gedi_type="TextRegion" id="66" col="366" row="1028" width="15" height="20" contents="2" script="typed" language="french"> </DL_ZONE>
			<DL_ZONE gedi_type="TextRegion" id="67" col="368" row="990" width="10" height="19" contents="1" script="typed" language="french"> </DL_ZONE>
			<DL_ZONE gedi_type="TextRegion" id="68" col="370" row="913" width="8" height="19" contents="1" script="typed" language="french"> </DL_ZONE>
			<DL_ZONE gedi_type="TextRegion" id="69" col="1013" row="1156" width="47" height="18" contents="T.V.A." script="typed" language="french"> </DL_ZONE>
			<DL_ZONE gedi_type="TextRegion" id="70" col="976" row="1242" width="84" height="18" contents="TOTAL DU" script="typed" language="french"> </DL_ZONE>
			<DL_ZONE gedi_type="TextRegion" id="71" col="867" row="1204" width="194" height="18" contents="PORT &amp; MANUTENTION" script="typed" language="french"> </DL_ZONE>
			<DL_ZONE gedi_type="TextRegion" id="72" col="1146" row="1110" width="58" height="17" contents="969,8€" script="typed" language="french"> </DL_ZONE>
			<DL_ZONE gedi_type="TextRegion" id="73" col="1136" row="1146" width="68" height="42" contents="(19,6%)&#10;1159,5€" script="typed" language="french"> </DL_ZONE>
			<DL_ZONE gedi_type="TextRegion" id="74" col="1186" row="1201" width="15" height="21" contents="0" script="typed" language="french"> </DL_ZONE>
			<DL_ZONE gedi_type="TextRegion" id="75" col="1128" row="1242" width="74" height="20" contents="1159,85€" script="typed" language="french"> </DL_ZONE>
			<DL_ZONE gedi_type="TextRegion" id="76" col="402" row="1027" width="121" height="25" contents="NoToc Maj 1 an" script="typed" language="french"> </DL_ZONE>
			<DL_ZONE gedi_type="TextRegion" id="77" col="403" row="952" width="125" height="19" contents="Mise en service" script="typed" language="french"> </DL_ZONE>
			<DL_ZONE gedi_type="TextRegion" id="78" col="371" row="953" width="7" height="17" contents="1" script="typed" language="french"> </DL_ZONE>
			<DL_ZONE gedi_type="TextRegion" id="79" col="367" row="874" width="13" height="18" contents="2" script="typed" language="french"> </DL_ZONE>
			<DL_ZONE gedi_type="TextRegion" id="80" col="403" row="911" width="204" height="21" contents="Clavier sans fil KBMaster" script="typed" language="french"> </DL_ZONE>
			<DL_ZONE gedi_type="TextRegion" id="81" col="403" row="871" width="232" height="24" contents="Lot de pile pour souris Target" script="typed" language="french"> </DL_ZONE>
			<DL_ZONE gedi_type="TextRegion" id="82" col="899" row="1030" width="31" height="19" contents="19€" script="typed" language="french"> </DL_ZONE>
			<DL_ZONE gedi_type="TextRegion" id="83" col="371" row="794" width="9" height="19" contents="1" script="typed" language="french"> </DL_ZONE>
			<DL_ZONE gedi_type="TextRegion" id="84" col="401" row="794" width="165" height="21" contents="Souris sans fil Targe" script="typed" language="french"> </DL_ZONE>
			<DL_ZONE gedi_type="TextRegion" id="85" col="370" row="835" width="9" height="19" contents="1" script="typed" language="french"> </DL_ZONE>
			<DL_ZONE gedi_type="TextRegion" id="86" col="402" row="715" width="229" height="25" contents="Ordinateur omikron AZStory" script="typed" language="french"> </DL_ZONE>
			<DL_ZONE gedi_type="TextRegion" id="87" col="402" row="756" width="211" height="21" contents="Ecran 22 '' TFT IntelSaga" script="typed" language="french"> </DL_ZONE>
			<DL_ZONE gedi_type="TextRegion" id="88" col="865" row="718" width="68" height="20" contents="539,36€" script="typed" language="french"> </DL_ZONE>
			<DL_ZONE gedi_type="TextRegion" id="89" col="864" row="754" width="69" height="22" contents="228,39€" script="typed" language="french"> </DL_ZONE>
			<DL_ZONE gedi_type="TextRegion" id="90" col="900" row="795" width="32" height="20" contents="15€" script="typed" language="french"> </DL_ZONE>
			<DL_ZONE gedi_type="TextRegion" id="91" col="879" row="835" width="50" height="18" contents="Offert" script="typed" language="french"> </DL_ZONE>
			<DL_ZONE gedi_type="TextRegion" id="92" col="907" row="874" width="23" height="19" contents="8€" script="typed" language="french"> </DL_ZONE>
			<DL_ZONE gedi_type="TextRegion" id="93" col="1139" row="717" width="63" height="22" contents="539,39€" script="typed" language="french"> </DL_ZONE>
			<DL_ZONE gedi_type="TextRegion" id="94" col="897" row="914" width="34" height="20" contents="35€" script="typed" language="french"> </DL_ZONE>
			<DL_ZONE gedi_type="TextRegion" id="95" col="1171" row="953" width="33" height="19" contents="59€" script="typed" language="french"> </DL_ZONE>
			<DL_ZONE gedi_type="TextRegion" id="96" col="1178" row="835" width="24" height="19" contents="0€" script="typed" language="french"> </DL_ZONE>
			<DL_ZONE gedi_type="TextRegion" id="97" col="1171" row="796" width="32" height="18" contents="15€" script="typed" language="french"> </DL_ZONE>
			<DL_ZONE gedi_type="TextRegion" id="98" col="1171" row="873" width="32" height="22" contents="16€" script="typed" language="french"> </DL_ZONE>
			<DL_ZONE gedi_type="TextRegion" id="100" col="1171" row="913" width="30" height="20" contents="35€" script="typed" language="french"> </DL_ZONE>
			<DL_ZONE gedi_type="TextRegion" id="101" col="1171" row="991" width="33" height="20" contents="39€" script="typed" language="french"> </DL_ZONE>
			<DL_ZONE gedi_type="TextRegion" id="102" col="1170" row="1030" width="32" height="18" contents="38€" script="typed" language="french"> </DL_ZONE>
			<DL_ZONE gedi_type="TextRegion" id="103" col="899" row="991" width="33" height="19" contents="39€" script="typed" language="french"> </DL_ZONE>
			<DL_ZONE gedi_type="TextRegion" id="104" col="897" row="953" width="35" height="18" contents="59€" script="typed" language="french"> </DL_ZONE>
			<DL_ZONE gedi_type="TextRegion" id="105" col="1136" row="756" width="68" height="20" contents="228,39€" script="typed" language="french"> </DL_ZONE>
			<DL_ZONE gedi_type="TextRegion" id="150" col="403" row="989" width="174" height="25" contents="NoToc Antivirus (1 ans)" script="typed" language="french"> </DL_ZONE>
			<DL_ZONE gedi_type="TextRegion" id="160" col="403" row="833" width="214" height="22" contents="Tapis de souris publicitaire" script="typed" language="french"> </DL_ZONE>
			<DL_ZONE gedi_type="TableRegion" id="170" col="114" row="662" width="1106" height="613"> </DL_ZONE>
			<DL_ZONE gedi_type="NoiseRegion" id="186" polygon="(994,22);(958,2);(1273,0);(1274,962);(1214,921);(1240,552);(1232,187);(1223,30)"> </DL_ZONE>
			<DL_ZONE gedi_type="NoiseRegion" id="187" col="5" row="4" width="42" height="675"> </DL_ZONE>
			<DL_ZONE gedi_type="TextRegion" id="191" col="678" row="283" width="349" height="71" contents="EXPÉDIER A : MLLE DU BOIS NADINE&#10;46 OREE DU BOIS&#10;04564 BOIS D'EBENE" script="typed" function_1="coordinates" language="french"> </DL_ZONE>
			<DL_ZONE gedi_type="GraphicRegion" id="192" function="signature" polygon="(840,1510);(861,1512);(868,1513);(931,1470);(907,1403);(742,1423);(750,1468);(750,1467)"> </DL_ZONE>
		</DL_PAGE>
	</DL_DOCUMENT>
</GEDI>