<?xml version="1.0" encoding="UTF-8"?>
<!--GEDI was developed at Language and Media Processing Laboratory, University of Maryland.-->

<GEDI xmlns="http://lamp.cfar.umd.edu/media/projects/GEDI/" GEDI_version="2.3.19" GEDI_date="12/23/2011">
	<USER name="Adil" date="2/20/2012 14:20" dateFormat="mm/dd/yyyy hh:mm">	</USER>
	<USER name="Laure" date="4/4/2012 17:08" dateFormat="mm/dd/yyyy hh:mm">	</USER>
	<USER name="MDR-P8" date="10/31/2012 15:32" dateFormat="mm/dd/yyyy hh:mm">	</USER>
	<USER name="Marnissi" date="3/5/2012 15:48" dateFormat="mm/dd/yyyy hh:mm">	</USER>
	<USER name="Mdr-P5" date="5/28/2013 10:46" dateFormat="mm/dd/yyyy hh:mm">	</USER>
	<DL_DOCUMENT src="BFHJKP.tif" docTag="xml" NrOfPages="1">
		<DL_PAGE gedi_type="DL_PAGE" src="BFHJKP.tif" pageID="1" width="1275" height="1754" NumPage="1" Language_2="" Language_4="" Language_3="" Receiver_Company="" Sender_Company="" Receiver_Fax="" Sender_Fax="" Category="C2" Document_Date="29/12/2011" Document_Location="ENTREVAUX" Language_1="french" Script_1="typed" Script_2="hand" Sender_Address="34 RUE ZAVATTA 75001 PARIS" Sender_Phone="+33(0)1.02.03.04.05" Receiver_Address="RUE DU MARCHÉ 04320 ENTREVAUX" Receiver_Phone="+33(0)4.40.22.83.94" Document_Object="CONTRAT D'ENGAGEMENT " Receiver_Name="Michel NICOLAS" Sender_Name="Frédéric LE CLOWN">
			<DL_ZONE gedi_type="TextRegion" id="1" col="445" row="172" width="437" height="77" contents="CONTRAT D'ENGAGEMENT&#10;.Artistes, groupe d'artistes." script="typed" function_1="title" language="french"> </DL_ZONE>
			<DL_ZONE gedi_type="TextRegion" id="2" col="167" row="405" width="106" height="29" contents="L'artiste" script="typed" language="french"> </DL_ZONE>
			<DL_ZONE gedi_type="TextRegion" id="3" col="575" row="351" width="216" height="30" contents="Entre les soussignés" script="typed" language="french"> </DL_ZONE>
			<DL_ZONE gedi_type="TextRegion" id="9" col="190" row="624" width="144" height="35" contents="L'employeur" script="typed" language="french"> </DL_ZONE>
			<DL_ZONE gedi_type="TextRegion" id="16" col="181" row="905" width="350" height="42" contents="Il a été convenu ce qui suit :" script="typed" language="french"> </DL_ZONE>
			<DL_ZONE gedi_type="GraphicRegion" id="17" col="849" row="1598" width="181" height="95" function="signature"> </DL_ZONE>
			<DL_ZONE gedi_type="TextRegion" id="18" col="418" row="271" width="498" height="59" contents="Contrat de travail à durée déterminée&#10;( article L122-1-1.3e.L762-1 et suivant code du travail )" script="typed" function_1="object" language="french"> </DL_ZONE>
			<DL_ZONE gedi_type="TextRegion" id="27" col="204" row="982" width="261" height="35" contents="OBJET DU CONTRAT :" script="typed" language="french"> </DL_ZONE>
			<DL_ZONE gedi_type="TextRegion" id="28" col="263" row="1017" width="791" height="29" contents="L'organisateur engage l'artiste pour assurer la partie musicale de sa soirée :" script="typed" language="french"> </DL_ZONE>
			<DL_ZONE gedi_type="TextRegion" id="29" nextZoneID="30" col="206" row="1047" width="221" height="33" contents="Type de prestation :" script="typed" language="french"> </DL_ZONE>
			<DL_ZONE gedi_type="TextRegion" id="30" col="440" row="1040" width="545" height="59" contents="Disc ¤{Jokey/Jockey}¤ et animation de soirée" script="hand" language="french"> </DL_ZONE>
			<DL_ZONE gedi_type="TextRegion" id="31" col="316" row="1120" width="303" height="46" contents="31 décembre 2011" script="hand" language="french"> </DL_ZONE>
			<DL_ZONE gedi_type="TextRegion" id="32" col="501" row="1156" width="503" height="54" contents="Rue du marché, salle des fêtes" script="hand" language="french"> </DL_ZONE>
			<DL_ZONE gedi_type="TextRegion" id="33" nextZoneID="31" col="207" row="1139" width="98" height="31" contents="Date(s) :" script="typed" language="french"> </DL_ZONE>
			<DL_ZONE gedi_type="TextRegion" id="34" nextZoneID="32" col="205" row="1170" width="286" height="33" contents="Adresse de la prestation :" script="typed" language="french"> </DL_ZONE>
			<DL_ZONE gedi_type="TextRegion" id="35" nextZoneID="36" col="202" row="1230" width="69" height="30" contents="Ville :" script="typed" language="french"> </DL_ZONE>
			<DL_ZONE gedi_type="TextRegion" id="36" col="276" row="1222" width="165" height="37" contents="Entrevaux" script="hand" language="french"> </DL_ZONE>
			<DL_ZONE gedi_type="TextRegion" id="37" nextZoneID="38" col="611" row="1229" width="142" height="30" contents="Code postal :" script="typed" language="french"> </DL_ZONE>
			<DL_ZONE gedi_type="TextRegion" id="38" col="759" row="1224" width="119" height="33" contents="04320" script="hand" language="french"> </DL_ZONE>
			<DL_ZONE gedi_type="TextRegion" id="39" nextZoneID="205" col="202" row="1261" width="297" height="29" contents="Horaires de la prestation :" script="typed" language="french"> </DL_ZONE>
			<DL_ZONE gedi_type="TextRegion" id="40" nextZoneID="204" col="208" row="1292" width="82" height="32" contents="Repas :" script="typed" language="french"> </DL_ZONE>
			<DL_ZONE gedi_type="TextRegion" id="41" nextZoneID="42" col="209" row="1321" width="647" height="34" contents="Tarif de la prestation (montant Toutes Charges Comprises ) :" script="typed" language="french"> </DL_ZONE>
			<DL_ZONE gedi_type="TextRegion" id="42" nextZoneID="43" col="863" row="1313" width="106" height="35" contents="450 €" script="hand" language="french"> </DL_ZONE>
			<DL_ZONE gedi_type="TextRegion" id="43" col="1039" row="1326" width="68" height="26" contents="euros" script="typed" language="french"> </DL_ZONE>
			<DL_ZONE gedi_type="TextRegion" id="44" nextZoneID="45" col="205" row="1355" width="256" height="30" contents="Dispositions tarifaires :" script="typed" language="french"> </DL_ZONE>
			<DL_ZONE gedi_type="TextRegion" id="45" polygon="(667,1418);(209,1420);(208,1380);(471,1376);(470,1343);(1081,1345);(1081,1393);(704,1395);(705,1419)" contents="location matériel incluse, supplément de 50 €&#10;par heure supplémentaire entamée" script="hand" language="french"> </DL_ZONE>
			<DL_ZONE gedi_type="TextRegion" id="46" nextZoneID="47" col="203" row="1416" width="514" height="28" contents="Paiement : chèque / espèces / autres ¤{preciser/préciser}¤ :" script="typed" language="french"> </DL_ZONE>
			<DL_ZONE gedi_type="TextRegion" id="47" col="721" row="1392" width="515" height="61" contents="chèque tiré du ¤{Credit/Crédit}¤ Lyonnais ( n° 0123456)" script="hand" language="french"> </DL_ZONE>
			<DL_ZONE gedi_type="TextRegion" id="48" nextZoneID="49" col="203" row="1447" width="100" height="27" contents="Arrhes :" script="typed" language="french"> </DL_ZONE>
			<DL_ZONE gedi_type="TextRegion" id="49" col="358" row="1443" width="102" height="31" contents="250 €" script="hand" language="french"> </DL_ZONE>
			<DL_ZONE gedi_type="TextRegion" id="50" col="839" row="1444" width="108" height="30" contents="200 €" script="hand" language="french"> </DL_ZONE>
			<DL_ZONE gedi_type="TextRegion" id="51" nextZoneID="50" col="683" row="1445" width="138" height="30" contents="Restant dû :" script="typed" language="french"> </DL_ZONE>
			<DL_ZONE gedi_type="TextRegion" id="52" col="906" row="1467" width="184" height="45" contents="29/12/2011" script="hand" function_1="date" language="french"> </DL_ZONE>
			<DL_ZONE gedi_type="TextRegion" id="53" nextZoneID="52" col="874" row="1476" width="23" height="27" contents="le" script="typed" language="french"> </DL_ZONE>
			<DL_ZONE gedi_type="TextRegion" id="54" nextZoneID="53" col="664" row="1470" width="136" height="41" contents="Entrevaux" script="hand" function_1="location" language="french"> </DL_ZONE>
			<DL_ZONE gedi_type="TextRegion" id="55" nextZoneID="54" col="202" row="1474" width="459" height="32" contents="à verser pour réservation de la prestation à" script="typed" language="french"> </DL_ZONE>
			<DL_ZONE gedi_type="TextRegion" id="56" col="200" row="1506" width="690" height="33" contents="( Remboursable 90 jours avant prestation pour cause réelle et sérieuse )." script="typed" language="french"> </DL_ZONE>
			<DL_ZONE gedi_type="TextRegion" id="57" polygon="(206,1541);(1083,1539);(1082,1567);(297,1567);(296,1596);(206,1596)" contents="Le montant restant dû devra être réglé le jour de la prestation, et avant le début de&#10;celle-ci." script="typed" language="french"> </DL_ZONE>
			<DL_ZONE gedi_type="TextRegion" id="95" col="854" row="1601" width="162" height="59" contents="N.Michel" script="hand" language="french"> </DL_ZONE>
			<DL_ZONE gedi_type="GraphicRegion" id="102" function="other" polygon="(309,159);(1156,165);(1156,261);(1130,278);(195,275);(172,254);(175,160)"> </DL_ZONE>
			<DL_ZONE gedi_type="GraphicRegion" id="103" function="other" polygon="(726,399);(906,400);(919,385);(918,344);(443,343);(441,381);(456,399)"> </DL_ZONE>
			<DL_ZONE gedi_type="GraphicRegion" id="104" function="other" polygon="(248,378);(394,377);(418,399);(416,439);(162,435);(133,417);(132,376)"> </DL_ZONE>
			<DL_ZONE gedi_type="GraphicRegion" id="105" function="other" polygon="(154,596);(408,597);(434,618);(432,674);(176,671);(151,651)"> </DL_ZONE>
			<DL_ZONE gedi_type="GraphicRegion" id="106" function="other" polygon="(150,878);(531,877);(557,897);(557,956);(177,959);(150,937)"> </DL_ZONE>
			<DL_ZONE gedi_type="GraphicRegion" id="107" function="underlined-field" polygon="(247,466);(1122,465);(1120,446);(248,454)"> </DL_ZONE>
			<DL_ZONE gedi_type="GraphicRegion" id="108" col="317" row="476" width="811" height="22" function="underlined-field"> </DL_ZONE>
			<DL_ZONE gedi_type="GraphicRegion" id="109" col="693" row="535" width="292" height="21" function="underlined-field"> </DL_ZONE>
			<DL_ZONE gedi_type="GraphicRegion" id="110" col="332" row="535" width="273" height="22" function="underlined-field"> </DL_ZONE>
			<DL_ZONE gedi_type="GraphicRegion" id="111" col="416" row="510" width="704" height="18" function="underlined-field"> </DL_ZONE>
			<DL_ZONE gedi_type="GraphicRegion" id="112" col="275" row="695" width="846" height="14" function="underlined-field"> </DL_ZONE>
			<DL_ZONE gedi_type="GraphicRegion" id="114" col="411" row="785" width="707" height="18" function="underlined-field"> </DL_ZONE>
			<DL_ZONE gedi_type="GraphicRegion" id="115" col="746" row="816" width="373" height="13" function="underlined-field"> </DL_ZONE>
			<DL_ZONE gedi_type="GraphicRegion" id="116" col="332" row="846" width="287" height="14" function="underlined-field"> </DL_ZONE>
			<DL_ZONE gedi_type="GraphicRegion" id="117" col="711" row="846" width="297" height="17" function="underlined-field"> </DL_ZONE>
			<DL_ZONE gedi_type="GraphicRegion" id="119" col="305" row="1151" width="814" height="20" function="underlined-field"> </DL_ZONE>
			<DL_ZONE gedi_type="GraphicRegion" id="120" col="895" row="1488" width="212" height="15" function="underlined-field"> </DL_ZONE>
			<DL_ZONE gedi_type="GraphicRegion" id="121" col="662" row="1491" width="214" height="13" function="underlined-field"> </DL_ZONE>
			<DL_ZONE gedi_type="GraphicRegion" id="122" col="814" row="1458" width="292" height="15" function="underlined-field"> </DL_ZONE>
			<DL_ZONE gedi_type="GraphicRegion" id="123" col="299" row="1455" width="394" height="21" function="underlined-field"> </DL_ZONE>
			<DL_ZONE gedi_type="GraphicRegion" id="124" col="855" row="1337" width="182" height="15" function="underlined-field"> </DL_ZONE>
			<DL_ZONE gedi_type="GraphicRegion" id="125" col="753" row="1241" width="351" height="20" function="underlined-field"> </DL_ZONE>
			<DL_ZONE gedi_type="GraphicRegion" id="126" col="271" row="1242" width="340" height="16" function="underlined-field"> </DL_ZONE>
			<DL_ZONE gedi_type="TextRegion" id="130" nextZoneID="160" col="205" row="671" width="71" height="37" contents="M :" script="typed" language="french"> </DL_ZONE>
			<DL_ZONE gedi_type="TextRegion" id="131" nextZoneID="141" col="210" row="437" width="38" height="30" contents="M :" script="typed" language="french"> </DL_ZONE>
			<DL_ZONE gedi_type="TextRegion" id="133" nextZoneID="144" col="209" row="467" width="109" height="27" contents="Adresse :" script="typed" language="french"> </DL_ZONE>
			<DL_ZONE gedi_type="TextRegion" id="135" nextZoneID="147" col="210" row="496" width="204" height="32" contents="Agissant au nom de" script="typed" language="french"> </DL_ZONE>
			<DL_ZONE gedi_type="TextRegion" id="139" nextZoneID="150" col="210" row="527" width="124" height="33" contents="Téléphone :" script="typed" language="french"> </DL_ZONE>
			<DL_ZONE gedi_type="TextRegion" id="141" polygon="(270,451);(270,435);(585,421);(637,437);(637,464);(270,463)" contents="LE CLOWN Frédéric" script="hand" language="french"> </DL_ZONE>
			<DL_ZONE gedi_type="TextRegion" id="144" polygon="(624,462);(840,463);(841,492);(325,494);(323,463)" contents="34 rue Zavatta 75001 PARIS" script="hand" language="french"> </DL_ZONE>
			<DL_ZONE gedi_type="TextRegion" id="147" polygon="(633,498);(425,494);(427,522);(494,527);(497,544);(515,546);(528,524);(633,523)" contents="Harry Cover" script="hand" language="french"> </DL_ZONE>
			<DL_ZONE gedi_type="TextRegion" id="150" polygon="(538,527);(604,527);(605,553);(336,553);(337,529)" contents="01.02.03.04.05" script="hand" language="french"> </DL_ZONE>
			<DL_ZONE gedi_type="TextRegion" id="153" nextZoneID="156" col="618" row="528" width="72" height="32" contents="Email :" script="typed" language="french"> </DL_ZONE>
			<DL_ZONE gedi_type="TextRegion" id="156" col="700" row="517" width="337" height="55" contents="harrycover@legumes.net" script="hand" language="french"> </DL_ZONE>
			<DL_ZONE gedi_type="TextRegion" id="160" polygon="(284,705);(605,707);(602,669);(422,675);(286,676)" contents="NICOLAS Michel" script="hand" language="french"> </DL_ZONE>
			<DL_ZONE gedi_type="TextRegion" id="162" nextZoneID="164" col="210" row="709" width="107" height="29" contents="Adresse :" script="typed" language="french"> </DL_ZONE>
			<DL_ZONE gedi_type="TextRegion" id="164" polygon="(326,703);(555,707);(554,770);(236,770);(239,740);(325,737)" contents="Rue du marché&#10;04320 Entrevaux" script="hand" language="french"> </DL_ZONE>
			<DL_ZONE gedi_type="TextRegion" id="166" nextZoneID="174" col="209" row="772" width="202" height="29" contents="Agissant au nom de" script="typed" language="french"> </DL_ZONE>
			<DL_ZONE gedi_type="TextRegion" id="168" nextZoneID="177" col="206" row="802" width="544" height="26" contents="Raison sociale (S.A.R.L, ASS, Mairie, particulier etc...) :" script="typed" language="french"> </DL_ZONE>
			<DL_ZONE gedi_type="TextRegion" id="170" nextZoneID="183" col="206" row="830" width="127" height="34" contents="Téléphone :" script="typed" language="french"> </DL_ZONE>
			<DL_ZONE gedi_type="TextRegion" id="172" nextZoneID="181" col="635" row="831" width="74" height="38" contents="Email :" script="typed" language="french"> </DL_ZONE>
			<DL_ZONE gedi_type="TextRegion" id="174" polygon="(575,799);(719,799);(720,760);(624,761);(553,768);(457,766);(418,768);(417,798)" contents="NICOLAS Michel" script="hand" language="french"> </DL_ZONE>
			<DL_ZONE gedi_type="TextRegion" id="177" polygon="(756,786);(913,789);(913,833);(837,827);(757,825)" contents="Particulier" script="hand" language="french"> </DL_ZONE>
			<DL_ZONE gedi_type="TextRegion" id="181" col="721" row="824" width="321" height="60" contents="michel@nicolas.fr" script="hand" language="french"> </DL_ZONE>
			<DL_ZONE gedi_type="TextRegion" id="183" col="339" row="828" width="266" height="40" contents="04.40.22.83.94" script="hand" language="french"> </DL_ZONE>
			<DL_ZONE gedi_type="NoiseRegion" id="187" col="360" row="231" width="47" height="25"> </DL_ZONE>
			<DL_ZONE gedi_type="GraphicRegion" id="189" col="318" row="725" width="797" height="13" function="underlined-field"> </DL_ZONE>
			<DL_ZONE gedi_type="GraphicRegion" id="190" col="213" row="755" width="896" height="16" function="underlined-field"> </DL_ZONE>
			<DL_ZONE gedi_type="GraphicRegion" id="191" col="494" row="1180" width="609" height="16" function="underlined-field"> </DL_ZONE>
			<DL_ZONE gedi_type="GraphicRegion" id="192" col="210" row="1212" width="896" height="15" function="underlined-field"> </DL_ZONE>
			<DL_ZONE gedi_type="GraphicRegion" id="193" col="501" row="1273" width="612" height="13" function="underlined-field"> </DL_ZONE>
			<DL_ZONE gedi_type="GraphicRegion" id="194" col="293" row="1306" width="323" height="10" function="underlined-field"> </DL_ZONE>
			<DL_ZONE gedi_type="GraphicRegion" id="195" col="465" row="1369" width="635" height="13" function="underlined-field"> </DL_ZONE>
			<DL_ZONE gedi_type="GraphicRegion" id="196" col="208" row="1396" width="890" height="15" function="underlined-field"> </DL_ZONE>
			<DL_ZONE gedi_type="GraphicRegion" id="197" col="719" row="1427" width="386" height="12" function="underlined-field"> </DL_ZONE>
			<DL_ZONE gedi_type="GraphicRegion" id="198" col="208" row="1092" width="897" height="14" function="underlined-field"> </DL_ZONE>
			<DL_ZONE gedi_type="GraphicRegion" id="199" col="432" row="1059" width="673" height="18" function="underlined-field"> </DL_ZONE>
			<DL_ZONE gedi_type="TextRegion" id="204" col="302" row="1283" width="426" height="44" contents="identique à celui des ¤c¤onvives" script="hand" language="french"> </DL_ZONE>
			<DL_ZONE gedi_type="TextRegion" id="205" col="505" row="1247" width="676" height="45" contents="19h ( heure de début le 31/12/2011 ) 06h00 le 1/1/12 (fin)" script="hand" language="french"> </DL_ZONE>
		</DL_PAGE>
	</DL_DOCUMENT>
</GEDI>