<?xml version="1.0" encoding="UTF-8"?>
<!--GEDI was developed at Language and Media Processing Laboratory, University of Maryland.-->

<GEDI xmlns="http://lamp.cfar.umd.edu/media/projects/GEDI/" GEDI_version="2.3" GEDI_date="01/21/2010">
	<USER name="Khizrane" date="10/16/2012 18:36" dateFormat="mm/dd/yyyy hh:mm">	</USER>
	<USER name="MDR-P8" date="10/31/2012 15:55" dateFormat="mm/dd/yyyy hh:mm">	</USER>
	<USER name="MDR-R1" date="2/5/2013 12:53" dateFormat="mm/dd/yyyy hh:mm">	</USER>
	<USER name="asmae" date="5/23/2012 10:04" dateFormat="mm/dd/yyyy hh:mm">	</USER>
	<USER name="mohamed salah" date="5/28/2012 13:39" dateFormat="mm/dd/yyyy hh:mm">	</USER>
	<DL_DOCUMENT src="BFIHZR.tif" docTag="xml" NrOfPages="1">
		<DL_PAGE gedi_type="DL_PAGE" src="BFIHZR.tif" pageID="1" width="1700" height="2338" Language_2="" Language_4="" Language_3="" Receiver_Company="" Sender_Phone="" Receiver_Fax="" Document_Location="" Receiver_Phone="" Sender_Fax="" Document_Date="29/03/2012" Language_1="arabic" NumPage="1" Script_1="typed" Sender_Company="سلسلة مطاعم الأسماك الطازجة" Sender_Name="" Sender_Address="" Script_2="" Receiver_Address="شارع المقاومة-الدار البيضاء-20000" Receiver_Name="سهيلة الدردري" Category="C2" Document_Object="فاتورة">
			<DL_ZONE gedi_type="TextRegion" id="1" col="528" row="386" width="589" height="65" contents="سلسلة مطاعم الأسماك الطازجة" script="typed" function_2="object" function_1="title" language="arabic"> </DL_ZONE>
			<DL_ZONE gedi_type="TextRegion" id="2" col="228" row="512" width="287" height="51" contents="فاتورة رقم (31/11)" script="typed" function_1="reference" language="arabic"> </DL_ZONE>
			<DL_ZONE gedi_type="TextRegion" id="3" col="760" row="602" width="677" height="225" contents="المطلوب من السيد : الدردري سهيلة&#10;عنوانه شارع المقاومة-الدار البيضاء- 20000&#10;التاريخ : 29/03/2012" script="typed" function_2="date" function_1="coordinates" language="arabic"> </DL_ZONE>
			<DL_ZONE gedi_type="TextRegion" id="6" col="1331" row="876" width="101" height="76" contents="رقم&#10;الصنف" script="typed" language="arabic"> </DL_ZONE>
			<DL_ZONE gedi_type="TextRegion" id="7" col="1103" row="896" width="153" height="43" contents="اسم الصنف" script="typed" language="arabic"> </DL_ZONE>
			<DL_ZONE gedi_type="TextRegion" id="8" col="901" row="892" width="86" height="44" contents="الكمية" script="typed" language="arabic"> </DL_ZONE>
			<DL_ZONE gedi_type="TextRegion" id="9" col="616" row="895" width="161" height="48" contents="سعر الوحدة" script="typed" language="arabic"> </DL_ZONE>
			<DL_ZONE gedi_type="TextRegion" id="10" col="273" row="899" width="212" height="50" contents="السعر الإجمالي" script="typed" language="arabic"> </DL_ZONE>
			<DL_ZONE gedi_type="TextRegion" id="11" col="330" row="971" width="97" height="37" contents="3200" script="typed" language="arabic"> </DL_ZONE>
			<DL_ZONE gedi_type="TextRegion" id="12" col="332" row="1018" width="95" height="34" contents="1200" script="typed" language="arabic"> </DL_ZONE>
			<DL_ZONE gedi_type="TextRegion" id="13" col="334" row="1062" width="95" height="37" contents="3000" script="typed" language="arabic"> </DL_ZONE>
			<DL_ZONE gedi_type="TextRegion" id="14" col="334" row="1110" width="99" height="33" contents="1440" script="typed" language="arabic"> </DL_ZONE>
			<DL_ZONE gedi_type="TextRegion" id="15" col="670" row="969" width="52" height="38" contents="80" script="typed" language="arabic"> </DL_ZONE>
			<DL_ZONE gedi_type="TextRegion" id="16" col="672" row="1017" width="50" height="34" contents="60" script="typed" language="arabic"> </DL_ZONE>
			<DL_ZONE gedi_type="TextRegion" id="17" col="664" row="1059" width="72" height="40" contents="100" script="typed" language="arabic"> </DL_ZONE>
			<DL_ZONE gedi_type="TextRegion" id="18" col="663" row="1107" width="73" height="36" contents="120" script="typed" language="arabic"> </DL_ZONE>
			<DL_ZONE gedi_type="TextRegion" id="19" col="916" row="967" width="55" height="37" contents="40" script="typed" language="arabic"> </DL_ZONE>
			<DL_ZONE gedi_type="TextRegion" id="20" col="915" row="1015" width="58" height="36" contents="20" script="typed" language="arabic"> </DL_ZONE>
			<DL_ZONE gedi_type="TextRegion" id="21" col="916" row="1059" width="57" height="38" contents="30" script="typed" language="arabic"> </DL_ZONE>
			<DL_ZONE gedi_type="TextRegion" id="22" col="919" row="1103" width="54" height="40" contents="12" script="typed" language="arabic"> </DL_ZONE>
			<DL_ZONE gedi_type="TextRegion" id="23" col="1132" row="966" width="95" height="36" contents="خضرة" script="typed" language="arabic"> </DL_ZONE>
			<DL_ZONE gedi_type="TextRegion" id="24" col="1147" row="1012" width="65" height="34" contents="سادة" script="typed" language="arabic"> </DL_ZONE>
			<DL_ZONE gedi_type="TextRegion" id="25" col="1122" row="1061" width="107" height="38" contents="صويفي" script="typed" language="arabic"> </DL_ZONE>
			<DL_ZONE gedi_type="TextRegion" id="26" col="1136" row="1105" width="89" height="38" contents="هامور" script="typed" language="arabic"> </DL_ZONE>
			<DL_ZONE gedi_type="TextRegion" id="27" col="1355" row="966" width="51" height="37" contents="01" script="typed" function_1="reference" language="arabic"> </DL_ZONE>
			<DL_ZONE gedi_type="TextRegion" id="28" col="1352" row="1014" width="56" height="35" contents="02" script="typed" function_1="reference" language="arabic"> </DL_ZONE>
			<DL_ZONE gedi_type="TextRegion" id="29" col="1355" row="1059" width="54" height="34" contents="03" script="typed" function_1="reference" language="arabic"> </DL_ZONE>
			<DL_ZONE gedi_type="TextRegion" id="30" col="1354" row="1103" width="54" height="38" contents="04" script="typed" function_1="reference" language="arabic"> </DL_ZONE>
			<DL_ZONE gedi_type="TextRegion" id="31" col="643" row="1746" width="202" height="46" contents="السعر الإجمالي" script="typed" language="arabic"> </DL_ZONE>
			<DL_ZONE gedi_type="TextRegion" id="32" col="332" row="1753" width="206" height="41" contents="8840 درهم" script="typed" language="arabic"> </DL_ZONE>
			<DL_ZONE gedi_type="TableRegion" id="61" polygon="(218,1790);(215,1748);(214,1705);(211,1700);(209,874);(1440,865);(1442,1701);(852,1704);(851,1792);(221,1800)"> </DL_ZONE>
			<DL_ZONE gedi_type="GraphicRegion" id="62" col="383" row="631" width="553" height="13" function="underlined-field"> </DL_ZONE>
			<DL_ZONE gedi_type="GraphicRegion" id="63" col="334" row="722" width="428" height="14" function="underlined-field"> </DL_ZONE>
			<DL_ZONE gedi_type="NoiseRegion" id="65" polygon="(468,2337);(468,2329);(1685,2329);(1692,2337)"> </DL_ZONE>
			<DL_ZONE gedi_type="NoiseRegion" id="66" polygon="(837,9);(830,21);(830,28);(818,22);(817,1);(840,1)"> </DL_ZONE>
		</DL_PAGE>
	</DL_DOCUMENT>
</GEDI>