<?xml version="1.0" encoding="UTF-8"?>
<!--GEDI was developed at Language and Media Processing Laboratory, University of Maryland.-->

<GEDI xmlns="http://lamp.cfar.umd.edu/media/projects/GEDI/" GEDI_version="2.3.19" GEDI_date="12/23/2011">
	<USER name="Adil" date="3/2/2012 12:44" dateFormat="mm/dd/yyyy hh:mm">	</USER>
	<USER name="Laure" date="4/4/2012 16:25" dateFormat="mm/dd/yyyy hh:mm">	</USER>
	<USER name="MDR-P8" date="10/31/2012 15:31" dateFormat="mm/dd/yyyy hh:mm">	</USER>
	<USER name="Mailys" date="2/20/2012 17:55" dateFormat="mm/dd/yyyy hh:mm">	</USER>
	<DL_DOCUMENT src="BFIJOP.tif" docTag="xml" NrOfPages="1">
		<DL_PAGE gedi_type="DL_PAGE" src="BFIJOP.tif" pageID="1" width="1654" height="2339" NumPage="1" Language_2="" Language_4="" Receiver_Name="" Language_3="" Sender_Company="" Receiver_Fax="" Receiver_Phone="" Sender_Fax="" Category="C2" Document_Date="03/01/2012" Document_Location="" Document_Object="BON DE COMMANDE" Receiver_Address="" Receiver_Company="LA BOUTIQUE DES ANGES" Script_1="hand" Script_2="typed" Language_1="french" Sender_Phone="+33(0)4.65.25.64.46" Sender_Address="30,RUE FAMILLE ARNALDI 06430 LA BRIGUE" Sender_Name="Arnaud MARIE">
			<DL_ZONE gedi_type="GraphicRegion" id="1" col="446" row="134" width="802" height="242" function="logo"> </DL_ZONE>
			<DL_ZONE gedi_type="TextRegion" id="2" col="715" row="322" width="262" height="51" contents="¤La boutique des anges¤" script="typed" language="french"> </DL_ZONE>
			<DL_ZONE gedi_type="TextRegion" id="3" col="563" row="454" width="593" height="67" contents="BON DE COMMANDE" script="typed" function_1="title" language="french"> </DL_ZONE>
			<DL_ZONE gedi_type="TextRegion" id="4" col="1054" row="565" width="87" height="37" nextZoneID="5" contents="Date :" script="typed" language="french"> </DL_ZONE>
			<DL_ZONE gedi_type="TextRegion" id="5" col="1143" row="586" width="286" height="57" contents="03/01/2012" script="hand" function_1="date" language="french"> </DL_ZONE>
			<DL_ZONE gedi_type="TextRegion" id="6" col="1049" row="745" width="338" height="47" contents="Modalités de livraison :" script="typed" language="french"> </DL_ZONE>
			<DL_ZONE gedi_type="TextRegion" id="7" col="1053" row="796" width="149" height="38" contents="Colissimo" script="typed" language="french"> </DL_ZONE>
			<DL_ZONE gedi_type="TextRegion" id="8" col="179" row="883" width="245" height="44" contents="Vos coordonnées" script="typed" language="french"> </DL_ZONE>
			<DL_ZONE gedi_type="TextRegion" id="9" col="182" row="937" width="88" height="37" nextZoneID="14" contents="Nom :" script="typed" language="french"> </DL_ZONE>
			<DL_ZONE gedi_type="TextRegion" id="10" col="178" row="983" width="140" height="37" nextZoneID="15" contents="Prénom :" script="typed" language="french"> </DL_ZONE>
			<DL_ZONE gedi_type="TextRegion" id="11" col="181" row="1028" width="127" height="40" nextZoneID="19" contents="Adresse :" script="typed" language="french"> </DL_ZONE>
			<DL_ZONE gedi_type="TextRegion" id="12" col="180" row="1073" width="171" height="44" nextZoneID="17" contents="Téléphone :" script="typed" language="french"> </DL_ZONE>
			<DL_ZONE gedi_type="TextRegion" id="13" col="179" row="1119" width="227" height="38" nextZoneID="20" contents="adresse e-mail :" script="typed" language="french"> </DL_ZONE>
			<DL_ZONE gedi_type="TextRegion" id="14" col="297" row="929" width="130" height="47" contents="MARIE" script="hand" language="french"> </DL_ZONE>
			<DL_ZONE gedi_type="TextRegion" id="15" col="332" row="976" width="157" height="45" contents="Arnaud" script="hand" language="french"> </DL_ZONE>
			<DL_ZONE gedi_type="TextRegion" id="17" col="369" row="1070" width="326" height="41" contents="04 65 25 64 46" script="hand" language="french"> </DL_ZONE>
			<DL_ZONE gedi_type="TextRegion" id="19" polygon="(333,1027);(364,1026);(430,1029);(514,1026);(642,1007);(806,1002);(936,1010);(1093,1007);(1255,1009);(1267,1044);(1222,1057);(1073,1058);(902,1064);(784,1065);(647,1064);(492,1071);(331,1065)" contents="30,rue Famille Arnaldi 06430 La BRIGUE" script="hand" language="french"> </DL_ZONE>
			<DL_ZONE gedi_type="TextRegion" id="20" polygon="(423,1124);(471,1113);(563,1109);(644,1122);(710,1114);(747,1097);(892,1113);(940,1085);(967,1145);(924,1172);(842,1193);(772,1162);(619,1167);(499,1170);(410,1155)" contents="arnaud_marie@orange.fr" script="hand" language="french"> </DL_ZONE>
			<DL_ZONE gedi_type="TextRegion" id="21" col="505" row="1207" width="223" height="38" contents="DESCRIPTION" script="typed" language="french"> </DL_ZONE>
			<DL_ZONE gedi_type="TextRegion" id="22" col="1223" row="1202" width="88" height="39" contents="PRIX" script="typed" language="french"> </DL_ZONE>
			<DL_ZONE gedi_type="TextRegion" id="23" col="216" row="1255" width="599" height="68" contents="2 pendentifs &quot;perle&quot; ø 6 mm" script="hand" language="french"> </DL_ZONE>
			<DL_ZONE gedi_type="TextRegion" id="24" col="213" row="1332" width="668" height="68" contents="1 collier fantaisie acajou" script="hand" language="french"> </DL_ZONE>
			<DL_ZONE gedi_type="TextRegion" id="25" col="199" row="1401" width="805" height="71" contents="1 livre &quot;¤{Realiser/Réaliser}¤ soi¤{ /-}¤même ses bijoux&quot;" script="hand" language="french"> </DL_ZONE>
			<DL_ZONE gedi_type="TextRegion" id="26" col="194" row="1468" width="842" height="70" contents="1 livre &quot;¤{Decouvrir/Découvrir}¤ les plats de nos ¤{regions/régions}¤&quot;" script="hand" language="french"> </DL_ZONE>
			<DL_ZONE gedi_type="TextRegion" id="27" col="196" row="1548" width="742" height="67" contents="1 carte ¤{region/région}¤ Aquitaine 100 000e" script="hand" language="french"> </DL_ZONE>
			<DL_ZONE gedi_type="TextRegion" id="28" col="182" row="1615" width="847" height="73" contents="1 carte Espagne nord ouest 100 000e" script="hand" language="french"> </DL_ZONE>
			<DL_ZONE gedi_type="TextRegion" id="29" col="1218" row="1268" width="203" height="45" contents="15,25 €" script="hand" language="french"> </DL_ZONE>
			<DL_ZONE gedi_type="TextRegion" id="30" col="1213" row="1330" width="219" height="52" contents="30,00 €" script="hand" language="french"> </DL_ZONE>
			<DL_ZONE gedi_type="TextRegion" id="31" col="1237" row="1399" width="168" height="56" contents="9,75 €" script="hand" language="french"> </DL_ZONE>
			<DL_ZONE gedi_type="TextRegion" id="32" col="1220" row="1475" width="193" height="50" contents="25,00 €" script="hand" language="french"> </DL_ZONE>
			<DL_ZONE gedi_type="TextRegion" id="33" col="1234" row="1549" width="183" height="52" contents="6,50 €" script="hand" language="french"> </DL_ZONE>
			<DL_ZONE gedi_type="TextRegion" id="34" col="1234" row="1620" width="189" height="54" contents="7,50 €" script="hand" language="french"> </DL_ZONE>
			<DL_ZONE gedi_type="TextRegion" id="35" col="1344" row="1899" width="136" height="41" contents="94,00 €" script="hand" language="french"> </DL_ZONE>
			<DL_ZONE gedi_type="TextRegion" id="36" col="1380" row="1953" width="101" height="33" contents="6,90 €" script="typed" language="french"> </DL_ZONE>
			<DL_ZONE gedi_type="TextRegion" id="37" col="1291" row="1995" width="190" height="45" contents="100,90 €" script="hand" language="french"> </DL_ZONE>
			<DL_ZONE gedi_type="TextRegion" id="38" col="881" row="1910" width="157" height="38" contents="Sous-total" script="typed" language="french"> </DL_ZONE>
			<DL_ZONE gedi_type="TextRegion" id="39" col="847" row="1956" width="190" height="42" contents="Frais de port" script="typed" language="french"> </DL_ZONE>
			<DL_ZONE gedi_type="TextRegion" id="40" col="955" row="2003" width="84" height="31" contents="Total" script="typed" language="french"> </DL_ZONE>
			<DL_ZONE gedi_type="TableRegion" id="43" col="174" row="1194" width="1307" height="848"> </DL_ZONE>
			<DL_ZONE gedi_type="GraphicRegion" id="44" function="signature" polygon="(1019,2189);(1088,2148);(1157,2091);(1311,2090);(1424,2072);(1448,2096);(1342,2153);(1255,2207);(1150,2262);(1056,2290);(992,2231)"> </DL_ZONE>
			<DL_ZONE gedi_type="GraphicRegion" id="48" col="1042" row="553" width="435" height="110" function="other"> </DL_ZONE>
			<DL_ZONE gedi_type="GraphicRegion" id="49" col="1043" row="732" width="438" height="110" function="other"> </DL_ZONE>
			<DL_ZONE gedi_type="TextRegion" id="54" col="169" row="2083" width="708" height="104" contents="Le règlement se fait à la commande en totalité&#10;La TVA n'est pas applicable" script="typed" language="french"> </DL_ZONE>
		</DL_PAGE>
	</DL_DOCUMENT>
</GEDI>