<?xml version="1.0" encoding="UTF-8"?>
<!--GEDI was developed at Language and Media Processing Laboratory, University of Maryland.-->

<GEDI xmlns="http://lamp.cfar.umd.edu/media/projects/GEDI/" GEDI_version="2.3.19" GEDI_date="12/23/2011">
	<USER name="Khizrane" date="3/5/2012 9:07" dateFormat="mm/dd/yyyy hh:mm">	</USER>
	<USER name="Laure" date="4/4/2012 16:59" dateFormat="mm/dd/yyyy hh:mm">	</USER>
	<USER name="MDR-P8" date="10/31/2012 15:31" dateFormat="mm/dd/yyyy hh:mm">	</USER>
	<USER name="soumaya" date="5/23/2012 16:42" dateFormat="mm/dd/yyyy hh:mm">	</USER>
	<DL_DOCUMENT src="BFIKPQ.tif" docTag="xml" NrOfPages="2">
		<DL_PAGE gedi_type="DL_PAGE" src="BFIKPQ.tif" pageID="1" width="1700" height="2800" Language_4="" Language_3="" Receiver_Fax="" Document_Object="CONTRAT DE DÉPÔT-VENTE" Language_1="french" Script_1="typed" Script_2="hand" Document_Location="ROQUEFORT LES PINS" Category="C2" Language_2="" Document_Date="04/01/2012" NumPage="2" Sender_Name="" Sender_Fax="" Sender_Company="NEW SERVICES" Receiver_Address="76 ALLÉE DES PINS 06330 ROQUEFORT LES PINS" Receiver_Company="" Receiver_Name="Danièle LEGRAND" Sender_Phone="¤{+33(0)1.55.57.23.32|+33(0)6.07.43.21.27}¤" Sender_Address="23 RUE DE TURBIGO 75003 PARIS" Receiver_Phone="+33(0)4.12.47.18.34">
			<DL_ZONE gedi_type="TextRegion" id="16" col="496" row="483" width="714" height="45" contents="Contrat de dépôt-vente - Fiche de Dépôt" script="typed" function_2="object" function_1="title" language="french"> </DL_ZONE>
			<DL_ZONE gedi_type="TableRegion" id="17" col="244" row="546" width="1218" height="568"> </DL_ZONE>
			<DL_ZONE gedi_type="TableRegion" id="18" col="239" row="1152" width="1218" height="896"> </DL_ZONE>
			<DL_ZONE gedi_type="TextRegion" id="19" col="174" row="2083" width="877" height="30" contents="Dater et signer avec mention &quot; lu et approuvé &quot; et tampon du dépositaire." script="typed" language="french"> </DL_ZONE>
			<DL_ZONE gedi_type="TextRegion" id="27" polygon="(271,166);(492,168);(498,198);(584,206);(587,228);(642,233);(642,323);(750,337);(749,360);(573,363);(568,393);(250,390);(246,169)" contents="Nom New Services&#10;Adresse 23 rue de Turbigo&#10;Code postal, ville 75003 PARIS&#10;Fixe 01 55 57 23 32&#10;Portable 06 07 43 21 27&#10;E-mail depositaires@new-sevices;com&#10;Siret 463 471 582 000 80" script="typed" function_2="reference" function_1="coordinates" language="french"> </DL_ZONE>
			<DL_ZONE gedi_type="TextRegion" id="34" col="250" row="560" width="62" height="30" contents="Date" script="typed" language="french"> </DL_ZONE>
			<DL_ZONE gedi_type="TextRegion" id="36" col="251" row="612" width="61" height="31" contents="Nom" script="typed" language="french"> </DL_ZONE>
			<DL_ZONE gedi_type="TextRegion" id="38" col="249" row="665" width="101" height="29" contents="Prénom" script="typed" language="french"> </DL_ZONE>
			<DL_ZONE gedi_type="TextRegion" id="40" col="249" row="718" width="105" height="27" contents="Adresse" script="typed" language="french"> </DL_ZONE>
			<DL_ZONE gedi_type="TextRegion" id="42" col="253" row="768" width="53" height="26" contents="Ville" script="typed" language="french"> </DL_ZONE>
			<DL_ZONE gedi_type="TextRegion" id="44" col="252" row="818" width="150" height="31" contents="Code postal" script="typed" language="french"> </DL_ZONE>
			<DL_ZONE gedi_type="TextRegion" id="46" col="251" row="870" width="132" height="31" contents="Téléphone" script="typed" language="french"> </DL_ZONE>
			<DL_ZONE gedi_type="TextRegion" id="47" col="606" row="564" width="143" height="28" contents="04/01/2012" script="typed" language="french"> </DL_ZONE>
			<DL_ZONE gedi_type="TextRegion" id="49" col="606" row="613" width="138" height="29" contents="LEGRAND" script="typed" language="french"> </DL_ZONE>
			<DL_ZONE gedi_type="TextRegion" id="51" col="607" row="664" width="99" height="29" contents="Danièle" script="typed" language="french"> </DL_ZONE>
			<DL_ZONE gedi_type="TextRegion" id="54" col="609" row="716" width="217" height="29" contents="76 Allée des Pins" script="typed" language="french"> </DL_ZONE>
			<DL_ZONE gedi_type="TextRegion" id="56" col="607" row="768" width="230" height="35" contents="Roquefort les Pins" script="typed" language="french"> </DL_ZONE>
			<DL_ZONE gedi_type="TextRegion" id="58" col="608" row="821" width="81" height="26" contents="06330" script="typed" language="french"> </DL_ZONE>
			<DL_ZONE gedi_type="TextRegion" id="60" col="602" row="870" width="192" height="32" contents="04 12 47 18 34" script="typed" language="french"> </DL_ZONE>
			<DL_ZONE gedi_type="TextRegion" id="62" col="605" row="921" width="348" height="35" contents="danièle.legrand@gmail.com" script="typed" language="french"> </DL_ZONE>
			<DL_ZONE gedi_type="TextRegion" id="64" col="250" row="922" width="82" height="30" contents="E-mail" script="typed" language="french"> </DL_ZONE>
			<DL_ZONE gedi_type="TextRegion" id="66" col="251" row="1025" width="194" height="32" contents="Durée du dépôt" script="typed" language="french"> </DL_ZONE>
			<DL_ZONE gedi_type="TextRegion" id="68" col="634" row="1025" width="491" height="32" contents="6 mois minimum / 18 mois maximum" script="typed" language="french"> </DL_ZONE>
			<DL_ZONE gedi_type="TextRegion" id="70" col="250" row="1076" width="335" height="34" contents="Commission du dépositaire" script="typed" language="french"> </DL_ZONE>
			<DL_ZONE gedi_type="TextRegion" id="72" col="736" row="1078" width="67" height="26" contents="8 %" script="typed" language="french"> </DL_ZONE>
			<DL_ZONE gedi_type="TextRegion" id="74" col="680" row="1163" width="138" height="57" contents="Désignation&#10;/ Référence" script="typed" language="french"> </DL_ZONE>
			<DL_ZONE gedi_type="TextRegion" id="76" col="252" row="1231" width="323" height="26" contents="4 ʻtables basses ref : 136625" script="typed" function_1="reference" language="french"> </DL_ZONE>
			<DL_ZONE gedi_type="TextRegion" id="78" col="250" row="1282" width="343" height="29" contents="2 tables gigognes ref : 125633" script="typed" function_1="reference" language="french"> </DL_ZONE>
			<DL_ZONE gedi_type="TextRegion" id="80" col="251" row="1333" width="526" height="30" contents="6 bouquets de fleurs Emilio Bobby ref : 622733" script="typed" function_1="reference" language="french"> </DL_ZONE>
			<DL_ZONE gedi_type="TextRegion" id="82" col="249" row="1386" width="352" height="25" contents="1 paravent en bois ref : 134121" script="typed" function_1="reference" language="french"> </DL_ZONE>
			<DL_ZONE gedi_type="TextRegion" id="84" col="251" row="1434" width="354" height="28" contents="1 lot de napperons ref : 267463" script="typed" function_1="reference" language="french"> </DL_ZONE>
			<DL_ZONE gedi_type="TextRegion" id="86" col="250" row="1486" width="335" height="31" contents="1 porte-parapluie ref : 164452" script="typed" function_1="reference" language="french"> </DL_ZONE>
			<DL_ZONE gedi_type="TextRegion" id="88" col="249" row="1537" width="530" height="30" contents="2 porte-manteaux en acier chromé ref : 125642" script="typed" function_1="reference" language="french"> </DL_ZONE>
			<DL_ZONE gedi_type="TextRegion" id="90" col="248" row="1588" width="250" height="29" contents="4 nappes ref : 269482" script="typed" function_1="reference" language="french"> </DL_ZONE>
			<DL_ZONE gedi_type="TextRegion" id="92" col="246" row="1638" width="383" height="27" contents="2 tableaux ref : 321482 et 321496" script="typed" function_1="reference" language="french"> </DL_ZONE>
			<DL_ZONE gedi_type="TextRegion" id="94" col="248" row="1692" width="335" height="28" contents="4 range-couverts ref : 265743" script="typed" function_1="reference" language="french"> </DL_ZONE>
			<DL_ZONE gedi_type="TextRegion" id="96" col="249" row="1742" width="516" height="27" contents="2 sets de couverts en cristal rose ref : 268725" script="typed" function_1="reference" language="french"> </DL_ZONE>
			<DL_ZONE gedi_type="TextRegion" id="98" col="1265" row="1165" width="183" height="58" contents="Prix net à payer&#10;au déposant" script="typed" language="french"> </DL_ZONE>
			<DL_ZONE gedi_type="TextRegion" id="100" col="1275" row="1231" width="67" height="25" contents="500 €" script="typed" language="french"> </DL_ZONE>
			<DL_ZONE gedi_type="TextRegion" id="102" col="1275" row="1281" width="67" height="27" contents="400 €" script="typed" language="french"> </DL_ZONE>
			<DL_ZONE gedi_type="TextRegion" id="104" col="1276" row="1335" width="67" height="23" contents="360 €" script="typed" language="french"> </DL_ZONE>
			<DL_ZONE gedi_type="TextRegion" id="106" col="1272" row="1385" width="69" height="27" contents="200 €" script="typed" language="french"> </DL_ZONE>
			<DL_ZONE gedi_type="TextRegion" id="108" col="1277" row="1439" width="67" height="23" contents="100 €" script="typed" language="french"> </DL_ZONE>
			<DL_ZONE gedi_type="TextRegion" id="110" col="1289" row="1487" width="55" height="24" contents="60 €" script="typed" language="french"> </DL_ZONE>
			<DL_ZONE gedi_type="TextRegion" id="112" col="1285" row="1539" width="64" height="25" contents="160 €" script="typed" language="french"> </DL_ZONE>
			<DL_ZONE gedi_type="TextRegion" id="114" col="1272" row="1586" width="80" height="29" contents="240 €" script="typed" language="french"> </DL_ZONE>
			<DL_ZONE gedi_type="TextRegion" id="116" col="1257" row="1639" width="91" height="28" contents="2 000 €" script="typed" language="french"> </DL_ZONE>
			<DL_ZONE gedi_type="TextRegion" id="118" col="1288" row="1691" width="56" height="31" contents="32 €" script="typed" language="french"> </DL_ZONE>
			<DL_ZONE gedi_type="TextRegion" id="120" col="1258" row="1738" width="94" height="32" contents="1 600 €" script="typed" language="french"> </DL_ZONE>
			<DL_ZONE gedi_type="TextRegion" id="122" col="826" row="2009" width="382" height="31" contents="Prix net total à payer au déposant" script="typed" language="french"> </DL_ZONE>
			<DL_ZONE gedi_type="GraphicRegion" id="123" col="1211" row="2023" width="34" height="13" function="underlined-field"> </DL_ZONE>
			<DL_ZONE gedi_type="TextRegion" id="124" col="1259" row="2009" width="91" height="25" contents="5 652 €" script="typed" language="french"> </DL_ZONE>
			<DL_ZONE gedi_type="TextRegion" id="128" polygon="(562,2137);(592,2104);(681,2121);(790,2110);(815,2107);(987,2111);(988,2153);(782,2203);(538,2177);(544,2156)" nextZoneID="130" contents="Lu et approuvé" script="hand" language="french"> </DL_ZONE>
			<DL_ZONE gedi_type="TextRegion" id="130" polygon="(1037,2195);(1178,2168);(1349,2186);(1343,2263);(1217,2278);(1002,2265);(1002,2246)" contents="D. Legrand" script="hand" language="french"> </DL_ZONE>
			<DL_ZONE gedi_type="TextRegion" id="131" polygon="(238,2123);(280,2112);(348,2112);(469,2122);(478,2153);(466,2161);(325,2184);(259,2182);(200,2166);(211,2124)" nextZoneID="128" contents="4/1/2012" script="hand" function_1="date" language="french"> </DL_ZONE>
			<DL_ZONE gedi_type="GraphicRegion" id="144" function="signature" polygon="(1024,2217);(1036,2188);(1182,2162);(1354,2187);(1346,2266);(1217,2285);(1000,2266);(998,2245)"> </DL_ZONE>
		</DL_PAGE>
		<DL_PAGE gedi_type="DL_PAGE" src="BFIKPQ.tif" pageID="2" width="1700" height="2800" Language_2="" Sender_Name="" Document_Date="" Language_4="" Receiver_Name="" Language_3="" Receiver_Company="" Receiver_Address="" Sender_Company="" Sender_Phone="" Receiver_Fax="" Document_Location="" Receiver_Phone="" Sender_Address="" Sender_Fax="" Category="" Document_Object="" Language_1="" Script_1="" Script_2="" NumPage="2">
			<DL_ZONE gedi_type="SeparatorRegion" id="145" col="616" row="315" width="475" height="10"> </DL_ZONE>
			<DL_ZONE gedi_type="TextRegion" id="146" col="352" row="440" width="1009" height="56" contents="Conditions générales du contrat de dépôt-vente" script="typed" function_1="title" language="french"> </DL_ZONE>
			<DL_ZONE gedi_type="LineDrawingRegion" id="149" col="664" row="623" width="206" height="12" orientationD="-0.834"> </DL_ZONE>
			<DL_ZONE gedi_type="LineDrawingRegion" id="150" col="935" row="622" width="113" height="9" orientationD="-0.507"> </DL_ZONE>
			<DL_ZONE gedi_type="LineDrawingRegion" id="151" col="1098" row="622" width="272" height="12" orientationD="-1.228"> </DL_ZONE>
			<DL_ZONE gedi_type="LineDrawingRegion" id="157" polygon="(631,975);(654,967);(797,969);(856,971);(872,988);(864,1024);(844,1045);(795,1055);(702,1052);(636,1045);(610,1028);(605,1003);(623,980)"> </DL_ZONE>
			<DL_ZONE gedi_type="LineDrawingRegion" id="158" polygon="(423,1374);(452,1369);(564,1367);(577,1374);(575,1397);(551,1412);(487,1421);(449,1423);(424,1415);(411,1399)"> </DL_ZONE>
			<DL_ZONE gedi_type="SeparatorRegion" id="161" col="634" row="1813" width="476" height="13"> </DL_ZONE>
			<DL_ZONE gedi_type="TextRegion" id="162" col="222" row="594" width="1237" height="1084" contents="▪ Le dépositaire peut se réserver le droit d'accepter, de refuser ou d'annuler tout dépôt.&#10;Dans ce cas, il appartient au déposant de venir retirer sans délai ses objets déposés.&#10;▪ Le déposant peut retirer son dépôt à tout moment&#10;(cependant, le dépositaire peut exiger une durée minimum de dépôt).&#10;▪ Le déposant est responsable de la qualité de l'objet mis en vente.&#10;En cas de nhon fonctionnement ou de vice caché, il devra rembourer ou au moins&#10;En cas de non fonctionnement ou de vice caché, il devra rembourser ou au moins&#10;dédommager l'acheteur ou le dépositaire.&#10;▪ Il incombe au déposant de se tenir au courant du sort de son dépôt.&#10;▪ Le déposant n'a aucun frais ni caution à payer. Seuls les frais de transport sont à sa charge.&#10;▪ Le prix à payer au déposant est fixé conjointement par le déposant et le dépositaire.&#10;Son montant figure sur la fiche de dépôt sous la mention ʻʻPrix net à payer au déposantʼʼ.&#10;▪ Le déposant doit se faire régler obligatoirement par le dépositaire par le remise de la fiche&#10;de dépôt qu'il détient, dans le délai d'un an au plus tard après la mise en dépôt.&#10;▪ À défaut d'être retiré, l'objet reste acquis au dépositaire en contrepartie de ses frais et la&#10;fiche de dépôt correspondante est conservée aux archives.&#10;▪ En cas d'incident sur objet mis en dépôt (vol, casse, incendie...)&#10;le dépositaire rembourse le déposant du montant indiqué sur la fiche de dépôt à la mention&#10;ʻʻPrix net à payer au déposantʼʼ.&#10;▪ Le dépositaire s'engage à régler les pièces vendues sans délais,&#10;à la fin du mois courant au plus tard.&#10;▪ Le dépositaire s'engage à rendre les pièces non-vendues en parfait état.&#10;▪ Le dépositaire s'engage à ce que les pièces soient effectivement exposées." script="typed" language="french"> </DL_ZONE>
		</DL_PAGE>
	</DL_DOCUMENT>
</GEDI>