<?xml version="1.0" encoding="UTF-8"?>
<!--GEDI was developed at Language and Media Processing Laboratory, University of Maryland.-->

<GEDI xmlns="http://lamp.cfar.umd.edu/media/projects/GEDI/" GEDI_version="2.3" GEDI_date="01/21/2010">
	<USER name="Adil" date="5/29/2012 13:34" dateFormat="mm/dd/yyyy hh:mm">	</USER>
	<USER name="MDR-R2" date="11/5/2012 15:24" dateFormat="mm/dd/yyyy hh:mm">	</USER>
	<USER name="MDR-R4" date="2/5/2013 9:54" dateFormat="mm/dd/yyyy hh:mm">	</USER>
	<USER name="MDR-R6" date="10/22/2012 16:22" dateFormat="mm/dd/yyyy hh:mm">	</USER>
	<USER name="Manuela" date="7/13/2012 10:56" dateFormat="mm/dd/yyyy hh:mm">	</USER>
	<USER name="Mohamed" date="6/6/2012 0:30" dateFormat="mm/dd/yyyy hh:mm">	</USER>
	<USER name="Mohamed Salah" date="7/6/2012 12:05" dateFormat="mm/dd/yyyy hh:mm">	</USER>
	<USER name="soumaya" date="7/10/2012 12:44" dateFormat="mm/dd/yyyy hh:mm">	</USER>
	<DL_DOCUMENT src="BGFRMQ.tif" docTag="xml" NrOfPages="1">
		<DL_PAGE gedi_type="DL_PAGE" src="BGFRMQ.tif" pageID="1" width="1700" height="2338" Sender_Name="" Language_4="" Language_3="" Receiver_Company="" Sender_Company="" Sender_Phone="" Receiver_Fax="" Document_Location="" Receiver_Phone="" Sender_Address="" Sender_Fax="" Category="C2" Document_Date="29/03/2012" Document_Object="فاتورة نقدية" Language_1="arabic" NumPage="1" Receiver_Address="18 حي الفرح الرباط" Receiver_Name="إلياس بورقية" Language_2="english" Script_1="typed" Script_2="hand">
			<DL_ZONE gedi_type="TextRegion" id="1" col="721" row="92" width="183" height="56" contents="فاتورة نقدية" script="typed" function_2="object" function_1="title" language="arabic"> </DL_ZONE>
			<DL_ZONE gedi_type="TextRegion" id="2" nextZoneID="56" col="1374" row="143" width="85" height="48" contents="التاريخ" script="typed" language="arabic"> </DL_ZONE>
			<DL_ZONE gedi_type="TextRegion" id="3" col="1129" row="132" width="103" height="63" contents="2012" script="hand" function_1="date" language="arabic"> </DL_ZONE>
			<DL_ZONE gedi_type="TextRegion" id="4" nextZoneID="5" col="1297" row="315" width="145" height="48" contents="اسم العميل :" script="typed" language="arabic"> </DL_ZONE>
			<DL_ZONE gedi_type="TextRegion" id="5" col="1043" row="298" width="253" height="82" contents="إلياس بورقية" script="hand" language="arabic"> </DL_ZONE>
			<DL_ZONE gedi_type="TextRegion" id="6" col="826" row="309" width="218" height="55" contents="Cust. Name :" script="typed" language="english"> </DL_ZONE>
			<DL_ZONE gedi_type="TextRegion" id="7" nextZoneID="8" col="694" row="289" width="109" height="44" contents="العنوان :" script="typed" language="arabic"> </DL_ZONE>
			<DL_ZONE gedi_type="TextRegion" id="8" col="422" row="280" width="265" height="104" contents="18 حي الفرح&#10;الرباط" script="hand" language="arabic"> </DL_ZONE>
			<DL_ZONE gedi_type="TextRegion" id="9" col="223" row="293" width="144" height="42" contents="Address" script="typed" language="english"> </DL_ZONE>
			<DL_ZONE gedi_type="TextRegion" id="10" col="1236" row="455" width="183" height="50" contents="القيمة الإجمالية" script="typed" language="arabic"> </DL_ZONE>
			<DL_ZONE gedi_type="TextRegion" id="11" col="1212" row="527" width="220" height="51" contents="Total Amount" script="typed" language="english"> </DL_ZONE>
			<DL_ZONE gedi_type="TextRegion" id="12" col="1041" row="461" width="150" height="42" contents="سعر الوحدة" script="typed" language="arabic"> </DL_ZONE>
			<DL_ZONE gedi_type="TextRegion" id="13" col="1030" row="532" width="167" height="46" contents="Unit Price" script="typed" language="english"> </DL_ZONE>
			<DL_ZONE gedi_type="TextRegion" id="14" col="914" row="457" width="88" height="43" contents="الكمية" script="typed" language="arabic"> </DL_ZONE>
			<DL_ZONE gedi_type="TextRegion" id="15" col="919" row="536" width="71" height="46" contents="Qty" script="typed" language="english"> </DL_ZONE>
			<DL_ZONE gedi_type="TextRegion" id="16" col="500" row="465" width="268" height="42" contents="البيان" script="typed" language="arabic"> </DL_ZONE>
			<DL_ZONE gedi_type="TextRegion" id="17" col="534" row="536" width="200" height="51" contents="Description" script="typed" language="english"> </DL_ZONE>
			<DL_ZONE gedi_type="TextRegion" id="18" col="238" row="468" width="137" height="47" contents="رقم القطعة" script="typed" language="arabic"> </DL_ZONE>
			<DL_ZONE gedi_type="TextRegion" id="19" col="218" row="534" width="165" height="53" contents="Stock No." script="typed" language="english"> </DL_ZONE>
			<DL_ZONE gedi_type="TextRegion" id="20" col="1247" row="634" width="84" height="59" contents="30" script="hand" language="arabic"> </DL_ZONE>
			<DL_ZONE gedi_type="TextRegion" id="21" col="1259" row="707" width="67" height="47" contents="50" script="hand" language="arabic"> </DL_ZONE>
			<DL_ZONE gedi_type="TextRegion" id="22" col="1236" row="767" width="121" height="57" contents="120" script="hand" language="arabic"> </DL_ZONE>
			<DL_ZONE gedi_type="TextRegion" id="23" col="1242" row="837" width="118" height="51" contents="240" script="hand" language="arabic"> </DL_ZONE>
			<DL_ZONE gedi_type="TextRegion" id="24" col="1065" row="633" width="46" height="56" contents="3" script="hand" language="arabic"> </DL_ZONE>
			<DL_ZONE gedi_type="TextRegion" id="25" col="1072" row="709" width="63" height="49" contents="50" script="hand" language="arabic"> </DL_ZONE>
			<DL_ZONE gedi_type="TextRegion" id="26" col="1058" row="781" width="82" height="51" contents="10" script="hand" language="arabic"> </DL_ZONE>
			<DL_ZONE gedi_type="TextRegion" id="27" col="1059" row="841" width="82" height="49" contents="20" script="hand" language="arabic"> </DL_ZONE>
			<DL_ZONE gedi_type="TextRegion" id="28" col="901" row="641" width="74" height="52" contents="10" script="hand" language="arabic"> </DL_ZONE>
			<DL_ZONE gedi_type="TextRegion" id="29" col="922" row="713" width="48" height="47" contents="1" script="hand" language="arabic"> </DL_ZONE>
			<DL_ZONE gedi_type="TextRegion" id="30" col="904" row="777" width="71" height="49" contents="12" script="hand" language="arabic"> </DL_ZONE>
			<DL_ZONE gedi_type="TextRegion" id="31" col="908" row="840" width="76" height="47" contents="12" script="hand" language="arabic"> </DL_ZONE>
			<DL_ZONE gedi_type="TextRegion" id="32" col="670" row="637" width="185" height="55" contents="ملعقة" script="hand" language="arabic"> </DL_ZONE>
			<DL_ZONE gedi_type="TextRegion" id="33" col="695" row="708" width="176" height="60" contents="مقلات" script="hand" language="arabic"> </DL_ZONE>
			<DL_ZONE gedi_type="TextRegion" id="34" col="687" row="773" width="183" height="63" contents="صحون" script="hand" language="arabic"> </DL_ZONE>
			<DL_ZONE gedi_type="TextRegion" id="35" col="705" row="841" width="173" height="71" contents="كؤوس" script="hand" language="arabic"> </DL_ZONE>
			<DL_ZONE gedi_type="TextRegion" id="36" col="273" row="634" width="87" height="59" contents="21" script="hand" function_1="reference" language="arabic"> </DL_ZONE>
			<DL_ZONE gedi_type="TextRegion" id="37" col="270" row="715" width="86" height="53" contents="13" script="hand" function_1="reference" language="arabic"> </DL_ZONE>
			<DL_ZONE gedi_type="TextRegion" id="38" col="272" row="777" width="88" height="56" contents="19" script="hand" function_1="reference" language="arabic"> </DL_ZONE>
			<DL_ZONE gedi_type="TextRegion" id="39" col="272" row="837" width="90" height="60" contents="05" script="hand" function_1="reference" language="arabic"> </DL_ZONE>
			<DL_ZONE gedi_type="TextRegion" id="40" col="1266" row="1796" width="133" height="55" contents="الإجمالي :" script="typed" language="arabic"> </DL_ZONE>
			<DL_ZONE gedi_type="TextRegion" id="41" col="905" row="1783" width="132" height="72" contents="440" script="hand" language="arabic"> </DL_ZONE>
			<DL_ZONE gedi_type="TextRegion" id="42" col="874" row="2006" width="100" height="54" contents="البائع /" script="typed" language="arabic"> </DL_ZONE>
			<DL_ZONE gedi_type="TextRegion" id="43" col="684" row="2004" width="172" height="53" contents="Salesman" script="typed" language="english"> </DL_ZONE>
			<DL_ZONE gedi_type="TextRegion" id="44" polygon="(986,2067);(1052,2145);(909,2197)" contents="نار" script="hand" language="arabic"> </DL_ZONE>
			<DL_ZONE gedi_type="GraphicRegion" id="45" function="signature" polygon="(852,2160);(919,2122);(987,2061);(1066,2143);(1020,2192);(865,2215);(811,2203)"> </DL_ZONE>
			<DL_ZONE gedi_type="NoiseRegion" id="46" polygon="(746,2109);(761,2109);(860,2118);(855,2152);(810,2166);(749,2166)"> </DL_ZONE>
			<DL_ZONE gedi_type="GraphicRegion" id="48" col="648" row="2138" width="373" height="16" function="underlined-field"> </DL_ZONE>
			<DL_ZONE gedi_type="GraphicRegion" id="49" col="1049" row="335" width="243" height="22" function="underlined-field"> </DL_ZONE>
			<DL_ZONE gedi_type="GraphicRegion" id="50" col="370" row="309" width="314" height="17" function="underlined-field"> </DL_ZONE>
			<DL_ZONE gedi_type="GraphicRegion" id="51" col="370" row="341" width="314" height="20" function="underlined-field"> </DL_ZONE>
			<DL_ZONE gedi_type="GraphicRegion" id="52" col="657" row="65" width="318" height="115" function="other"> </DL_ZONE>
			<DL_ZONE gedi_type="GraphicRegion" id="53" col="192" row="270" width="1274" height="129" function="other"> </DL_ZONE>
			<DL_ZONE gedi_type="TableRegion" id="54" col="189" row="422" width="1302" height="1543"> </DL_ZONE>
			<DL_ZONE gedi_type="GraphicRegion" id="55" col="76" row="10" width="1495" height="2308" function="other"> </DL_ZONE>
			<DL_ZONE gedi_type="TextRegion" id="56" nextZoneID="57" col="1329" row="139" width="43" height="44" contents="29" script="hand" function_1="date" language="arabic"> </DL_ZONE>
			<DL_ZONE gedi_type="TextRegion" id="57" nextZoneID="58" col="1310" row="146" width="16" height="34" contents="/" script="typed" function_1="date" language="arabic"> </DL_ZONE>
			<DL_ZONE gedi_type="TextRegion" id="58" nextZoneID="59" col="1249" row="137" width="53" height="45" contents="03" script="hand" function_1="date" language="arabic"> </DL_ZONE>
			<DL_ZONE gedi_type="TextRegion" id="59" nextZoneID="3" col="1232" row="145" width="12" height="35" contents="/" script="typed" function_1="date" language="arabic"> </DL_ZONE>
		</DL_PAGE>
	</DL_DOCUMENT>
</GEDI>