<?xml version="1.0" encoding="UTF-8"?>
<!--GEDI was developed at Language and Media Processing Laboratory, University of Maryland.-->

<GEDI xmlns="http://lamp.cfar.umd.edu/media/projects/GEDI/" GEDI_version="2.3" GEDI_date="01/21/2010">
	<USER name="Adil" date="5/25/2012 11:01" dateFormat="mm/dd/yyyy hh:mm">	</USER>
	<USER name="MDR-R1" date="10/29/2012 15:18" dateFormat="mm/dd/yyyy hh:mm">	</USER>
	<USER name="MDR-R2" date="11/5/2012 15:24" dateFormat="mm/dd/yyyy hh:mm">	</USER>
	<USER name="MDR-R4" date="2/4/2013 19:33" dateFormat="mm/dd/yyyy hh:mm">	</USER>
	<USER name="MDR-R6" date="10/22/2012 16:27" dateFormat="mm/dd/yyyy hh:mm">	</USER>
	<USER name="Mohamed" date="7/4/2012 20:47" dateFormat="mm/dd/yyyy hh:mm">	</USER>
	<USER name="Mohamed Salah" date="7/6/2012 11:55" dateFormat="mm/dd/yyyy hh:mm">	</USER>
	<USER name="soumaya" date="7/10/2012 14:36" dateFormat="mm/dd/yyyy hh:mm">	</USER>
	<DL_DOCUMENT src="BGFZVQ.tif" docTag="xml" NrOfPages="1">
		<DL_PAGE gedi_type="DL_PAGE" src="BGFZVQ.tif" pageID="1" width="1700" height="2338" Language_2="" Language_4="" Language_3="" Receiver_Company="" Sender_Phone="" Receiver_Fax="" Document_Location="" Receiver_Phone="" Sender_Fax="" Category="C2" Document_Date="13/05/2011" Document_Object="عقد نشر كتاب" Language_1="arabic" NumPage="1" Receiver_Address="حي الوفاق 11000 سلا" Script_1="typed" Script_2="hand" Sender_Address="شارع واد المخازين أعادير 80000 " Sender_Company="دار المعرفة للنشر والتوزيع" Sender_Name="ناريمان البكري" Receiver_Name="خالد البوزيدي">
			<DL_ZONE gedi_type="TextRegion" id="1" col="698" row="208" width="219" height="50" contents="عقد نشر كتاب" script="typed" function_2="object" function_1="title" language="arabic"> </DL_ZONE>
			<DL_ZONE gedi_type="TextRegion" id="7" col="263" row="368" width="1146" height="1070" contents="انه في يوم الإثنين الموافق 13/05/2011 بين كل من:&#10;أولا : دار المعرفة للنشر والتوزيع.&#10;والكائنة بشارع واد المخازين أغادير 80000 ويمثلها في هذا العقد السيدة البكري ناريمان (طرف&#10;أول - ناشر )&#10;ثانيا : السيد البوزيدي خالد والمقيم بحي الوفاق 11000 سلا (طرف ثان - كاتب)&#10;قام الطرف الثاني بتأليف الكتاب : لمن الحكم&#10;وقد التزم الطرف الثاني ب (طبع / نشر / توزيع ) عدد ألف كتاب على أربع طبعات، تطرح في&#10;الأسواق ، وأن ينشر تحت اسم لمن الحكم&#10;البند الأول:&#10;يعتبر التمهيد السابق جزءاً لا يتجزأ من هذا العقد وبنوده .&#10;البند الثاني:&#10;تقاضى كاتب هذا الكتاب مبلغ وقدره خمسون ألف درهم ونسبة . %20 من عائد التوزيع .&#10;البند الثالث:&#10;لا يحق للطرف الثاني نشر هذا الكتاب لدى أي ناشر آخر خلال الفترة من 13/05/2011 وحتى&#10;2018/11/01&#10;البند الرابع:&#10;لا يحق للناشر الطرف الأول طبع الكتاب بعد انتهاء فترة السماح من البند السابق ولا تجاوز عدد&#10;الطبعات أو عدد النسخ الإجمالي إلا بإذن كتابي من الطرف الثاني.&#10;البند الخامس:&#10;يقوم الطرف الأول بكل الإجراءات والتصاريح اللازمة نحو نشر هذا الكتاب وطرحه للبيع للجمهور من&#10;جهات الإدارة" script="typed" function_2="date" function_1="text_section" function_3="coordinates" language="arabic"> </DL_ZONE>
			<DL_ZONE gedi_type="TextRegion" id="8" col="1021" row="1456" width="347" height="46" contents="الطرف الأول البكري ناريمان" script="typed" language="arabic"> </DL_ZONE>
			<DL_ZONE gedi_type="TextRegion" id="9" col="1019" row="1523" width="356" height="52" contents="الطرف الثاني البوزيدي خالد" script="typed" language="arabic"> </DL_ZONE>
			<DL_ZONE gedi_type="TextRegion" id="10" polygon="(894,1495);(800,1519);(787,1504);(833,1474);(851,1443);(908,1441);(917,1487)" contents="نار" script="hand" language="arabic"> </DL_ZONE>
			<DL_ZONE gedi_type="NoiseRegion" id="11" col="950" row="2327" width="717" height="10"> </DL_ZONE>
			<DL_ZONE gedi_type="GraphicRegion" id="13" function="signature" polygon="(953,1524);(762,1538);(736,1521);(799,1455);(844,1439);(911,1436);(955,1508)"> </DL_ZONE>
			<DL_ZONE gedi_type="GraphicRegion" id="14" function="signature" polygon="(889,1589);(834,1598);(762,1575);(773,1554);(812,1534);(834,1531);(901,1537);(912,1554)"> </DL_ZONE>
			<DL_ZONE gedi_type="GraphicRegion" id="15" col="804" row="739" width="31" height="13" function="underlined-field"> </DL_ZONE>
			<DL_ZONE gedi_type="Group" id="16" col="752" row="1513" width="633" height="95" elements="9;14"> </DL_ZONE>
			<DL_ZONE gedi_type="Group" id="17" col="726" row="1426" width="652" height="122" elements="8;10;13"> </DL_ZONE>
		</DL_PAGE>
	</DL_DOCUMENT>
</GEDI>