<?xml version="1.0" encoding="UTF-8"?>
<!--GEDI was developed at Language and Media Processing Laboratory, University of Maryland.-->

<GEDI xmlns="http://lamp.cfar.umd.edu/media/projects/GEDI/" GEDI_version="2.3" GEDI_date="01/21/2010">
	<USER name="Adil" date="3/1/2012 17:31" dateFormat="mm/dd/yyyy hh:mm">	</USER>
	<USER name="Laure" date="5/24/2012 15:09" dateFormat="mm/dd/yyyy hh:mm">	</USER>
	<USER name="MDR-R1" date="10/22/2012 17:44" dateFormat="mm/dd/yyyy hh:mm">	</USER>
	<USER name="MDR-R2" date="11/5/2012 15:24" dateFormat="mm/dd/yyyy hh:mm">	</USER>
	<USER name="MDR-R3" date="2/5/2013 16:44" dateFormat="mm/dd/yyyy hh:mm">	</USER>
	<USER name="Mailys" date="3/6/2012 16:33" dateFormat="mm/dd/yyyy hh:mm">	</USER>
	<USER name="mohamed salah" date="5/23/2012 11:01" dateFormat="mm/dd/yyyy hh:mm">	</USER>
	<USER name="soumaya" date="3/5/2012 16:17" dateFormat="mm/dd/yyyy hh:mm">	</USER>
	<DL_DOCUMENT src="BHIJKP.tif" docTag="xml" NrOfPages="1">
		<DL_PAGE gedi_type="DL_PAGE" src="BHIJKP.tif" pageID="1" width="1728" height="2359" NumPage="1" Receiver_Name="" Language_4="" Language_3="" Receiver_Company="" Sender_Phone="" Receiver_Fax="" Receiver_Phone="" Category="C2" Document_Date="25/01/2011" Document_Location="" Document_Object="توكيل" Language_1="arabic" Language_2="french" Receiver_Address="" Script_1="typed" Script_2="hand" Sender_Address="33 ساحة العلويين" Sender_Company="دابوس" Sender_Name="سلمى الخاني" Sender_Fax="+33(0)1.43.13.33.30">
			<DL_ZONE gedi_type="TextRegion" id="1" col="78" row="0" width="1561" height="25" contents="25/01/2012 MER 16:17 FAX 01 43 13 33 30 ELDA 001/001" script="typed" function_2="date" function_1="header" language="french"> </DL_ZONE>
			<DL_ZONE gedi_type="TextRegion" id="3" col="769" row="287" width="170" height="40" contents="توكيل :" script="typed" function_2="object" function_1="title" language="arabic"> </DL_ZONE>
			<DL_ZONE gedi_type="TextRegion" id="4" nextZoneID="15" col="1268" row="373" width="209" height="46" contents="أنا الموقع أدناه /" script="typed" language="arabic"> </DL_ZONE>
			<DL_ZONE gedi_type="TextRegion" id="7" nextZoneID="148" col="613" row="1418" width="858" height="47" contents="إشخادا على ما ورد به، فقد تم التوقيع على هذا التوكيل في هذا اليوم :" script="typed" language="arabic"> </DL_ZONE>
			<DL_ZONE gedi_type="TextRegion" id="8" nextZoneID="9" col="1394" row="1520" width="72" height="37" contents="الاسم :" script="typed" language="arabic"> </DL_ZONE>
			<DL_ZONE gedi_type="TextRegion" id="9" col="1042" row="1503" width="314" height="75" contents="سلمى الخاني" script="hand" function_1="coordinates" language="arabic"> </DL_ZONE>
			<DL_ZONE gedi_type="TextRegion" id="10" col="1376" row="1612" width="90" height="41" contents="التوقيع :" script="typed" language="arabic"> </DL_ZONE>
			<DL_ZONE gedi_type="TextRegion" id="11" col="1174" row="1603" width="135" height="55" contents="سلمى" script="hand" function_1="coordinates" language="arabic"> </DL_ZONE>
			<DL_ZONE gedi_type="GraphicRegion" id="12" col="1505" row="0" width="20" height="23" function="drawing"> </DL_ZONE>
			<DL_ZONE gedi_type="TextRegion" id="15" nextZoneID="16" polygon="(932,368);(1021,357);(1205,372);(1235,390);(1235,419);(1163,419);(1144,429);(976,419);(959,434);(931,438);(923,420)" contents="سلمى الخاني" script="hand" language="arabic"> </DL_ZONE>
			<DL_ZONE gedi_type="TextRegion" id="16" nextZoneID="17" polygon="(685,367);(816,368);(816,416);(686,418)" contents="، الجنسية :" script="typed" language="arabic"> </DL_ZONE>
			<DL_ZONE gedi_type="TextRegion" id="17" nextZoneID="137" polygon="(520,356);(560,352);(588,384);(673,368);(686,419);(620,431);(618,427);(584,437);(527,416)" contents="مغربية" script="hand" language="arabic"> </DL_ZONE>
			<DL_ZONE gedi_type="TextRegion" id="20" nextZoneID="21" col="1148" row="425" width="224" height="38" contents="k 304050" script="hand" function_1="reference" language="arabic"> </DL_ZONE>
			<DL_ZONE gedi_type="TextRegion" id="21" nextZoneID="22" col="925" row="430" width="168" height="37" contents="صادر من :" script="typed" language="arabic"> </DL_ZONE>
			<DL_ZONE gedi_type="TextRegion" id="22" nextZoneID="23" col="693" row="420" width="220" height="62" contents="قصلية المغرب" script="hand" function_1="coordinates" language="arabic"> </DL_ZONE>
			<DL_ZONE gedi_type="TextRegion" id="23" nextZoneID="24" col="575" row="430" width="99" height="38" contents="بتاريخ" script="typed" language="arabic"> </DL_ZONE>
			<DL_ZONE gedi_type="TextRegion" id="24" nextZoneID="25" col="375" row="424" width="188" height="42" contents="2011/12/10" script="hand" language="arabic"> </DL_ZONE>
			<DL_ZONE gedi_type="TextRegion" id="25" nextZoneID="26" col="235" row="431" width="130" height="38" contents="، بصفتي" script="typed" language="arabic"> </DL_ZONE>
			<DL_ZONE gedi_type="TextRegion" id="26" nextZoneID="27" col="1345" row="483" width="119" height="37" contents="مدير" script="hand" language="arabic"> </DL_ZONE>
			<DL_ZONE gedi_type="TextRegion" id="27" nextZoneID="28" col="773" row="474" width="320" height="37" contents="والممثل القانوني لشركة" script="typed" language="arabic"> </DL_ZONE>
			<DL_ZONE gedi_type="TextRegion" id="28" nextZoneID="123" col="506" row="474" width="195" height="48" contents="دابوس" script="hand" language="arabic"> </DL_ZONE>
			<DL_ZONE gedi_type="TextRegion" id="29" nextZoneID="30" col="1200" row="520" width="275" height="43" contents="المؤسسة وفقا للقانون" script="typed" language="arabic"> </DL_ZONE>
			<DL_ZONE gedi_type="TextRegion" id="30" nextZoneID="31" col="1032" row="513" width="151" height="58" contents="التجاري" script="hand" language="arabic"> </DL_ZONE>
			<DL_ZONE gedi_type="TextRegion" id="31" nextZoneID="32" col="605" row="523" width="397" height="38" contents="، بموجب السجل التجاري رقم :" script="typed" language="arabic"> </DL_ZONE>
			<DL_ZONE gedi_type="TextRegion" id="32" nextZoneID="33" col="378" row="511" width="214" height="46" contents="14151617" script="hand" function_1="reference" language="arabic"> </DL_ZONE>
			<DL_ZONE gedi_type="TextRegion" id="33" nextZoneID="34" col="238" row="526" width="102" height="40" contents="وتاريخ :" script="typed" language="arabic"> </DL_ZONE>
			<DL_ZONE gedi_type="TextRegion" id="34" nextZoneID="35" col="1161" row="567" width="301" height="51" contents="2 مارس 2000" script="hand" language="arabic"> </DL_ZONE>
			<DL_ZONE gedi_type="TextRegion" id="35" nextZoneID="36" col="747" row="566" width="417" height="44" contents="والتي يقع مقرها الرئيسي في :" script="typed" language="arabic"> </DL_ZONE>
			<DL_ZONE gedi_type="TextRegion" id="36" nextZoneID="126" col="283" row="566" width="428" height="46" contents="33 ساحة العلويين" script="hand" language="arabic"> </DL_ZONE>
			<DL_ZONE gedi_type="TextRegion" id="37" nextZoneID="38" col="1138" row="614" width="339" height="37" contents="قد عينت كلا من السادة /" script="typed" language="arabic"> </DL_ZONE>
			<DL_ZONE gedi_type="TextRegion" id="38" nextZoneID="125" polygon="(1105,618);(1053,614);(953,615);(836,625);(849,695);(863,693);(868,661);(899,674);(930,651);(970,668);(999,654);(1051,653);(1060,667);(1113,648)" contents="مرنيسي مريم" script="hand" language="arabic"> </DL_ZONE>
			<DL_ZONE gedi_type="TextRegion" id="39" nextZoneID="147" polygon="(748,618);(744,646);(706,658);(436,662);(425,620);(436,607);(647,602);(702,605)" contents="كمال شقطوط" script="hand" language="arabic"> </DL_ZONE>
			<DL_ZONE gedi_type="TextRegion" id="40" nextZoneID="41" polygon="(219,611);(227,654);(235,663);(329,656);(336,627)" contents="سامي" script="hand" language="arabic"> </DL_ZONE>
			<DL_ZONE gedi_type="TextRegion" id="41" nextZoneID="128" polygon="(1336,654);(1337,690);(1354,713);(1421,708);(1469,702);(1478,665);(1435,655)" contents="يعقوب" script="hand" language="arabic"> </DL_ZONE>
			<DL_ZONE gedi_type="TextRegion" id="42" nextZoneID="140" polygon="(1232,662);(1239,688);(1202,699);(1148,714);(986,707);(964,717);(904,705);(910,668);(929,654);(1027,653);(1126,660)" contents="داود المصري" script="hand" language="arabic"> </DL_ZONE>
			<DL_ZONE gedi_type="TextRegion" id="86" nextZoneID="149" col="466" row="1427" width="40" height="41" contents="من" script="typed" language="arabic"> </DL_ZONE>
			<DL_ZONE gedi_type="TextRegion" id="88" nextZoneID="150" col="352" row="1427" width="44" height="38" contents="عام" script="typed" language="arabic"> </DL_ZONE>
			<DL_ZONE gedi_type="GraphicRegion" id="92" function="signature" polygon="(1254,1582);(1234,1575);(1164,1601);(1169,1681);(1326,1684);(1329,1594);(1296,1590)"> </DL_ZONE>
			<DL_ZONE gedi_type="GraphicRegion" id="93" col="821" row="400" width="437" height="15" function="underlined-field"> </DL_ZONE>
			<DL_ZONE gedi_type="GraphicRegion" id="94" col="508" row="400" width="168" height="20" function="underlined-field"> </DL_ZONE>
			<DL_ZONE gedi_type="GraphicRegion" id="95" col="375" row="452" width="188" height="12" function="underlined-field"> </DL_ZONE>
			<DL_ZONE gedi_type="GraphicRegion" id="96" col="683" row="449" width="227" height="19" function="underlined-field"> </DL_ZONE>
			<DL_ZONE gedi_type="GraphicRegion" id="97" col="1098" row="446" width="287" height="15" function="underlined-field"> </DL_ZONE>
			<DL_ZONE gedi_type="GraphicRegion" id="98" col="1096" row="496" width="368" height="13" function="underlined-field"> </DL_ZONE>
			<DL_ZONE gedi_type="GraphicRegion" id="99" col="252" row="496" width="510" height="17" function="underlined-field"> </DL_ZONE>
			<DL_ZONE gedi_type="GraphicRegion" id="100" col="1012" row="543" width="175" height="13" function="underlined-field"> </DL_ZONE>
			<DL_ZONE gedi_type="GraphicRegion" id="101" col="355" row="543" width="244" height="14" function="underlined-field"> </DL_ZONE>
			<DL_ZONE gedi_type="GraphicRegion" id="102" col="1162" row="586" width="302" height="18" function="underlined-field"> </DL_ZONE>
			<DL_ZONE gedi_type="GraphicRegion" id="103" col="252" row="592" width="480" height="15" function="underlined-field"> </DL_ZONE>
			<DL_ZONE gedi_type="GraphicRegion" id="104" col="800" row="634" width="327" height="14" function="underlined-field"> </DL_ZONE>
			<DL_ZONE gedi_type="GraphicRegion" id="105" col="360" row="634" width="403" height="10" function="underlined-field"> </DL_ZONE>
			<DL_ZONE gedi_type="GraphicRegion" id="106" col="235" row="634" width="98" height="11" function="underlined-field"> </DL_ZONE>
			<DL_ZONE gedi_type="GraphicRegion" id="107" col="1305" row="683" width="164" height="9" function="underlined-field"> </DL_ZONE>
			<DL_ZONE gedi_type="GraphicRegion" id="108" col="722" row="681" width="553" height="13" function="underlined-field"> </DL_ZONE>
			<DL_ZONE gedi_type="GraphicRegion" id="109" col="517" row="1447" width="84" height="14" function="underlined-field"> </DL_ZONE>
			<DL_ZONE gedi_type="GraphicRegion" id="110" col="405" row="1448" width="48" height="11" function="underlined-field"> </DL_ZONE>
			<DL_ZONE gedi_type="GraphicRegion" id="111" col="254" row="1442" width="89" height="18" function="underlined-field"> </DL_ZONE>
			<DL_ZONE gedi_type="GraphicRegion" id="112" col="986" row="1540" width="393" height="15" function="underlined-field"> </DL_ZONE>
			<DL_ZONE gedi_type="GraphicRegion" id="113" col="989" row="1634" width="372" height="17" function="underlined-field"> </DL_ZONE>
			<DL_ZONE gedi_type="TextRegion" id="123" nextZoneID="29" col="235" row="487" width="15" height="22" contents="،" script="typed" language="arabic"> </DL_ZONE>
			<DL_ZONE gedi_type="TextRegion" id="125" nextZoneID="39" col="771" row="628" width="31" height="22" contents="،" script="typed" language="arabic"> </DL_ZONE>
			<DL_ZONE gedi_type="TextRegion" id="126" nextZoneID="37" col="229" row="580" width="21" height="24" contents="،" script="typed" language="arabic"> </DL_ZONE>
			<DL_ZONE gedi_type="TextRegion" id="128" nextZoneID="42" col="1279" row="673" width="31" height="22" contents="،" script="typed" language="arabic"> </DL_ZONE>
			<DL_ZONE gedi_type="Group" id="136" col="1032" row="1493" width="334" height="201" elements="9;11;92"> </DL_ZONE>
			<DL_ZONE gedi_type="TextRegion" id="137" nextZoneID="139" col="234" row="374" width="267" height="44" contents="وأحمل جواز السفر" script="typed" language="arabic"> </DL_ZONE>
			<DL_ZONE gedi_type="TextRegion" id="139" nextZoneID="20" col="1394" row="428" width="80" height="37" contents="رقم :" script="typed" language="arabic"> </DL_ZONE>
			<DL_ZONE gedi_type="TextRegion" id="140" polygon="(222,1376);(1482,1378);(1477,708);(1281,707);(717,705);(718,666);(215,665)" contents="، جميعهم يحملون الجنسية المصرية،&#10;كوكلاء عنا لتمثيلنا منفردين أمام جميع الجهات الخاصة والحكومية والقضائية في جمهورية مصر&#10;العربية بما في ذلك جميع أنواع المحاكم بكافة درجاتها.&#10;وللمحامين المذكورين الحق في الإدعاء والمرافعة والمدافعة والطعن بالتزوير والإقرار والإنكار&#10;وطلب اليمين والشهود وطلب تعيين الخبراء والقبول بتقاريرهم أو رفضها وتقديم الطعون&#10;والإشكالات وطلبات الاستئناف والنقض في كافة القضايا المدنية والتجارية والجنائية، وإعداد&#10;المذكرات والطلبات وتقديمها ودفع الرسوم الحكومية والحضور أمام أية لجنة أو جهة حكومية&#10;وأقسام الشرطة، وتسليم واستلام كافة المستندات ، والحصول على الوثائق الضرورية وصور&#10;رسمية من كافة المستندات من كافة الجهات القضائية والحكومية والخاصة والبنوك ،&#10;وتمثيلنا أمام أي مصفيين قضائيين. ويحق لهم التوقيع بالنيابة عنا غلى أي طلب أو مستند حينما تقتضي&#10;الضرورة ذلك لتنفيذ مقتضى هذا التوكيل.&#10;ولأي من المحامين المذكورين الحق في استلام أموالنا ومستحقاتنا والتعويضات نيابة عنا، ويحق&#10;لأي منهم أن يوكل الغير في كل أو بعض ما وكل إليه على مسئوليته الخاصة" script="typed" function_1="text_section" language="arabic"> </DL_ZONE>
			<DL_ZONE gedi_type="NoiseRegion" id="141" col="1675" row="1280" width="22" height="175"> </DL_ZONE>
			<DL_ZONE gedi_type="NoiseRegion" id="142" col="1672" row="1711" width="26" height="31"> </DL_ZONE>
			<DL_ZONE gedi_type="NoiseRegion" id="143" col="1675" row="2180" width="20" height="25"> </DL_ZONE>
			<DL_ZONE gedi_type="NoiseRegion" id="144" col="1670" row="318" width="22" height="216"> </DL_ZONE>
			<DL_ZONE gedi_type="NoiseRegion" id="145" col="1671" row="178" width="25" height="81"> </DL_ZONE>
			<DL_ZONE gedi_type="TextRegion" id="147" nextZoneID="40" col="341" row="624" width="20" height="24" contents="،" script="typed" language="arabic"> </DL_ZONE>
			<DL_ZONE gedi_type="TextRegion" id="148" nextZoneID="86" col="522" row="1409" width="76" height="59" contents="25" script="hand" function_1="date" language="arabic"> </DL_ZONE>
			<DL_ZONE gedi_type="TextRegion" id="149" nextZoneID="88" col="398" row="1412" width="61" height="54" contents="01" script="hand" function_1="date" language="arabic"> </DL_ZONE>
			<DL_ZONE gedi_type="TextRegion" id="150" col="246" row="1409" width="100" height="59" contents="2011" script="hand" function_1="date" language="arabic"> </DL_ZONE>
		</DL_PAGE>
	</DL_DOCUMENT>
</GEDI>