<?xml version="1.0" encoding="UTF-8"?>
<!--GEDI was developed at Language and Media Processing Laboratory, University of Maryland.-->

<GEDI xmlns="http://lamp.cfar.umd.edu/media/projects/GEDI/" GEDI_version="2.3.19" GEDI_date="12/23/2011">
	<USER name="Adil" date="4/16/2012 15:39" dateFormat="mm/dd/yyyy hh:mm">	</USER>
	<USER name="Laure" date="5/10/2012 17:33" dateFormat="mm/dd/yyyy hh:mm">	</USER>
	<DL_DOCUMENT src="BIHZRV.tif" docTag="xml" NrOfPages="1">
		<DL_PAGE gedi_type="DL_PAGE" src="BIHZRV.tif" pageID="1" width="1728" height="2359" Language_2="" Sender_Name="" Language_4="" Receiver_Name="" Language_3="" Receiver_Address="" Sender_Phone="" Receiver_Fax="" Document_Location="" Receiver_Phone="" Sender_Address="" Category="C2" Language_1="french" NumPage="1" Script_1="typed" Script_2="hand" Document_Object="TRACT MÉDICAL" Receiver_Company="" Sender_Company="SCLESSIN SANTÉ" Sender_Fax="+33(0)1.43.13.33.30" Document_Date="10/04/2012">
			<DL_ZONE gedi_type="TextRegion" id="1" col="72" row="2" width="1573" height="22" contents="10/04 2012 MAR 17:56 FAX 01 43 13 33 30 ELDA 001 / 001" script="typed" function_2="date" function_1="header" language="french"> </DL_ZONE>
			<DL_ZONE gedi_type="TextRegion" id="6" col="392" row="78" width="347" height="60" contents="Trop de bleu" script="hand" function_1="annotation" language="french"> </DL_ZONE>
			<DL_ZONE gedi_type="TextRegion" id="7" col="184" row="225" width="1148" height="42" contents="POUR LES ÉTABLISSEMENTS DE SANTÉ" script="typed" function_1="object" language="french"> </DL_ZONE>
			<DL_ZONE gedi_type="TextRegion" id="8" col="310" row="278" width="998" height="64" contents="mettre cette indication en bas de page" script="hand" function_1="annotation" language="french"> </DL_ZONE>
			<DL_ZONE gedi_type="TextRegion" id="9" col="242" row="381" width="1233" height="287" contents="Les solutions de stockage&#10;et de distribution&#10;pour les produits pharmaceutiques" script="typed" language="french"> </DL_ZONE>
			<DL_ZONE gedi_type="TextRegion" id="10" col="248" row="714" width="817" height="74" contents="Les chariots médicaux" script="typed" language="french"> </DL_ZONE>
			<DL_ZONE gedi_type="TextRegion" id="11" col="979" row="841" width="106" height="44" contents="bien" script="hand" function_1="annotation" language="french"> </DL_ZONE>
			<DL_ZONE gedi_type="TextRegion" id="12" col="366" row="1874" width="193" height="68" contents="pas utile" script="hand" function_1="annotation" language="french"> </DL_ZONE>
			<DL_ZONE gedi_type="TextRegion" id="13" col="1029" row="2020" width="461" height="89" contents="SCLESSIN&#10;SANTÉ" script="typed" language="french"> </DL_ZONE>
			<DL_ZONE gedi_type="TextRegion" id="15" col="945" row="2132" width="550" height="44" contents="mieux s'équiper pour mieux soigner" script="typed" language="french"> </DL_ZONE>
			<DL_ZONE gedi_type="TextRegion" id="16" polygon="(1156,2280);(1396,2265);(1400,2318);(1309,2326);(1276,2334);(1139,2342);(1136,2294)" contents="plus gros ?" script="hand" function_1="annotation" language="french"> </DL_ZONE>
			<DL_ZONE gedi_type="GraphicRegion" id="17" col="1503" row="0" width="25" height="25" function="drawing"> </DL_ZONE>
			<DL_ZONE gedi_type="GraphicRegion" id="18" function="drawing" polygon="(188,376);(161,389);(147,418);(153,450);(171,463);(201,472);(225,459);(241,445);(244,424);(239,402);(228,384);(213,377)"> </DL_ZONE>
			<DL_ZONE gedi_type="GraphicRegion" id="19" function="drawing" polygon="(170,707);(152,733);(151,759);(159,777);(171,788);(190,796);(207,796);(227,789);(240,773);(242,740);(233,717);(211,702);(201,701)"> </DL_ZONE>
			<DL_ZONE gedi_type="LineDrawingRegion" id="21" polygon="(841,2035);(798,2090);(796,2152);(821,2205);(862,2239);(916,2252);(1059,2264);(1051,2304);(1088,2313);(1093,2320);(1122,2308);(1103,2288);(1093,2293);(1067,2289);(1056,2279);(1055,2264);(1184,2265);(1292,2254);(1359,2247);(1439,2237);(1506,2218);(1577,2166);(1600,2111);(1597,2048);(1571,2003);(1525,1970);(1431,1939);(1285,1929);(1164,1936);(1067,1943);(972,1966);(885,2003);(873,1984);(824,2022);(783,2075);(777,2152);(805,2216);(849,2257);(909,2268);(966,2279);(1024,2281);(1044,2281);(1074,2282);(1133,2286);(1217,2286);(1300,2275);(1435,2259);(1550,2231);(1590,2177);(1614,2125);(1616,2075);(1609,2028);(1601,2010);(1569,1968);(1515,1939);(1454,1925);(1379,1914);(1296,1908);(1217,1906);(1112,1912);(1017,1929);(945,1950);(869,1983);(885,2004)"> </DL_ZONE>
			<DL_ZONE gedi_type="LineDrawingRegion" id="22" polygon="(580,1888);(648,1825);(719,1762);(741,1743);(753,1743);(764,1722);(761,1711);(727,1713);(729,1730);(733,1732);(692,1767);(640,1810);(602,1842);(570,1880)"> </DL_ZONE>
			<DL_ZONE gedi_type="LineDrawingRegion" id="23" polygon="(966,871);(918,896);(842,942);(776,985);(755,1000);(748,993);(737,1008);(732,1035);(768,1033);(762,1015);(886,942);(979,884)"> </DL_ZONE>
			<DL_ZONE gedi_type="SeparatorRegion" id="24" col="946" row="2115" width="545" height="13"> </DL_ZONE>
			<DL_ZONE gedi_type="ImageRegion" id="25" polygon="(661,810);(490,812);(463,841);(461,1019);(414,1037);(222,1040);(204,1059);(190,1132);(191,1137);(217,1140);(241,1452);(224,1475);(236,1523);(286,1533);(316,1589);(580,1546);(607,1468);(689,1410);(706,1379);(708,1047);(692,1026);(694,829)"> </DL_ZONE>
			<DL_ZONE gedi_type="ImageRegion" id="26" polygon="(1086,916);(1109,922);(1156,1022);(1156,1113);(1207,1215);(1306,1220);(1339,1090);(1427,1046);(1500,1080);(1528,1146);(1512,1208);(1471,1284);(1541,1413);(1562,1604);(1480,1641);(1333,1875);(1254,1876);(1205,1879);(1168,1884);(1061,1823);(1048,1789);(1094,1756);(1052,1766);(943,1757);(889,1930);(883,1949);(757,2011);(744,1996);(762,1960);(809,1785);(857,1535);(888,1459);(827,1446);(827,1428);(878,1282);(925,1135);(963,1102);(1000,1096);(1010,1089);(1001,1037);(1011,964);(1039,932)"> </DL_ZONE>
			<DL_ZONE gedi_type="NoiseRegion" id="27" col="1654" row="102" width="44" height="427"> </DL_ZONE>
			<DL_ZONE gedi_type="NoiseRegion" id="28" col="1666" row="1480" width="40" height="571"> </DL_ZONE>
			<DL_ZONE gedi_type="LineDrawingRegion" id="29" polygon="(236,270);(233,297);(242,309);(263,309);(269,321);(309,309);(289,289);(267,282);(268,296);(253,297);(253,270)"> </DL_ZONE>
			<DL_ZONE gedi_type="GraphicRegion" id="36" function="other" polygon="(109,131);(1589,129);(1597,817);(1603,1905);(1448,1876);(1266,1878);(1048,1903);(891,1950);(756,2021);(641,2081);(559,2153);(509,2217);(498,2265);(109,2261);(107,1887);(192,1859);(353,1794);(496,1708);(600,1636);(656,1589);(773,1453);(821,1352);(841,1256);(827,1156);(783,1067);(724,1013);(661,951);(549,910);(407,885);(259,878);(192,879);(137,886);(109,886)"> </DL_ZONE>
			<DL_ZONE gedi_type="GraphicRegion" id="37" col="874" row="1978" width="622" height="135" function="logo"> </DL_ZONE>
		</DL_PAGE>
	</DL_DOCUMENT>
</GEDI>