<?xml version="1.0" encoding="UTF-8"?>
<!--GEDI was developed at Language and Media Processing Laboratory, University of Maryland.-->

<GEDI xmlns="http://lamp.cfar.umd.edu/media/projects/GEDI/" GEDI_version="2.3.19" GEDI_date="12/23/2011">
	<USER name="MDR-P4" date="3/21/2013 17:32" dateFormat="mm/dd/yyyy hh:mm">	</USER>
	<USER name="MDR-P6" date="5/28/2013 9:14" dateFormat="mm/dd/yyyy hh:mm">	</USER>
	<USER name="MDR-P8" date="10/31/2012 12:29" dateFormat="mm/dd/yyyy hh:mm">	</USER>
	<USER name="Mdr-P5" date="8/9/2012 12:24" dateFormat="mm/dd/yyyy hh:mm">	</USER>
	<DL_DOCUMENT src="BILLRI.tif" docTag="xml" NrOfPages="1">
		<DL_PAGE gedi_type="DL_PAGE" src="BILLRI.tif" pageID="1" width="825" height="1167" Sender_Name="" Language_4="" Language_3="" Receiver_Company="" Receiver_Address="" Sender_Phone="" Script_2="" Receiver_Fax="" Sender_Address="" Receiver_Phone="" Sender_Fax="" Category="C2" Document_Object="BILLET D'AVION" Language_1="english" Language_2="french" NumPage="1" Script_1="typed" Sender_Company="BRITISH AIR" Document_Location="" Document_Date="" Receiver_Name="Billy ATCOCK" GEDI_orientation="270">
			<DL_ZONE gedi_type="TextRegion" id="1" col="531" row="223" width="17" height="44" contents="Classe" script="typed" language="french"> </DL_ZONE>
			<DL_ZONE gedi_type="TextRegion" id="2" col="567" row="1000" width="15" height="28" contents="Nom" script="typed" language="french"> </DL_ZONE>
			<DL_ZONE gedi_type="TextRegion" id="3" col="502" row="916" width="18" height="93" contents="Place et classe" script="typed" language="french"> </DL_ZONE>
			<DL_ZONE gedi_type="TextRegion" id="4" col="420" row="853" width="17" height="73" contents="Destination" script="typed" language="french"> </DL_ZONE>
			<DL_ZONE gedi_type="TextRegion" id="5" col="303" row="894" width="13" height="84" contents="Observations" script="typed" language="french"> </DL_ZONE>
			<DL_ZONE gedi_type="TextRegion" id="6" col="284" row="558" width="16" height="100" contents="A usage interne" script="typed" language="french"> </DL_ZONE>
			<DL_ZONE gedi_type="TextRegion" id="7" col="286" row="224" width="14" height="31" contents="Nom" script="typed" language="french"> </DL_ZONE>
			<DL_ZONE gedi_type="TextRegion" id="9" col="351" row="218" width="19" height="24" contents="De" script="typed" language="french"> </DL_ZONE>
			<DL_ZONE gedi_type="TextRegion" id="10" col="212" row="307" width="24" height="164" contents="Carte d'accès à bord" script="typed" language="french"> </DL_ZONE>
			<DL_ZONE gedi_type="TextRegion" id="11" col="352" row="507" width="17" height="72" contents="Destination" script="typed" language="french"> </DL_ZONE>
			<DL_ZONE gedi_type="TextRegion" id="12" col="488" row="612" width="20" height="36" contents="Place" script="typed" language="french"> </DL_ZONE>
			<DL_ZONE gedi_type="TextRegion" id="13" col="488" row="471" width="17" height="40" contents="Sortie" script="typed" language="french"> </DL_ZONE>
			<DL_ZONE gedi_type="TextRegion" id="14" col="486" row="266" width="13" height="66" contents="Vol et date" script="typed" language="french"> </DL_ZONE>
			<DL_ZONE gedi_type="TextRegion" id="15" nextZoneID="16" col="528" row="176" width="22" height="46" contents="Class |" script="typed" language="english"> </DL_ZONE>
			<DL_ZONE gedi_type="TextRegion" id="16" col="512" row="202" width="14" height="72" contents="ECONOMY" script="typed" language="english"> </DL_ZONE>
			<DL_ZONE gedi_type="TextRegion" id="17" nextZoneID="20" col="484" row="176" width="20" height="89" contents="Flight &amp; Date |" script="typed" language="english"> </DL_ZONE>
			<DL_ZONE gedi_type="TextRegion" id="18" nextZoneID="21" col="487" row="431" width="19" height="39" contents="Gate |" script="typed" language="english"> </DL_ZONE>
			<DL_ZONE gedi_type="TextRegion" id="19" nextZoneID="22" col="488" row="571" width="17" height="40" contents="Seat |" script="typed" language="english"> </DL_ZONE>
			<DL_ZONE gedi_type="TextRegion" id="20" col="439" row="233" width="33" height="86" contents="BA 345 /&#10;22-10-11" script="typed" function_1="reference" language="english"> </DL_ZONE>
			<DL_ZONE gedi_type="TextRegion" id="21" col="449" row="478" width="21" height="29" contents="25" script="typed" function_1="reference" language="english"> </DL_ZONE>
			<DL_ZONE gedi_type="TextRegion" id="22" col="451" row="598" width="18" height="35" contents="20B" script="typed" function_1="reference" language="english"> </DL_ZONE>
			<DL_ZONE gedi_type="TextRegion" id="23" col="402" row="166" width="17" height="94" contents="Boarding Time" script="typed" language="english"> </DL_ZONE>
			<DL_ZONE gedi_type="TextRegion" id="24" col="381" row="390" width="31" height="94" contents="1 . 30pm" script="typed" language="english"> </DL_ZONE>
			<DL_ZONE gedi_type="TextRegion" id="25" nextZoneID="26" col="351" row="177" width="15" height="41" contents="From |" script="typed" language="english"> </DL_ZONE>
			<DL_ZONE gedi_type="TextRegion" id="26" col="325" row="224" width="16" height="66" contents="LONDON" script="typed" language="english"> </DL_ZONE>
			<DL_ZONE gedi_type="TextRegion" id="27" nextZoneID="28" col="284" row="176" width="16" height="47" contents="Name |" script="typed" language="english"> </DL_ZONE>
			<DL_ZONE gedi_type="TextRegion" id="28" col="260" row="222" width="19" height="126" contents="ATCOCK BILLY" script="typed" language="english"> </DL_ZONE>
			<DL_ZONE gedi_type="TextRegion" id="29" col="212" row="176" width="24" height="128" contents="Boarding Pass |" script="typed" language="english"> </DL_ZONE>
			<DL_ZONE gedi_type="TextRegion" id="30" col="324" row="513" width="20" height="96" contents="SINGAPORE" script="typed" language="english"> </DL_ZONE>
			<DL_ZONE gedi_type="TextRegion" id="31" nextZoneID="30" col="352" row="483" width="17" height="25" contents="To |" script="typed" language="english"> </DL_ZONE>
			<DL_ZONE gedi_type="TextRegion" id="32" nextZoneID="33" col="281" row="481" width="21" height="75" contents="Airline Use |" script="typed" language="english"> </DL_ZONE>
			<DL_ZONE gedi_type="TextRegion" id="33" col="261" row="543" width="17" height="36" contents="C 2" script="typed" function_1="reference" language="english"> </DL_ZONE>
			<DL_ZONE gedi_type="TextRegion" id="34" nextZoneID="35" col="566" row="950" width="17" height="47" contents="Name |" script="typed" language="english"> </DL_ZONE>
			<DL_ZONE gedi_type="TextRegion" id="35" col="537" row="885" width="18" height="123" contents="ATCOCK BILLY" script="typed" language="english"> </DL_ZONE>
			<DL_ZONE gedi_type="TextRegion" id="36" nextZoneID="37" col="501" row="826" width="18" height="90" contents="Seat &amp; Class |" script="typed" language="english"> </DL_ZONE>
			<DL_ZONE gedi_type="TextRegion" id="37" col="450" row="822" width="35" height="123" contents="20 B BA 345&#10;ECONOMY" script="typed" function_1="reference" language="english"> </DL_ZONE>
			<DL_ZONE gedi_type="TextRegion" id="38" nextZoneID="39" col="418" row="829" width="21" height="23" contents="To |" script="typed" language="english"> </DL_ZONE>
			<DL_ZONE gedi_type="TextRegion" id="39" col="339" row="836" width="19" height="97" contents="SINGAPORE" script="typed" language="english"> </DL_ZONE>
			<DL_ZONE gedi_type="TextRegion" id="40" nextZoneID="41" col="301" row="829" width="15" height="62" contents="Remarks" script="typed" language="english"> </DL_ZONE>
			<DL_ZONE gedi_type="TextRegion" id="41" col="268" row="851" width="34" height="81" contents="2 BAGS /&#10;22-10-11" script="typed" language="english"> </DL_ZONE>
			<DL_ZONE gedi_type="TextRegion" id="42" col="538" row="588" width="30" height="186" contents="BRITISH AIR" script="typed" language="english"> </DL_ZONE>
			<DL_ZONE gedi_type="TextRegion" id="43" col="202" row="720" width="18" height="52" contents="TATA" script="typed" language="english"> </DL_ZONE>
			<DL_ZONE gedi_type="TextRegion" id="44" nextZoneID="24" polygon="(401,167);(401,310);(421,310);(420,338);(383,337);(384,165)" contents="Heure d'embarquement ►" script="typed" language="french"> </DL_ZONE>
			<DL_ZONE gedi_type="GraphicRegion" id="46" col="534" row="579" width="58" height="245" function="logo"> </DL_ZONE>
			<DL_ZONE gedi_type="GraphicRegion" id="47" col="200" row="709" width="49" height="72" function="logo"> </DL_ZONE>
			<DL_ZONE gedi_type="GraphicRegion" id="48" function="drawing" polygon="(454,572);(454,595);(441,609);(423,599);(423,575);(434,570)"> </DL_ZONE>
			<DL_ZONE gedi_type="GraphicRegion" id="49" function="drawing" polygon="(454,646);(431,642);(421,664);(439,684);(455,675)"> </DL_ZONE>
			<DL_ZONE gedi_type="GraphicRegion" id="50" col="318" row="710" width="203" height="72" function="drawing"> </DL_ZONE>
			<DL_ZONE gedi_type="GraphicRegion" id="51" col="314" row="178" width="21" height="527" function="underlined-field"> </DL_ZONE>
			<DL_ZONE gedi_type="GraphicRegion" id="52" col="250" row="179" width="20" height="608" function="underlined-field"> </DL_ZONE>
			<DL_ZONE gedi_type="GraphicRegion" id="53" col="444" row="820" width="19" height="235" function="underlined-field"> </DL_ZONE>
			<DL_ZONE gedi_type="GraphicRegion" id="54" col="322" row="822" width="17" height="232" function="underlined-field"> </DL_ZONE>
			<DL_ZONE gedi_type="GraphicRegion" id="55" function="underlined-field" polygon="(461,175);(458,705);(443,705);(440,557);(399,556);(400,545);(440,542);(438,174);(449,175)"> </DL_ZONE>
			<DL_ZONE gedi_type="GraphicRegion" id="56" function="underlined-field" polygon="(286,820);(208,820);(209,1053);(222,1050);(222,844);(290,833)"> </DL_ZONE>
			<DL_ZONE gedi_type="NoiseRegion" id="57" col="190" row="804" width="365" height="13"> </DL_ZONE>
			<DL_ZONE gedi_type="GraphicRegion" id="58" col="178" row="92" width="424" height="992" function="other"> </DL_ZONE>
		</DL_PAGE>
	</DL_DOCUMENT>
</GEDI>