<?xml version="1.0" encoding="UTF-8"?>
<!--GEDI was developed at Language and Media Processing Laboratory, University of Maryland.-->

<GEDI xmlns="http://lamp.cfar.umd.edu/media/projects/GEDI/" GEDI_version="2.3.19" GEDI_date="12/23/2011">
	<USER name="MDR-P8" date="5/30/2013 10:27" dateFormat="mm/dd/yyyy hh:mm">	</USER>
	<USER name="MDR_R8" date="5/4/2013 8:18" dateFormat="mm/dd/yyyy hh:mm">	</USER>
	<USER name="Mdr-P5" date="5/6/2013 15:42" dateFormat="mm/dd/yyyy hh:mm">	</USER>
	<DL_DOCUMENT src="BKBBMD.tif" docTag="xml" NrOfPages="1">
		<DL_PAGE gedi_type="DL_PAGE" src="BKBBMD.tif" pageID="1" width="1651" height="2335" Language_2="" Receiver_Name="" Language_4="" Document_Date="" Language_3="" Receiver_Company="" Receiver_Address="" Sender_Company="" Sender_Phone="" Script_2="" Receiver_Fax="" Document_Location="" Sender_Address="" Receiver_Phone="" Sender_Fax="" Category="C2" Document_Object="ARTICLE DE JOURNAL" Language_1="french" NumPage="1" Script_1="typed" Sender_Name="Cécile HENNION" GEDI_orientation="270">
			<DL_ZONE gedi_type="TextRegion" id="1" nextZoneID="2" col="819" row="396" width="454" height="505" contents="A aah, Haïfa... » M. Abdallah, la bedaine&#10;généreuse et la soixantaine bien sonnée,&#10;n'a d'yeux que pour elle. Pour Haïfa, son&#10;grand amour. Rien à voir avec la cité israé-&#10;lienne régulièrement ciblée par les roquettes&#10;du Hezbollah : M. Abdallah est amou-&#10;reux d'Haïfa Wehbe, la célèbre et pulpeuse&#10;chanteuse libanaise, dont les posters aux&#10;pauses audacieuses l'aident à supporter la&#10;solitude et la guerre dans son café de Nabatiyé.&#10;Le minuscule établissement et son patron&#10;sont chiites, ainsi qu'en témoigne un portrait&#10;de l'imam Hussein sur la porte d'entrée, mais&#10;ni l'un ni l'autre ne sont vraiment typiques de&#10;l'univers de Nabatiyé, ville du Liban sud tout&#10;entière dédiée à la « résistance » du Hezbollah&#10;et du Amal, l'autre mouvement chiite. Car&#10;M. Abdallah ne peut vivre qu'entouré de ses&#10;femmes." script="typed" function_1="text_section" language="french"> </DL_ZONE>
			<DL_ZONE gedi_type="TextRegion" id="2" nextZoneID="3" col="366" row="925" width="907" height="511" contents="Outre Haïfa Wehbe, il y a Shakira, une autre&#10;chanteuse, colombienne d'origine libanaise,&#10;et une centaine d'autres jeunes beautés,&#10;plus ou moins inconnues, en petites tenues&#10;affriolantes, épinglées sur tous les murs du café.&#10;Dans Nabatiyé pilonnée par les raids israéliens,&#10;ce petit bistrot insolite est désormais le dernier&#10;lieu encore ouvert. Un acte de bravoure, mais&#10;« pas volontaire », précise modestement M.&#10;Abdallah.&#10;VILLE MORTE ET FANTÔMES     &#10;Sans argent ni voiture pour s'enfuir, sans toit&#10;depuis le bombardement de son quartier, il&#10;passe ses nuits sous une table, la tête au pied&#10;d'une pin-up de papier. La devanture du café&#10;a volé en miettes. Alors depuis, il est ouvert&#10;jour et nuit, même s'il ne reste plus de café, ni&#10;de thé, ni de narguilé à proposer aux clients.&#10;A l'occasion, il y a quelques concombres, &#10;éterrés dans le jardin du quartier bombardé&#10;et, quoi qu'il arrive, la bonne humeur du patron.&#10;M. Abdallah a baptisé son établissement&#10;« Fichawi », en référence à un célèbre café&#10;du Caire fréquenté par les intellectuels et&#10;les artistes égyptiens. Avec les raids aériens&#10;qui ont transformé Nabatiyé en ville morte,&#10;la clientèle du Fichawi local se compose de&#10;drôles de fantômes. Il y a là le jeune Ahmed,&#10;qui enchaîne des « réussites » vouées à l'échec,&#10;car le jeu de carte est incomplet. Lorsque le&#10;jour viendra, il sera « combattant ». Il porte&#10;une grosse bague noire, un talisman censé le&#10;protéger des missiles.&#10;L'autre habitué des lieux est le vieil Ali,&#10;surnommé « De Gaulle » pour lui faire plaisir,&#10;et qui a perdu l'usage de ses deux jambes" script="typed" function_1="text_section" language="french"> </DL_ZONE>
			<DL_ZONE gedi_type="TextRegion" id="3" col="417" row="1456" width="505" height="506" contents="et d'une partie de son cerveau dans un&#10;bombardement de 1996, lors de l'opération&#10;israélienne « Raisins de la colère ». Chaque&#10;jour, il vient s'asseoir face aux posters du&#10;« Fichawi » et il raconte. L'auditoire de&#10;femmes en maillots de bain écoute dans un&#10;silence attentif l'histoire de sa gloire passée,&#10;du temps où il était un « héros de la résistance ».&#10;Avec l'électricité coupée, la télévision est&#10;devenue objet décoratif. De toute façon, les&#10;méandres diplomatiques ne passionnent guère&#10;le patron. Le 21 juillet, la chanteuse Shakira&#10;a lancé, de Los Angeles, un appel à un&#10;« cessez-le-feu immédiat ». Cela a été le seul&#10;événement politique commenté au Fichawi.&#10;Pour le reste, philosophe M. Abdallah, « il&#10;faut faire preuve de patience et, pour cela,&#10;rien ne vaut le doux regard de Haïfa »." script="typed" function_1="text_section" language="french"> </DL_ZONE>
			<DL_ZONE gedi_type="TextRegion" id="4" col="1021" row="1490" width="193" height="445" contents="DANS NABATIYÉ BOMBAR-&#10;DÉE, LE PATRON DU CAFÉ&#10;FICHAWI « RÉSISTE » AVEC&#10;SES PIN-UP DE PAPIER" script="typed" language="french"> </DL_ZONE>
			<DL_ZONE gedi_type="TextRegion" id="5" col="431" row="435" width="296" height="427" contents="Le dernier café de la ville&#10;pilonnée par les raids&#10;israéliens n'a plus rien à&#10;offrir à ses rares clients,&#10;sinon le réconfort des&#10;posters de Haïfa, idole&#10;vénérée de « M. Abdallah »&#10;Cécile Hennion" script="typed" function_1="text_section" language="french"> </DL_ZONE>
			<DL_ZONE gedi_type="GraphicRegion" id="6" col="933" row="1459" width="335" height="497" function="other"> </DL_ZONE>
			<DL_ZONE gedi_type="NoiseRegion" id="7" col="1623" row="6" width="24" height="2327"> </DL_ZONE>
		</DL_PAGE>
	</DL_DOCUMENT>
</GEDI>