<?xml version="1.0" encoding="UTF-8"?>
<!--GEDI was developed at Language and Media Processing Laboratory, University of Maryland.-->

<GEDI xmlns="http://lamp.cfar.umd.edu/media/projects/GEDI/" GEDI_version="2.3.19" GEDI_date="12/23/2011">
	<USER name="MDR-P4" date="10/19/2012 12:33" dateFormat="mm/dd/yyyy hh:mm">	</USER>
	<USER name="MDR-P8" date="10/31/2012 13:30" dateFormat="mm/dd/yyyy hh:mm">	</USER>
	<USER name="Mailys" date="3/28/2012 17:10" dateFormat="mm/dd/yyyy hh:mm">	</USER>
	<USER name="Manuela" date="5/18/2012 11:28" dateFormat="mm/dd/yyyy hh:mm">	</USER>
	<DL_DOCUMENT src="BMNXVU.tif" docTag="xml" NrOfPages="1">
		<DL_PAGE gedi_type="DL_PAGE" src="BMNXVU.tif" pageID="1" width="1728" height="2287" Sender_Name="" Language_4="" Receiver_Name="" Receiver_Address="" Sender_Company="" Sender_Phone="" Receiver_Fax="" Document_Location="" Receiver_Phone="" Sender_Address="" Language_1="english" Receiver_Company="GIVO" Script_2="hand" Document_Date="" Category="C2" Document_Object="SPORT CLOTHES' CATALOG" Language_3="" NumPage="1" Script_1="typed" Sender_Fax="+33(0)1.48.07.07.15" Language_2="" GEDI_orientation="0">
			<DL_ZONE gedi_type="TextRegion" id="1" col="38" row="10" width="1558" height="33" rotation="180" contents="04 ¤{FAV|FEV}¤ 2012 11 : 35 COMEDIE BASTILLE 0148070715 page 1" script="typed" function_2="footer" function_1="date" language="english"> </DL_ZONE>
			<DL_ZONE gedi_type="TextRegion" id="6" col="1372" row="1631" width="68" height="24" contents="RJ001" script="typed" function_1="reference" language="english"> </DL_ZONE>
			<DL_ZONE gedi_type="TextRegion" id="7" col="1379" row="1525" width="57" height="23" contents="RJ002" script="typed" function_1="reference" language="english"> </DL_ZONE>
			<DL_ZONE gedi_type="TextRegion" id="8" col="1105" row="1629" width="198" height="24" contents="RA¤I¤N JACKET BASI¤{C|O}¤O" script="typed" language="english"> </DL_ZONE>
			<DL_ZONE gedi_type="TextRegion" id="9" col="1109" row="1524" width="188" height="22" contents="RAIN JACKET STYLE" script="typed" language="english"> </DL_ZONE>
			<DL_ZONE gedi_type="TextRegion" id="10" col="1036" row="1633" width="22" height="18" contents="€" script="typed" language="english"> </DL_ZONE>
			<DL_ZONE gedi_type="TextRegion" id="11" col="1037" row="1525" width="22" height="21" contents="€" script="typed" language="english"> </DL_ZONE>
			<DL_ZONE gedi_type="TextRegion" id="12" col="906" row="1631" width="29" height="21" contents="50" script="typed" language="english"> </DL_ZONE>
			<DL_ZONE gedi_type="TextRegion" id="13" col="907" row="1524" width="28" height="21" contents="50" script="typed" language="english"> </DL_ZONE>
			<DL_ZONE gedi_type="TextRegion" id="14" col="606" row="1625" width="72" height="22" contents="ACC13" script="typed" function_1="reference" language="english"> </DL_ZONE>
			<DL_ZONE gedi_type="TextRegion" id="15" col="610" row="1515" width="70" height="22" contents="ACC02" script="typed" function_1="reference" language="english"> </DL_ZONE>
			<DL_ZONE gedi_type="TextRegion" id="16" col="370" row="1626" width="150" height="24" contents="ACCAPPATOIO" script="typed" language="english"> </DL_ZONE>
			<DL_ZONE gedi_type="TextRegion" id="17" col="1201" row="1725" width="92" height="30" contents="RAIN" script="typed" language="english"> </DL_ZONE>
			<DL_ZONE gedi_type="TextRegion" id="18" col="394" row="1726" width="109" height="33" contents="SWIM" script="typed" language="english"> </DL_ZONE>
			<DL_ZONE gedi_type="TextRegion" id="19" col="288" row="1625" width="27" height="25" contents="€" script="typed" language="english"> </DL_ZONE>
			<DL_ZONE gedi_type="TextRegion" id="20" col="146" row="1627" width="27" height="23" contents="10" script="typed" language="english"> </DL_ZONE>
			<DL_ZONE gedi_type="TextRegion" id="21" col="393" row="1512" width="92" height="28" contents="TELO BIG" script="typed" language="english"> </DL_ZONE>
			<DL_ZONE gedi_type="TextRegion" id="22" col="293" row="1508" width="20" height="33" contents="¤€¤" script="typed" language="english"> </DL_ZONE>
			<DL_ZONE gedi_type="TextRegion" id="23" col="143" row="1518" width="32" height="19" contents="25" script="typed" language="english"> </DL_ZONE>
			<DL_ZONE gedi_type="TextRegion" id="24" col="145" row="1403" width="31" height="26" contents="50" script="typed" language="english"> </DL_ZONE>
			<DL_ZONE gedi_type="TextRegion" id="25" col="144" row="1300" width="29" height="22" contents="12" script="typed" language="english"> </DL_ZONE>
			<DL_ZONE gedi_type="TextRegion" id="26" col="145" row="1190" width="31" height="23" contents="12" script="typed" language="english"> </DL_ZONE>
			<DL_ZONE gedi_type="TextRegion" id="27" col="294" row="1194" width="23" height="22" contents="¤€¤" script="typed" language="english"> </DL_ZONE>
			<DL_ZONE gedi_type="TextRegion" id="28" col="294" row="1301" width="21" height="21" contents="¤€¤" script="typed" language="english"> </DL_ZONE>
			<DL_ZONE gedi_type="TextRegion" id="29" col="295" row="1407" width="17" height="20" contents="€" script="typed" language="english"> </DL_ZONE>
			<DL_ZONE gedi_type="TextRegion" id="30" col="375" row="1404" width="135" height="28" contents="TELO SMALL" script="typed" language="english"> </DL_ZONE>
			<DL_ZONE gedi_type="TextRegion" id="31" col="352" row="1299" width="179" height="24" contents="INFRADITO SUNSET" script="typed" language="english"> </DL_ZONE>
			<DL_ZONE gedi_type="TextRegion" id="32" col="357" row="1190" width="167" height="24" contents="CIABATTA ACQUA" script="typed" language="english"> </DL_ZONE>
			<DL_ZONE gedi_type="TextRegion" id="33" col="602" row="1407" width="80" height="20" contents="ACC03" script="typed" function_1="reference" language="english"> </DL_ZONE>
			<DL_ZONE gedi_type="TextRegion" id="34" col="615" row="1300" width="60" height="23" contents="INF01" script="typed" function_1="reference" language="english"> </DL_ZONE>
			<DL_ZONE gedi_type="TextRegion" id="35" col="615" row="1192" width="58" height="26" contents="INF02" script="typed" function_1="reference" language="english"> </DL_ZONE>
			<DL_ZONE gedi_type="TextRegion" id="36" col="613" row="1087" width="59" height="19" contents="INF03" script="typed" function_1="reference" language="english"> </DL_ZONE>
			<DL_ZONE gedi_type="TextRegion" id="37" col="609" row="982" width="66" height="21" contents="INF04" script="typed" function_1="reference" language="english"> </DL_ZONE>
			<DL_ZONE gedi_type="TextRegion" id="38" col="350" row="1085" width="188" height="26" contents="INFRADITO SUNRISE" script="typed" language="english"> </DL_ZONE>
			<DL_ZONE gedi_type="TextRegion" id="39" col="355" row="984" width="170" height="22" contents="CIABATTA TERRA" script="typed" language="english"> </DL_ZONE>
			<DL_ZONE gedi_type="TextRegion" id="40" col="1371" row="1419" width="73" height="24" contents="RJO¤{O|D}¤3" script="typed" function_1="reference" language="english"> </DL_ZONE>
			<DL_ZONE gedi_type="TextRegion" id="41" col="1374" row="1314" width="64" height="21" contents="RJO¤{O|D}¤4" script="typed" function_1="reference" language="english"> </DL_ZONE>
			<DL_ZONE gedi_type="TextRegion" id="42" col="1382" row="1110" width="61" height="23" contents="G001" script="typed" function_1="reference" language="english"> </DL_ZONE>
			<DL_ZONE gedi_type="TextRegion" id="43" col="1386" row="1006" width="52" height="21" contents="G¤00¤2" script="typed" function_1="reference" language="english"> </DL_ZONE>
			<DL_ZONE gedi_type="TextRegion" id="44" col="1121" row="1002" width="190" height="26" contents="¤{G|C}¤IUBBOTTO ¤S¤TAD¤I¤O" script="typed" language="english"> </DL_ZONE>
			<DL_ZONE gedi_type="TextRegion" id="45" col="1122" row="1110" width="178" height="22" contents="¤{C|G}¤IUBBOTTO TECHNO" script="typed" language="english"> </DL_ZONE>
			<DL_ZONE gedi_type="TextRegion" id="46" col="1102" row="1313" width="202" height="23" contents="RA¤I¤N JACKET PIOGGIA" script="typed" language="english"> </DL_ZONE>
			<DL_ZONE gedi_type="TextRegion" id="47" col="1114" row="1418" width="180" height="23" contents="RAIN JACKET ELITE" script="typed" language="english"> </DL_ZONE>
			<DL_ZONE gedi_type="TextRegion" id="48" col="1031" row="1420" width="28" height="21" contents="¤€¤" script="typed" language="english"> </DL_ZONE>
			<DL_ZONE gedi_type="TextRegion" id="49" col="1039" row="1313" width="19" height="22" contents="¤€¤" script="typed" language="english"> </DL_ZONE>
			<DL_ZONE gedi_type="TextRegion" id="50" col="904" row="1420" width="33" height="20" contents="20" script="typed" language="english"> </DL_ZONE>
			<DL_ZONE gedi_type="TextRegion" id="51" col="907" row="1315" width="29" height="20" contents="20" script="typed" language="english"> </DL_ZONE>
			<DL_ZONE gedi_type="TextRegion" id="52" col="1044" row="1112" width="19" height="20" contents="¤€¤" script="typed" language="english"> </DL_ZONE>
			<DL_ZONE gedi_type="TextRegion" id="53" col="1044" row="1003" width="19" height="23" contents="¤€¤" script="typed" language="english"> </DL_ZONE>
			<DL_ZONE gedi_type="TextRegion" id="54" col="912" row="1107" width="30" height="26" contents="10" script="typed" language="english"> </DL_ZONE>
			<DL_ZONE gedi_type="TextRegion" id="55" col="914" row="1003" width="28" height="25" contents="10" script="typed" language="english"> </DL_ZONE>
			<DL_ZONE gedi_type="TextRegion" id="56" col="1113" row="897" width="199" height="28" contents="G¤I¤UBBOTTO OFFICIAL" script="typed" language="english"> </DL_ZONE>
			<DL_ZONE gedi_type="TextRegion" id="57" col="1045" row="902" width="17" height="22" contents="¤€¤" script="typed" language="english"> </DL_ZONE>
			<DL_ZONE gedi_type="TextRegion" id="58" col="914" row="898" width="29" height="23" contents="10" script="typed" language="english"> </DL_ZONE>
			<DL_ZONE gedi_type="TextRegion" id="59" col="913" row="790" width="30" height="26" contents="10" script="typed" language="english"> </DL_ZONE>
			<DL_ZONE gedi_type="TextRegion" id="60" col="1136" row="791" width="158" height="24" contents="BOMBER TIFOSO" script="typed" language="english"> </DL_ZONE>
			<DL_ZONE gedi_type="TextRegion" id="61" col="1389" row="794" width="53" height="24" contents="G0¤0¤4" script="typed" function_1="reference" language="english"> </DL_ZONE>
			<DL_ZONE gedi_type="TextRegion" id="62" col="1387" row="900" width="55" height="21" contents="¤G003¤" script="typed" function_1="reference" language="english"> </DL_ZONE>
			<DL_ZONE gedi_type="TextRegion" id="63" col="1387" row="685" width="58" height="28" contents="G0¤0¤5" script="typed" function_1="reference" language="english"> </DL_ZONE>
			<DL_ZONE gedi_type="TextRegion" id="64" col="1129" row="686" width="166" height="23" contents="SMANICATO COLD" script="typed" language="english"> </DL_ZONE>
			<DL_ZONE gedi_type="TextRegion" id="65" col="1044" row="793" width="20" height="23" contents="¤€¤" script="typed" language="english"> </DL_ZONE>
			<DL_ZONE gedi_type="TextRegion" id="66" col="1042" row="688" width="24" height="21" contents="¤€¤" script="typed" language="english"> </DL_ZONE>
			<DL_ZONE gedi_type="TextRegion" id="67" col="910" row="687" width="33" height="22" contents="10" script="typed" language="english"> </DL_ZONE>
			<DL_ZONE gedi_type="TextRegion" id="68" col="914" row="581" width="28" height="23" contents="10" script="typed" language="english"> </DL_ZONE>
			<DL_ZONE gedi_type="TextRegion" id="69" col="1045" row="577" width="20" height="27" contents="¤€¤" script="typed" language="english"> </DL_ZONE>
			<DL_ZONE gedi_type="TextRegion" id="70" col="1113" row="581" width="200" height="24" contents="¤GI¤UBBOTTO REVERBE" script="typed" language="english"> </DL_ZONE>
			<DL_ZONE gedi_type="TextRegion" id="71" col="1386" row="584" width="52" height="23" contents="G00¤{8|6}¤" script="typed" function_1="reference" language="english"> </DL_ZONE>
			<DL_ZONE gedi_type="TextRegion" id="72" col="1388" row="478" width="52" height="18" contents="G007" script="typed" function_1="reference" language="english"> </DL_ZONE>
			<DL_ZONE gedi_type="TextRegion" id="73" col="1124" row="475" width="182" height="26" contents="¤GI¤UBOTTO ARENA" script="typed" language="english"> </DL_ZONE>
			<DL_ZONE gedi_type="TextRegion" id="74" col="1043" row="474" width="22" height="26" contents="¤€¤" script="typed" language="english"> </DL_ZONE>
			<DL_ZONE gedi_type="TextRegion" id="75" col="914" row="477" width="28" height="19" contents="10" script="typed" language="english"> </DL_ZONE>
			<DL_ZONE gedi_type="TextRegion" id="76" col="917" row="370" width="26" height="23" contents="10" script="typed" language="english"> </DL_ZONE>
			<DL_ZONE gedi_type="TextRegion" id="77" col="1046" row="371" width="19" height="20" contents="¤€¤" script="typed" language="english"> </DL_ZONE>
			<DL_ZONE gedi_type="TextRegion" id="78" col="1122" row="369" width="180" height="28" contents="S¤M¤ANICATO CLASS" script="typed" language="english"> </DL_ZONE>
			<DL_ZONE gedi_type="TextRegion" id="79" col="1389" row="372" width="48" height="23" contents="G008" script="typed" function_1="reference" language="english"> </DL_ZONE>
			<DL_ZONE gedi_type="TextRegion" id="80" col="605" row="881" width="88" height="24" contents="AINF103" script="typed" function_1="reference" language="english"> </DL_ZONE>
			<DL_ZONE gedi_type="TextRegion" id="81" col="352" row="873" width="198" height="42" contents="ASS. INFRA¤DI¤TO SUNRISE&#10;BLU-B¤I¤ANCO" script="typed" language="english"> </DL_ZONE>
			<DL_ZONE gedi_type="TextRegion" id="82" col="325" row="765" width="243" height="38" contents="ASS. INFRADITOSUNRISE MERO-&#10;BIANCO" script="typed" language="english"> </DL_ZONE>
			<DL_ZONE gedi_type="TextRegion" id="83" col="350" row="664" width="201" height="27" contents="ASS.CIA¤B¤ATTA RIVER" script="typed" language="english"> </DL_ZONE>
			<DL_ZONE gedi_type="TextRegion" id="84" col="603" row="774" width="89" height="21" contents="AINF203" script="typed" function_1="reference" language="english"> </DL_ZONE>
			<DL_ZONE gedi_type="TextRegion" id="85" col="607" row="661" width="79" height="30" contents="AINF05" script="typed" function_1="reference" language="english"> </DL_ZONE>
			<DL_ZONE gedi_type="TextRegion" id="86" col="615" row="438" width="70" height="25" contents="BOX01" script="typed" function_1="reference" language="english"> </DL_ZONE>
			<DL_ZONE gedi_type="TextRegion" id="87" col="379" row="437" width="130" height="22" contents="BOX ¤{O|G}¤IVOVA" script="typed" language="english"> </DL_ZONE>
			<DL_ZONE gedi_type="TextRegion" id="88" col="295" row="438" width="19" height="22" contents="¤€¤" script="typed" language="english"> </DL_ZONE>
			<DL_ZONE gedi_type="TextRegion" id="89" col="151" row="437" width="21" height="22" contents="1" script="typed" language="english"> </DL_ZONE>
			<DL_ZONE gedi_type="TextRegion" id="90" col="291" row="1086" width="23" height="21" contents="¤€¤" script="typed" language="english"> </DL_ZONE>
			<DL_ZONE gedi_type="TextRegion" id="91" col="295" row="982" width="20" height="22" contents="€" script="typed" language="english"> </DL_ZONE>
			<DL_ZONE gedi_type="TextRegion" id="92" col="304" row="881" width="20" height="25" contents="€" script="typed" language="english"> </DL_ZONE>
			<DL_ZONE gedi_type="TextRegion" id="93" col="306" row="772" width="17" height="23" contents="€" script="typed" language="english"> </DL_ZONE>
			<DL_ZONE gedi_type="TextRegion" id="94" col="304" row="666" width="21" height="22" contents="¤€¤" script="typed" language="english"> </DL_ZONE>
			<DL_ZONE gedi_type="TextRegion" id="95" col="142" row="1087" width="30" height="20" contents="12" script="typed" language="english"> </DL_ZONE>
			<DL_ZONE gedi_type="TextRegion" id="96" col="143" row="982" width="31" height="20" contents="12" script="typed" language="english"> </DL_ZONE>
			<DL_ZONE gedi_type="TextRegion" id="97" col="161" row="883" width="27" height="22" contents="12" script="typed" language="english"> </DL_ZONE>
			<DL_ZONE gedi_type="TextRegion" id="98" col="161" row="774" width="29" height="19" contents="12" script="typed" language="english"> </DL_ZONE>
			<DL_ZONE gedi_type="TextRegion" id="99" col="163" row="666" width="25" height="21" contents="12" script="typed" language="english"> </DL_ZONE>
			<DL_ZONE gedi_type="TextRegion" id="100" col="605" row="1856" width="541" height="124" contents="GIVO" script="typed" language="english"> </DL_ZONE>
			<DL_ZONE gedi_type="TextRegion" id="101" polygon="(1380,2091);(1324,2145);(839,2246);(655,2198);(553,2135);(701,2075);(867,2049);(838,2152);(1122,2067);(1151,2095);(1362,2052)" contents="What I Need for my ski Holidays.&#10;Alizon Addams" script="hand" function_1="annotation" language="english"> </DL_ZONE>
			<DL_ZONE gedi_type="TextRegion" id="149" col="282" row="192" width="60" height="106" contents="AA" script="typed" language="english"> </DL_ZONE>
			<DL_ZONE gedi_type="GraphicRegion" id="150" col="265" row="146" width="87" height="160" function="signature"> </DL_ZONE>
			<DL_ZONE gedi_type="GraphicRegion" id="151" col="120" row="1788" width="1502" height="250" function="logo"> </DL_ZONE>
			<DL_ZONE gedi_type="TextRegion" id="152" col="1164" row="1206" width="177" height="34" contents="JACKETS" script="typed" language="english"> </DL_ZONE>
			<DL_ZONE gedi_type="TextRegion" id="153" col="544" row="536" width="180" height="34" contents="BOX LINE" script="typed" language="english"> </DL_ZONE>
			<DL_ZONE gedi_type="ImageRegion" id="157" col="1495" row="1596" width="88" height="91"> </DL_ZONE>
			<DL_ZONE gedi_type="ImageRegion" id="158" col="1491" row="1496" width="100" height="78"> </DL_ZONE>
			<DL_ZONE gedi_type="ImageRegion" id="159" col="1498" row="1390" width="89" height="77"> </DL_ZONE>
			<DL_ZONE gedi_type="ImageRegion" id="160" col="1497" row="1282" width="90" height="84"> </DL_ZONE>
			<DL_ZONE gedi_type="ImageRegion" id="161" col="742" row="1584" width="90" height="102"> </DL_ZONE>
			<DL_ZONE gedi_type="ImageRegion" id="162" col="752" row="1469" width="92" height="89"> </DL_ZONE>
			<DL_ZONE gedi_type="ImageRegion" id="163" col="740" row="1382" width="93" height="47"> </DL_ZONE>
			<DL_ZONE gedi_type="ImageRegion" id="164" col="739" row="1264" width="94" height="83"> </DL_ZONE>
			<DL_ZONE gedi_type="ImageRegion" id="165" col="745" row="1161" width="83" height="74"> </DL_ZONE>
			<DL_ZONE gedi_type="ImageRegion" id="166" col="747" row="1048" width="86" height="86"> </DL_ZONE>
			<DL_ZONE gedi_type="ImageRegion" id="167" col="751" row="957" width="83" height="65"> </DL_ZONE>
			<DL_ZONE gedi_type="ImageRegion" id="168" col="748" row="843" width="82" height="85"> </DL_ZONE>
			<DL_ZONE gedi_type="ImageRegion" id="169" col="746" row="734" width="85" height="89"> </DL_ZONE>
			<DL_ZONE gedi_type="ImageRegion" id="170" col="730" row="636" width="105" height="68"> </DL_ZONE>
			<DL_ZONE gedi_type="ImageRegion" id="171" col="1497" row="1073" width="97" height="95"> </DL_ZONE>
			<DL_ZONE gedi_type="ImageRegion" id="172" col="1501" row="977" width="90" height="73"> </DL_ZONE>
			<DL_ZONE gedi_type="ImageRegion" id="173" col="1501" row="867" width="91" height="90"> </DL_ZONE>
			<DL_ZONE gedi_type="ImageRegion" id="174" col="1502" row="766" width="94" height="74"> </DL_ZONE>
			<DL_ZONE gedi_type="ImageRegion" id="175" col="1520" row="654" width="64" height="78"> </DL_ZONE>
			<DL_ZONE gedi_type="ImageRegion" id="176" col="1509" row="547" width="86" height="76"> </DL_ZONE>
			<DL_ZONE gedi_type="ImageRegion" id="177" col="1509" row="440" width="82" height="87"> </DL_ZONE>
			<DL_ZONE gedi_type="ImageRegion" id="178" col="1513" row="336" width="72" height="83"> </DL_ZONE>
			<DL_ZONE gedi_type="ImageRegion" id="179" col="731" row="404" width="125" height="82"> </DL_ZONE>
			<DL_ZONE gedi_type="TableRegion" id="180" col="876" row="1264" width="738" height="512"> </DL_ZONE>
			<DL_ZONE gedi_type="TableRegion" id="181" col="881" row="317" width="742" height="889"> </DL_ZONE>
			<DL_ZONE gedi_type="TableRegion" id="182" col="116" row="386" width="745" height="206"> </DL_ZONE>
			<DL_ZONE gedi_type="TableRegion" id="183" col="116" row="621" width="737" height="1157"> </DL_ZONE>
			<DL_ZONE gedi_type="LineDrawingRegion" id="184" polygon="(1642,914);(1564,971);(1471,973);(1427,956);(1416,893);(1442,840);(1504,814);(1582,822);(1609,834);(1648,876)"> </DL_ZONE>
			<DL_ZONE gedi_type="LineDrawingRegion" id="185" polygon="(1634,718);(1593,749);(1540,757);(1486,766);(1446,737);(1435,686);(1447,656);(1492,633);(1542,629);(1585,639);(1607,655);(1635,687)"> </DL_ZONE>
			<DL_ZONE gedi_type="LineDrawingRegion" id="186" polygon="(1620,410);(1528,461);(1461,417);(1448,369);(1467,322);(1511,295);(1564,303);(1605,331);(1629,361)"> </DL_ZONE>
			<DL_ZONE gedi_type="NoiseRegion" id="194" col="1527" row="40" width="21" height="2246"> </DL_ZONE>
			<DL_ZONE gedi_type="NoiseRegion" id="195" col="166" row="34" width="21" height="2253"> </DL_ZONE>
			<DL_ZONE gedi_type="NoiseRegion" id="196" polygon="(1725,2244);(1424,2246);(1406,2241);(181,2251);(14,2258);(14,2286);(1723,2286)"> </DL_ZONE>
			<DL_ZONE gedi_type="NoiseRegion" id="198" polygon="(437,2206);(423,2205);(411,2217);(418,2232);(444,2235)"> </DL_ZONE>
		</DL_PAGE>
	</DL_DOCUMENT>
</GEDI>