<?xml version="1.0" encoding="UTF-8"?>
<!--GEDI was developed at Language and Media Processing Laboratory, University of Maryland.-->

<GEDI xmlns="http://lamp.cfar.umd.edu/media/projects/GEDI/" GEDI_version="2.3.19" GEDI_date="12/23/2011">
	<USER name="Laure" date="5/22/2012 16:37" dateFormat="mm/dd/yyyy hh:mm">	</USER>
	<USER name="MDR_P4" date="10/23/2012 15:02" dateFormat="mm/dd/yyyy hh:mm">	</USER>
	<USER name="Marnissi" date="3/14/2012 16:51" dateFormat="mm/dd/yyyy hh:mm">	</USER>
	<USER name="Mdr-P5" date="5/28/2013 11:45" dateFormat="mm/dd/yyyy hh:mm">	</USER>
	<DL_DOCUMENT src="BMNZWR.tif" docTag="xml" NrOfPages="1">
		<DL_PAGE gedi_type="DL_PAGE" src="BMNZWR.tif" pageID="1" width="1728" height="4572" Language_2="" Language_4="" Receiver_Name="" Language_3="" Sender_Phone="" Document_Location="" Language_1="french" Script_1="typed" Script_2="hand" Category="C2" Document_Object="BON DE COMMANDE" Receiver_Address="9 RUE ANGE 59046 LILLE" Receiver_Company="LA CARTE A. R. T." Receiver_Fax="+33(0)3.20.54.21.20" Receiver_Phone="+33(0)3.31.31.31.63" Sender_Company="FACULTÉ D'ODONTOLOGIE DE NANCY" Sender_Address="96 AVENUE DE LATTRE DE TASSIGNY BP 208 54004 NANCY" NumPage="1" Sender_Fax="+33(0)1.69.07.58.58" Document_Date="¤{07/02/2012|17/02/2012}¤" Sender_Name="Sophie FERNANDES">
			<DL_ZONE gedi_type="TextRegion" id="1" col="106" row="10" width="1546" height="54" contents="17/02/2012 14/40 0169075858 VECSYS PAGE 01/01" script="typed" function_2="date" function_1="header" language="french"> </DL_ZONE>
			<DL_ZONE gedi_type="TextRegion" id="4" col="1099" row="438" width="219" height="323" contents="ART" script="typed" language="french"> </DL_ZONE>
			<DL_ZONE gedi_type="TextRegion" id="5" col="617" row="1300" width="510" height="104" contents="BON DE COMMANDE" script="typed" function_2="object" function_1="title" language="french"> </DL_ZONE>
			<DL_ZONE gedi_type="TextRegion" id="6" nextZoneID="8" col="211" row="1573" width="245" height="69" contents="Je désire recevoir" script="typed" language="french"> </DL_ZONE>
			<DL_ZONE gedi_type="TextRegion" id="7" nextZoneID="86" col="541" row="1576" width="483" height="67" contents="exemplaire(s) de la thèse suivante :" script="typed" language="french"> </DL_ZONE>
			<DL_ZONE gedi_type="TextRegion" id="8" nextZoneID="7" col="464" row="1544" width="47" height="96" contents="3" script="hand" language="french"> </DL_ZONE>
			<DL_ZONE gedi_type="TextRegion" id="9" nextZoneID="12" col="627" row="1919" width="56" height="75" contents="de" script="typed" language="french"> </DL_ZONE>
			<DL_ZONE gedi_type="TextRegion" id="10" col="655" row="2008" width="435" height="63" contents="ISBN : 944-2-0095-6732-3" script="typed" function_1="reference" language="french"> </DL_ZONE>
			<DL_ZONE gedi_type="TextRegion" id="11" col="498" row="2085" width="746" height="145" contents="468 pages, au prix de 44,00 euros&#10;(Franco de port pour la France, Etranger : forfait de 10 euros)" script="typed" language="french"> </DL_ZONE>
			<DL_ZONE gedi_type="TextRegion" id="12" col="699" row="1893" width="375" height="113" contents="Véronique DELVAUX" script="hand" language="french"> </DL_ZONE>
			<DL_ZONE gedi_type="TextRegion" id="13" col="212" row="2242" width="751" height="128" contents="(Franco de port pour la France, Etranger : forfait de 10 euros)&#10;Je vous règle ci-joint par :" script="typed" language="french"> </DL_ZONE>
			<DL_ZONE gedi_type="TextRegion" id="14" col="245" row="2372" width="505" height="66" contents="chèque à l'ordre de l'Agent comptable" script="typed" language="french"> </DL_ZONE>
			<DL_ZONE gedi_type="TextRegion" id="15" col="246" row="2443" width="1052" height="62" contents="virement à votre compte T.G, du Nord, n° TP Lille 10071/38960/00001003896/54" script="typed" language="french"> </DL_ZONE>
			<DL_ZONE gedi_type="TextRegion" id="16" col="246" row="2599" width="281" height="62" contents="ma carte bancaire n°" script="typed" language="french"> </DL_ZONE>
			<DL_ZONE gedi_type="TextRegion" id="17" col="244" row="2670" width="245" height="65" contents="date d'expiration :" script="typed" language="french"> </DL_ZONE>
			<DL_ZONE gedi_type="TextRegion" id="18" col="242" row="2739" width="387" height="65" contents="cryptogramme (voir au dos) :" script="typed" language="french"> </DL_ZONE>
			<DL_ZONE gedi_type="TextRegion" id="19" nextZoneID="111" col="214" row="2910" width="88" height="65" contents="Nom :" script="typed" language="french"> </DL_ZONE>
			<DL_ZONE gedi_type="TextRegion" id="20" nextZoneID="113" col="212" row="2980" width="172" height="72" contents="Organisme :" script="typed" language="french"> </DL_ZONE>
			<DL_ZONE gedi_type="TextRegion" id="21" nextZoneID="112" col="1033" row="2902" width="137" height="69" contents="Prénoms :" script="typed" language="french"> </DL_ZONE>
			<DL_ZONE gedi_type="TextRegion" id="22" nextZoneID="116" col="214" row="3124" width="133" height="59" contents="Adresse :" script="typed" language="french"> </DL_ZONE>
			<DL_ZONE gedi_type="TextRegion" id="23" nextZoneID="121" col="915" row="3387" width="88" height="63" contents="Date :" script="typed" language="french"> </DL_ZONE>
			<DL_ZONE gedi_type="TextRegion" id="24" col="1385" row="3383" width="149" height="71" contents="Signature." script="typed" language="french"> </DL_ZONE>
			<DL_ZONE gedi_type="TextRegion" id="25" col="211" row="3512" width="675" height="60" contents="¤Je désire recevoir le (les) catalogue(s) thématique(s) suivant(s) :¤" script="typed" language="french"> </DL_ZONE>
			<DL_ZONE gedi_type="TextRegion" id="26" col="234" row="3649" width="121" height="45" contents="¤philosophie¤" script="typed" language="french"> </DL_ZONE>
			<DL_ZONE gedi_type="TextRegion" id="27" col="234" row="3697" width="224" height="51" contents="¤Sciences des religions¤" script="typed" language="french"> </DL_ZONE>
			<DL_ZONE gedi_type="TextRegion" id="28" col="572" row="3648" width="198" height="47" contents="¤Littérature française¤" script="typed" language="french"> </DL_ZONE>
			<DL_ZONE gedi_type="TextRegion" id="29" col="568" row="3697" width="229" height="48" contents="¤Littératures étrangères¤" script="typed" language="french"> </DL_ZONE>
			<DL_ZONE gedi_type="TextRegion" id="30" col="572" row="3739" width="237" height="54" contents="¤Etudes grecques latines¤" script="typed" language="french"> </DL_ZONE>
			<DL_ZONE gedi_type="TextRegion" id="31" col="570" row="3796" width="242" height="49" contents="¤Droit privé, public, pénal¤" script="typed" language="french"> </DL_ZONE>
			<DL_ZONE gedi_type="TextRegion" id="32" col="568" row="3845" width="310" height="50" contents="¤Sciences économiques, gestion¤" script="typed" language="french"> </DL_ZONE>
			<DL_ZONE gedi_type="TextRegion" id="33" col="570" row="3898" width="272" height="46" contents="¤Informatique, communication¤" script="typed" language="french"> </DL_ZONE>
			<DL_ZONE gedi_type="TextRegion" id="34" col="570" row="3945" width="120" height="51" contents="¤Sémiologie¤" script="typed" language="french"> </DL_ZONE>
			<DL_ZONE gedi_type="TextRegion" id="35" col="570" row="3995" width="180" height="47" contents="¤Sciences du sport¤" script="typed" language="french"> </DL_ZONE>
			<DL_ZONE gedi_type="TextRegion" id="36" col="571" row="4043" width="279" height="100" contents="¤Math, et informatique appli-&#10;quées aux sciences sociales¤" script="typed" language="french"> </DL_ZONE>
			<DL_ZONE gedi_type="TextRegion" id="37" col="568" row="4143" width="115" height="46" contents="¤Ergonomie¤" script="typed" language="french"> </DL_ZONE>
			<DL_ZONE gedi_type="TextRegion" id="38" col="572" row="4192" width="118" height="44" contents="¤Préhistoire¤" script="typed" language="french"> </DL_ZONE>
			<DL_ZONE gedi_type="TextRegion" id="39" col="234" row="3751" width="124" height="51" contents="¤Linguistique¤" script="typed" language="french"> </DL_ZONE>
			<DL_ZONE gedi_type="TextRegion" id="40" col="234" row="3803" width="126" height="49" contents="¤Psychologie¤" script="typed" language="french"> </DL_ZONE>
			<DL_ZONE gedi_type="TextRegion" id="41" col="233" row="3848" width="242" height="49" contents="¤Sciences de l'Education¤" script="typed" language="french"> </DL_ZONE>
			<DL_ZONE gedi_type="TextRegion" id="42" col="234" row="3898" width="109" height="54" contents="¤sociologie¤" script="typed" language="french"> </DL_ZONE>
			<DL_ZONE gedi_type="TextRegion" id="43" col="232" row="3951" width="118" height="50" contents="¤Ethnologie¤" script="typed" language="french"> </DL_ZONE>
			<DL_ZONE gedi_type="TextRegion" id="44" col="231" row="4002" width="197" height="44" contents="¤Sciences politiques¤" script="typed" language="french"> </DL_ZONE>
			<DL_ZONE gedi_type="TextRegion" id="45" col="232" row="4048" width="299" height="47" contents="¤Histoire de l'art et archéologie¤" script="typed" language="french"> </DL_ZONE>
			<DL_ZONE gedi_type="TextRegion" id="46" col="233" row="4096" width="124" height="50" contents="¤Musicologie¤" script="typed" language="french"> </DL_ZONE>
			<DL_ZONE gedi_type="TextRegion" id="47" col="232" row="4145" width="164" height="50" contents="¤Théâtre, cinéma¤" script="typed" language="french"> </DL_ZONE>
			<DL_ZONE gedi_type="TextRegion" id="48" col="233" row="4198" width="82" height="46" contents="¤Histoire¤" script="typed" language="french"> </DL_ZONE>
			<DL_ZONE gedi_type="TextRegion" id="49" col="232" row="4245" width="124" height="54" contents="¤Géographie¤" script="typed" language="french"> </DL_ZONE>
			<DL_ZONE gedi_type="GraphicRegion" id="51" col="211" row="3656" width="21" height="33" function="form-field"> </DL_ZONE>
			<DL_ZONE gedi_type="GraphicRegion" id="52" col="549" row="3650" width="18" height="35" function="form-field"> </DL_ZONE>
			<DL_ZONE gedi_type="GraphicRegion" id="53" col="547" row="3701" width="21" height="33" function="form-field"> </DL_ZONE>
			<DL_ZONE gedi_type="GraphicRegion" id="54" col="547" row="3750" width="21" height="33" function="form-field"> </DL_ZONE>
			<DL_ZONE gedi_type="GraphicRegion" id="55" col="547" row="3800" width="19" height="32" function="form-field"> </DL_ZONE>
			<DL_ZONE gedi_type="GraphicRegion" id="56" col="547" row="3851" width="21" height="34" function="form-field"> </DL_ZONE>
			<DL_ZONE gedi_type="GraphicRegion" id="57" col="549" row="3902" width="17" height="31" function="form-field"> </DL_ZONE>
			<DL_ZONE gedi_type="GraphicRegion" id="58" col="549" row="3952" width="18" height="33" function="form-field"> </DL_ZONE>
			<DL_ZONE gedi_type="GraphicRegion" id="59" col="549" row="4001" width="17" height="30" function="form-field"> </DL_ZONE>
			<DL_ZONE gedi_type="GraphicRegion" id="60" col="212" row="3708" width="20" height="31" function="form-field"> </DL_ZONE>
			<DL_ZONE gedi_type="GraphicRegion" id="61" col="212" row="3757" width="19" height="32" function="form-field"> </DL_ZONE>
			<DL_ZONE gedi_type="GraphicRegion" id="62" col="209" row="3805" width="20" height="34" function="form-field"> </DL_ZONE>
			<DL_ZONE gedi_type="GraphicRegion" id="63" col="211" row="3857" width="17" height="30" function="form-field"> </DL_ZONE>
			<DL_ZONE gedi_type="GraphicRegion" id="64" col="212" row="3908" width="19" height="32" function="form-field"> </DL_ZONE>
			<DL_ZONE gedi_type="GraphicRegion" id="65" col="211" row="3956" width="20" height="33" function="form-field"> </DL_ZONE>
			<DL_ZONE gedi_type="GraphicRegion" id="66" col="211" row="4006" width="20" height="29" function="form-field"> </DL_ZONE>
			<DL_ZONE gedi_type="GraphicRegion" id="67" col="211" row="4054" width="20" height="31" function="form-field"> </DL_ZONE>
			<DL_ZONE gedi_type="GraphicRegion" id="68" col="212" row="4102" width="17" height="35" function="form-field"> </DL_ZONE>
			<DL_ZONE gedi_type="GraphicRegion" id="69" col="211" row="4155" width="17" height="31" function="form-field"> </DL_ZONE>
			<DL_ZONE gedi_type="GraphicRegion" id="70" col="211" row="4205" width="20" height="35" function="form-field"> </DL_ZONE>
			<DL_ZONE gedi_type="GraphicRegion" id="71" col="212" row="4252" width="19" height="34" function="form-field"> </DL_ZONE>
			<DL_ZONE gedi_type="GraphicRegion" id="72" col="549" row="4196" width="21" height="38" function="form-field"> </DL_ZONE>
			<DL_ZONE gedi_type="GraphicRegion" id="73" col="550" row="4145" width="18" height="34" function="form-field"> </DL_ZONE>
			<DL_ZONE gedi_type="GraphicRegion" id="74" col="549" row="4048" width="22" height="34" function="form-field"> </DL_ZONE>
			<DL_ZONE gedi_type="GraphicRegion" id="75" function="signature" polygon="(1376,3607);(1588,3536);(1563,3448);(1350,3508)"> </DL_ZONE>
			<DL_ZONE gedi_type="Group" id="77" col="192" row="3734" width="176" height="79" elements="39;61;119"> </DL_ZONE>
			<DL_ZONE gedi_type="GraphicRegion" id="79" col="1092" row="425" width="479" height="454" function="logo"> </DL_ZONE>
			<DL_ZONE gedi_type="GraphicRegion" id="80" function="stamp" polygon="(133,873);(614,546);(688,971);(209,1282)"> </DL_ZONE>
			<DL_ZONE gedi_type="TextRegion" id="83" polygon="(281,1210);(649,964);(564,598);(202,843)" contents="LA CARTE&#10;A. R. T.&#10;9, rue Ange&#10;59046 LILLE&#10;Téléphone : 03 31 31 31 63&#10;Télécopie : 03 20 54 21 20" script="typed" function_1="coordinates" language="french"> </DL_ZONE>
			<DL_ZONE gedi_type="GraphicRegion" id="85" col="452" row="1603" width="93" height="35" function="underlined-field"> </DL_ZONE>
			<DL_ZONE gedi_type="TextRegion" id="86" nextZoneID="9" col="246" row="1677" width="989" height="161" contents="&quot;La perception des voyelles nasales en Français&quot;" script="hand" language="french"> </DL_ZONE>
			<DL_ZONE gedi_type="TextRegion" id="87" col="241" row="2509" width="915" height="74" contents="ordre : Agent comptable ¤IBAN : FR76 10071 59000 00001003896 54 BIC BDFEFRPPXXX¤" script="typed" language="french"> </DL_ZONE>
			<DL_ZONE gedi_type="GraphicRegion" id="89" col="220" row="2387" width="21" height="39" function="form-field"> </DL_ZONE>
			<DL_ZONE gedi_type="GraphicRegion" id="90" col="220" row="2456" width="19" height="36" function="form-field"> </DL_ZONE>
			<DL_ZONE gedi_type="GraphicRegion" id="91" col="219" row="2617" width="21" height="37" function="form-field"> </DL_ZONE>
			<DL_ZONE gedi_type="GraphicRegion" id="92" col="537" row="2609" width="149" height="56" function="form-field"> </DL_ZONE>
			<DL_ZONE gedi_type="GraphicRegion" id="93" col="705" row="2606" width="149" height="59" function="form-field"> </DL_ZONE>
			<DL_ZONE gedi_type="GraphicRegion" id="94" col="876" row="2606" width="151" height="59" function="form-field"> </DL_ZONE>
			<DL_ZONE gedi_type="GraphicRegion" id="95" col="1041" row="2609" width="153" height="57" function="form-field"> </DL_ZONE>
			<DL_ZONE gedi_type="GraphicRegion" id="96" col="497" row="2679" width="77" height="48" function="form-field"> </DL_ZONE>
			<DL_ZONE gedi_type="GraphicRegion" id="97" col="613" row="2677" width="77" height="51" function="form-field"> </DL_ZONE>
			<DL_ZONE gedi_type="GraphicRegion" id="98" col="633" row="2743" width="150" height="58" function="form-field"> </DL_ZONE>
			<DL_ZONE gedi_type="GraphicRegion" id="99" col="790" row="2745" width="119" height="56" function="form-field"> </DL_ZONE>
			<DL_ZONE gedi_type="GraphicRegion" id="100" col="300" row="2942" width="737" height="27" function="underlined-field"> </DL_ZONE>
			<DL_ZONE gedi_type="GraphicRegion" id="101" col="1164" row="2941" width="342" height="30" function="underlined-field"> </DL_ZONE>
			<DL_ZONE gedi_type="GraphicRegion" id="102" col="377" row="3011" width="1148" height="29" function="underlined-field"> </DL_ZONE>
			<DL_ZONE gedi_type="GraphicRegion" id="103" col="224" row="3081" width="1306" height="27" function="underlined-field"> </DL_ZONE>
			<DL_ZONE gedi_type="GraphicRegion" id="104" col="336" row="3150" width="1193" height="27" function="underlined-field"> </DL_ZONE>
			<DL_ZONE gedi_type="GraphicRegion" id="105" col="222" row="3221" width="1303" height="22" function="underlined-field"> </DL_ZONE>
			<DL_ZONE gedi_type="GraphicRegion" id="106" col="221" row="3285" width="1305" height="27" function="underlined-field"> </DL_ZONE>
			<DL_ZONE gedi_type="GraphicRegion" id="107" col="226" row="3356" width="1302" height="27" function="underlined-field"> </DL_ZONE>
			<DL_ZONE gedi_type="GraphicRegion" id="108" col="999" row="3419" width="394" height="27" function="underlined-field"> </DL_ZONE>
			<DL_ZONE gedi_type="TextRegion" id="109" col="583" row="2675" width="23" height="50" contents="/" script="typed" language="french"> </DL_ZONE>
			<DL_ZONE gedi_type="TextRegion" id="111" col="323" row="2881" width="234" height="86" contents="FERNANDES" script="hand" language="french"> </DL_ZONE>
			<DL_ZONE gedi_type="TextRegion" id="112" col="1189" row="2882" width="136" height="101" contents="Sophie" script="hand" language="french"> </DL_ZONE>
			<DL_ZONE gedi_type="TextRegion" id="113" col="418" row="2963" width="567" height="119" contents="Faculté d'Odontologie de Nancy" script="hand" language="french"> </DL_ZONE>
			<DL_ZONE gedi_type="TextRegion" id="114" col="363" row="3240" width="272" height="77" contents="54 004 NANCY" script="hand" language="french"> </DL_ZONE>
			<DL_ZONE gedi_type="TextRegion" id="115" nextZoneID="114" col="370" row="3170" width="128" height="73" contents="BP 208" script="hand" language="french"> </DL_ZONE>
			<DL_ZONE gedi_type="TextRegion" id="116" nextZoneID="115" polygon="(328,3093);(888,3100);(885,3223);(800,3220);(734,3174);(330,3170)" contents="96 avenue de Lattre de Tassigny" script="hand" language="french"> </DL_ZONE>
			<DL_ZONE gedi_type="LineDrawingRegion" id="117" col="213" row="2374" width="36" height="67"> </DL_ZONE>
			<DL_ZONE gedi_type="Group" id="118" col="203" row="2362" width="557" height="89" elements="14;89;117"> </DL_ZONE>
			<DL_ZONE gedi_type="LineDrawingRegion" id="119" col="202" row="3744" width="37" height="59"> </DL_ZONE>
			<DL_ZONE gedi_type="TextRegion" id="121" col="1010" row="3363" width="235" height="102" contents="07/02/2012" script="hand" function_1="date" language="french"> </DL_ZONE>
			<DL_ZONE gedi_type="NoiseRegion" id="122" col="184" row="2919" width="20" height="31"> </DL_ZONE>
			<DL_ZONE gedi_type="NoiseRegion" id="123" col="640" row="3452" width="31" height="38"> </DL_ZONE>
			<DL_ZONE gedi_type="NoiseRegion" id="124" col="1105" row="1119" width="59" height="37"> </DL_ZONE>
		</DL_PAGE>
	</DL_DOCUMENT>
</GEDI>