<?xml version="1.0" encoding="UTF-8"?>
<!--GEDI was developed at Language and Media Processing Laboratory, University of Maryland.-->

<GEDI xmlns="http://lamp.cfar.umd.edu/media/projects/GEDI/" GEDI_version="2.3" GEDI_date="01/21/2010">
	<USER name="Adil" date="3/19/2012 11:01" dateFormat="mm/dd/yyyy hh:mm">	</USER>
	<USER name="Laure" date="4/23/2012 15:43" dateFormat="mm/dd/yyyy hh:mm">	</USER>
	<USER name="MDR-R1" date="10/22/2012 17:47" dateFormat="mm/dd/yyyy hh:mm">	</USER>
	<USER name="MDR-R2" date="11/5/2012 15:24" dateFormat="mm/dd/yyyy hh:mm">	</USER>
	<USER name="MDR-R3" date="2/5/2013 16:48" dateFormat="mm/dd/yyyy hh:mm">	</USER>
	<USER name="mohamed salah" date="5/11/2012 22:21" dateFormat="mm/dd/yyyy hh:mm">	</USER>
	<USER name="soumaya" date="4/23/2012 18:53" dateFormat="mm/dd/yyyy hh:mm">	</USER>
	<DL_DOCUMENT src="BMTVUR.tif" docTag="xml" NrOfPages="1">
		<DL_PAGE gedi_type="DL_PAGE" src="BMTVUR.tif" pageID="1" width="1728" height="2312" Sender_Name="" Language_4="" Receiver_Name="" Language_3="" Receiver_Company="" Receiver_Address="" Sender_Company="" Sender_Phone="" Receiver_Fax="" Document_Location="" Receiver_Phone="" Sender_Address="" Sender_Fax="" Category="C2" Language_1="arabic" NumPage="1" Script_1="typed" Script_2="hand" Language_2="french" Document_Date="01/03/2012" Document_Object="تصميم منزلي" GEDI_orientation="270">
			<DL_ZONE gedi_type="TextRegion" id="1" col="1568" row="1073" width="85" height="256" contents="4080x1080" script="typed" language="arabic"> </DL_ZONE>
			<DL_ZONE gedi_type="LineDrawingRegion" id="2" col="1539" row="1079" width="34" height="182"> </DL_ZONE>
			<DL_ZONE gedi_type="TextRegion" id="3" col="1421" row="571" width="67" height="108" contents="مستودع&#10;¤4¤00x1,80" script="typed" language="arabic"> </DL_ZONE>
			<DL_ZONE gedi_type="TextRegion" id="4" col="1415" row="700" width="73" height="86" contents="حمام&#10;2,30x1060" script="typed" language="arabic"> </DL_ZONE>
			<DL_ZONE gedi_type="TextRegion" id="10" col="1378" row="871" width="107" height="193" contents="مكتب" script="hand" language="arabic"> </DL_ZONE>
			<DL_ZONE gedi_type="TextRegion" id="11" col="1278" row="869" width="44" height="165" contents="4,80x3,80" script="typed" language="arabic"> </DL_ZONE>
			<DL_ZONE gedi_type="LineDrawingRegion" id="12" col="1322" row="841" width="28" height="216"> </DL_ZONE>
			<DL_ZONE gedi_type="TextRegion" id="13" col="1350" row="1098" width="41" height="137" contents="3,00x1,80" script="typed" language="arabic"> </DL_ZONE>
			<DL_ZONE gedi_type="TextRegion" id="14" col="1275" row="1276" width="86" height="183" contents="غرفة نوم&#10;4,80x3,80" script="typed" language="arabic"> </DL_ZONE>
			<DL_ZONE gedi_type="TextRegion" id="16" col="1319" row="1531" width="118" height="129" contents="وفيس&#10;3,00x180" script="typed" language="arabic"> </DL_ZONE>
			<DL_ZONE gedi_type="TextRegion" id="20" col="1360" row="1776" width="92" height="306" contents="غرفة الأطفال" script="hand" language="arabic"> </DL_ZONE>
			<DL_ZONE gedi_type="TextRegion" id="21" col="1253" row="1864" width="47" height="160" contents="4,80x3,80" script="typed" language="arabic"> </DL_ZONE>
			<DL_ZONE gedi_type="LineDrawingRegion" id="22" col="1297" row="1825" width="39" height="249"> </DL_ZONE>
			<DL_ZONE gedi_type="TextRegion" id="23" col="1320" row="1671" width="84" height="129" contents="حمام&#10;¤3¤0x1,80" script="typed" language="arabic"> </DL_ZONE>
			<DL_ZONE gedi_type="TextRegion" id="24" polygon="(1185,1613);(1215,1668);(1251,1764);(1209,1798);(1189,1746);(1141,1629)" contents="إغلاق باب" script="hand" language="arabic"> </DL_ZONE>
			<DL_ZONE gedi_type="LineDrawingRegion" id="25" polygon="(1190,1728);(1181,1745);(1145,1735);(1123,1693);(1157,1693)"> </DL_ZONE>
			<DL_ZONE gedi_type="LineDrawingRegion" id="26" polygon="(1342,1108);(1333,1177);(1242,1153);(1243,1097)"> </DL_ZONE>
			<DL_ZONE gedi_type="LineDrawingRegion" id="27" polygon="(1303,1174);(1303,1217);(1242,1211);(1239,1161)"> </DL_ZONE>
			<DL_ZONE gedi_type="LineDrawingRegion" id="28" polygon="(1254,1040);(1258,1078);(1192,1092);(1154,1083);(1154,1040)"> </DL_ZONE>
			<DL_ZONE gedi_type="LineDrawingRegion" id="29" polygon="(1261,1260);(1269,1316);(1176,1299);(1134,1244)"> </DL_ZONE>
			<DL_ZONE gedi_type="LineDrawingRegion" id="30" polygon="(1189,888);(1200,916);(1154,924);(1110,893);(1109,872)"> </DL_ZONE>
			<DL_ZONE gedi_type="LineDrawingRegion" id="31" polygon="(1156,1403);(1179,1437);(1141,1453);(1093,1409);(1112,1401)"> </DL_ZONE>
			<DL_ZONE gedi_type="TextRegion" id="32" polygon="(1242,1109);(1245,1155);(1259,1211);(1184,1224);(1156,1147)" contents="توسعة الحمام" script="hand" language="arabic"> </DL_ZONE>
			<DL_ZONE gedi_type="TextRegion" id="33" polygon="(1110,1280);(1138,1332);(1123,1406);(1079,1409);(1055,1302)" contents="فنح باب" script="hand" language="arabic"> </DL_ZONE>
			<DL_ZONE gedi_type="TextRegion" id="34" polygon="(1047,806);(1096,846);(1109,904);(1132,929);(1090,963);(999,835)" contents="فتح باب" script="hand" language="arabic"> </DL_ZONE>
			<DL_ZONE gedi_type="TextRegion" id="35" col="1335" row="710" width="38" height="102" orientationD="270.0" contents="مغاسل" script="typed" language="arabic"> </DL_ZONE>
			<DL_ZONE gedi_type="LineDrawingRegion" id="36" polygon="(1123,1671);(1120,1773);(1050,1754);(1055,1649)"> </DL_ZONE>
			<DL_ZONE gedi_type="TextRegion" id="37" col="1011" row="1373" width="66" height="184" contents="فتح باب" script="hand" language="arabic"> </DL_ZONE>
			<DL_ZONE gedi_type="TextRegion" id="38" col="1178" row="483" width="102" height="133" contents="مطبخ&#10;4,10x4,00" script="typed" language="arabic"> </DL_ZONE>
			<DL_ZONE gedi_type="TextRegion" id="40" col="966" row="1704" width="86" height="181" contents="غرفة نوم&#10;3,80x2,80" script="typed" language="arabic"> </DL_ZONE>
			<DL_ZONE gedi_type="TextRegion" id="42" col="972" row="1445" width="41" height="141" contents="3,80x3,8" script="typed" language="arabic"> </DL_ZONE>
			<DL_ZONE gedi_type="LineDrawingRegion" id="43" polygon="(983,1385);(1017,1440);(994,1451);(947,1425);(941,1392)"> </DL_ZONE>
			<DL_ZONE gedi_type="LineDrawingRegion" id="44" polygon="(959,1666);(964,1687);(937,1703);(870,1643);(873,1629)"> </DL_ZONE>
			<DL_ZONE gedi_type="TextRegion" id="46" col="867" row="508" width="107" height="187" contents="طعام&#10;5,80x3,95" script="typed" language="arabic"> </DL_ZONE>
			<DL_ZONE gedi_type="TextRegion" id="48" col="875" row="1167" width="83" height="142" contents="ملابس&#10;3,80x2,20" script="typed" language="arabic"> </DL_ZONE>
			<DL_ZONE gedi_type="TextRegion" id="50" polygon="(856,1511);(892,1558);(903,1607);(872,1626);(898,1692);(859,1715);(829,1688);(809,1517)" contents="فتح باب" script="hand" language="arabic"> </DL_ZONE>
			<DL_ZONE gedi_type="TextRegion" id="51" col="667" row="1527" width="93" height="197" contents="نوم رئيسية&#10;6,80x4,80" script="typed" language="arabic"> </DL_ZONE>
			<DL_ZONE gedi_type="TextRegion" id="53" col="704" row="1153" width="95" height="134" contents="حمام&#10;3,80x3,00" script="typed" language="arabic"> </DL_ZONE>
			<DL_ZONE gedi_type="TextRegion" id="55" col="333" row="475" width="119" height="245" contents="صالة معيشة&#10;7,65x5,80" script="typed" language="arabic"> </DL_ZONE>
			<DL_ZONE gedi_type="TextRegion" id="57" col="109" row="1775" width="95" height="329" contents="الدور الأول" script="typed" language="arabic"> </DL_ZONE>
			<DL_ZONE gedi_type="TextRegion" id="58" col="49" row="1797" width="53" height="307" contents="مسطح 369000 م2" script="typed" language="arabic"> </DL_ZONE>
			<DL_ZONE gedi_type="GraphicRegion" id="66" col="68" row="279" width="1485" height="1927" function="drawing"> </DL_ZONE>
			<DL_ZONE gedi_type="SeparatorRegion" id="67" col="63" row="108" width="1622" height="42"> </DL_ZONE>
			<DL_ZONE gedi_type="SeparatorRegion" id="68" col="33" row="153" width="41" height="2069"> </DL_ZONE>
			<DL_ZONE gedi_type="SeparatorRegion" id="69" col="29" row="2213" width="1626" height="34"> </DL_ZONE>
			<DL_ZONE gedi_type="NoiseRegion" id="70" col="1631" row="1470" width="43" height="739"> </DL_ZONE>
			<DL_ZONE gedi_type="TextRegion" id="71" polygon="(54,4);(1517,6);(1517,54);(663,45);(41,45);(40,3)" rotation="+90" contents="01 03 12 17:01 MLTC 00212537680032 p.1" script="typed" function_1="date" language="french"> </DL_ZONE>
			<DL_ZONE gedi_type="TextRegion" id="72" col="1302" row="1861" width="33" height="193" contents="¤غرفة نوم¤" script="typed" language="arabic"> </DL_ZONE>
			<DL_ZONE gedi_type="TextRegion" id="74" col="1320" row="869" width="37" height="177" contents="¤غرفة نوم¤" script="typed" language="arabic"> </DL_ZONE>
			<DL_ZONE gedi_type="NoiseRegion" id="76" col="605" row="2092" width="36" height="42"> </DL_ZONE>
		</DL_PAGE>
	</DL_DOCUMENT>
</GEDI>