<?xml version="1.0" encoding="UTF-8"?>
<!--GEDI was developed at Language and Media Processing Laboratory, University of Maryland.-->

<GEDI xmlns="http://lamp.cfar.umd.edu/media/projects/GEDI/" GEDI_version="2.3.19" GEDI_date="12/23/2011">
	<USER name="Adil" date="3/23/2012 12:38" dateFormat="mm/dd/yyyy hh:mm">	</USER>
	<USER name="Laure" date="5/22/2012 16:29" dateFormat="mm/dd/yyyy hh:mm">	</USER>
	<USER name="MDR_P4" date="10/23/2012 15:21" dateFormat="mm/dd/yyyy hh:mm">	</USER>
	<DL_DOCUMENT src="BMXTUR.tif" docTag="xml" NrOfPages="1">
		<DL_PAGE gedi_type="DL_PAGE" src="BMXTUR.tif" pageID="1" width="1469" height="2019" Language_2="" Sender_Name="" Language_4="" Language_3="" Receiver_Company="" Receiver_Fax="" Sender_Fax="" Category="C2" Document_Location="" Document_Object="FACTURE" Language_1="french" NumPage="1" Sender_Company="AMANA SPRL " Receiver_Address="2 RUE JEAN MOULIN 78711MANTES LA VILLE" Document_Date="17/02/2012" Receiver_Name="Jeannine BERTRAND " Sender_Address="RUE DU MOULIN 90 1465 TOURINNES LAMBERT " Script_1="typed" Script_2="hand" Receiver_Phone="+33(0)1.67.80.45.79" Sender_Phone="+33(0)1.07.01.47.4X">
			<DL_ZONE gedi_type="TextRegion" id="1" col="229" row="39" width="316" height="175" contents="Amana sprl&#10;Rue du Moulin 90&#10;1465 Tourinnes Lambert&#10;Tél/Fax : 010 70 14 74" script="typed" function_1="coordinates" language="french"> </DL_ZONE>
			<DL_ZONE gedi_type="GraphicRegion" id="3" function="logo" polygon="(27,138);(123,4);(152,26);(202,129);(171,184);(25,192)"> </DL_ZONE>
			<DL_ZONE gedi_type="NoiseRegion" id="4" polygon="(34,12);(37,41);(72,38);(71,3);(39,0)"> </DL_ZONE>
			<DL_ZONE gedi_type="NoiseRegion" id="5" polygon="(150,48);(199,50);(219,94);(150,102)"> </DL_ZONE>
			<DL_ZONE gedi_type="NoiseRegion" id="6" polygon="(126,243);(194,226);(213,241);(198,257);(116,258)"> </DL_ZONE>
			<DL_ZONE gedi_type="NoiseRegion" id="7" polygon="(43,176);(68,168);(149,183);(136,204);(36,190)"> </DL_ZONE>
			<DL_ZONE gedi_type="NoiseRegion" id="8" col="3" row="176" width="23" height="20"> </DL_ZONE>
			<DL_ZONE gedi_type="SeparatorRegion" id="9" col="18" row="247" width="1441" height="25"> </DL_ZONE>
			<DL_ZONE gedi_type="NoiseRegion" id="10" col="479" row="273" width="16" height="16"> </DL_ZONE>
			<DL_ZONE gedi_type="NoiseRegion" id="11" col="670" row="353" width="18" height="14"> </DL_ZONE>
			<DL_ZONE gedi_type="TextRegion" id="12" nextZoneID="14" col="998" row="88" width="183" height="43" contents="Facture n°:" script="typed" language="french"> </DL_ZONE>
			<DL_ZONE gedi_type="TextRegion" id="14" col="1221" row="86" width="141" height="46" contents="2009031" script="typed" function_1="reference" language="french"> </DL_ZONE>
			<DL_ZONE gedi_type="TextRegion" id="15" col="982" row="191" width="225" height="51" contents="FACTURE" script="typed" function_2="object" function_1="title" language="french"> </DL_ZONE>
			<DL_ZONE gedi_type="TextRegion" id="16" col="311" row="333" width="153" height="36" contents="Adressé à" script="typed" language="french"> </DL_ZONE>
			<DL_ZONE gedi_type="TextRegion" id="17" nextZoneID="125" col="69" row="387" width="75" height="35" contents="Nom" script="typed" language="french"> </DL_ZONE>
			<DL_ZONE gedi_type="TextRegion" id="18" nextZoneID="126" col="66" row="426" width="115" height="31" contents="Adresse" script="typed" language="french"> </DL_ZONE>
			<DL_ZONE gedi_type="TextRegion" id="19" nextZoneID="127" col="70" row="459" width="158" height="34" contents="Code postal" script="typed" language="french"> </DL_ZONE>
			<DL_ZONE gedi_type="TextRegion" id="20" nextZoneID="128" col="71" row="494" width="137" height="33" contents="Téléphone" script="typed" language="french"> </DL_ZONE>
			<DL_ZONE gedi_type="TextRegion" id="26" nextZoneID="129" col="480" row="457" width="107" height="34" contents="Localité" script="typed" language="french"> </DL_ZONE>
			<DL_ZONE gedi_type="TextRegion" id="27" nextZoneID="31" col="925" row="377" width="69" height="37" contents="Date" script="typed" language="french"> </DL_ZONE>
			<DL_ZONE gedi_type="TextRegion" id="28" nextZoneID="32" col="929" row="418" width="128" height="31" contents="Référence" script="typed" language="french"> </DL_ZONE>
			<DL_ZONE gedi_type="TextRegion" id="29" nextZoneID="33" col="927" row="451" width="157" height="37" contents="Responsable" script="typed" language="french"> </DL_ZONE>
			<DL_ZONE gedi_type="TextRegion" id="30" nextZoneID="34" col="928" row="490" width="67" height="33" contents="TVA" script="typed" language="french"> </DL_ZONE>
			<DL_ZONE gedi_type="TextRegion" id="31" col="1115" row="379" width="299" height="41" contents="17.02.2012" script="hand" function_1="date" language="french"> </DL_ZONE>
			<DL_ZONE gedi_type="TextRegion" id="32" col="1139" row="417" width="197" height="41" contents="201202 D" script="hand" language="french"> </DL_ZONE>
			<DL_ZONE gedi_type="TextRegion" id="33" col="1155" row="454" width="257" height="37" contents="DURAND J" script="hand" language="french"> </DL_ZONE>
			<DL_ZONE gedi_type="TextRegion" id="34" col="1118" row="487" width="181" height="47" contents="19,6%" script="hand" language="french"> </DL_ZONE>
			<DL_ZONE gedi_type="TextRegion" id="35" col="76" row="575" width="144" height="32" contents="Référence" script="typed" language="french"> </DL_ZONE>
			<DL_ZONE gedi_type="TextRegion" id="36" col="251" row="575" width="127" height="30" contents="Quantité" script="typed" language="french"> </DL_ZONE>
			<DL_ZONE gedi_type="TextRegion" id="37" col="405" row="577" width="163" height="32" contents="Description" script="typed" language="french"> </DL_ZONE>
			<DL_ZONE gedi_type="TextRegion" id="38" col="953" row="574" width="77" height="29" contents="Code" script="typed" language="french"> </DL_ZONE>
			<DL_ZONE gedi_type="TextRegion" id="39" col="1117" row="573" width="64" height="34" contents="P.U." script="typed" language="french"> </DL_ZONE>
			<DL_ZONE gedi_type="TextRegion" id="40" col="1261" row="574" width="128" height="32" contents="Montant" script="typed" language="french"> </DL_ZONE>
			<DL_ZONE gedi_type="TextRegion" id="41" col="100" row="620" width="130" height="49" contents="TS02" script="hand" language="french"> </DL_ZONE>
			<DL_ZONE gedi_type="TextRegion" id="42" col="282" row="621" width="59" height="49" contents="1" script="hand" language="french"> </DL_ZONE>
			<DL_ZONE gedi_type="TextRegion" id="43" polygon="(402,627);(431,620);(524,631);(580,623);(730,626);(848,624);(865,661);(804,665);(787,676);(754,662);(484,675);(484,694);(471,691);(460,672);(415,672)" contents="Tapis 60x110 gris" script="hand" language="french"> </DL_ZONE>
			<DL_ZONE gedi_type="TextRegion" id="44" col="932" row="624" width="110" height="44" contents="T60" script="hand" language="french"> </DL_ZONE>
			<DL_ZONE gedi_type="TextRegion" id="45" col="1092" row="622" width="131" height="56" contents="12,90" script="hand" language="french"> </DL_ZONE>
			<DL_ZONE gedi_type="TextRegion" id="46" col="1263" row="632" width="149" height="51" contents="12,90" script="hand" language="french"> </DL_ZONE>
			<DL_ZONE gedi_type="TextRegion" id="47" col="86" row="681" width="127" height="50" contents="SB13" script="hand" language="french"> </DL_ZONE>
			<DL_ZONE gedi_type="TextRegion" id="48" col="273" row="681" width="55" height="49" contents="1" script="hand" language="french"> </DL_ZONE>
			<DL_ZONE gedi_type="TextRegion" id="49" polygon="(409,688);(431,682);(460,678);(479,695);(496,699);(494,682);(552,695);(573,680);(765,677);(803,684);(847,673);(899,726);(849,734);(405,735)" contents="Set balcon table 2ch." script="hand" language="french"> </DL_ZONE>
			<DL_ZONE gedi_type="TextRegion" id="50" col="939" row="687" width="114" height="48" contents="BU2" script="hand" language="french"> </DL_ZONE>
			<DL_ZONE gedi_type="TextRegion" id="51" polygon="(1108,685);(1147,681);(1210,696);(1219,720);(1218,732);(1172,736);(1148,755);(1136,734);(1094,732);(1091,689)" contents="79,00" script="hand" language="french"> </DL_ZONE>
			<DL_ZONE gedi_type="TextRegion" id="53" col="1267" row="687" width="148" height="57" contents="79,00" script="hand" language="french"> </DL_ZONE>
			<DL_ZONE gedi_type="TextRegion" id="54" col="88" row="739" width="103" height="48" contents="L80" script="hand" language="french"> </DL_ZONE>
			<DL_ZONE gedi_type="TextRegion" id="55" col="282" row="740" width="52" height="50" contents="1" script="hand" language="french"> </DL_ZONE>
			<DL_ZONE gedi_type="TextRegion" id="56" col="410" row="738" width="485" height="56" contents="Lessive bricolage 1L" script="hand" language="french"> </DL_ZONE>
			<DL_ZONE gedi_type="TextRegion" id="59" col="940" row="738" width="100" height="48" contents="L28" script="hand" language="french"> </DL_ZONE>
			<DL_ZONE gedi_type="TextRegion" id="60" polygon="(1110,746);(1132,744);(1149,763);(1168,748);(1227,743);(1226,795);(1110,798)" contents="8,05" script="hand" language="french"> </DL_ZONE>
			<DL_ZONE gedi_type="TextRegion" id="61" col="1301" row="745" width="116" height="57" contents="8,05" script="hand" language="french"> </DL_ZONE>
			<DL_ZONE gedi_type="TextRegion" id="62" col="89" row="804" width="107" height="50" contents="J18" script="hand" language="french"> </DL_ZONE>
			<DL_ZONE gedi_type="TextRegion" id="63" col="290" row="805" width="50" height="44" contents="2" script="hand" language="french"> </DL_ZONE>
			<DL_ZONE gedi_type="TextRegion" id="64" col="410" row="803" width="345" height="55" contents="Tourbe 150l" script="hand" language="french"> </DL_ZONE>
			<DL_ZONE gedi_type="TextRegion" id="65" col="937" row="802" width="106" height="56" contents="JT1" script="hand" language="french"> </DL_ZONE>
			<DL_ZONE gedi_type="TextRegion" id="66" col="1085" row="809" width="141" height="59" contents="13,90" script="hand" language="french"> </DL_ZONE>
			<DL_ZONE gedi_type="TextRegion" id="67" col="1267" row="809" width="156" height="49" contents="27,80" script="hand" language="french"> </DL_ZONE>
			<DL_ZONE gedi_type="TextRegion" id="68" col="96" row="875" width="106" height="50" contents="T50" script="hand" language="french"> </DL_ZONE>
			<DL_ZONE gedi_type="TextRegion" id="69" col="272" row="872" width="65" height="49" contents="1" script="hand" language="french"> </DL_ZONE>
			<DL_ZONE gedi_type="TextRegion" id="70" col="417" row="865" width="352" height="68" contents="Récepteur TNT" script="hand" language="french"> </DL_ZONE>
			<DL_ZONE gedi_type="TextRegion" id="71" col="924" row="872" width="113" height="54" contents="TV3" script="hand" language="french"> </DL_ZONE>
			<DL_ZONE gedi_type="TextRegion" id="72" col="1085" row="880" width="141" height="66" contents="79,90" script="hand" language="french"> </DL_ZONE>
			<DL_ZONE gedi_type="TextRegion" id="73" col="1263" row="870" width="150" height="65" contents="79,90" script="hand" language="french"> </DL_ZONE>
			<DL_ZONE gedi_type="TextRegion" id="75" col="973" row="1567" width="71" height="44" contents="TVA" script="typed" language="french"> </DL_ZONE>
			<DL_ZONE gedi_type="TextRegion" id="76" col="1107" row="1540" width="116" height="33" contents="Total htva" script="typed" language="french"> </DL_ZONE>
			<DL_ZONE gedi_type="TextRegion" id="77" col="1143" row="1574" width="79" height="29" contents="0,00%" script="typed" language="french"> </DL_ZONE>
			<DL_ZONE gedi_type="TextRegion" id="79" col="1141" row="1603" width="83" height="30" contents="6,00%" script="typed" language="french"> </DL_ZONE>
			<DL_ZONE gedi_type="TextRegion" id="80" col="1133" row="1634" width="87" height="30" contents="21,00%" script="typed" language="french"> </DL_ZONE>
			<DL_ZONE gedi_type="TextRegion" id="81" col="1070" row="1667" width="153" height="29" contents="TOTAL tvac" script="typed" language="french"> </DL_ZONE>
			<DL_ZONE gedi_type="TextRegion" id="82" col="1093" row="1697" width="129" height="28" contents="Dont TVA" script="typed" language="french"> </DL_ZONE>
			<DL_ZONE gedi_type="TextRegion" id="83" polygon="(1245,1568);(1261,1538);(1382,1538);(1387,1548);(1386,1572);(1374,1576);(1338,1579);(1333,1587);(1315,1577);(1243,1581)" contents="166,95" script="hand" language="french"> </DL_ZONE>
			<DL_ZONE gedi_type="TextRegion" id="85" col="1342" row="1577" width="77" height="22" contents="0,00 €" script="typed" language="french"> </DL_ZONE>
			<DL_ZONE gedi_type="TextRegion" id="87" col="1338" row="1602" width="75" height="29" contents="0,00 €" script="typed" language="french"> </DL_ZONE>
			<DL_ZONE gedi_type="TextRegion" id="89" col="1335" row="1633" width="80" height="30" contents="0,00 €" script="typed" language="french"> </DL_ZONE>
			<DL_ZONE gedi_type="TextRegion" id="91" polygon="(1250,1666);(1263,1659);(1324,1655);(1341,1674);(1356,1663);(1396,1664);(1395,1694);(1381,1698);(1338,1707);(1324,1699);(1243,1704)" contents="207,65" script="hand" language="french"> </DL_ZONE>
			<DL_ZONE gedi_type="TextRegion" id="93" col="1343" row="1695" width="71" height="32" contents="0,00 €" script="typed" language="french"> </DL_ZONE>
			<DL_ZONE gedi_type="TextRegion" id="95" col="324" row="1544" width="231" height="40" contents="Détails paiement" script="typed" language="french"> </DL_ZONE>
			<DL_ZONE gedi_type="GraphicRegion" id="96" col="311" row="1603" width="31" height="28" function="form-field"> </DL_ZONE>
			<DL_ZONE gedi_type="GraphicRegion" id="97" col="318" row="1643" width="29" height="25" function="form-field"> </DL_ZONE>
			<DL_ZONE gedi_type="LineDrawingRegion" id="98" col="315" row="1637" width="37" height="40"> </DL_ZONE>
			<DL_ZONE gedi_type="GraphicRegion" id="99" col="315" row="1680" width="29" height="26" function="form-field"> </DL_ZONE>
			<DL_ZONE gedi_type="TextRegion" id="100" col="405" row="1600" width="132" height="40" contents="Virement" script="typed" language="french"> </DL_ZONE>
			<DL_ZONE gedi_type="TextRegion" id="101" col="406" row="1641" width="106" height="36" contents="Chèque" script="typed" language="french"> </DL_ZONE>
			<DL_ZONE gedi_type="TextRegion" id="102" col="406" row="1678" width="140" height="39" contents="Comptant" script="typed" language="french"> </DL_ZONE>
			<DL_ZONE gedi_type="TextRegion" id="103" col="346" row="1714" width="224" height="39" contents="Réf à rappeler:" script="typed" language="french"> </DL_ZONE>
			<DL_ZONE gedi_type="TextRegion" id="104" col="599" row="1715" width="119" height="35" contents="2009031" script="typed" function_1="reference" language="french"> </DL_ZONE>
			<DL_ZONE gedi_type="Group" id="105" col="305" row="1627" width="217" height="60" elements="97;98;101"> </DL_ZONE>
			<DL_ZONE gedi_type="SeparatorRegion" id="106" col="7" row="1897" width="1444" height="29"> </DL_ZONE>
			<DL_ZONE gedi_type="TextRegion" id="107" polygon="(87,1808);(86,1882);(582,1884);(576,1848);(1374,1843);(1369,1801)" contents="Les conditions générales de ventes applicables sont reprises au verso du présent document et sont supposées&#10;avoir été lues et approuvées par le client." script="typed" language="french"> </DL_ZONE>
			<DL_ZONE gedi_type="GraphicRegion" id="109" col="64" row="1797" width="1359" height="97" function="other"> </DL_ZONE>
			<DL_ZONE gedi_type="GraphicRegion" id="110" col="292" row="1589" width="502" height="186" function="other"> </DL_ZONE>
			<DL_ZONE gedi_type="TextRegion" id="111" col="210" row="1932" width="1074" height="80" contents="TVA : BE 0765 590 892—RPM Nivelles—CBC : 732 5951903 59—Dexia : 908 2304603 07&#10;Email : info@amana-belg.be" script="typed" function_1="footer" language="french"> </DL_ZONE>
			<DL_ZONE gedi_type="GraphicRegion" id="113" col="32" row="369" width="858" height="185" function="other"> </DL_ZONE>
			<DL_ZONE gedi_type="GraphicRegion" id="116" col="900" row="365" width="543" height="185" function="other"> </DL_ZONE>
			<DL_ZONE gedi_type="NoiseRegion" id="117" polygon="(773,792);(791,786);(813,790);(816,807);(796,838);(783,838)"> </DL_ZONE>
			<DL_ZONE gedi_type="NoiseRegion" id="118" col="355" row="906" width="15" height="16"> </DL_ZONE>
			<DL_ZONE gedi_type="NoiseRegion" id="119" col="349" row="1075" width="18" height="8"> </DL_ZONE>
			<DL_ZONE gedi_type="NoiseRegion" id="120" col="358" row="1144" width="13" height="15"> </DL_ZONE>
			<DL_ZONE gedi_type="NoiseRegion" id="121" col="268" row="938" width="13" height="10"> </DL_ZONE>
			<DL_ZONE gedi_type="NoiseRegion" id="122" col="814" row="882" width="15" height="12"> </DL_ZONE>
			<DL_ZONE gedi_type="NoiseRegion" id="123" col="927" row="1018" width="12" height="18"> </DL_ZONE>
			<DL_ZONE gedi_type="TextRegion" id="125" col="258" row="382" width="547" height="44" contents="BERTRAND Jeannine" script="hand" language="french"> </DL_ZONE>
			<DL_ZONE gedi_type="TextRegion" id="126" col="260" row="422" width="486" height="42" contents="2 rue Jean Moulin" script="hand" language="french"> </DL_ZONE>
			<DL_ZONE gedi_type="TextRegion" id="127" col="260" row="462" width="141" height="35" contents="78711" script="hand" language="french"> </DL_ZONE>
			<DL_ZONE gedi_type="TextRegion" id="128" col="312" row="499" width="422" height="39" contents="01 67 80 45 79" script="hand" language="french"> </DL_ZONE>
			<DL_ZONE gedi_type="TextRegion" id="129" col="597" row="455" width="274" height="39" contents="MANTES la ville" script="hand" language="french"> </DL_ZONE>
			<DL_ZONE gedi_type="GraphicRegion" id="132" col="259" row="414" width="607" height="13" function="underlined-field"> </DL_ZONE>
			<DL_ZONE gedi_type="GraphicRegion" id="133" col="255" row="450" width="612" height="12" function="underlined-field"> </DL_ZONE>
			<DL_ZONE gedi_type="GraphicRegion" id="134" col="257" row="487" width="208" height="17" function="underlined-field"> </DL_ZONE>
			<DL_ZONE gedi_type="GraphicRegion" id="135" col="601" row="483" width="266" height="17" function="underlined-field"> </DL_ZONE>
			<DL_ZONE gedi_type="GraphicRegion" id="136" col="256" row="521" width="614" height="15" function="underlined-field"> </DL_ZONE>
			<DL_ZONE gedi_type="GraphicRegion" id="137" col="1088" row="516" width="331" height="15" function="underlined-field"> </DL_ZONE>
			<DL_ZONE gedi_type="GraphicRegion" id="138" col="1092" row="480" width="325" height="15" function="underlined-field"> </DL_ZONE>
			<DL_ZONE gedi_type="GraphicRegion" id="139" col="1090" row="443" width="326" height="17" function="underlined-field"> </DL_ZONE>
			<DL_ZONE gedi_type="GraphicRegion" id="140" col="1092" row="410" width="329" height="16" function="underlined-field"> </DL_ZONE>
			<DL_ZONE gedi_type="TableRegion" id="141" col="1056" row="1533" width="375" height="196"> </DL_ZONE>
			<DL_ZONE gedi_type="TableRegion" id="142" col="53" row="571" width="1372" height="954"> </DL_ZONE>
			<DL_ZONE gedi_type="TextRegion" id="143" col="1393" row="1546" width="19" height="22" contents="€" script="typed" language="french"> </DL_ZONE>
			<DL_ZONE gedi_type="TextRegion" id="144" col="1396" row="1664" width="14" height="28" contents="€" script="typed" language="french"> </DL_ZONE>
		</DL_PAGE>
	</DL_DOCUMENT>
</GEDI>