<?xml version="1.0" encoding="UTF-8"?>
<!--GEDI was developed at Language and Media Processing Laboratory, University of Maryland.-->

<GEDI xmlns="http://lamp.cfar.umd.edu/media/projects/GEDI/" GEDI_version="2.3.19" GEDI_date="12/23/2011">
	<USER name="Laure" date="5/22/2012 17:46" dateFormat="mm/dd/yyyy hh:mm">	</USER>
	<USER name="MDR_P4" date="10/23/2012 17:28" dateFormat="mm/dd/yyyy hh:mm">	</USER>
	<USER name="Marnissi" date="3/14/2012 17:19" dateFormat="mm/dd/yyyy hh:mm">	</USER>
	<USER name="Mdr-P5" date="5/28/2013 11:46" dateFormat="mm/dd/yyyy hh:mm">	</USER>
	<DL_DOCUMENT src="BMXZVR.tif" docTag="xml" NrOfPages="1">
		<DL_PAGE gedi_type="DL_PAGE" src="BMXZVR.tif" pageID="1" width="3312" height="4511" Language_2="" Language_4="" Receiver_Name="" Language_3="" Sender_Company="" Sender_Phone="" Document_Location="" Language_1="french" Document_Object="BON DE COMMANDE" Category="C2" Document_Date="20/02/2012" Script_1="typed" Script_2="hand" NumPage="1" Receiver_Address="9 RUE ANGE 59046 LILLE" Receiver_Company="LA CARTE A. R. T." Receiver_Fax="+33(0)3.20.54.21.20" Receiver_Phone="+33(0)3.31.31.31.63" Sender_Address="19 RUE DES ROSES 57990 NOUSSEVILLER ST NABOR" Sender_Fax="+33(0)4.92.11.25.25" Sender_Name="Joël LEVEQUE">
			<DL_ZONE gedi_type="GraphicRegion" id="1" col="2605" row="3514" width="392" height="160" function="signature"> </DL_ZONE>
			<DL_ZONE gedi_type="TextRegion" id="2" col="281" row="2" width="2819" height="78" contents="20-02-' 12 15:08 DE- CRP COTEAU +33492112525 T-608 P001/004 F-780" script="typed" function_2="date" function_1="header" language="french"> </DL_ZONE>
			<DL_ZONE gedi_type="TextRegion" id="5" col="2183" row="404" width="366" height="337" contents="ART" script="typed" language="french"> </DL_ZONE>
			<DL_ZONE gedi_type="TextRegion" id="6" col="1236" row="1274" width="956" height="115" contents="BON DE COMMANDE" script="typed" function_2="object" function_1="title" language="french"> </DL_ZONE>
			<DL_ZONE gedi_type="TextRegion" id="7" nextZoneID="9" col="460" row="1549" width="466" height="99" contents="Je désire recevoir" script="typed" language="french"> </DL_ZONE>
			<DL_ZONE gedi_type="TextRegion" id="8" nextZoneID="10" col="1095" row="1540" width="906" height="103" contents="exemplaire(s) de la thèse suivante :" script="typed" language="french"> </DL_ZONE>
			<DL_ZONE gedi_type="TextRegion" id="9" nextZoneID="8" col="948" row="1519" width="102" height="95" contents="10" script="hand" language="french"> </DL_ZONE>
			<DL_ZONE gedi_type="TextRegion" id="10" col="577" row="1686" width="2053" height="202" contents="La perception des voyelles nasales en Français" script="hand" language="french"> </DL_ZONE>
			<DL_ZONE gedi_type="TextRegion" id="11" col="1245" row="1895" width="110" height="74" contents="de" script="typed" language="french"> </DL_ZONE>
			<DL_ZONE gedi_type="TextRegion" id="12" col="1317" row="1974" width="805" height="78" contents="ISBN : 944-2-0095-6732-3" script="typed" function_1="reference" language="french"> </DL_ZONE>
			<DL_ZONE gedi_type="TextRegion" id="13" col="993" row="2055" width="1428" height="146" contents="468 pages, au prix de 44,00 euros&#10;(Franco de port pour la France, Etranger : forfait de 10 euros)" script="typed" language="french"> </DL_ZONE>
			<DL_ZONE gedi_type="TextRegion" id="14" col="460" row="2205" width="1439" height="142" contents="(Franco de port pour la France, Etranger : forfait de 10 euros)&#10;Je vous règle ci-joint par :" script="typed" language="french"> </DL_ZONE>
			<DL_ZONE gedi_type="TextRegion" id="15" col="532" row="2340" width="940" height="72" contents="chèque à l'ordre de l'Agent comptable" script="typed" language="french"> </DL_ZONE>
			<DL_ZONE gedi_type="TextRegion" id="16" col="521" row="2410" width="1999" height="67" contents="virement à votre compte T.G, du Nord, n° TP Lille 10071/38960/00001003896/54" script="typed" language="french"> </DL_ZONE>
			<DL_ZONE gedi_type="TextRegion" id="17" col="517" row="2477" width="1747" height="75" contents="ordre : Agent comptable ¤I¤BAN ¤:¤ FR7¤6 1¤0071 59000 00001003¤896 5¤4 BIC ¤B¤DFEFRPPXXX" script="typed" language="french"> </DL_ZONE>
			<DL_ZONE gedi_type="TextRegion" id="18" col="519" row="2558" width="535" height="70" contents="ma carte bancaire n°" script="typed" language="french"> </DL_ZONE>
			<DL_ZONE gedi_type="TextRegion" id="19" col="521" row="2632" width="466" height="72" contents="date d'expiration :" script="typed" language="french"> </DL_ZONE>
			<DL_ZONE gedi_type="TextRegion" id="20" col="519" row="2707" width="735" height="72" contents="cryptogramme (voir au dos) :" script="typed" language="french"> </DL_ZONE>
			<DL_ZONE gedi_type="TextRegion" id="21" nextZoneID="25" col="465" row="2880" width="169" height="65" contents="Nom :" script="typed" language="french"> </DL_ZONE>
			<DL_ZONE gedi_type="TextRegion" id="22" col="472" row="2950" width="319" height="67" contents="Organisme :" script="typed" language="french"> </DL_ZONE>
			<DL_ZONE gedi_type="TextRegion" id="23" nextZoneID="27" col="465" row="3078" width="261" height="74" contents="Adresse :" script="typed" language="french"> </DL_ZONE>
			<DL_ZONE gedi_type="TextRegion" id="24" nextZoneID="26" col="2019" row="2866" width="269" height="79" contents="Prénoms :" script="typed" language="french"> </DL_ZONE>
			<DL_ZONE gedi_type="TextRegion" id="25" col="750" row="2844" width="401" height="103" contents="LEVEQUE" script="hand" language="french"> </DL_ZONE>
			<DL_ZONE gedi_type="TextRegion" id="26" col="2320" row="2824" width="229" height="103" contents="JOEL" script="hand" language="french"> </DL_ZONE>
			<DL_ZONE gedi_type="TextRegion" id="27" nextZoneID="28" col="861" row="3057" width="919" height="95" contents="19 RUE DES ROSES" script="hand" language="french"> </DL_ZONE>
			<DL_ZONE gedi_type="TextRegion" id="28" col="867" row="3192" width="1433" height="95" contents="57990 NOUSSEVILLER ST NABOR" script="hand" language="french"> </DL_ZONE>
			<DL_ZONE gedi_type="TextRegion" id="29" nextZoneID="30" col="1810" row="3347" width="163" height="63" contents="Date :" script="typed" language="french"> </DL_ZONE>
			<DL_ZONE gedi_type="TextRegion" id="30" col="2138" row="3325" width="423" height="103" contents="20/02/2012" script="hand" function_1="date" language="french"> </DL_ZONE>
			<DL_ZONE gedi_type="TextRegion" id="31" col="2698" row="3338" width="265" height="79" contents="Signature," script="typed" language="french"> </DL_ZONE>
			<DL_ZONE gedi_type="TextRegion" id="32" col="467" row="3455" width="1270" height="79" contents="Je désire recevoir le (les) catalogue(s) thé¤matique¤(s) suivant(s) :" script="typed" language="french"> </DL_ZONE>
			<DL_ZONE gedi_type="TextRegion" id="33" col="492" row="3604" width="234" height="52" contents="Philosophie" script="typed" language="french"> </DL_ZONE>
			<DL_ZONE gedi_type="TextRegion" id="34" col="494" row="3660" width="425" height="49" contents="Sciences des religions" script="typed" language="french"> </DL_ZONE>
			<DL_ZONE gedi_type="TextRegion" id="35" col="494" row="3705" width="236" height="52" contents="Linguistique" script="typed" language="french"> </DL_ZONE>
			<DL_ZONE gedi_type="TextRegion" id="36" col="494" row="3757" width="239" height="54" contents="Psychologie" script="typed" language="french"> </DL_ZONE>
			<DL_ZONE gedi_type="TextRegion" id="37" col="496" row="3806" width="452" height="52" contents="Sciences de l'Éducation" script="typed" language="french"> </DL_ZONE>
			<DL_ZONE gedi_type="TextRegion" id="38" col="499" row="3858" width="202" height="49" contents="Sociologie" script="typed" language="french"> </DL_ZONE>
			<DL_ZONE gedi_type="TextRegion" id="39" col="496" row="3901" width="214" height="58" contents="Ethnologie" script="typed" language="french"> </DL_ZONE>
			<DL_ZONE gedi_type="TextRegion" id="40" col="496" row="3957" width="367" height="49" contents="Sciences pol¤iti¤ques" script="typed" language="french"> </DL_ZONE>
			<DL_ZONE gedi_type="TextRegion" id="41" col="496" row="4004" width="558" height="52" contents="Histoire de l'art et archéologie" script="typed" language="french"> </DL_ZONE>
			<DL_ZONE gedi_type="TextRegion" id="42" col="501" row="4056" width="232" height="49" contents="Musicologie" script="typed" language="french"> </DL_ZONE>
			<DL_ZONE gedi_type="TextRegion" id="43" col="496" row="4101" width="311" height="51" contents="Théâtre, cinéma" script="typed" language="french"> </DL_ZONE>
			<DL_ZONE gedi_type="TextRegion" id="44" col="494" row="4150" width="153" height="50" contents="Histoire" script="typed" language="french"> </DL_ZONE>
			<DL_ZONE gedi_type="TextRegion" id="45" col="494" row="4197" width="230" height="57" contents="Géographie" script="typed" language="french"> </DL_ZONE>
			<DL_ZONE gedi_type="TextRegion" id="46" col="1142" row="3602" width="377" height="58" contents="Littérature française" script="typed" language="french"> </DL_ZONE>
			<DL_ZONE gedi_type="TextRegion" id="47" col="1142" row="3656" width="425" height="62" contents="Litt¤é¤ratures étrangères" script="typed" language="french"> </DL_ZONE>
			<DL_ZONE gedi_type="TextRegion" id="48" col="1142" row="3698" width="454" height="59" contents="Etudes grecques latines" script="typed" language="french"> </DL_ZONE>
			<DL_ZONE gedi_type="TextRegion" id="49" col="1142" row="3759" width="458" height="49" contents="Droit privé, public, pénal" script="typed" language="french"> </DL_ZONE>
			<DL_ZONE gedi_type="TextRegion" id="50" col="1146" row="3808" width="585" height="48" contents="Sciences économiques, gestion" script="typed" language="french"> </DL_ZONE>
			<DL_ZONE gedi_type="TextRegion" id="51" col="1142" row="3853" width="515" height="50" contents="Informatique, communication" script="typed" language="french"> </DL_ZONE>
			<DL_ZONE gedi_type="TextRegion" id="52" col="1139" row="3903" width="219" height="54" contents="Sémiologie" script="typed" language="french"> </DL_ZONE>
			<DL_ZONE gedi_type="TextRegion" id="53" col="1139" row="3957" width="347" height="45" contents="Sciences du sport" script="typed" language="french"> </DL_ZONE>
			<DL_ZONE gedi_type="TextRegion" id="54" col="1137" row="4004" width="533" height="99" contents="Math, et informatique appli-&#10;quées aux sciences sociales" script="typed" language="french"> </DL_ZONE>
			<DL_ZONE gedi_type="TextRegion" id="55" col="1141" row="4101" width="221" height="51" contents="Ergonomie" script="typed" language="french"> </DL_ZONE>
			<DL_ZONE gedi_type="TextRegion" id="56" col="1144" row="4148" width="218" height="52" contents="Préhi¤stoir¤e" script="typed" language="french"> </DL_ZONE>
			<DL_ZONE gedi_type="GraphicRegion" id="57" col="458" row="3613" width="32" height="36" function="form-field"> </DL_ZONE>
			<DL_ZONE gedi_type="GraphicRegion" id="58" col="458" row="3665" width="29" height="33" function="form-field"> </DL_ZONE>
			<DL_ZONE gedi_type="GraphicRegion" id="59" col="456" row="3718" width="31" height="36" function="form-field"> </DL_ZONE>
			<DL_ZONE gedi_type="GraphicRegion" id="60" col="456" row="3763" width="34" height="39" function="form-field"> </DL_ZONE>
			<DL_ZONE gedi_type="GraphicRegion" id="61" col="458" row="3806" width="29" height="43" function="form-field"> </DL_ZONE>
			<DL_ZONE gedi_type="GraphicRegion" id="62" col="456" row="3860" width="36" height="43" function="form-field"> </DL_ZONE>
			<DL_ZONE gedi_type="GraphicRegion" id="63" col="454" row="3912" width="33" height="38" function="form-field"> </DL_ZONE>
			<DL_ZONE gedi_type="GraphicRegion" id="64" col="456" row="3966" width="27" height="31" function="form-field"> </DL_ZONE>
			<DL_ZONE gedi_type="GraphicRegion" id="65" col="454" row="4013" width="29" height="36" function="form-field"> </DL_ZONE>
			<DL_ZONE gedi_type="GraphicRegion" id="66" col="460" row="4062" width="23" height="34" function="form-field"> </DL_ZONE>
			<DL_ZONE gedi_type="GraphicRegion" id="67" col="454" row="4107" width="29" height="36" function="form-field"> </DL_ZONE>
			<DL_ZONE gedi_type="GraphicRegion" id="68" col="454" row="4159" width="29" height="34" function="form-field"> </DL_ZONE>
			<DL_ZONE gedi_type="GraphicRegion" id="69" col="454" row="4209" width="31" height="33" function="form-field"> </DL_ZONE>
			<DL_ZONE gedi_type="GraphicRegion" id="70" col="1099" row="3608" width="36" height="34" function="form-field"> </DL_ZONE>
			<DL_ZONE gedi_type="GraphicRegion" id="71" col="1101" row="3660" width="32" height="40" function="form-field"> </DL_ZONE>
			<DL_ZONE gedi_type="GraphicRegion" id="72" col="1104" row="3707" width="29" height="43" function="form-field"> </DL_ZONE>
			<DL_ZONE gedi_type="GraphicRegion" id="73" col="1104" row="3766" width="29" height="33" function="form-field"> </DL_ZONE>
			<DL_ZONE gedi_type="GraphicRegion" id="74" col="1104" row="3813" width="29" height="34" function="form-field"> </DL_ZONE>
			<DL_ZONE gedi_type="GraphicRegion" id="75" col="1101" row="3862" width="27" height="34" function="form-field"> </DL_ZONE>
			<DL_ZONE gedi_type="GraphicRegion" id="76" col="1101" row="3910" width="34" height="33" function="form-field"> </DL_ZONE>
			<DL_ZONE gedi_type="GraphicRegion" id="77" col="1104" row="3957" width="26" height="38" function="form-field"> </DL_ZONE>
			<DL_ZONE gedi_type="GraphicRegion" id="78" col="1101" row="4004" width="27" height="41" function="form-field"> </DL_ZONE>
			<DL_ZONE gedi_type="GraphicRegion" id="79" col="1104" row="4107" width="24" height="32" function="form-field"> </DL_ZONE>
			<DL_ZONE gedi_type="GraphicRegion" id="80" col="1104" row="4155" width="24" height="33" function="form-field"> </DL_ZONE>
			<DL_ZONE gedi_type="GraphicRegion" id="81" col="625" row="2905" width="1418" height="40" function="underlined-field"> </DL_ZONE>
			<DL_ZONE gedi_type="GraphicRegion" id="82" col="2284" row="2902" width="643" height="34" function="underlined-field"> </DL_ZONE>
			<DL_ZONE gedi_type="GraphicRegion" id="83" col="780" row="2974" width="2183" height="43" function="underlined-field"> </DL_ZONE>
			<DL_ZONE gedi_type="GraphicRegion" id="84" col="481" row="3044" width="2471" height="34" function="underlined-field"> </DL_ZONE>
			<DL_ZONE gedi_type="GraphicRegion" id="85" col="719" row="3109" width="2239" height="34" function="underlined-field"> </DL_ZONE>
			<DL_ZONE gedi_type="GraphicRegion" id="86" col="469" row="3177" width="2489" height="40" function="underlined-field"> </DL_ZONE>
			<DL_ZONE gedi_type="GraphicRegion" id="87" col="474" row="3246" width="2493" height="32" function="underlined-field"> </DL_ZONE>
			<DL_ZONE gedi_type="GraphicRegion" id="88" col="478" row="3312" width="2478" height="35" function="underlined-field"> </DL_ZONE>
			<DL_ZONE gedi_type="GraphicRegion" id="89" col="1960" row="3374" width="749" height="32" function="underlined-field"> </DL_ZONE>
			<DL_ZONE gedi_type="GraphicRegion" id="90" col="1077" row="2572" width="292" height="69" function="form-field"> </DL_ZONE>
			<DL_ZONE gedi_type="GraphicRegion" id="91" col="1398" row="2574" width="292" height="65" function="form-field"> </DL_ZONE>
			<DL_ZONE gedi_type="GraphicRegion" id="92" col="1724" row="2574" width="292" height="63" function="form-field"> </DL_ZONE>
			<DL_ZONE gedi_type="GraphicRegion" id="93" col="2048" row="2570" width="290" height="65" function="form-field"> </DL_ZONE>
			<DL_ZONE gedi_type="GraphicRegion" id="94" col="1002" row="2639" width="158" height="65" function="form-field"> </DL_ZONE>
			<DL_ZONE gedi_type="GraphicRegion" id="95" col="1218" row="2646" width="158" height="56" function="form-field"> </DL_ZONE>
			<DL_ZONE gedi_type="GraphicRegion" id="96" col="1261" row="2711" width="283" height="63" function="form-field"> </DL_ZONE>
			<DL_ZONE gedi_type="GraphicRegion" id="97" col="1564" row="2707" width="228" height="63" function="form-field"> </DL_ZONE>
			<DL_ZONE gedi_type="GraphicRegion" id="98" col="474" row="2585" width="43" height="38" function="form-field"> </DL_ZONE>
			<DL_ZONE gedi_type="GraphicRegion" id="99" col="476" row="2430" width="36" height="38" function="form-field"> </DL_ZONE>
			<DL_ZONE gedi_type="GraphicRegion" id="100" col="481" row="2363" width="31" height="42" function="form-field"> </DL_ZONE>
			<DL_ZONE gedi_type="GraphicRegion" id="101" col="2147" row="370" width="895" height="495" function="logo"> </DL_ZONE>
			<DL_ZONE gedi_type="GraphicRegion" id="102" function="stamp" polygon="(319,856);(1225,530);(1371,955);(458,1268)"> </DL_ZONE>
			<DL_ZONE gedi_type="TextRegion" id="104" polygon="(577,1199);(1263,954);(1135,582);(442,825)" contents="LA CARTE&#10;A. R. T.&#10;9, rue Ange&#10;59046 LILLE&#10;Téléphone : 03 31 31 31 63&#10;Télécopie : 03 20 54 21 20" script="typed" function_1="coordinates" language="french"> </DL_ZONE>
			<DL_ZONE gedi_type="LineDrawingRegion" id="105" col="424" row="2340" width="131" height="90"> </DL_ZONE>
			<DL_ZONE gedi_type="Group" id="106" col="414" row="2330" width="1068" height="110" elements="15;100;105"> </DL_ZONE>
			<DL_ZONE gedi_type="LineDrawingRegion" id="107" col="409" row="3703" width="108" height="83"> </DL_ZONE>
			<DL_ZONE gedi_type="Group" id="108" col="399" row="3693" width="341" height="103" elements="35;59;107"> </DL_ZONE>
			<DL_ZONE gedi_type="GraphicRegion" id="110" col="921" row="1578" width="178" height="47" function="underlined-field"> </DL_ZONE>
			<DL_ZONE gedi_type="TextRegion" id="112" col="1171" row="2641" width="38" height="57" contents="/" script="typed" language="french"> </DL_ZONE>
			<DL_ZONE gedi_type="NoiseRegion" id="113" polygon="(256,141);(3174,125);(3084,1775);(2558,2480);(2567,2875);(2961,2891);(3037,3662);(3208,3885);(3127,3943);(1931,3662);(1616,4287);(1643,4476);(1573,4469);(1501,4220);(750,4202);(733,4294);(433,4274);(69,4141);(60,2194);(472,2124);(287,856)"> </DL_ZONE>
		</DL_PAGE>
	</DL_DOCUMENT>
</GEDI>