<?xml version="1.0" encoding="UTF-8"?>
<!--GEDI was developed at Language and Media Processing Laboratory, University of Maryland.-->

<GEDI xmlns="http://lamp.cfar.umd.edu/media/projects/GEDI/" GEDI_version="2.3.19" GEDI_date="12/23/2011">
	<USER name="Khizrane" date="3/24/2012 9:02" dateFormat="mm/dd/yyyy hh:mm">	</USER>
	<USER name="Laure" date="5/22/2012 15:56" dateFormat="mm/dd/yyyy hh:mm">	</USER>
	<DL_DOCUMENT src="BMXZWU.tif" docTag="xml" NrOfPages="1">
		<DL_PAGE gedi_type="DL_PAGE" src="BMXZWU.tif" pageID="1" width="1651" height="2335" Language_2="" Receiver_Name="" Language_4="" Language_3="" Sender_Company="" Receiver_Fax="" Receiver_Phone="" Sender_Fax="" Category="C2" Document_Object="BON DE COMMANDE" Language_1="french" NumPage="1" Script_1="typed" Script_2="hand" Receiver_Company="ZE CANO " Receiver_Address="30630 GOUDAR FRANCE" Document_Location="FRANCE" Sender_Name="Christian BENARD" Sender_Phone="¤{+33(0)3.79.51.95.53|+33(0)6.19.62.43.56}¤" Document_Date="08/03/2012" Sender_Address="1, RUE SUR LA COURBE 25550 DUNG">
			<DL_ZONE gedi_type="TextRegion" id="1" col="177" row="209" width="763" height="79" contents="BON DE COMMANDE" script="typed" function_2="object" function_1="title" language="french"> </DL_ZONE>
			<DL_ZONE gedi_type="TextRegion" id="2" col="210" row="362" width="795" height="63" contents="À adresser avec le règlement à" script="typed" language="french"> </DL_ZONE>
			<DL_ZONE gedi_type="TextRegion" id="3" col="1216" row="353" width="275" height="143" contents="ZE CANO&#10;30630 GOUDAR&#10;FRANCE" script="typed" function_1="coordinates" language="french"> </DL_ZONE>
			<DL_ZONE gedi_type="TextRegion" id="4" nextZoneID="70" col="260" row="453" width="85" height="33" contents="NOM *" script="typed" language="french"> </DL_ZONE>
			<DL_ZONE gedi_type="TextRegion" id="5" nextZoneID="71" col="219" row="509" width="123" height="31" contents="PRENOM*" script="typed" language="french"> </DL_ZONE>
			<DL_ZONE gedi_type="TextRegion" id="6" nextZoneID="72" col="210" row="560" width="134" height="43" contents="ADRESSE*" script="typed" language="french"> </DL_ZONE>
			<DL_ZONE gedi_type="TextRegion" id="7" nextZoneID="73" col="253" row="620" width="95" height="34" contents="VILLE*" script="typed" language="french"> </DL_ZONE>
			<DL_ZONE gedi_type="TextRegion" id="8" nextZoneID="74" col="151" row="679" width="193" height="32" contents="CODE POSTAL*" script="typed" language="french"> </DL_ZONE>
			<DL_ZONE gedi_type="TextRegion" id="9" nextZoneID="75" col="270" row="734" width="78" height="33" contents="TEL *" script="typed" language="french"> </DL_ZONE>
			<DL_ZONE gedi_type="TextRegion" id="10" nextZoneID="76" col="154" row="789" width="190" height="33" contents="N° PORTABLE *" script="typed" language="french"> </DL_ZONE>
			<DL_ZONE gedi_type="TextRegion" id="11" col="146" row="849" width="264" height="34" contents="¤*= mention obligatoire¤" script="typed" language="french"> </DL_ZONE>
			<DL_ZONE gedi_type="TextRegion" id="12" col="1056" row="641" width="69" height="29" contents="NOM" script="typed" language="french"> </DL_ZONE>
			<DL_ZONE gedi_type="TextRegion" id="13" col="1010" row="699" width="114" height="30" contents="PRENOM" script="typed" language="french"> </DL_ZONE>
			<DL_ZONE gedi_type="TextRegion" id="14" col="1002" row="754" width="122" height="33" contents="ADRESSE" script="typed" language="french"> </DL_ZONE>
			<DL_ZONE gedi_type="TextRegion" id="15" col="1045" row="808" width="79" height="33" contents="VILLE" script="typed" language="french"> </DL_ZONE>
			<DL_ZONE gedi_type="TextRegion" id="16" col="944" row="864" width="179" height="31" contents="CODE POSTAL" script="typed" language="french"> </DL_ZONE>
			<DL_ZONE gedi_type="TextRegion" id="17" col="986" row="576" width="487" height="33" contents="Adresse de livraison si celle-ci est différente :" script="typed" language="french"> </DL_ZONE>
			<DL_ZONE gedi_type="TextRegion" id="18" col="321" row="949" width="533" height="101" contents="Je désire être livré dès réception par ze Cano&#10;de mon règlement (délai moyen constaté: entre 2&#10;et 4 jours) - Je coche la case de gauche." script="typed" language="french"> </DL_ZONE>
			<DL_ZONE gedi_type="TextRegion" id="19" col="1037" row="953" width="427" height="92" contents="Je désire être livré à une période de 2/3&#10;jours précise que j'indique dans la case&#10;ci-contre." script="typed" language="french"> </DL_ZONE>
			<DL_ZONE gedi_type="TextRegion" id="20" col="1380" row="1188" width="110" height="33" contents="Prix total" script="typed" language="french"> </DL_ZONE>
			<DL_ZONE gedi_type="TextRegion" id="21" col="1161" row="1190" width="113" height="33" contents="Prix unit." script="typed" language="french"> </DL_ZONE>
			<DL_ZONE gedi_type="TextRegion" id="22" col="986" row="1189" width="104" height="36" contents="Quantité" script="typed" language="french"> </DL_ZONE>
			<DL_ZONE gedi_type="TextRegion" id="23" col="824" row="1192" width="63" height="33" contents="Réf." script="typed" language="french"> </DL_ZONE>
			<DL_ZONE gedi_type="TextRegion" id="24" col="440" row="1193" width="242" height="32" contents="Matériel commandé" script="typed" language="french"> </DL_ZONE>
			<DL_ZONE gedi_type="TextRegion" id="25" col="549" row="1254" width="221" height="33" contents="KAYAK LAGOON 1" script="typed" language="french"> </DL_ZONE>
			<DL_ZONE gedi_type="TextRegion" id="26" col="803" row="1254" width="101" height="32" contents="K1LAG1" script="typed" function_1="reference" language="french"> </DL_ZONE>
			<DL_ZONE gedi_type="TextRegion" id="27" col="804" row="1318" width="99" height="29" contents="K1COT" script="typed" function_1="reference" language="french"> </DL_ZONE>
			<DL_ZONE gedi_type="TextRegion" id="28" col="582" row="1320" width="195" height="28" contents="KAYAK COTIER" script="typed" language="french"> </DL_ZONE>
			<DL_ZONE gedi_type="TextRegion" id="29" col="811" row="1381" width="89" height="32" contents="K3OPT" script="typed" function_1="reference" language="french"> </DL_ZONE>
			<DL_ZONE gedi_type="TextRegion" id="30" col="458" row="1384" width="314" height="32" contents="KAYAK 3 PLACES OPTIMO" script="typed" language="french"> </DL_ZONE>
			<DL_ZONE gedi_type="TextRegion" id="31" col="467" row="1453" width="307" height="30" contents="KAYAK TANARGUE I bleu" script="typed" language="french"> </DL_ZONE>
			<DL_ZONE gedi_type="TextRegion" id="32" col="799" row="1452" width="115" height="34" contents="K2T13BL" script="typed" function_1="reference" language="french"> </DL_ZONE>
			<DL_ZONE gedi_type="TextRegion" id="33" col="795" row="1514" width="119" height="35" contents="K2T13VE" script="typed" function_1="reference" language="french"> </DL_ZONE>
			<DL_ZONE gedi_type="TextRegion" id="34" col="471" row="1518" width="303" height="33" contents="KAYAK TANARGUE I vert" script="typed" language="french"> </DL_ZONE>
			<DL_ZONE gedi_type="TextRegion" id="35" col="796" row="1575" width="120" height="28" contents="K2T13JA" script="typed" function_1="reference" language="french"> </DL_ZONE>
			<DL_ZONE gedi_type="TextRegion" id="36" col="455" row="1574" width="319" height="32" contents="KAYAK TANARGUE I jaune" script="typed" language="french"> </DL_ZONE>
			<DL_ZONE gedi_type="TextRegion" id="37" col="809" row="1627" width="95" height="29" contents="K1PRIJ" script="typed" function_1="reference" language="french"> </DL_ZONE>
			<DL_ZONE gedi_type="TextRegion" id="38" col="585" row="1629" width="189" height="30" contents="KAYAK TAIFUN" script="typed" language="french"> </DL_ZONE>
			<DL_ZONE gedi_type="TextRegion" id="39" col="801" row="1683" width="108" height="30" contents="K2T2JB" script="typed" function_1="reference" language="french"> </DL_ZONE>
			<DL_ZONE gedi_type="TextRegion" id="40" col="375" row="1686" width="400" height="31" contents="KAYAK TANARGUE II jaune ¤/¤ bleu" script="typed" language="french"> </DL_ZONE>
			<DL_ZONE gedi_type="TextRegion" id="41" col="795" row="1736" width="121" height="29" contents="MNF1650" script="typed" function_1="reference" language="french"> </DL_ZONE>
			<DL_ZONE gedi_type="TextRegion" id="42" col="549" row="1739" width="226" height="28" contents="BIDON 55 L. NEUF" script="typed" language="french"> </DL_ZONE>
			<DL_ZONE gedi_type="TextRegion" id="43" col="829" row="1786" width="55" height="35" contents="940" script="typed" function_1="reference" language="french"> </DL_ZONE>
			<DL_ZONE gedi_type="TextRegion" id="44" col="474" row="1787" width="301" height="33" contents="PAGAIE DOUBLE NEUVE" script="typed" language="french"> </DL_ZONE>
			<DL_ZONE gedi_type="TextRegion" id="45" col="386" row="1878" width="905" height="38" contents="FRANCO DE PORT pour une livraison en France (excepté Corse et Dom-Tom)" script="typed" language="french"> </DL_ZONE>
			<DL_ZONE gedi_type="TextRegion" id="46" nextZoneID="50" col="1002" row="1995" width="319" height="33" contents="TOTAL DE LA COMMANDE" script="typed" language="french"> </DL_ZONE>
			<DL_ZONE gedi_type="TextRegion" id="47" col="726" row="2194" width="625" height="36" contents="J'ai lu et j'accepte les conditions générales de vente" script="typed" language="french"> </DL_ZONE>
			<DL_ZONE gedi_type="TextRegion" id="48" nextZoneID="78" col="1086" row="2112" width="153" height="37" contents="Signature* :" script="typed" language="french"> </DL_ZONE>
			<DL_ZONE gedi_type="TextRegion" id="49" nextZoneID="77" col="624" row="2117" width="88" height="36" contents="Date* :" script="typed" language="french"> </DL_ZONE>
			<DL_ZONE gedi_type="TextRegion" id="50" col="1331" row="1985" width="130" height="54" contents="2004" script="hand" language="french"> </DL_ZONE>
			<DL_ZONE gedi_type="TextRegion" id="51" col="1367" row="1729" width="106" height="44" contents="156" script="hand" language="french"> </DL_ZONE>
			<DL_ZONE gedi_type="TextRegion" id="52" col="1349" row="1775" width="121" height="50" contents="128" script="hand" language="french"> </DL_ZONE>
			<DL_ZONE gedi_type="TextRegion" id="53" col="1378" row="1622" width="94" height="52" contents="460" script="hand" language="french"> </DL_ZONE>
			<DL_ZONE gedi_type="TextRegion" id="54" col="1201" row="1788" width="40" height="28" contents="32" script="typed" language="french"> </DL_ZONE>
			<DL_ZONE gedi_type="TextRegion" id="55" col="1200" row="1737" width="39" height="24" contents="39" script="typed" language="french"> </DL_ZONE>
			<DL_ZONE gedi_type="TextRegion" id="56" col="1198" row="1682" width="47" height="30" contents="390" script="typed" language="french"> </DL_ZONE>
			<DL_ZONE gedi_type="TextRegion" id="57" col="1194" row="1629" width="53" height="27" contents="230" script="typed" language="french"> </DL_ZONE>
			<DL_ZONE gedi_type="TextRegion" id="58" col="1190" row="1574" width="55" height="26" contents="320" script="typed" language="french"> </DL_ZONE>
			<DL_ZONE gedi_type="TextRegion" id="59" col="1195" row="1516" width="49" height="30" contents="320" script="typed" language="french"> </DL_ZONE>
			<DL_ZONE gedi_type="TextRegion" id="60" col="1193" row="1451" width="51" height="32" contents="320" script="typed" language="french"> </DL_ZONE>
			<DL_ZONE gedi_type="TextRegion" id="61" col="1193" row="1385" width="51" height="25" contents="390" script="typed" language="french"> </DL_ZONE>
			<DL_ZONE gedi_type="TextRegion" id="62" col="1194" row="1318" width="50" height="29" contents="300" script="typed" language="french"> </DL_ZONE>
			<DL_ZONE gedi_type="TextRegion" id="63" col="1193" row="1256" width="52" height="27" contents="320" script="typed" language="french"> </DL_ZONE>
			<DL_ZONE gedi_type="TextRegion" id="64" col="993" row="1448" width="47" height="47" contents="2" script="hand" language="french"> </DL_ZONE>
			<DL_ZONE gedi_type="TextRegion" id="65" col="1000" row="1634" width="49" height="48" contents="2" script="hand" language="french"> </DL_ZONE>
			<DL_ZONE gedi_type="TextRegion" id="66" col="1003" row="1719" width="49" height="57" contents="4" script="hand" language="french"> </DL_ZONE>
			<DL_ZONE gedi_type="TextRegion" id="67" col="1002" row="1778" width="52" height="53" contents="4" script="hand" language="french"> </DL_ZONE>
			<DL_ZONE gedi_type="TextRegion" id="68" col="979" row="1308" width="57" height="49" contents="1" script="hand" language="french"> </DL_ZONE>
			<DL_ZONE gedi_type="TextRegion" id="69" col="985" row="1247" width="60" height="47" contents="1" script="hand" language="french"> </DL_ZONE>
			<DL_ZONE gedi_type="TextRegion" id="70" polygon="(365,436);(531,434);(567,484);(531,489);(498,484);(467,495);(365,495)" contents="BENARD" script="hand" language="french"> </DL_ZONE>
			<DL_ZONE gedi_type="TextRegion" id="71" polygon="(366,497);(474,498);(497,486);(527,494);(614,499);(615,557);(358,549);(356,538)" contents="Christian" script="hand" language="french"> </DL_ZONE>
			<DL_ZONE gedi_type="TextRegion" id="72" polygon="(346,557);(608,561);(645,554);(839,551);(901,561);(896,615);(382,625);(342,608)" contents="1, Rue sur la courbe" script="hand" language="french"> </DL_ZONE>
			<DL_ZONE gedi_type="TextRegion" id="73" polygon="(378,628);(544,626);(545,670);(378,672)" contents="DUNG" script="hand" language="french"> </DL_ZONE>
			<DL_ZONE gedi_type="TextRegion" id="74" col="362" row="682" width="160" height="47" contents="25550" script="hand" language="french"> </DL_ZONE>
			<DL_ZONE gedi_type="TextRegion" id="75" col="356" row="743" width="368" height="44" contents="03.79.51.95.53" script="hand" language="french"> </DL_ZONE>
			<DL_ZONE gedi_type="TextRegion" id="76" col="354" row="791" width="449" height="56" contents="0619-62-43-56." script="hand" language="french"> </DL_ZONE>
			<DL_ZONE gedi_type="TextRegion" id="77" polygon="(730,2101);(800,2079);(898,2089);(998,2094);(1024,2143);(858,2169);(736,2148)" contents="8/03/2012" script="hand" function_1="date" language="french"> </DL_ZONE>
			<DL_ZONE gedi_type="TextRegion" id="78" polygon="(1245,2095);(1353,2084);(1497,2055);(1522,2132);(1238,2167)" contents="¤benard¤" script="hand" language="french"> </DL_ZONE>
			<DL_ZONE gedi_type="GraphicRegion" id="79" function="signature" polygon="(1239,2084);(1550,2051);(1570,2144);(1235,2171)"> </DL_ZONE>
			<DL_ZONE gedi_type="GraphicRegion" id="80" col="657" row="2182" width="61" height="58" function="form-field"> </DL_ZONE>
			<DL_ZONE gedi_type="TextRegion" id="85" col="1368" row="1441" width="100" height="56" contents="640" script="hand" language="french"> </DL_ZONE>
			<DL_ZONE gedi_type="TextRegion" id="86" col="1367" row="1306" width="104" height="54" contents="300" script="hand" language="french"> </DL_ZONE>
			<DL_ZONE gedi_type="TextRegion" id="87" col="1368" row="1240" width="108" height="55" contents="320" script="hand" language="french"> </DL_ZONE>
			<DL_ZONE gedi_type="GraphicRegion" id="98" col="878" row="941" width="161" height="115" function="other"> </DL_ZONE>
			<DL_ZONE gedi_type="GraphicRegion" id="99" col="221" row="971" width="60" height="60" function="form-field"> </DL_ZONE>
			<DL_ZONE gedi_type="GraphicRegion" id="100" col="1321" row="1974" width="235" height="70" function="other"> </DL_ZONE>
			<DL_ZONE gedi_type="GraphicRegion" id="101" col="1238" row="2073" width="300" height="108" function="other"> </DL_ZONE>
			<DL_ZONE gedi_type="GraphicRegion" id="102" col="712" row="2075" width="301" height="107" function="other"> </DL_ZONE>
			<DL_ZONE gedi_type="GraphicRegion" id="103" function="drawing" polygon="(1039,406);(1081,406);(1081,392);(1133,422);(1084,455);(1082,440);(1039,440)"> </DL_ZONE>
			<DL_ZONE gedi_type="GraphicRegion" id="105" col="128" row="195" width="865" height="104" function="other"> </DL_ZONE>
			<DL_ZONE gedi_type="GraphicRegion" id="106" function="drawing" polygon="(1273,144);(1236,300);(1255,334);(1338,344);(1534,295);(1528,244);(1450,141);(1408,140);(1390,168);(1315,131)"> </DL_ZONE>
			<DL_ZONE gedi_type="ImageRegion" id="108" col="89" row="1527" width="219" height="324"> </DL_ZONE>
			<DL_ZONE gedi_type="NoiseRegion" id="113" polygon="(1120,1508);(1560,1562);(1622,1645);(1496,1736);(1280,1686);(1154,1639)"> </DL_ZONE>
			<DL_ZONE gedi_type="SeparatorRegion" id="114" col="335" row="1172" width="15" height="878"> </DL_ZONE>
			<DL_ZONE gedi_type="GraphicRegion" id="116" col="349" row="477" width="570" height="18" function="underlined-field"> </DL_ZONE>
			<DL_ZONE gedi_type="GraphicRegion" id="117" col="344" row="538" width="573" height="15" function="underlined-field"> </DL_ZONE>
			<DL_ZONE gedi_type="GraphicRegion" id="118" col="345" row="596" width="576" height="15" function="underlined-field"> </DL_ZONE>
			<DL_ZONE gedi_type="GraphicRegion" id="119" col="350" row="654" width="569" height="19" function="underlined-field"> </DL_ZONE>
			<DL_ZONE gedi_type="GraphicRegion" id="120" col="346" row="713" width="571" height="17" function="underlined-field"> </DL_ZONE>
			<DL_ZONE gedi_type="GraphicRegion" id="121" col="353" row="773" width="567" height="20" function="underlined-field"> </DL_ZONE>
			<DL_ZONE gedi_type="GraphicRegion" id="122" col="348" row="831" width="571" height="17" function="underlined-field"> </DL_ZONE>
			<DL_ZONE gedi_type="GraphicRegion" id="123" col="1133" row="891" width="412" height="22" function="underlined-field"> </DL_ZONE>
			<DL_ZONE gedi_type="GraphicRegion" id="124" col="1135" row="839" width="406" height="15" function="underlined-field"> </DL_ZONE>
			<DL_ZONE gedi_type="GraphicRegion" id="125" col="1134" row="784" width="403" height="17" function="underlined-field"> </DL_ZONE>
			<DL_ZONE gedi_type="GraphicRegion" id="126" col="1135" row="729" width="403" height="17" function="underlined-field"> </DL_ZONE>
			<DL_ZONE gedi_type="GraphicRegion" id="127" col="1132" row="673" width="409" height="14" function="underlined-field"> </DL_ZONE>
			<DL_ZONE gedi_type="SeparatorRegion" id="128" col="104" row="921" width="1492" height="16"> </DL_ZONE>
			<DL_ZONE gedi_type="SeparatorRegion" id="129" col="98" row="1053" width="1489" height="14"> </DL_ZONE>
			<DL_ZONE gedi_type="LineDrawingRegion" id="130" col="226" row="963" width="64" height="71"> </DL_ZONE>
			<DL_ZONE gedi_type="LineDrawingRegion" id="131" col="652" row="2180" width="66" height="67"> </DL_ZONE>
			<DL_ZONE gedi_type="Group" id="132" col="642" row="2170" width="719" height="87" elements="47;80;131"> </DL_ZONE>
			<DL_ZONE gedi_type="Group" id="133" col="211" row="939" width="653" height="121" elements="18;99;130"> </DL_ZONE>
			<DL_ZONE gedi_type="TableRegion" id="134" col="366" row="1152" width="1186" height="696"> </DL_ZONE>
		</DL_PAGE>
	</DL_DOCUMENT>
</GEDI>