<?xml version="1.0" encoding="UTF-8"?>
<!--GEDI was developed at Language and Media Processing Laboratory, University of Maryland.-->

<GEDI xmlns="http://lamp.cfar.umd.edu/media/projects/GEDI/" GEDI_version="2.3.19" GEDI_date="12/23/2011">
	<USER name="Laure" date="5/10/2012 17:49" dateFormat="mm/dd/yyyy hh:mm">	</USER>
	<USER name="MDR-P2" date="10/23/2012 17:00" dateFormat="mm/dd/yyyy hh:mm">	</USER>
	<USER name="Marnissi" date="4/17/2012 19:16" dateFormat="mm/dd/yyyy hh:mm">	</USER>
	<USER name="Mdr-P5" date="5/28/2013 12:27" dateFormat="mm/dd/yyyy hh:mm">	</USER>
	<DL_DOCUMENT src="BPTVYW.tif" docTag="xml" NrOfPages="1">
		<DL_PAGE gedi_type="DL_PAGE" src="BPTVYW.tif" pageID="1" width="1684" height="2288" Language_2="" Language_4="" Language_3="" Receiver_Company="" Receiver_Fax="" Document_Location="" Receiver_Phone="" Sender_Address="" Sender_Fax="" Category="C2" Document_Object="FACTURE" Language_1="french" NumPage="1" Script_1="typed" Script_2="hand" Sender_Company="DELEUZE-ELECTROMENAGER" Sender_Name="" Receiver_Address="78 RUE KLEBER 68800 THANN" Document_Date="15/03/2012" Sender_Phone="¤{+33(0)1.43.31.68.72|+33(0)6.48.13.02.28}¤" Receiver_Name="Aurélie KLEIN">
			<DL_ZONE gedi_type="TextRegion" id="1" col="685" row="160" width="274" height="54" contents="Facture n°" script="typed" function_2="object" function_1="title" language="french"> </DL_ZONE>
			<DL_ZONE gedi_type="TextRegion" id="2" nextZoneID="32" col="146" row="281" width="106" height="31" contents="¤Société¤" script="typed" language="french"> </DL_ZONE>
			<DL_ZONE gedi_type="TextRegion" id="3" nextZoneID="43" col="147" row="432" width="162" height="35" contents="¤Téléphones¤" script="typed" language="french"> </DL_ZONE>
			<DL_ZONE gedi_type="TextRegion" id="4" nextZoneID="45" col="147" row="547" width="102" height="31" contents="¤SIRET¤" script="typed" language="french"> </DL_ZONE>
			<DL_ZONE gedi_type="TextRegion" id="5" nextZoneID="46" col="148" row="587" width="72" height="28" contents="¤TVA¤" script="typed" language="french"> </DL_ZONE>
			<DL_ZONE gedi_type="TextRegion" id="6" nextZoneID="47" col="149" row="623" width="71" height="35" contents="¤APE¤" script="typed" language="french"> </DL_ZONE>
			<DL_ZONE gedi_type="TextRegion" id="7" nextZoneID="31" col="874" row="276" width="183" height="36" contents="¤Destinataire¤" script="typed" language="french"> </DL_ZONE>
			<DL_ZONE gedi_type="TextRegion" id="8" nextZoneID="42" col="808" row="467" width="249" height="38" contents="¤Affaire suivie par¤" script="typed" language="french"> </DL_ZONE>
			<DL_ZONE gedi_type="TextRegion" id="9" nextZoneID="30" col="978" row="663" width="79" height="35" contents="¤Date¤" script="typed" language="french"> </DL_ZONE>
			<DL_ZONE gedi_type="TextRegion" id="10" col="144" row="817" width="150" height="37" contents="¤Désignation¤" script="typed" language="french"> </DL_ZONE>
			<DL_ZONE gedi_type="TextRegion" id="11" col="737" row="818" width="115" height="33" contents="¤Quantité¤" script="typed" language="french"> </DL_ZONE>
			<DL_ZONE gedi_type="TextRegion" id="12" col="887" row="819" width="273" height="31" contents="¤Prix unitaire HT euros¤" script="typed" language="french"> </DL_ZONE>
			<DL_ZONE gedi_type="TextRegion" id="13" col="1286" row="816" width="240" height="32" contents="¤Prix total HT euros¤" script="typed" language="french"> </DL_ZONE>
			<DL_ZONE gedi_type="TextRegion" id="14" nextZoneID="49" col="149" row="1320" width="351" height="31" contents="¤Adresse de la prestation :¤" script="typed" language="french"> </DL_ZONE>
			<DL_ZONE gedi_type="TextRegion" id="15" col="873" row="1168" width="86" height="28" contents="¤TOTAL¤" script="typed" language="french"> </DL_ZONE>
			<DL_ZONE gedi_type="TextRegion" id="16" col="1012" row="1166" width="39" height="30" contents="¤HT¤" script="typed" language="french"> </DL_ZONE>
			<DL_ZONE gedi_type="TextRegion" id="17" col="911" row="1206" width="79" height="33" contents="¤TVA à¤" script="typed" language="french"> </DL_ZONE>
			<DL_ZONE gedi_type="TextRegion" id="18" col="1009" row="1204" width="80" height="34" contents="¤19,6%¤" script="typed" language="french"> </DL_ZONE>
			<DL_ZONE gedi_type="TextRegion" id="19" col="874" row="1243" width="112" height="32" contents="¤TOTAL¤" script="typed" language="french"> </DL_ZONE>
			<DL_ZONE gedi_type="TextRegion" id="20" col="1014" row="1242" width="162" height="32" contents="¤TTC Euros¤" script="typed" language="french"> </DL_ZONE>
			<DL_ZONE gedi_type="TextRegion" id="21" col="1223" row="1162" width="84" height="32" contents="720" script="hand" language="french"> </DL_ZONE>
			<DL_ZONE gedi_type="TextRegion" id="22" col="1217" row="1201" width="124" height="38" contents="141,12" script="hand" language="french"> </DL_ZONE>
			<DL_ZONE gedi_type="TextRegion" id="23" col="1210" row="1242" width="151" height="39" contents="¤P¤ 61,12" script="hand" language="french"> </DL_ZONE>
			<DL_ZONE gedi_type="TextRegion" id="24" nextZoneID="27" col="146" row="1507" width="328" height="36" contents="¤Date de la prestation :¤" script="typed" language="french"> </DL_ZONE>
			<DL_ZONE gedi_type="TextRegion" id="25" nextZoneID="91" col="150" row="1546" width="342" height="38" contents="¤Conditions de paiement :¤" script="typed" language="french"> </DL_ZONE>
			<DL_ZONE gedi_type="TextRegion" id="26" nextZoneID="50" col="147" row="1585" width="497" height="34" contents="¤Facture adressée en 1 exemplaire à :¤" script="typed" language="french"> </DL_ZONE>
			<DL_ZONE gedi_type="TextRegion" id="27" col="484" row="1503" width="148" height="40" contents="10/03/12" script="hand" language="french"> </DL_ZONE>
			<DL_ZONE gedi_type="TextRegion" id="28" col="871" row="1662" width="365" height="32" contents="¤Signature du fournisseur :¤" script="typed" language="french"> </DL_ZONE>
			<DL_ZONE gedi_type="TextRegion" id="29" col="871" row="1816" width="289" height="33" contents="¤Signature du client :¤" script="typed" language="french"> </DL_ZONE>
			<DL_ZONE gedi_type="TextRegion" id="30" col="1081" row="633" width="183" height="72" contents="15/03/12" script="hand" function_1="date" language="french"> </DL_ZONE>
			<DL_ZONE gedi_type="TextRegion" id="31" col="1090" row="243" width="256" height="67" contents="Aurélie KleiN" script="hand" language="french"> </DL_ZONE>
			<DL_ZONE gedi_type="TextRegion" id="32" col="290" row="257" width="485" height="55" contents="DELEUZE-ELECTROMENAGER" script="hand" language="french"> </DL_ZONE>
			<DL_ZONE gedi_type="TextRegion" id="33" col="777" row="855" width="44" height="36" contents="1" script="hand" language="french"> </DL_ZONE>
			<DL_ZONE gedi_type="TextRegion" id="34" col="776" row="894" width="36" height="32" contents="1" script="hand" language="french"> </DL_ZONE>
			<DL_ZONE gedi_type="TextRegion" id="35" col="771" row="936" width="34" height="47" contents="2" script="hand" language="french"> </DL_ZONE>
			<DL_ZONE gedi_type="TextRegion" id="36" col="907" row="947" width="62" height="38" contents="30" script="hand" language="french"> </DL_ZONE>
			<DL_ZONE gedi_type="TextRegion" id="37" col="921" row="898" width="54" height="40" contents="31" script="hand" language="french"> </DL_ZONE>
			<DL_ZONE gedi_type="TextRegion" id="38" col="918" row="852" width="89" height="38" contents="569" script="hand" language="french"> </DL_ZONE>
			<DL_ZONE gedi_type="TextRegion" id="39" col="1294" row="850" width="87" height="44" contents="¤8¤69" script="hand" language="french"> </DL_ZONE>
			<DL_ZONE gedi_type="TextRegion" id="40" col="1295" row="907" width="55" height="36" contents="31" script="hand" language="french"> </DL_ZONE>
			<DL_ZONE gedi_type="TextRegion" id="41" col="1279" row="946" width="70" height="46" contents="60" script="hand" language="french"> </DL_ZONE>
			<DL_ZONE gedi_type="TextRegion" id="42" polygon="(1162,443);(1201,443);(1224,412);(1244,424);(1244,437);(1394,450);(1392,527);(1097,524);(1098,441)" contents="Charles Lesage" script="hand" language="french"> </DL_ZONE>
			<DL_ZONE gedi_type="TextRegion" id="43" polygon="(329,406);(560,406);(557,461);(329,462);(324,453)" contents="0143316872" script="hand" language="french"> </DL_ZONE>
			<DL_ZONE gedi_type="TextRegion" id="44" col="321" row="458" width="236" height="47" contents="0648130228" script="hand" language="french"> </DL_ZONE>
			<DL_ZONE gedi_type="TextRegion" id="45" polygon="(304,521);(657,516);(653,569);(350,577);(304,568)" contents="64331265231533" script="hand" language="french"> </DL_ZONE>
			<DL_ZONE gedi_type="TextRegion" id="46" col="307" row="569" width="260" height="42" contents="¤F¤R 2¤5¤688103614" script="hand" language="french"> </DL_ZONE>
			<DL_ZONE gedi_type="TextRegion" id="47" col="315" row="612" width="168" height="49" contents="6395 N" script="hand" language="french"> </DL_ZONE>
			<DL_ZONE gedi_type="TextRegion" id="49" col="157" row="1353" width="278" height="86" contents="78 rue Kleber&#10;68800 THANN" script="hand" language="french"> </DL_ZONE>
			<DL_ZONE gedi_type="TextRegion" id="50" polygon="(155,1614);(252,1602);(364,1630);(360,1664);(147,1666)" contents="Aurélie KleiN" script="hand" language="french"> </DL_ZONE>
			<DL_ZONE gedi_type="GraphicRegion" id="51" col="1022" row="1852" width="118" height="77" function="signature"> </DL_ZONE>
			<DL_ZONE gedi_type="GraphicRegion" id="52" function="signature" polygon="(1066,1708);(987,1801);(908,1761);(979,1680)"> </DL_ZONE>
			<DL_ZONE gedi_type="GraphicRegion" id="53" col="272" row="294" width="466" height="14" function="underlined-field"> </DL_ZONE>
			<DL_ZONE gedi_type="GraphicRegion" id="54" col="267" row="329" width="471" height="15" function="underlined-field"> </DL_ZONE>
			<DL_ZONE gedi_type="GraphicRegion" id="55" col="270" row="369" width="466" height="13" function="underlined-field"> </DL_ZONE>
			<DL_ZONE gedi_type="GraphicRegion" id="56" col="1079" row="296" width="406" height="13" function="underlined-field"> </DL_ZONE>
			<DL_ZONE gedi_type="GraphicRegion" id="57" col="1078" row="342" width="401" height="13" function="underlined-field"> </DL_ZONE>
			<DL_ZONE gedi_type="GraphicRegion" id="58" col="1080" row="386" width="399" height="15" function="underlined-field"> </DL_ZONE>
			<DL_ZONE gedi_type="GraphicRegion" id="59" col="326" row="447" width="222" height="13" function="underlined-field"> </DL_ZONE>
			<DL_ZONE gedi_type="GraphicRegion" id="60" col="328" row="490" width="224" height="13" function="underlined-field"> </DL_ZONE>
			<DL_ZONE gedi_type="GraphicRegion" id="61" col="1078" row="488" width="410" height="16" function="underlined-field"> </DL_ZONE>
			<DL_ZONE gedi_type="GraphicRegion" id="62" col="1080" row="533" width="414" height="12" function="underlined-field"> </DL_ZONE>
			<DL_ZONE gedi_type="GraphicRegion" id="63" col="312" row="600" width="224" height="11" function="underlined-field"> </DL_ZONE>
			<DL_ZONE gedi_type="GraphicRegion" id="64" col="312" row="639" width="312" height="16" function="underlined-field"> </DL_ZONE>
			<DL_ZONE gedi_type="GraphicRegion" id="65" col="1074" row="683" width="229" height="12" function="underlined-field"> </DL_ZONE>
			<DL_ZONE gedi_type="GraphicRegion" id="66" col="313" row="559" width="310" height="16" function="underlined-field"> </DL_ZONE>
			<DL_ZONE gedi_type="GraphicRegion" id="67" col="137" row="236" width="1401" height="504" function="other"> </DL_ZONE>
			<DL_ZONE gedi_type="TableRegion" id="68" col="134" row="815" width="1403" height="312"> </DL_ZONE>
			<DL_ZONE gedi_type="TableRegion" id="69" col="860" row="1162" width="679" height="119"> </DL_ZONE>
			<DL_ZONE gedi_type="GraphicRegion" id="70" col="138" row="1314" width="595" height="462" function="other"> </DL_ZONE>
			<DL_ZONE gedi_type="GraphicRegion" id="71" col="862" row="1659" width="676" height="309" function="other"> </DL_ZONE>
			<DL_ZONE gedi_type="NoiseRegion" id="72" col="208" row="28" width="13" height="16"> </DL_ZONE>
			<DL_ZONE gedi_type="NoiseRegion" id="73" col="535" row="217" width="230" height="11"> </DL_ZONE>
			<DL_ZONE gedi_type="NoiseRegion" id="74" col="1024" row="211" width="576" height="15"> </DL_ZONE>
			<DL_ZONE gedi_type="NoiseRegion" id="75" col="1147" row="2069" width="22" height="23"> </DL_ZONE>
			<DL_ZONE gedi_type="NoiseRegion" id="76" col="1352" row="1980" width="38" height="80"> </DL_ZONE>
			<DL_ZONE gedi_type="NoiseRegion" id="77" col="1309" row="1935" width="20" height="19"> </DL_ZONE>
			<DL_ZONE gedi_type="NoiseRegion" id="80" col="889" row="864" width="24" height="25"> </DL_ZONE>
			<DL_ZONE gedi_type="TextRegion" id="81" polygon="(155,854);(690,844);(689,884);(156,894)" contents="REFREGERATEUR PHILIPS N2100" script="typed" language="french"> </DL_ZONE>
			<DL_ZONE gedi_type="TextRegion" id="82" polygon="(160,896);(651,897);(648,940);(141,947);(141,894)" contents="FOUR À MICRO-ONDES A¤R¤" script="hand" language="french"> </DL_ZONE>
			<DL_ZONE gedi_type="TextRegion" id="83" polygon="(147,948);(356,948);(352,996);(142,1002)" contents="CAFETIERE" script="hand" language="french"> </DL_ZONE>
			<DL_ZONE gedi_type="TextRegion" id="91" polygon="(516,1541);(617,1545);(616,1583);(564,1602);(509,1578)" contents="Chèque" script="hand" language="french"> </DL_ZONE>
			<DL_ZONE gedi_type="TextRegion" id="95" polygon="(1028,1855);(1129,1856);(1127,1902);(1024,1924)" contents="KleiN" script="hand" language="french"> </DL_ZONE>
		</DL_PAGE>
	</DL_DOCUMENT>
</GEDI>