<?xml version="1.0" encoding="UTF-8"?>
<!--GEDI was developed at Language and Media Processing Laboratory, University of Maryland.-->

<GEDI xmlns="http://lamp.cfar.umd.edu/media/projects/GEDI/" GEDI_version="2.3.19" GEDI_date="12/23/2011">
	<USER name="Laure" date="4/23/2012 15:04" dateFormat="mm/dd/yyyy hh:mm">	</USER>
	<USER name="MDR-P2" date="10/23/2012 17:07" dateFormat="mm/dd/yyyy hh:mm">	</USER>
	<USER name="Mdr-P5" date="5/28/2013 12:29" dateFormat="mm/dd/yyyy hh:mm">	</USER>
	<DL_DOCUMENT src="BPVUHY.tif" docTag="xml" NrOfPages="1">
		<DL_PAGE gedi_type="DL_PAGE" src="BPVUHY.tif" pageID="1" width="1684" height="2288" Language_2="" Language_4="" Document_Date="" Language_3="" Receiver_Fax="" Document_Location="" Sender_Fax="" Language_1="french" NumPage="1" Script_2="" Script_1="typed" Category="C2" Document_Object="BON DE COMMANDE" Sender_Company="" Receiver_Company="VINOIS" Receiver_Address="15 BOULEVARD DU MILITAIRE" Receiver_Phone="+33(0)7.46.11.28.45" Sender_Phone="+33(0)3.70.95.90.76" Receiver_Name="" Sender_Address="5 RUE GEORGES BRASSENS 54280 CHAMPENOUX FRANCE" Sender_Name="Pascale OLIVIER">
			<DL_ZONE gedi_type="TextRegion" id="1" col="282" row="795" width="1125" height="33" contents="Livraison possible sur toute la France en 24h pour une commande minimum de 100 ¤{euro/euros}¤ hors frais de port" script="typed" language="french"> </DL_ZONE>
			<DL_ZONE gedi_type="TextRegion" id="2" col="191" row="588" width="1160" height="204" contents="Nom : Olivier Prénom : Pascale&#10;Adresse de livraison : 5 rue Georges Brassens&#10;Code ¤{postale/postal}¤ : 54280 Ville : Champenoux Pays : France&#10;Téléphone : 03.70.95.90.76 Email : pascale.olivier@jaimel.com" script="typed" language="french"> </DL_ZONE>
			<DL_ZONE gedi_type="TextRegion" id="3" col="206" row="925" width="77" height="50" contents="Réf" script="typed" language="french"> </DL_ZONE>
			<DL_ZONE gedi_type="TextRegion" id="4" col="549" row="928" width="224" height="47" contents="Description" script="typed" language="french"> </DL_ZONE>
			<DL_ZONE gedi_type="TextRegion" id="5" col="1037" row="927" width="89" height="48" contents="Qté" script="typed" language="french"> </DL_ZONE>
			<DL_ZONE gedi_type="TextRegion" id="6" col="1159" row="927" width="158" height="99" contents="Prix&#10;unitaire" script="typed" language="french"> </DL_ZONE>
			<DL_ZONE gedi_type="TextRegion" id="7" col="1367" row="929" width="117" height="47" contents="Total" script="typed" language="french"> </DL_ZONE>
			<DL_ZONE gedi_type="TextRegion" id="8" col="192" row="124" width="348" height="153" contents="Vinois&#10;15 Boulevard du Militaire&#10;SIRECT N°48793157996744&#10;07.46.11.28.45" script="typed" function_2="reference" function_1="coordinates" language="french"> </DL_ZONE>
			<DL_ZONE gedi_type="TextRegion" id="9" col="1078" row="148" width="174" height="167" contents="V" script="typed" language="french"> </DL_ZONE>
			<DL_ZONE gedi_type="TextRegion" id="10" col="569" row="467" width="542" height="69" contents="Bon de commande" script="typed" function_2="object" function_1="title" language="french"> </DL_ZONE>
			<DL_ZONE gedi_type="GraphicRegion" id="11" col="1063" row="141" width="203" height="182" function="logo"> </DL_ZONE>
			<DL_ZONE gedi_type="GraphicRegion" id="12" col="180" row="576" width="1316" height="223" function="other"> </DL_ZONE>
			<DL_ZONE gedi_type="TextRegion" id="13" col="196" row="1056" width="40" height="26" contents="25" script="typed" function_1="reference" language="french"> </DL_ZONE>
			<DL_ZONE gedi_type="TextRegion" id="14" col="313" row="1058" width="94" height="27" contents="Trousse" script="typed" language="french"> </DL_ZONE>
			<DL_ZONE gedi_type="TextRegion" id="15" col="310" row="1089" width="138" height="27" contents="Boîte 15x23" script="typed" language="french"> </DL_ZONE>
			<DL_ZONE gedi_type="TextRegion" id="16" col="313" row="1121" width="96" height="26" contents="Marteau" script="typed" language="french"> </DL_ZONE>
			<DL_ZONE gedi_type="TextRegion" id="17" col="197" row="1121" width="36" height="24" contents="63" script="typed" function_1="reference" language="french"> </DL_ZONE>
			<DL_ZONE gedi_type="TextRegion" id="18" col="201" row="1090" width="41" height="23" contents="189" script="typed" function_1="reference" language="french"> </DL_ZONE>
			<DL_ZONE gedi_type="TextRegion" id="19" col="1029" row="1060" width="31" height="25" contents="2" script="typed" language="french"> </DL_ZONE>
			<DL_ZONE gedi_type="TextRegion" id="20" col="1031" row="1092" width="24" height="24" contents="1" script="typed" language="french"> </DL_ZONE>
			<DL_ZONE gedi_type="TextRegion" id="21" col="1029" row="1124" width="26" height="21" contents="1" script="typed" language="french"> </DL_ZONE>
			<DL_ZONE gedi_type="TextRegion" id="22" col="1153" row="1058" width="74" height="29" contents="5.20€" script="typed" language="french"> </DL_ZONE>
			<DL_ZONE gedi_type="TextRegion" id="23" col="1153" row="1090" width="74" height="28" contents="4.70€" script="typed" language="french"> </DL_ZONE>
			<DL_ZONE gedi_type="TextRegion" id="24" col="1153" row="1119" width="81" height="29" contents="16.70€" script="typed" language="french"> </DL_ZONE>
			<DL_ZONE gedi_type="TextRegion" id="25" col="1329" row="1056" width="87" height="33" contents="10.40€" script="typed" language="french"> </DL_ZONE>
			<DL_ZONE gedi_type="TextRegion" id="26" col="1332" row="1089" width="74" height="29" contents="4.70€" script="typed" language="french"> </DL_ZONE>
			<DL_ZONE gedi_type="TextRegion" id="27" col="1336" row="1119" width="80" height="29" contents="16.70€" script="typed" language="french"> </DL_ZONE>
			<DL_ZONE gedi_type="TextRegion" id="28" col="905" row="1832" width="405" height="48" contents="Total à payer en euro" script="typed" language="french"> </DL_ZONE>
			<DL_ZONE gedi_type="TextRegion" id="29" col="1331" row="1856" width="81" height="32" contents="31.80€" script="typed" language="french"> </DL_ZONE>
			<DL_ZONE gedi_type="TextRegion" id="30" col="190" row="1903" width="527" height="34" contents="Frais de port à ajouter et à payer à la commande" script="typed" language="french"> </DL_ZONE>
			<DL_ZONE gedi_type="TextRegion" id="31" col="192" row="1968" width="658" height="44" contents="Bon de commande à envoyer au : 16 mai 2016" script="typed" language="french"> </DL_ZONE>
			<DL_ZONE gedi_type="TextRegion" id="32" col="194" row="2043" width="167" height="39" contents="Signature :" script="typed" language="french"> </DL_ZONE>
			<DL_ZONE gedi_type="TextRegion" id="33" col="366" row="2041" width="222" height="40" contents="Olivier Pascale" script="typed" language="french"> </DL_ZONE>
			<DL_ZONE gedi_type="GraphicRegion" id="34" function="signature" polygon="(492,2127);(542,2094);(639,2084);(765,2105);(753,2159);(622,2217);(579,2212);(477,2161)"> </DL_ZONE>
			<DL_ZONE gedi_type="Group" id="43" col="356" row="2031" width="419" height="196" elements="33;34"> </DL_ZONE>
			<DL_ZONE gedi_type="TableRegion" id="44" col="178" row="913" width="1350" height="995"> </DL_ZONE>
		</DL_PAGE>
	</DL_DOCUMENT>
</GEDI>