<?xml version="1.0" encoding="UTF-8"?>
<!--GEDI was developed at Language and Media Processing Laboratory, University of Maryland.-->

<GEDI xmlns="http://lamp.cfar.umd.edu/media/projects/GEDI/" GEDI_version="2.3.19" GEDI_date="12/23/2011">
	<USER name="Laure" date="5/11/2012 14:07" dateFormat="mm/dd/yyyy hh:mm">	</USER>
	<USER name="MDR-P8" date="3/12/2013 15:05" dateFormat="mm/dd/yyyy hh:mm">	</USER>
	<USER name="Mdr-P5" date="5/28/2013 12:30" dateFormat="mm/dd/yyyy hh:mm">	</USER>
	<DL_DOCUMENT src="BPVXMY.tif" docTag="xml" NrOfPages="1">
		<DL_PAGE gedi_type="DL_PAGE" src="BPVXMY.tif" pageID="1" width="1684" height="2288" Language_2="" Sender_Name="" Language_4="" Language_3="" Sender_Company="" Sender_Phone="" Receiver_Fax="" Document_Location="" Sender_Address="" Sender_Fax="" Category="C2" Document_Object="BON DE TRAVAIL" Language_1="french" NumPage="1" Script_1="typed" Script_2="hand" Receiver_Phone="+33(0)3.58.99.66.44" Receiver_Address="128 RUE DE L'IMPASSE 88000" Receiver_Company="FECK" Document_Date="¤{18/04/2012|14/04/2012}¤" Receiver_Name="Hugot VICTOR">
			<DL_ZONE gedi_type="TextRegion" id="1" col="132" row="752" width="252" height="24" contents="DATE DE BON DE TRAVAIL" script="typed" language="french"> </DL_ZONE>
			<DL_ZONE gedi_type="TextRegion" id="2" col="136" row="805" width="105" height="24" contents="14/04/12" script="typed" function_1="date" language="french"> </DL_ZONE>
			<DL_ZONE gedi_type="TextRegion" id="3" col="484" row="801" width="85" height="27" contents="Poulain" script="typed" language="french"> </DL_ZONE>
			<DL_ZONE gedi_type="TextRegion" id="4" col="734" row="798" width="94" height="25" contents="¤{Executif/Exécutif}¤" script="typed" language="french"> </DL_ZONE>
			<DL_ZONE gedi_type="TextRegion" id="5" col="968" row="796" width="100" height="26" contents="2548SDF" script="typed" function_1="reference" language="french"> </DL_ZONE>
			<DL_ZONE gedi_type="TextRegion" id="6" col="1213" row="796" width="55" height="25" contents="5435" script="typed" language="french"> </DL_ZONE>
			<DL_ZONE gedi_type="TextRegion" id="7" col="1212" row="746" width="132" height="26" contents="CONDITIONS" script="typed" language="french"> </DL_ZONE>
			<DL_ZONE gedi_type="TextRegion" id="8" col="966" row="747" width="122" height="24" contents="FACTURE N°" script="typed" language="french"> </DL_ZONE>
			<DL_ZONE gedi_type="TextRegion" id="9" col="734" row="750" width="92" height="24" contents="SERVICE" script="typed" language="french"> </DL_ZONE>
			<DL_ZONE gedi_type="TextRegion" id="10" col="481" row="751" width="144" height="22" contents="DEMANDÉ PAR" script="typed" language="french"> </DL_ZONE>
			<DL_ZONE gedi_type="TextRegion" id="11" col="486" row="925" width="135" height="31" contents="DESCRIPTION" script="typed" language="french"> </DL_ZONE>
			<DL_ZONE gedi_type="TextRegion" id="12" col="138" row="930" width="58" height="26" contents="ÉTAT" script="typed" language="french"> </DL_ZONE>
			<DL_ZONE gedi_type="TextRegion" id="13" col="138" row="991" width="96" height="30" contents="Accompli" script="typed" language="french"> </DL_ZONE>
			<DL_ZONE gedi_type="TextRegion" id="14" col="140" row="1047" width="96" height="26" contents="En cours" script="typed" language="french"> </DL_ZONE>
			<DL_ZONE gedi_type="TextRegion" id="15" col="140" row="1104" width="104" height="28" contents="Accompli" script="typed" language="french"> </DL_ZONE>
			<DL_ZONE gedi_type="TextRegion" id="16" col="488" row="1098" width="204" height="30" contents="¤{Reparation/Réparation}¤ meuble" script="typed" language="french"> </DL_ZONE>
			<DL_ZONE gedi_type="TextRegion" id="17" col="1108" row="1092" width="33" height="26" contents="13" script="typed" language="french"> </DL_ZONE>
			<DL_ZONE gedi_type="TextRegion" id="18" col="1242" row="1094" width="32" height="26" contents="12" script="typed" language="french"> </DL_ZONE>
			<DL_ZONE gedi_type="TextRegion" id="19" col="1344" row="1093" width="45" height="25" contents="156" script="typed" language="french"> </DL_ZONE>
			<DL_ZONE gedi_type="TextRegion" id="20" col="1356" row="1036" width="34" height="28" contents="24" script="typed" language="french"> </DL_ZONE>
			<DL_ZONE gedi_type="TextRegion" id="21" col="1354" row="980" width="35" height="29" contents="60" script="typed" language="french"> </DL_ZONE>
			<DL_ZONE gedi_type="TextRegion" id="22" col="1299" row="918" width="102" height="32" contents="MONTANT" script="typed" language="french"> </DL_ZONE>
			<DL_ZONE gedi_type="TextRegion" id="23" col="1166" row="915" width="96" height="48" contents="TAUX&#10;HORAIRE" script="typed" language="french"> </DL_ZONE>
			<DL_ZONE gedi_type="TextRegion" id="24" col="1039" row="922" width="76" height="29" contents="HEURES" script="typed" language="french"> </DL_ZONE>
			<DL_ZONE gedi_type="TextRegion" id="25" col="1118" row="984" width="26" height="24" contents="5" script="typed" language="french"> </DL_ZONE>
			<DL_ZONE gedi_type="TextRegion" id="26" col="1120" row="1038" width="29" height="28" contents="2" script="typed" language="french"> </DL_ZONE>
			<DL_ZONE gedi_type="TextRegion" id="27" col="1240" row="981" width="32" height="31" contents="12" script="typed" language="french"> </DL_ZONE>
			<DL_ZONE gedi_type="TextRegion" id="28" col="1243" row="1038" width="30" height="27" contents="12" script="typed" language="french"> </DL_ZONE>
			<DL_ZONE gedi_type="TextRegion" id="29" col="478" row="986" width="228" height="30" contents="Peinture sur meuble" script="typed" language="french"> </DL_ZONE>
			<DL_ZONE gedi_type="TextRegion" id="30" col="488" row="1042" width="188" height="28" contents="Vernir un meuble" script="typed" language="french"> </DL_ZONE>
			<DL_ZONE gedi_type="TextRegion" id="32" col="162" row="1326" width="524" height="91" contents="Entrez cette commande conformément aux tarifs,&#10;aux conditions et aux spécifications ¤{répertoriés/répertoriées}¤ ci-&#10;dessus." script="typed" language="french"> </DL_ZONE>
			<DL_ZONE gedi_type="TextRegion" id="33" col="169" row="1432" width="493" height="120" contents="ADRESSEZ TOUTES LES CORRESPONDANCES A :&#10;FECK&#10;134 RUE DE L'IMPASSE&#10;88000&#10;03 59 99 66 44" script="typed" language="french"> </DL_ZONE>
			<DL_ZONE gedi_type="TextRegion" id="34" col="1186" row="1280" width="106" height="28" contents="Sous-total" script="typed" language="french"> </DL_ZONE>
			<DL_ZONE gedi_type="TextRegion" id="35" col="1349" row="1280" width="43" height="24" contents="240" script="typed" language="french"> </DL_ZONE>
			<DL_ZONE gedi_type="TextRegion" id="36" col="1344" row="1362" width="48" height="28" contents="240" script="typed" language="french"> </DL_ZONE>
			<DL_ZONE gedi_type="TextRegion" id="37" col="1221" row="1362" width="77" height="31" contents="TOTAL" script="typed" language="french"> </DL_ZONE>
			<DL_ZONE gedi_type="TextRegion" id="39" col="158" row="510" width="160" height="31" contents="DESTINATAIRE :" script="typed" language="french"> </DL_ZONE>
			<DL_ZONE gedi_type="TextRegion" id="40" col="332" row="512" width="210" height="134" contents="Hugot Victor&#10;Feck&#10;128 rue de l'impasse&#10;88000&#10;03 58 99 66 44" script="typed" function_1="coordinates" language="french"> </DL_ZONE>
			<DL_ZONE gedi_type="TextRegion" id="41" col="664" row="509" width="64" height="26" contents="POUR:" script="typed" language="french"> </DL_ZONE>
			<DL_ZONE gedi_type="TextRegion" id="42" col="740" row="502" width="224" height="142" contents="Poulain Gaetan&#10;Feck&#10;124 rue des Vergers&#10;88000&#10;03 60 27 81 88" script="typed" function_1="coordinates" language="french"> </DL_ZONE>
			<DL_ZONE gedi_type="TextRegion" id="43" col="984" row="609" width="349" height="29" contents="NUMÉRO DE BON DE TRAVAIL : 12" script="typed" function_1="reference" language="french"> </DL_ZONE>
			<DL_ZONE gedi_type="TextRegion" id="44" col="735" row="1568" width="266" height="26" contents="AUTORISÉ PAR POULAIN" script="typed" language="french"> </DL_ZONE>
			<DL_ZONE gedi_type="TextRegion" id="45" col="1307" row="1564" width="107" height="28" contents="18/04/12" script="typed" function_1="date" language="french"> </DL_ZONE>
			<DL_ZONE gedi_type="TextRegion" id="46" col="830" row="1898" width="136" height="62" contents="Poulain" script="hand" language="french"> </DL_ZONE>
			<DL_ZONE gedi_type="GraphicRegion" id="47" col="688" row="1953" width="561" height="104" function="signature" orientationD="15.871"> </DL_ZONE>
			<DL_ZONE gedi_type="NoiseRegion" id="48" col="133" row="2065" width="1353" height="136"> </DL_ZONE>
			<DL_ZONE gedi_type="SeparatorRegion" id="49" col="593" row="1902" width="19" height="152"> </DL_ZONE>
			<DL_ZONE gedi_type="TextRegion" id="59" col="692" row="378" width="273" height="35" contents="BON DE TRAVAIL" script="typed" function_2="object" function_1="title" language="french"> </DL_ZONE>
			<DL_ZONE gedi_type="TextRegion" id="60" col="849" row="308" width="168" height="61" contents="FECK" script="typed" language="french"> </DL_ZONE>
			<DL_ZONE gedi_type="GraphicRegion" id="61" col="650" row="166" width="372" height="208" function="logo"> </DL_ZONE>
			<DL_ZONE gedi_type="TableRegion" id="62" col="100" row="484" width="1364" height="1136"> </DL_ZONE>
			<DL_ZONE gedi_type="GraphicRegion" id="63" col="130" row="904" width="1287" height="73" function="other" orientationD="0.356"> </DL_ZONE>
			<DL_ZONE gedi_type="GraphicRegion" id="64" col="1036" row="1346" width="378" height="59" function="other" orientationD="0.0"> </DL_ZONE>
			<DL_ZONE gedi_type="GraphicRegion" id="65" col="128" row="736" width="1287" height="54" function="other" orientationD="0.356"> </DL_ZONE>
		</DL_PAGE>
	</DL_DOCUMENT>
</GEDI>