<?xml version="1.0" encoding="UTF-8"?>
<!--GEDI was developed at Language and Media Processing Laboratory, University of Maryland.-->

<GEDI xmlns="http://lamp.cfar.umd.edu/media/projects/GEDI/" GEDI_version="2.3.19" GEDI_date="12/23/2011">
	<USER name="Adil" date="5/9/2012 17:00" dateFormat="mm/dd/yyyy hh:mm">	</USER>
	<USER name="Laure" date="5/15/2012 10:11" dateFormat="mm/dd/yyyy hh:mm">	</USER>
	<USER name="MDR-P8" date="10/30/2012 11:47" dateFormat="mm/dd/yyyy hh:mm">	</USER>
	<USER name="Mdr-P5" date="5/28/2013 12:34" dateFormat="mm/dd/yyyy hh:mm">	</USER>
	<DL_DOCUMENT src="BRWFSA.tif" docTag="xml" NrOfPages="1">
		<DL_PAGE gedi_type="DL_PAGE" src="BRWFSA.tif" pageID="1" width="1684" height="2288" Language_2="" Language_4="" Language_3="" Receiver_Company="" Sender_Phone="" Receiver_Fax="" Receiver_Phone="" Sender_Fax="" Category="C2" Document_Date="01/12/2011" Document_Location="NICE" Document_Object="AVENANT DE RENOUVELLEMENT DE CONTRAT DE TRAVAIL A DURÉE DÉTERMINÉE" Language_1="french" NumPage="1" Receiver_Address="5 RUE ELEONOR 75015 PARIS" Script_1="typed" Script_2="hand" Sender_Address="47 AVENUE DE L'ESPACE; 06300 NICE" Sender_Company="SOCIÉTÉ ETOILE" Sender_Name="DUFOUR" Receiver_Name="Charles DUPONT">
			<DL_ZONE gedi_type="TextRegion" id="1" col="275" row="155" width="1238" height="91" contents="AVENANT DE RENOUVELLEMENT DE CONTRAT DE TRAVAIL A&#10;DURÉE DÉTERMINÉE" script="typed" function_2="object" function_1="title" language="french"> </DL_ZONE>
			<DL_ZONE gedi_type="TextRegion" id="2" col="764" row="274" width="275" height="46" contents="(surcroît d'activité)" script="typed" language="french"> </DL_ZONE>
			<DL_ZONE gedi_type="TextRegion" id="3" col="264" row="384" width="1265" height="354" contents="Entre :&#10;- La Société Etoile dont le siège est à 47 avenue de l'Espace ; 06300 Nice&#10;représentée par Mme DUFOUR agissant en qualité de PDG&#10;d'une part,&#10;et&#10;Monsieur Madame DUPONT Charles, 5 rue Eleonor 75015 Paris&#10;d'autre part" script="typed" function_1="text_section" language="french"> </DL_ZONE>
			<DL_ZONE gedi_type="TextRegion" id="4" col="274" row="765" width="612" height="42" contents="IL A ETE CONVENU ET ARRETE CE QUI SUIT :" script="typed" language="french"> </DL_ZONE>
			<DL_ZONE gedi_type="TextRegion" id="5" col="269" row="870" width="1290" height="281" contents="1/ Monsieur DUPONT a été engagé par la société par contrat de travail à durée déterminée&#10;pour surcroît temporaire d'activité.&#10;Cet accroissement devant persister au delà de l'échéance initialement prévue, le contrat qui a&#10;pris effet le 09.09.2011 et prendra fin le 20.12.2011 est renouvelé pour une durée de 5 mois.&#10;Le renouvellement prendra effet le 15.01.2012 et s'achèvera le 15.06.2012 inclus." script="typed" function_1="text_section" language="french"> </DL_ZONE>
			<DL_ZONE gedi_type="TextRegion" id="6" col="266" row="1210" width="1288" height="251" contents="2/ Durant la période renouvellement les conditions d'exécution du contrat demeureront&#10;identiques à celles initialement prévues.&#10;A l'issue du présent contrat, M DUPONT aura ¤{doit/droit}¤ à une indemnité de fin de contrat égale à&#10;6% du montant de sa rémunération totale brute, selon les dispositions de l'article L122-3-4&#10;du code du travail." script="typed" function_1="text_section" language="french"> </DL_ZONE>
			<DL_ZONE gedi_type="TextRegion" id="7" col="274" row="1506" width="663" height="46" contents="Fait en double exemplaire, à Nice le 01.12.2011." script="typed" function_2="location" function_1="date" language="french"> </DL_ZONE>
			<DL_ZONE gedi_type="TextRegion" id="8" col="273" row="1615" width="1272" height="89" contents="Signatures de l'employeur et du (de la) salarié(e) précédées de la mention manuscrite &quot;Lu et&#10;approuvé&quot;." script="typed" language="french"> </DL_ZONE>
			<DL_ZONE gedi_type="TextRegion" id="9" polygon="(436,1721);(755,1722);(752,1784);(690,1777);(640,1780);(635,1794);(613,1798);(593,1786);(393,1792);(404,1727)" contents="lu et approuvé" script="hand" language="french"> </DL_ZONE>
			<DL_ZONE gedi_type="TextRegion" id="10" polygon="(1102,1794);(1252,1781);(1254,1801);(1265,1808);(1297,1799);(1438,1770);(1461,1714);(1357,1712);(1120,1725);(1058,1737);(1059,1796)" contents="lu et approuvé" script="hand" language="french"> </DL_ZONE>
			<DL_ZONE gedi_type="TextRegion" id="11" polygon="(324,1866);(429,1874);(549,1853);(556,1791);(321,1791)" contents="M. DUPONT" script="hand" language="french"> </DL_ZONE>
			<DL_ZONE gedi_type="TextRegion" id="12" polygon="(1151,1864);(1314,1855);(1392,1836);(1429,1862);(1461,1866);(1609,1820);(1605,1772);(1490,1775);(1339,1792);(1225,1798);(1123,1799);(1135,1866)" contents="Mme DUFOUR ¤Jocelyne¤" script="hand" language="french"> </DL_ZONE>
			<DL_ZONE gedi_type="GraphicRegion" id="13" function="signature" polygon="(600,1807);(554,1838);(545,1880);(562,1930);(619,1942);(709,1904);(839,1864);(809,1794);(717,1797);(697,1774);(643,1797)"> </DL_ZONE>
			<DL_ZONE gedi_type="GraphicRegion" id="14" function="signature" polygon="(1277,1872);(1156,1951);(1166,1992);(1185,2002);(1273,1980);(1429,1874);(1401,1841);(1385,1831);(1319,1862)"> </DL_ZONE>
			<DL_ZONE gedi_type="NoiseRegion" id="15" col="5" row="216" width="1665" height="14"> </DL_ZONE>
			<DL_ZONE gedi_type="NoiseRegion" id="16" col="1657" row="34" width="25" height="2253"> </DL_ZONE>
			<DL_ZONE gedi_type="NoiseRegion" id="17" col="10" row="0" width="1669" height="41"> </DL_ZONE>
			<DL_ZONE gedi_type="Group" id="24" col="311" row="1764" width="538" height="188" elements="11;13"> </DL_ZONE>
			<DL_ZONE gedi_type="Group" id="25" col="1113" row="1762" width="506" height="250" elements="12;14"> </DL_ZONE>
			<DL_ZONE gedi_type="LineDrawingRegion" id="26" col="1176" row="1838" width="23" height="10"> </DL_ZONE>
		</DL_PAGE>
	</DL_DOCUMENT>
</GEDI>