<?xml version="1.0" encoding="UTF-8"?>
<!--GEDI was developed at Language and Media Processing Laboratory, University of Maryland.-->

<GEDI xmlns="http://lamp.cfar.umd.edu/media/projects/GEDI/" GEDI_version="2.3" GEDI_date="01/21/2010">
	<USER name="Khizrane" date="4/5/2012 9:52" dateFormat="mm/dd/yyyy hh:mm">	</USER>
	<USER name="MDR-R2" date="11/5/2012 17:30" dateFormat="mm/dd/yyyy hh:mm">	</USER>
	<USER name="MDR-R4" date="10/24/2012 15:52" dateFormat="mm/dd/yyyy hh:mm">	</USER>
	<USER name="MDR-R6" date="2/5/2013 12:23" dateFormat="mm/dd/yyyy hh:mm">	</USER>
	<USER name="MDR_R8" date="10/29/2012 17:21" dateFormat="mm/dd/yyyy hh:mm">	</USER>
	<USER name="mohamed salah" date="5/11/2012 20:56" dateFormat="mm/dd/yyyy hh:mm">	</USER>
	<DL_DOCUMENT src="BSOKMX.tif" docTag="xml" NrOfPages="1">
		<DL_PAGE gedi_type="DL_PAGE" src="BSOKMX.tif" pageID="1" width="1728" height="2176" Language_4="" Language_3="" Receiver_Company="" Sender_Company="" Sender_Phone="" Receiver_Fax="" Document_Location="" Receiver_Phone="" Document_Object="عقد بيع أطيان زراعية" Language_1="arabic" Language_2="french" Script_1="typed" Script_2="hand" Sender_Address="شارع محمد البقال مراكش 40000" Receiver_Name="ياسر البقالي" Receiver_Address="15 شارع البردعي مراكش" NumPage="1" Category="C2" Document_Date="¤{22/03/2012|29/03/2012}¤" Sender_Name=" أرسلان القصاص" Sender_Fax="+212(0)5.37.68.00.32">
			<DL_ZONE gedi_type="TextRegion" id="1" col="49" row="7" width="1467" height="37" contents="29 03 12 09:36 MLTC 00212537680032 p.1" script="typed" function_2="date" function_1="header" language="french"> </DL_ZONE>
			<DL_ZONE gedi_type="TextRegion" id="5" col="642" row="244" width="350" height="56" contents="عقد بيع أطيان زراعية" script="typed" function_1="title" language="arabic"> </DL_ZONE>
			<DL_ZONE gedi_type="TextRegion" id="7" col="209" row="806" width="1234" height="779" contents="* يُلاحظ ذكر كل ما يتبع الأرض المباعة من حقوق مرفقة على أطيان أخرى مثل حق المرور والمسيل&#10;والمشرب وجميع المباني المقامة على الأطيان والأشجار المغروسة.&#10;ثانيا :&#10;تم هذا البيع نظير ثمن إجمالي قدره 10 ملايين درهم بواقع 2 ملايين درهم للفدان الواحد دفع الطرف الثاني للطرف الأول وقت تحرير هذا العقد مبلغ وقدره 5 ملايين درهم والباقي قدره 5 ملايين درهم يدفع على أقساط أو عند التوقيع على العقد النهائي.&#10;ثالثا :&#10;يقر الطرف الثاني المشتري بأنه عاين الأطيان موضوع العقد معاينة تامة ونافية للجهالة.&#10;رابعا :&#10;بقر الطرف الثاني المشتري بأنه قد عاين الأطيان موضوع العقد المعاينة التامة النافية للجهالة شرعا ، وأنه استلمها ووضع يده عليها وقبلها بحالتها الراهنة دون حق الرجوع على البائع مستقبلا ،كما يقر بأنه قد أصبح مسئولا عن سداد جميع الأموال الأميرية والمبالغ الأخرى المقررة على هذه الأطيان.&#10;خامسا :&#10;اتفق الطرفان على أن أي نزاع ينشأ حول هذا العقد تكون محكمة مراكش. الجزائية أو محكمة الدار البيضاء الابتدائية هي المختصة.&#10;سادسا :&#10;تحرر هذا العقد من ثلاثة عشرة نسخة للعمل بها عند اللزوم." script="typed" function_1="text_section" language="arabic"> </DL_ZONE>
			<DL_ZONE gedi_type="GraphicRegion" id="8" function="signature" polygon="(451,2071);(614,1981);(582,1894);(512,1894);(415,1948);(409,2041)"> </DL_ZONE>
			<DL_ZONE gedi_type="TextRegion" id="9" polygon="(1426,355);(214,350);(218,640);(867,640);(1429,634)" contents="محرر في يوم : الجمعة الموافق 2012. / 03/ 22 بين كل من :&#10;أولا: السيد /. القصاص أرسلان المقيم.بشارع محمد البقال مراكش 40000 ( طرف أول - بائع )&#10;ثانيا: السيد /..ياسر البقالي المقيم . 15 شارع البردعي مراكش ( طرف ثان- مشتري )&#10;بعد أن أقر الطرفان بأهليتهما للتصرف و التعاقد , اتفقا على ما يأتي :&#10;أولا :&#10;باع الطرف الول إلى الطرف الثاني بطاقة الضمانات الفعلية والقانونية أطيان زراعية تبلغ جملة&#10;مساحتها 30 سم / 20 قيراط/ 5 فدان - مركز 5 محافظة البوسفية" script="typed" function_2="coordinates" function_1="date" language="arabic"> </DL_ZONE>
			<DL_ZONE gedi_type="GraphicRegion" id="15" col="909" row="684" width="26" height="119" function="underlined-field"> </DL_ZONE>
			<DL_ZONE gedi_type="GraphicRegion" id="16" col="599" row="687" width="18" height="114" function="underlined-field"> </DL_ZONE>
			<DL_ZONE gedi_type="GraphicRegion" id="17" col="1146" row="684" width="15" height="119" function="underlined-field"> </DL_ZONE>
			<DL_ZONE gedi_type="TextRegion" id="19" col="571" row="1602" width="832" height="42" contents="( الطرف الول البائع ) القصاص أرسلان" script="typed" language="arabic"> </DL_ZONE>
			<DL_ZONE gedi_type="GraphicRegion" id="23" col="253" row="1694" width="214" height="17" function="underlined-field"> </DL_ZONE>
			<DL_ZONE gedi_type="GraphicRegion" id="24" col="293" row="1621" width="294" height="26" function="underlined-field"> </DL_ZONE>
			<DL_ZONE gedi_type="GraphicRegion" id="25" col="800" row="1615" width="358" height="19" function="underlined-field"> </DL_ZONE>
			<DL_ZONE gedi_type="GraphicRegion" id="26" col="641" row="1687" width="450" height="23" function="underlined-field"> </DL_ZONE>
			<DL_ZONE gedi_type="GraphicRegion" id="27" col="674" row="1548" width="117" height="24" function="underlined-field"> </DL_ZONE>
			<DL_ZONE gedi_type="GraphicRegion" id="28" col="944" row="1549" width="239" height="18" function="underlined-field"> </DL_ZONE>
			<DL_ZONE gedi_type="GraphicRegion" id="29" col="944" row="373" width="49" height="16" function="underlined-field"> </DL_ZONE>
			<DL_ZONE gedi_type="GraphicRegion" id="30" col="479" row="440" width="69" height="21" function="underlined-field"> </DL_ZONE>
			<DL_ZONE gedi_type="GraphicRegion" id="31" col="984" row="443" width="63" height="18" function="underlined-field"> </DL_ZONE>
			<DL_ZONE gedi_type="GraphicRegion" id="32" col="1213" row="442" width="24" height="15" function="underlined-field"> </DL_ZONE>
			<DL_ZONE gedi_type="GraphicRegion" id="33" col="235" row="620" width="115" height="16" function="underlined-field"> </DL_ZONE>
			<DL_ZONE gedi_type="GraphicRegion" id="34" col="469" row="617" width="85" height="19" function="underlined-field"> </DL_ZONE>
			<DL_ZONE gedi_type="GraphicRegion" id="35" col="643" row="617" width="58" height="16" function="underlined-field"> </DL_ZONE>
			<DL_ZONE gedi_type="GraphicRegion" id="36" col="832" row="615" width="85" height="20" function="underlined-field"> </DL_ZONE>
			<DL_ZONE gedi_type="GraphicRegion" id="37" col="1000" row="614" width="137" height="22" function="underlined-field"> </DL_ZONE>
			<DL_ZONE gedi_type="GraphicRegion" id="38" col="1204" row="611" width="105" height="21" function="underlined-field"> </DL_ZONE>
			<DL_ZONE gedi_type="GraphicRegion" id="39" col="843" row="653" width="115" height="14" function="underlined-field"> </DL_ZONE>
			<DL_ZONE gedi_type="GraphicRegion" id="40" col="1082" row="371" width="123" height="23" function="underlined-field"> </DL_ZONE>
			<DL_ZONE gedi_type="TextRegion" id="41" col="527" row="1903" width="55" height="67" contents="K" script="hand" language="french"> </DL_ZONE>
			<DL_ZONE gedi_type="TextRegion" id="43" col="459" row="1672" width="950" height="41" contents="( الطرف الثاني المشتري ) ياسر البقالي" script="typed" language="arabic"> </DL_ZONE>
			<DL_ZONE gedi_type="TableRegion" id="44" col="576" row="636" width="827" height="168"> </DL_ZONE>
			<DL_ZONE gedi_type="GraphicRegion" id="45" col="1379" row="684" width="16" height="119" function="underlined-field"> </DL_ZONE>
			<DL_ZONE gedi_type="TextRegion" id="48" col="1309" row="636" width="79" height="41" contents="الحوض" script="typed" language="arabic"> </DL_ZONE>
			<DL_ZONE gedi_type="TextRegion" id="49" col="1078" row="638" width="133" height="28" contents="رقم القطعة" script="typed" language="arabic"> </DL_ZONE>
			<DL_ZONE gedi_type="TextRegion" id="50" col="962" row="640" width="71" height="31" contents="فدان" script="typed" language="arabic"> </DL_ZONE>
			<DL_ZONE gedi_type="TextRegion" id="51" col="875" row="641" width="63" height="30" contents="قيراط" script="typed" language="arabic"> </DL_ZONE>
			<DL_ZONE gedi_type="TextRegion" id="52" col="785" row="640" width="60" height="33" contents="سم" script="typed" language="arabic"> </DL_ZONE>
			<DL_ZONE gedi_type="TextRegion" id="53" col="576" row="643" width="190" height="30" contents="الحدود والأطوال" script="typed" language="arabic"> </DL_ZONE>
			<DL_ZONE gedi_type="TextRegion" id="54" col="1080" row="668" width="60" height="37" contents="350" script="typed" language="arabic"> </DL_ZONE>
			<DL_ZONE gedi_type="TextRegion" id="55" col="802" row="673" width="97" height="28" contents="5 فدان" script="typed" language="arabic"> </DL_ZONE>
			<DL_ZONE gedi_type="TextRegion" id="56" col="768" row="705" width="133" height="33" contents="20 قيراط" script="typed" language="arabic"> </DL_ZONE>
			<DL_ZONE gedi_type="TextRegion" id="57" col="787" row="742" width="103" height="34" contents="30 سم" script="typed" language="arabic"> </DL_ZONE>
		</DL_PAGE>
	</DL_DOCUMENT>
</GEDI>