<?xml version="1.0" encoding="UTF-8"?>
<!--GEDI was developed at Language and Media Processing Laboratory, University of Maryland.-->

<GEDI xmlns="http://lamp.cfar.umd.edu/media/projects/GEDI/" GEDI_version="2.3" GEDI_date="01/21/2010">
	<USER name="Adil" date="4/4/2012 17:40" dateFormat="mm/dd/yyyy hh:mm">	</USER>
	<USER name="MDR-P8" date="11/7/2012 16:00" dateFormat="mm/dd/yyyy hh:mm">	</USER>
	<USER name="MDR-R2" date="11/5/2012 15:24" dateFormat="mm/dd/yyyy hh:mm">	</USER>
	<USER name="MDR-R4" date="10/24/2012 15:52" dateFormat="mm/dd/yyyy hh:mm">	</USER>
	<USER name="MDR-R6" date="2/5/2013 12:26" dateFormat="mm/dd/yyyy hh:mm">	</USER>
	<USER name="MDR_R8" date="10/29/2012 13:13" dateFormat="mm/dd/yyyy hh:mm">	</USER>
	<USER name="mohamed salah" date="5/11/2012 20:57" dateFormat="mm/dd/yyyy hh:mm">	</USER>
	<DL_DOCUMENT src="BSOKMZ.tif" docTag="xml" NrOfPages="1">
		<DL_PAGE gedi_type="DL_PAGE" src="BSOKMZ.tif" pageID="1" width="2338" height="1700" Language_4="" Language_3="" Receiver_Address="" Sender_Company="" Sender_Phone="" Receiver_Fax="" Document_Location="" Receiver_Phone="" Sender_Address="" Sender_Fax="" Category="C2" Document_Date="21/03/2012" Document_Object="شيك" Language_1="arabic" NumPage="1" Receiver_Company="البنك الوطني المحدود" Script_1="typed" Script_2="hand" Language_2="french" Sender_Name="" Receiver_Name="عمر البقالي" GEDI_orientation="0">
			<DL_ZONE gedi_type="TextRegion" id="1" col="1524" row="1322" width="546" height="80" contents="9341078411008300" script="hand" function_1="reference" language="arabic"> </DL_ZONE>
			<DL_ZONE gedi_type="TextRegion" id="2" nextZoneID="1" col="1304" row="1314" width="90" height="72" contents="نمرة" script="typed" language="arabic"> </DL_ZONE>
			<DL_ZONE gedi_type="TextRegion" id="3" col="372" row="1316" width="370" height="72" contents="21/03/2012" script="hand" function_1="date" language="arabic"> </DL_ZONE>
			<DL_ZONE gedi_type="TextRegion" id="4" nextZoneID="3" col="100" row="1301" width="196" height="106" contents="كويت" script="typed" language="arabic"> </DL_ZONE>
			<DL_ZONE gedi_type="TextRegion" id="5" col="496" row="1108" width="888" height="198" contents="البنك الوطني المحدود" script="typed" language="arabic"> </DL_ZONE>
			<DL_ZONE gedi_type="TextRegion" id="6" nextZoneID="7" col="82" row="864" width="622" height="104" contents="نرجوكم إدفعوا لموجب هذا الصك" script="typed" language="arabic"> </DL_ZONE>
			<DL_ZONE gedi_type="TextRegion" id="7" nextZoneID="8" col="770" row="860" width="282" height="112" contents="عمر البقالي" script="hand" language="arabic"> </DL_ZONE>
			<DL_ZONE gedi_type="TextRegion" id="8" col="2054" row="878" width="152" height="88" contents="او لحامله" script="typed" language="arabic"> </DL_ZONE>
			<DL_ZONE gedi_type="TextRegion" id="9" nextZoneID="10" col="74" row="740" width="120" height="74" contents="روبية" script="typed" language="arabic"> </DL_ZONE>
			<DL_ZONE gedi_type="TextRegion" id="10" col="250" row="738" width="272" height="102" contents="ثلاثون ألف" script="hand" language="arabic"> </DL_ZONE>
			<DL_ZONE gedi_type="TextRegion" id="11" nextZoneID="12" col="1836" row="506" width="184" height="78" contents="30000" script="hand" language="arabic"> </DL_ZONE>
			<DL_ZONE gedi_type="TextRegion" id="12" col="2086" row="502" width="122" height="82" contents="روبية" script="typed" language="arabic"> </DL_ZONE>
			<DL_ZONE gedi_type="TextRegion" id="13" col="256" row="512" width="152" height="66" contents="الامضاء" script="typed" language="arabic"> </DL_ZONE>
			<DL_ZONE gedi_type="TextRegion" id="14" col="1054" row="386" width="154" height="86" contents="271" script="typed" function_1="reference" language="arabic"> </DL_ZONE>
			<DL_ZONE gedi_type="NoiseRegion" id="15" polygon="(20,1408);(130,1366);(154,1366);(160,1384);(100,1420);(22,1448);(16,1434)"> </DL_ZONE>
			<DL_ZONE gedi_type="GraphicRegion" id="16" col="700" row="894" width="1362" height="26" function="underlined-field"> </DL_ZONE>
			<DL_ZONE gedi_type="GraphicRegion" id="17" col="184" row="758" width="1998" height="32" function="underlined-field"> </DL_ZONE>
			<DL_ZONE gedi_type="GraphicRegion" id="18" col="94" row="634" width="2096" height="36" function="underlined-field"> </DL_ZONE>
			<DL_ZONE gedi_type="GraphicRegion" id="19" col="1582" row="514" width="516" height="22" function="underlined-field"> </DL_ZONE>
			<DL_ZONE gedi_type="GraphicRegion" id="20" function="signature" polygon="(544,524);(628,478);(628,334);(452,390);(410,456);(442,534)"> </DL_ZONE>
			<DL_ZONE gedi_type="GraphicRegion" id="21" col="6" row="306" width="2312" height="1128" function="other"> </DL_ZONE>
			<DL_ZONE gedi_type="GraphicRegion" id="22" col="1388" row="1332" width="770" height="30" function="underlined-field"> </DL_ZONE>
			<DL_ZONE gedi_type="GraphicRegion" id="23" col="292" row="1320" width="670" height="32" function="underlined-field"> </DL_ZONE>
			<DL_ZONE gedi_type="TextRegion" id="24" col="434" row="437" width="59" height="85" contents="K" script="hand" language="french"> </DL_ZONE>
		</DL_PAGE>
	</DL_DOCUMENT>
</GEDI>