<?xml version="1.0" encoding="UTF-8"?>
<!--GEDI was developed at Language and Media Processing Laboratory, University of Maryland.-->

<GEDI xmlns="http://lamp.cfar.umd.edu/media/projects/GEDI/" GEDI_version="2.3.19" GEDI_date="12/23/2011">
	<USER name="MDR-P4" date="4/8/2013 16:27" dateFormat="mm/dd/yyyy hh:mm">	</USER>
	<USER name="Mdr-P5" date="4/18/2013 17:48" dateFormat="mm/dd/yyyy hh:mm">	</USER>
	<DL_DOCUMENT src="BSQPKX.tif" docTag="xml" NrOfPages="1">
		<DL_PAGE gedi_type="DL_PAGE" src="BSQPKX.tif" pageID="1" width="1651" height="2335" Language_2="" Language_4="" Language_3="" Receiver_Company="" Receiver_Address="" Sender_Company="" Receiver_Fax="" Receiver_Phone="" Sender_Fax="" Sender_Phone="+33(0)3.33.84.50.61" Category="C4" Document_Date="07/03/2013" Document_Location="BELLEVILLE" Document_Object="ORDONNANCE" Language_1="french" NumPage="1" Receiver_Name="Remy DUBOIS" Script_1="typed" Script_2="hand" Sender_Name="Christiane RUIZ" Sender_Address="9 RUE NATIONALE, 54940, BELLEVILLE" GEDI_orientation="0">
			<DL_ZONE gedi_type="TextRegion" id="1" col="827" row="203" width="515" height="202" contents="Consultations :&#10;Du lundi au vendredi : 8h30 à 10h&#10;Samedi sur rendez-vous&#10;Tel : 03 33 84 50 61" script="typed" language="french"> </DL_ZONE>
			<DL_ZONE gedi_type="TextRegion" id="5" col="398" row="2202" width="830" height="36" contents="Membre d'une association agréée. Règlement par chèque accepté." script="typed" function_1="footer" language="french"> </DL_ZONE>
			<DL_ZONE gedi_type="TextRegion" id="6" col="194" row="202" width="530" height="205" contents="Docteur : RUIZ Christiane&#10;Maladies nerveuses&#10;Adresse : 9 rue Nationale, 54940, Belleville" script="typed" function_1="coordinates" language="french"> </DL_ZONE>
			<DL_ZONE gedi_type="TextRegion" id="10" col="194" row="552" width="530" height="42" contents="M. DUBOIS Remy, 50 ANS, 90 Kg" script="typed" language="french"> </DL_ZONE>
			<DL_ZONE gedi_type="TextRegion" id="12" col="1034" row="543" width="585" height="87" contents="Belleville, le 07/03/2013." script="hand" function_2="date" function_1="location" language="french"> </DL_ZONE>
			<DL_ZONE gedi_type="GraphicRegion" id="13" col="888" row="1998" width="360" height="166" function="signature"> </DL_ZONE>
			<DL_ZONE gedi_type="TextRegion" id="14" col="96" row="686" width="1410" height="852" contents="Examens à faire pratiquer&#10;- IRM ¤{célébral/cérébral}¤&#10;- Scanner du cortex cérébral&#10;- Echocardiographie transoesophagienne ." script="hand" language="french"> </DL_ZONE>
			<DL_ZONE gedi_type="LineDrawingRegion" id="15" polygon="(1275,768);(1142,775);(1149,790);(1282,788)"> </DL_ZONE>
			<DL_ZONE gedi_type="LineDrawingRegion" id="16" polygon="(1075,775);(968,782);(968,798);(1084,798)"> </DL_ZONE>
			<DL_ZONE gedi_type="LineDrawingRegion" id="17" polygon="(924,795);(598,790);(317,816);(258,832);(267,848);(391,829);(510,820);(637,816);(859,813);(930,809)"> </DL_ZONE>
		</DL_PAGE>
	</DL_DOCUMENT>
</GEDI>