<?xml version="1.0" encoding="UTF-8"?>
<!--GEDI was developed at Language and Media Processing Laboratory, University of Maryland.-->

<GEDI xmlns="http://lamp.cfar.umd.edu/media/projects/GEDI/" GEDI_version="2.3.19" GEDI_date="12/23/2011">
	<USER name="MDR-P4" date="12/14/2012 12:46" dateFormat="mm/dd/yyyy hh:mm">	</USER>
	<USER name="MDR-P8" date="5/28/2013 16:23" dateFormat="mm/dd/yyyy hh:mm">	</USER>
	<USER name="Mdr-P5" date="1/29/2013 14:24" dateFormat="mm/dd/yyyy hh:mm">	</USER>
	<DL_DOCUMENT src="BTLFHK.tif" docTag="xml" NrOfPages="2">
		<DL_PAGE gedi_type="DL_PAGE" src="BTLFHK.tif" pageID="1" width="1728" height="2284" Language_2="" Language_4="" Language_3="" Sender_Phone="" Receiver_Fax="" Receiver_Phone="" Document_Location="VESOUL" Document_Date="¤{11/12/2012|04/04/2008}¤" Category="C2" Document_Object="CONTRAT DE TRAVAIL" Language_1="french" NumPage="2" Script_1="typed" Sender_Company="ROUTE" Sender_Address="¤{3 RUE DES VINS, 70000 VESOUL|27 RUE LA PLATE-FORME, 70250 RONCHAMP}¤" Receiver_Address="¤{3 RUE DES VINS, 70000 VESOUL|27 RUE LA PLATE-FORME, 70250 RONCHAMP}¤" Sender_Fax="" Receiver_Company="ROUTE" Sender_Name="¤{Daniel LEMAIRE|Christiane THOMAS}¤" Script_2="hand" Receiver_Name="¤{Daniel LEMAIRE|Christiane THOMAS}¤">
			<DL_ZONE gedi_type="TextRegion" id="1" col="338" row="148" width="1193" height="107" contents="MODELE DE CONTRAT DE TRAVAIL A DURÉE DÉTERMINÉE&#10;(remplacement d'un salarié absent)" script="typed" function_2="object" function_1="title" language="french"> </DL_ZONE>
			<DL_ZONE gedi_type="TextRegion" id="2" col="279" row="271" width="1242" height="353" contents="Entre :&#10;-La Société ROUTE, dont le siège est au 3. Rue des Vins, 70000 Vesoul;&#10;représentée par M. Daniel LEMAIRE agissant de Responsable du Personnel&#10;d'une part,&#10;et&#10;Madame Christiane THOMAS demeurant au 27, Rue La Plate-Forme, 70250 Ronchamp&#10;d'autre part" script="typed" function_2="coordinates" function_1="text_section" language="french"> </DL_ZONE>
			<DL_ZONE gedi_type="TextRegion" id="3" col="271" row="646" width="1320" height="1428" contents="IL A  ÉTÉ CONVENU ET ARRÊTÉ CE QUI SUIT :&#10;1/ La société&#10;engage dans le cadre d'un contrat à durée déterminée Madame Christiane THOMAS&#10;qui accepte en qualité de cadre, l'emploi de Conseillère Clientèle.&#10;2/ Mme Christiane THOMAS est embauchée à compter du 03 Juin 2008 afin de remplacer&#10;Mme Viviane DIDIER  pour cause de congé formation, qui est lui-même employée en qualité&#10;de Conseillère Clientèle.&#10;Le présent contrat est conclu pour la durée de l'absence de Mme Viviane DIDIER et pour&#10;une durée minimale de 3 mois.&#10;Il prendra fin au plus tôt à l'issue de cette durée minimale et au plus tard au retour de Mme&#10;Viviane DIDIER.&#10;Mme Christiane THOMAS exécutera la tâche ci-dessus mentionnée sur le poste de travail&#10;suivant : Poste 03&#10;Avec la qualification de Conseillère Clientèle&#10;Avec la qualification BP Maçonnerie&#10;3/ Le poste confié à Mme Christiane THOMAS figurant sur la liste des postes présentant&#10;des risques particuliers, elle bénéficiera d'une formation renforcée à la sécurité ainsi que&#10;d'un accueil et d'une information adaptés.&#10;4/ Sous réserve de la visite médicale décidant de son aptitude, l'engagement de Mme&#10;Christiane THOMAS ne deviendra définitif qu'à l'issue d'une période d'essai de 5 jours&#10;de travail effectif au cours de laquelle chacune des parties pourra rompre le contrat sans&#10;indemnité&#10;5/ A titre de rémunération, Mme Christiane THOMAS  percevra un salaire horaire/mensuel brut de&#10;2200,00€.&#10;6/ Mme Christiane THOMAS aura droit à des congés payés calculés selon les dispositions de la&#10;convention collective." script="typed" function_1="text_section" language="french"> </DL_ZONE>
			<DL_ZONE gedi_type="TextRegion" id="4" col="45" row="5" width="1472" height="42" contents="11 12 12 15:35 p.1" script="typed" function_2="date" function_1="header" language="french"> </DL_ZONE>
			<DL_ZONE gedi_type="NoiseRegion" id="16" polygon="(108,2268);(108,2282);(243,2280);(237,2264)"> </DL_ZONE>
			<DL_ZONE gedi_type="NoiseRegion" id="17" polygon="(891,2278);(942,2273);(940,2282);(905,2282)"> </DL_ZONE>
		</DL_PAGE>
		<DL_PAGE gedi_type="DL_PAGE" src="BTLFHK.tif" pageID="2" width="1728" height="2284" Language_2="" Language_1="" Sender_Name="" Receiver_Name="" Language_4="" Document_Date="" Language_3="" Receiver_Company="" Receiver_Address="" Sender_Company="" Script_1="" Category="" Sender_Phone="" Script_2="" Receiver_Fax="" Document_Location="" Sender_Address="" Receiver_Phone="" Sender_Fax="" Document_Object="" NumPage="2">
			<DL_ZONE gedi_type="TextRegion" id="5" col="289" row="146" width="1296" height="143" contents="A l'issue du présent contrat, Mme Christiane THOMAS aura doit à une indemnité de fin de&#10;contrat égale à 6 % du montant de sa rémunération totale brute, selon les dispositions de&#10;l'article L 122-3-4 du code du travail." script="typed" function_1="reference" language="french"> </DL_ZONE>
			<DL_ZONE gedi_type="TextRegion" id="8" col="43" row="5" width="1474" height="40" contents="11 12 12 15:36 p.2" script="typed" function_2="header" function_1="date" language="french"> </DL_ZONE>
			<DL_ZONE gedi_type="TextRegion" id="9" col="280" row="330" width="1299" height="809" contents="7/ La convention collective appliquée dans l'entreprise est la CCN.&#10;8/ Mme Christiane THOMAS bénéficiera de tous les droits et avantages reconnus aux&#10;salariés de la Société, résultant des usages, du Code du travail, de la Convention Collective&#10;SYNTEC. &#10;9/ La Caisse de Retraite Complémentaire compétente est Mutuelle des Cadres au 44/45 rue&#10;Nicolas LE LOUP, 70000 Vesoul. &#10;10/ Mme Christiane THOMAS bénéficiera également du régime de prévoyance en vigueur,&#10;souscrit auprès de GAP au 33 rue des Champs, 70000 Vesoul auquel il ne saurait se&#10;soustraire.&#10;Pour toutes les dispositions non prévues au présent contrat, les parties déclarent se référer à&#10;la convention collective.&#10;Fait en double exemplaire, à Vesoul le 04 Mai 2008." script="typed" function_2="location" function_1="text_section" function_3="date" language="french"> </DL_ZONE>
			<DL_ZONE gedi_type="TextRegion" id="10" polygon="(271,1310);(259,1375);(386,1383);(624,1379);(636,1313)" contents="lu et approuvé&#10;LeRoy" script="hand" language="french"> </DL_ZONE>
			<DL_ZONE gedi_type="GraphicRegion" id="11" function="signature" polygon="(235,1638);(673,1470);(562,1383);(250,1415)"> </DL_ZONE>
			<DL_ZONE gedi_type="TextRegion" id="12" col="282" row="1195" width="364" height="114" contents="Signature de l'employeur&#10;Précédée de la mention&#10;« Lu et approuvé »" script="typed" language="french"> </DL_ZONE>
			<DL_ZONE gedi_type="TextRegion" id="13" col="1187" row="1205" width="336" height="116" contents="Signature de l'employé&#10;Précédée de la mention&#10;« Lu et approuvé »" script="typed" language="french"> </DL_ZONE>
			<DL_ZONE gedi_type="TextRegion" id="14" col="1193" row="1326" width="427" height="69" contents="Lu et approuvé" script="hand" language="french"> </DL_ZONE>
			<DL_ZONE gedi_type="GraphicRegion" id="15" function="signature" polygon="(1224,1446);(1294,1416);(1353,1387);(1377,1385);(1385,1519);(1248,1541);(1214,1494)"> </DL_ZONE>
		</DL_PAGE>
	</DL_DOCUMENT>
</GEDI>