<?xml version="1.0" encoding="UTF-8"?>
<!--GEDI was developed at Language and Media Processing Laboratory, University of Maryland.-->

<GEDI xmlns="http://lamp.cfar.umd.edu/media/projects/GEDI/" GEDI_version="2.3.19" GEDI_date="12/23/2011">
	<USER name="Laure" date="5/11/2012 16:18" dateFormat="mm/dd/yyyy hh:mm">	</USER>
	<USER name="MDR-P4" date="10/19/2012 17:06" dateFormat="mm/dd/yyyy hh:mm">	</USER>
	<USER name="MDR-P8" date="3/11/2013 11:37" dateFormat="mm/dd/yyyy hh:mm">	</USER>
	<USER name="Manuela" date="5/11/2012 10:58" dateFormat="mm/dd/yyyy hh:mm">	</USER>
	<USER name="mailys" date="4/21/2012 15:25" dateFormat="mm/dd/yyyy hh:mm">	</USER>
	<DL_DOCUMENT src="BTVMUY.tif" docTag="xml" NrOfPages="1">
		<DL_PAGE gedi_type="DL_PAGE" src="BTVMUY.tif" pageID="1" width="2409" height="3435" Sender_Name="" Document_Date="" Language_4="" Receiver_Name="" Language_3="" Receiver_Company="" Receiver_Address="" Sender_Company="" Sender_Phone="" Receiver_Fax="" Document_Location="" Receiver_Phone="" Sender_Address="" Sender_Fax="" Category="C2" Language_2="" Language_1="english" NumPage="1" Script_1="typed" Script_2="hand" Document_Object="CATALOG'S ARTICLES">
			<DL_ZONE gedi_type="NoiseRegion" id="1" polygon="(65,265);(239,93);(126,49);(7,142);(0,217)"> </DL_ZONE>
			<DL_ZONE gedi_type="GraphicRegion" id="2" col="146" row="112" width="1249" height="125" function="other"> </DL_ZONE>
			<DL_ZONE gedi_type="GraphicRegion" id="3" col="1402" row="107" width="831" height="115" function="other"> </DL_ZONE>
			<DL_ZONE gedi_type="TextRegion" id="4" col="407" row="149" width="746" height="68" contents="Revolving Warning Light" script="typed" language="english"> </DL_ZONE>
			<DL_ZONE gedi_type="TextRegion" id="5" col="1731" row="127" width="183" height="83" contents="Other" script="typed" language="english"> </DL_ZONE>
			<DL_ZONE gedi_type="GraphicRegion" id="6" col="161" row="770" width="1250" height="110" function="other"> </DL_ZONE>
			<DL_ZONE gedi_type="GraphicRegion" id="7" col="1407" row="750" width="836" height="129" function="other"> </DL_ZONE>
			<DL_ZONE gedi_type="TextRegion" id="8" col="697" row="790" width="173" height="78" contents="Other" script="typed" language="english"> </DL_ZONE>
			<DL_ZONE gedi_type="TextRegion" id="9" col="1646" row="785" width="378" height="74" contents="Signal Horn" script="typed" language="english"> </DL_ZONE>
			<DL_ZONE gedi_type="ImageRegion" id="11" col="196" row="376" width="328" height="317"> </DL_ZONE>
			<DL_ZONE gedi_type="ImageRegion" id="12" col="742" row="293" width="123" height="358"> </DL_ZONE>
			<DL_ZONE gedi_type="ImageRegion" id="13" col="1151" row="356" width="122" height="290"> </DL_ZONE>
			<DL_ZONE gedi_type="ImageRegion" id="14" col="1435" row="323" width="360" height="297"> </DL_ZONE>
			<DL_ZONE gedi_type="ImageRegion" id="15" col="1843" row="318" width="366" height="300"> </DL_ZONE>
			<DL_ZONE gedi_type="TextRegion" id="16" col="166" row="263" width="181" height="56" contents="RES-A" script="typed" function_2="reference" function_1="legend" language="english"> </DL_ZONE>
			<DL_ZONE gedi_type="TextRegion" id="17" col="586" row="258" width="117" height="53" contents="KJS" script="typed" function_2="reference" function_1="legend" language="english"> </DL_ZONE>
			<DL_ZONE gedi_type="TextRegion" id="18" col="584" row="324" width="153" height="56" contents="KJSB" script="typed" function_1="reference" language="english"> </DL_ZONE>
			<DL_ZONE gedi_type="TextRegion" id="19" col="473" row="312" width="68" height="24" contents="¤Bulb¤" script="typed" language="english"> </DL_ZONE>
			<DL_ZONE gedi_type="TextRegion" id="20" col="478" row="349" width="71" height="32" contents="227" script="typed" language="english"> </DL_ZONE>
			<DL_ZONE gedi_type="TextRegion" id="21" col="895" row="306" width="59" height="26" contents="¤****¤" script="typed" language="english"> </DL_ZONE>
			<DL_ZONE gedi_type="TextRegion" id="22" col="915" row="343" width="47" height="35" contents="82" script="typed" language="english"> </DL_ZONE>
			<DL_ZONE gedi_type="TextRegion" id="23" col="999" row="312" width="120" height="61" contents="KJB" script="typed" function_2="reference" function_1="legend" language="english"> </DL_ZONE>
			<DL_ZONE gedi_type="TextRegion" id="24" col="1008" row="244" width="61" height="54" contents="KJ" script="typed" function_2="reference" function_1="legend" language="english"> </DL_ZONE>
			<DL_ZONE gedi_type="TextRegion" id="25" col="1307" row="293" width="70" height="28" contents="¤****¤" script="typed" language="english"> </DL_ZONE>
			<DL_ZONE gedi_type="TextRegion" id="26" col="1319" row="338" width="66" height="35" contents="116" script="typed" language="english"> </DL_ZONE>
			<DL_ZONE gedi_type="TextRegion" id="27" col="1415" row="234" width="124" height="66" contents="CLF" script="typed" function_2="reference" function_1="legend" language="english"> </DL_ZONE>
			<DL_ZONE gedi_type="TextRegion" id="28" col="1727" row="292" width="63" height="25" contents="LED" script="typed" language="english"> </DL_ZONE>
			<DL_ZONE gedi_type="TextRegion" id="29" col="2147" row="281" width="59" height="29" contents="LED" script="typed" language="english"> </DL_ZONE>
			<DL_ZONE gedi_type="ImageRegion" id="30" col="1424" row="1032" width="702" height="235"> </DL_ZONE>
			<DL_ZONE gedi_type="ImageRegion" id="31" col="178" row="1048" width="379" height="246"> </DL_ZONE>
			<DL_ZONE gedi_type="ImageRegion" id="32" col="598" row="1035" width="379" height="260"> </DL_ZONE>
			<DL_ZONE gedi_type="ImageRegion" id="33" col="1032" row="988" width="306" height="328"> </DL_ZONE>
			<DL_ZONE gedi_type="TextRegion" id="34" col="179" row="896" width="117" height="80" contents="CLE" script="typed" function_2="reference" function_1="legend" language="english"> </DL_ZONE>
			<DL_ZONE gedi_type="TextRegion" id="35" col="589" row="898" width="130" height="68" contents="CLM" script="typed" function_2="reference" function_1="legend" language="english"> </DL_ZONE>
			<DL_ZONE gedi_type="TextRegion" id="36" col="1014" row="904" width="122" height="59" contents="LAS" script="typed" function_2="reference" function_1="legend" language="english"> </DL_ZONE>
			<DL_ZONE gedi_type="TextRegion" id="37" col="1421" row="887" width="95" height="54" contents="BD" script="typed" function_2="reference" function_1="legend" language="english"> </DL_ZONE>
			<DL_ZONE gedi_type="TextRegion" id="38" col="1829" row="877" width="98" height="58" contents="BM" script="typed" function_2="reference" function_1="legend" language="english"> </DL_ZONE>
			<DL_ZONE gedi_type="TextRegion" id="39" col="477" row="955" width="69" height="29" contents="¤LED¤" script="typed" language="english"> </DL_ZONE>
			<DL_ZONE gedi_type="TextRegion" id="40" col="498" row="1000" width="47" height="32" contents="71" script="typed" language="english"> </DL_ZONE>
			<DL_ZONE gedi_type="TextRegion" id="41" col="902" row="951" width="61" height="29" contents="¤LED¤" script="typed" language="english"> </DL_ZONE>
			<DL_ZONE gedi_type="TextRegion" id="42" col="915" row="992" width="50" height="35" contents="85" script="typed" language="english"> </DL_ZONE>
			<DL_ZONE gedi_type="TextRegion" id="43" col="1319" row="941" width="56" height="33" contents="¤LED¤" script="typed" language="english"> </DL_ZONE>
			<DL_ZONE gedi_type="TextRegion" id="45" col="1751" row="979" width="45" height="33" contents="80" script="typed" language="english"> </DL_ZONE>
			<DL_ZONE gedi_type="TextRegion" id="46" col="2155" row="977" width="47" height="33" contents="30" script="typed" language="english"> </DL_ZONE>
			<DL_ZONE gedi_type="TextRegion" id="47" col="1723" row="892" width="80" height="64" contents="90&#10;¤** ** **¤" script="typed" language="english"> </DL_ZONE>
			<DL_ZONE gedi_type="TextRegion" id="48" col="1315" row="2191" width="87" height="67" contents="90&#10;¤** ** **¤" script="typed" language="english"> </DL_ZONE>
			<DL_ZONE gedi_type="LineDrawingRegion" id="55" polygon="(1182,936);(1026,982);(970,1104);(975,1226);(1024,1306);(1075,1336);(1209,1326);(1270,1221);(1287,1080);(1258,1007)"> </DL_ZONE>
			<DL_ZONE gedi_type="TextRegion" id="56" col="1026" row="1341" width="212" height="77" contents="LAS" script="hand" function_1="annotation" language="english"> </DL_ZONE>
			<DL_ZONE gedi_type="TextRegion" id="57" col="180" row="1553" width="85" height="57" contents="BT" script="typed" function_2="reference" function_1="legend" language="english"> </DL_ZONE>
			<DL_ZONE gedi_type="TextRegion" id="58" col="612" row="1441" width="373" height="91" contents="Signal Horn" script="typed" language="english"> </DL_ZONE>
			<DL_ZONE gedi_type="TextRegion" id="59" col="1561" row="1416" width="548" height="95" contents="Voice Synthesizer" script="typed" language="english"> </DL_ZONE>
			<DL_ZONE gedi_type="TextRegion" id="60" col="594" row="1559" width="83" height="58" contents="EB" script="typed" function_2="reference" function_1="legend" language="english"> </DL_ZONE>
			<DL_ZONE gedi_type="TextRegion" id="61" col="1015" row="1546" width="127" height="54" contents="EWH" script="typed" function_2="reference" function_1="legend" language="english"> </DL_ZONE>
			<DL_ZONE gedi_type="TextRegion" id="62" col="1002" row="1614" width="181" height="58" contents="EWHS" script="typed" function_2="reference" function_1="legend" language="english"> </DL_ZONE>
			<DL_ZONE gedi_type="TextRegion" id="63" col="1017" row="1677" width="93" height="51" contents="EW" script="typed" function_2="reference" function_1="legend" language="english"> </DL_ZONE>
			<DL_ZONE gedi_type="TextRegion" id="64" col="1431" row="1540" width="75" height="58" contents="PV" script="typed" function_2="reference" function_1="legend" language="english"> </DL_ZONE>
			<DL_ZONE gedi_type="TextRegion" id="65" col="1844" row="1535" width="90" height="54" contents="BV" script="typed" function_2="reference" function_1="legend" language="english"> </DL_ZONE>
			<DL_ZONE gedi_type="TextRegion" id="66" col="1732" row="1556" width="73" height="43" contents="5W" script="typed" language="english"> </DL_ZONE>
			<DL_ZONE gedi_type="TextRegion" id="67" col="2144" row="1538" width="87" height="66" contents="80&#10;¤** ** **¤" script="typed" language="english"> </DL_ZONE>
			<DL_ZONE gedi_type="TextRegion" id="68" col="2174" row="1619" width="47" height="40" contents="80" script="typed" language="english"> </DL_ZONE>
			<DL_ZONE gedi_type="TextRegion" id="69" col="1312" row="1551" width="84" height="64" contents="105&#10;¤** ** **¤" script="typed" language="english"> </DL_ZONE>
			<DL_ZONE gedi_type="TextRegion" id="70" col="892" row="1564" width="80" height="62" contents="95&#10;¤** ** **¤" script="typed" language="english"> </DL_ZONE>
			<DL_ZONE gedi_type="TextRegion" id="71" col="913" row="1643" width="62" height="35" contents="Ø133" script="typed" language="english"> </DL_ZONE>
			<DL_ZONE gedi_type="TextRegion" id="72" col="484" row="2202" width="84" height="67" contents="85&#10;¤** ** **¤" script="typed" language="english"> </DL_ZONE>
			<DL_ZONE gedi_type="TextRegion" id="73" col="501" row="1641" width="61" height="36" contents="108" script="typed" language="english"> </DL_ZONE>
			<DL_ZONE gedi_type="ImageRegion" id="82" col="262" row="1680" width="230" height="222"> </DL_ZONE>
			<DL_ZONE gedi_type="ImageRegion" id="83" col="670" row="1699" width="239" height="225"> </DL_ZONE>
			<DL_ZONE gedi_type="ImageRegion" id="85" col="1445" row="1690" width="346" height="228"> </DL_ZONE>
			<DL_ZONE gedi_type="ImageRegion" id="86" col="1923" row="1680" width="237" height="221"> </DL_ZONE>
			<DL_ZONE gedi_type="LineDrawingRegion" id="87" polygon="(1560,1619);(1416,1723);(1391,1870);(1492,2018);(1640,2004);(1766,1929);(1799,1798);(1776,1699);(1638,1597)"> </DL_ZONE>
			<DL_ZONE gedi_type="TextRegion" id="88" col="1534" row="1973" width="87" height="132" contents="PV" script="hand" function_1="annotation" language="english"> </DL_ZONE>
			<DL_ZONE gedi_type="TextRegion" id="90" col="947" row="2070" width="548" height="95" contents="Voice Synthesizer" script="typed" language="english"> </DL_ZONE>
			<DL_ZONE gedi_type="GraphicRegion" id="93" col="156" row="1428" width="1253" height="110" function="other"> </DL_ZONE>
			<DL_ZONE gedi_type="GraphicRegion" id="94" col="1416" row="1406" width="832" height="110" function="other"> </DL_ZONE>
			<DL_ZONE gedi_type="TextRegion" id="95" col="1850" row="2175" width="115" height="62" contents="KJT" script="typed" function_2="reference" function_1="legend" language="english"> </DL_ZONE>
			<DL_ZONE gedi_type="TextRegion" id="96" col="1432" row="2181" width="163" height="62" contents="KJPV" script="typed" function_2="reference" function_1="legend" language="english"> </DL_ZONE>
			<DL_ZONE gedi_type="TextRegion" id="97" col="1016" row="2183" width="130" height="71" contents="EVB" script="typed" function_2="reference" function_1="legend" language="english"> </DL_ZONE>
			<DL_ZONE gedi_type="TextRegion" id="98" col="1021" row="2261" width="115" height="47" contents="PVB" script="typed" function_2="reference" function_1="legend" language="english"> </DL_ZONE>
			<DL_ZONE gedi_type="TextRegion" id="100" col="595" row="2190" width="88" height="69" contents="CT" script="typed" function_2="reference" function_1="legend" language="english"> </DL_ZONE>
			<DL_ZONE gedi_type="TextRegion" id="101" col="181" row="2194" width="92" height="63" contents="MV" script="typed" function_2="reference" function_1="legend" language="english"> </DL_ZONE>
			<DL_ZONE gedi_type="TextRegion" id="102" col="478" row="1562" width="82" height="64" contents="85&#10;¤** ** **¤" script="typed" language="english"> </DL_ZONE>
			<DL_ZONE gedi_type="TextRegion" id="103" col="1739" row="2188" width="81" height="66" contents="95&#10;¤** ** **¤" script="typed" language="english"> </DL_ZONE>
			<DL_ZONE gedi_type="TextRegion" id="104" col="902" row="2198" width="82" height="66" contents="95&#10;¤** ** **¤" script="typed" language="english"> </DL_ZONE>
			<DL_ZONE gedi_type="TextRegion" id="105" col="2125" row="890" width="84" height="63" contents="90&#10;¤** ** **¤" script="typed" language="english"> </DL_ZONE>
			<DL_ZONE gedi_type="TextRegion" id="106" col="2151" row="2182" width="82" height="71" contents="90&#10;¤** ** **¤" script="typed" language="english"> </DL_ZONE>
			<DL_ZONE gedi_type="TextRegion" id="107" col="1653" row="2233" width="58" height="26" contents="¤Bulb¤" script="typed" language="english"> </DL_ZONE>
			<DL_ZONE gedi_type="TextRegion" id="108" col="2062" row="2230" width="56" height="27" contents="¤Bulb¤" script="typed" language="english"> </DL_ZONE>
			<DL_ZONE gedi_type="TextRegion" id="109" col="2173" row="2268" width="62" height="37" contents="116" script="typed" language="english"> </DL_ZONE>
			<DL_ZONE gedi_type="TextRegion" id="110" col="1755" row="2272" width="60" height="38" contents="116" script="typed" language="english"> </DL_ZONE>
			<DL_ZONE gedi_type="TextRegion" id="111" col="513" row="2287" width="47" height="37" contents="70" script="typed" language="english"> </DL_ZONE>
			<DL_ZONE gedi_type="GraphicRegion" id="112" function="other" polygon="(168,2073);(2249,2051);(2252,2157);(168,2182)"> </DL_ZONE>
			<DL_ZONE gedi_type="ImageRegion" id="113" col="260" row="2354" width="252" height="203"> </DL_ZONE>
			<DL_ZONE gedi_type="ImageRegion" id="114" col="665" row="2307" width="272" height="247"> </DL_ZONE>
			<DL_ZONE gedi_type="ImageRegion" id="115" col="1062" row="2272" width="303" height="334"> </DL_ZONE>
			<DL_ZONE gedi_type="ImageRegion" id="116" col="1451" row="2271" width="274" height="323"> </DL_ZONE>
			<DL_ZONE gedi_type="ImageRegion" id="117" col="1868" row="2263" width="272" height="328"> </DL_ZONE>
			<DL_ZONE gedi_type="LineDrawingRegion" id="118" polygon="(358,2277);(285,2265);(198,2429);(231,2638);(395,2680);(529,2557);(498,2366);(407,2287)"> </DL_ZONE>
			<DL_ZONE gedi_type="TextRegion" id="119" col="373" row="2630" width="131" height="95" contents="MV" script="hand" function_1="annotation" language="english"> </DL_ZONE>
			<DL_ZONE gedi_type="TextRegion" id="121" col="737" row="2714" width="548" height="95" contents="Voice Synthesizer" script="typed" language="english"> </DL_ZONE>
			<DL_ZONE gedi_type="GraphicRegion" id="122" col="170" row="2704" width="1670" height="126" function="other"> </DL_ZONE>
			<DL_ZONE gedi_type="ImageRegion" id="123" col="185" row="2922" width="302" height="336"> </DL_ZONE>
			<DL_ZONE gedi_type="ImageRegion" id="124" col="606" row="2916" width="295" height="335"> </DL_ZONE>
			<DL_ZONE gedi_type="ImageRegion" id="125" col="1056" row="2952" width="326" height="286"> </DL_ZONE>
			<DL_ZONE gedi_type="ImageRegion" id="126" col="1434" row="2912" width="311" height="349"> </DL_ZONE>
			<DL_ZONE gedi_type="TextRegion" id="127" col="190" row="2843" width="165" height="60" contents="RKPV" script="typed" function_2="reference" function_1="legend" language="english"> </DL_ZONE>
			<DL_ZONE gedi_type="TextRegion" id="128" col="490" row="2854" width="82" height="61" contents="95&#10;¤** ** **¤" script="typed" language="english"> </DL_ZONE>
			<DL_ZONE gedi_type="TextRegion" id="129" col="510" row="2933" width="67" height="36" contents="Ø100" script="typed" language="english"> </DL_ZONE>
			<DL_ZONE gedi_type="TextRegion" id="130" col="599" row="2843" width="137" height="56" contents="RKT" script="typed" function_2="reference" function_1="legend" language="english"> </DL_ZONE>
			<DL_ZONE gedi_type="TextRegion" id="131" col="906" row="2849" width="86" height="69" contents="90&#10;¤** ** **¤" script="typed" language="english"> </DL_ZONE>
			<DL_ZONE gedi_type="TextRegion" id="132" col="927" row="2925" width="65" height="44" contents="Ø100" script="typed" language="english"> </DL_ZONE>
			<DL_ZONE gedi_type="TextRegion" id="133" col="1021" row="2833" width="137" height="63" contents="EVW" script="typed" function_2="reference" function_1="legend" language="english"> </DL_ZONE>
			<DL_ZONE gedi_type="TextRegion" id="134" col="1024" row="2906" width="131" height="54" contents="PVW" script="typed" function_2="reference" function_1="legend" language="english"> </DL_ZONE>
			<DL_ZONE gedi_type="TextRegion" id="135" col="1326" row="2844" width="78" height="63" contents="105&#10;¤** ** **¤" script="typed" language="english"> </DL_ZONE>
			<DL_ZONE gedi_type="TextRegion" id="136" col="1436" row="2833" width="87" height="58" contents="RT" script="typed" function_2="reference" function_1="legend" language="english"> </DL_ZONE>
			<DL_ZONE gedi_type="TextRegion" id="137" col="1652" row="2882" width="69" height="29" contents="¤****¤" script="typed" language="english"> </DL_ZONE>
			<DL_ZONE gedi_type="TextRegion" id="138" col="1738" row="2838" width="88" height="63" contents="105&#10;¤** ** **¤" script="typed" language="english"> </DL_ZONE>
			<DL_ZONE gedi_type="ImageRegion" id="139" polygon="(1015,1873);(1013,1779);(1160,1757);(1174,1660);(1285,1616);(1406,1640);(1409,1724);(1293,1960)"> </DL_ZONE>
			<DL_ZONE gedi_type="GraphicRegion" id="140" col="449" row="256" width="105" height="84" function="drawing"> </DL_ZONE>
			<DL_ZONE gedi_type="GraphicRegion" id="141" col="454" row="339" width="97" height="51" function="other"> </DL_ZONE>
			<DL_ZONE gedi_type="GraphicRegion" id="142" col="876" row="246" width="95" height="89" function="drawing"> </DL_ZONE>
			<DL_ZONE gedi_type="GraphicRegion" id="143" col="874" row="335" width="100" height="50" function="other"> </DL_ZONE>
			<DL_ZONE gedi_type="GraphicRegion" id="144" col="1288" row="240" width="102" height="86" function="drawing"> </DL_ZONE>
			<DL_ZONE gedi_type="GraphicRegion" id="145" col="1293" row="331" width="100" height="47" function="other"> </DL_ZONE>
			<DL_ZONE gedi_type="GraphicRegion" id="146" col="1705" row="232" width="99" height="89" function="drawing"> </DL_ZONE>
			<DL_ZONE gedi_type="GraphicRegion" id="147" col="2124" row="226" width="99" height="89" function="drawing"> </DL_ZONE>
			<DL_ZONE gedi_type="GraphicRegion" id="148" col="467" row="893" width="95" height="97" function="drawing"> </DL_ZONE>
			<DL_ZONE gedi_type="GraphicRegion" id="149" col="465" row="990" width="98" height="52" function="other"> </DL_ZONE>
			<DL_ZONE gedi_type="GraphicRegion" id="150" col="879" row="890" width="100" height="94" function="drawing"> </DL_ZONE>
			<DL_ZONE gedi_type="GraphicRegion" id="151" col="879" row="988" width="102" height="46" function="other"> </DL_ZONE>
			<DL_ZONE gedi_type="GraphicRegion" id="152" col="1301" row="885" width="97" height="94" function="drawing"> </DL_ZONE>
			<DL_ZONE gedi_type="GraphicRegion" id="153" col="1712" row="879" width="101" height="88" function="other"> </DL_ZONE>
			<DL_ZONE gedi_type="GraphicRegion" id="154" col="2115" row="874" width="101" height="86" function="other"> </DL_ZONE>
			<DL_ZONE gedi_type="GraphicRegion" id="155" col="2118" row="968" width="101" height="49" function="other"> </DL_ZONE>
			<DL_ZONE gedi_type="GraphicRegion" id="156" col="471" row="1549" width="97" height="85" function="other"> </DL_ZONE>
			<DL_ZONE gedi_type="GraphicRegion" id="157" col="470" row="1637" width="100" height="50" function="other"> </DL_ZONE>
			<DL_ZONE gedi_type="GraphicRegion" id="158" col="883" row="1549" width="98" height="85" function="other"> </DL_ZONE>
			<DL_ZONE gedi_type="GraphicRegion" id="159" col="884" row="1640" width="97" height="48" function="other"> </DL_ZONE>
			<DL_ZONE gedi_type="GraphicRegion" id="160" col="1302" row="1540" width="99" height="83" function="other"> </DL_ZONE>
			<DL_ZONE gedi_type="GraphicRegion" id="161" col="1718" row="1534" width="100" height="84" function="other"> </DL_ZONE>
			<DL_ZONE gedi_type="GraphicRegion" id="162" col="2129" row="1523" width="108" height="87" function="other"> </DL_ZONE>
			<DL_ZONE gedi_type="GraphicRegion" id="163" col="2134" row="1615" width="104" height="48" function="other"> </DL_ZONE>
			<DL_ZONE gedi_type="GraphicRegion" id="164" col="476" row="2190" width="98" height="89" function="other"> </DL_ZONE>
			<DL_ZONE gedi_type="GraphicRegion" id="165" col="476" row="2284" width="98" height="48" function="other"> </DL_ZONE>
			<DL_ZONE gedi_type="GraphicRegion" id="166" col="890" row="2185" width="100" height="89" function="other"> </DL_ZONE>
			<DL_ZONE gedi_type="GraphicRegion" id="167" col="1309" row="2177" width="98" height="90" function="other"> </DL_ZONE>
			<DL_ZONE gedi_type="GraphicRegion" id="168" col="1626" row="2179" width="100" height="90" function="drawing"> </DL_ZONE>
			<DL_ZONE gedi_type="GraphicRegion" id="169" col="1731" row="2177" width="97" height="88" function="other"> </DL_ZONE>
			<DL_ZONE gedi_type="GraphicRegion" id="170" col="1726" row="2268" width="97" height="51" function="other"> </DL_ZONE>
			<DL_ZONE gedi_type="GraphicRegion" id="171" col="2040" row="2171" width="100" height="92" function="drawing"> </DL_ZONE>
			<DL_ZONE gedi_type="GraphicRegion" id="172" col="2143" row="2171" width="99" height="90" function="other"> </DL_ZONE>
			<DL_ZONE gedi_type="GraphicRegion" id="173" col="2141" row="2259" width="99" height="54" function="other"> </DL_ZONE>
			<DL_ZONE gedi_type="GraphicRegion" id="174" col="481" row="2838" width="98" height="86" function="other"> </DL_ZONE>
			<DL_ZONE gedi_type="GraphicRegion" id="175" col="482" row="2929" width="99" height="47" function="other"> </DL_ZONE>
			<DL_ZONE gedi_type="GraphicRegion" id="176" col="896" row="2835" width="100" height="86" function="other"> </DL_ZONE>
			<DL_ZONE gedi_type="GraphicRegion" id="177" col="898" row="2922" width="103" height="54" function="other"> </DL_ZONE>
			<DL_ZONE gedi_type="GraphicRegion" id="178" col="1316" row="2827" width="94" height="89" function="other"> </DL_ZONE>
			<DL_ZONE gedi_type="GraphicRegion" id="179" col="1634" row="2827" width="98" height="88" function="drawing"> </DL_ZONE>
			<DL_ZONE gedi_type="GraphicRegion" id="180" col="1734" row="2824" width="98" height="89" function="other"> </DL_ZONE>
			<DL_ZONE gedi_type="TextRegion" id="181" col="1830" row="235" width="122" height="59" contents="CLB" script="typed" function_2="reference" function_1="legend" language="english"> </DL_ZONE>
			<DL_ZONE gedi_type="GraphicRegion" id="183" col="1717" row="976" width="91" height="41" function="other"> </DL_ZONE>
			<DL_ZONE gedi_type="GraphicRegion" id="184" col="146" row="494" width="420" height="236" function="other"> </DL_ZONE>
			<DL_ZONE gedi_type="GraphicRegion" id="185" col="570" row="494" width="414" height="234" function="other"> </DL_ZONE>
			<DL_ZONE gedi_type="GraphicRegion" id="186" col="984" row="494" width="416" height="226" function="other"> </DL_ZONE>
			<DL_ZONE gedi_type="GraphicRegion" id="187" col="1402" row="488" width="416" height="230" function="other"> </DL_ZONE>
			<DL_ZONE gedi_type="GraphicRegion" id="188" col="1820" row="484" width="416" height="228" function="other"> </DL_ZONE>
			<DL_ZONE gedi_type="GraphicRegion" id="189" col="1406" row="1150" width="826" height="210" function="other"> </DL_ZONE>
			<DL_ZONE gedi_type="GraphicRegion" id="190" col="998" row="1174" width="408" height="194" function="other"> </DL_ZONE>
			<DL_ZONE gedi_type="GraphicRegion" id="191" col="152" row="1196" width="422" height="184" function="other"> </DL_ZONE>
			<DL_ZONE gedi_type="GraphicRegion" id="192" col="576" row="1200" width="412" height="176" function="other"> </DL_ZONE>
			<DL_ZONE gedi_type="GraphicRegion" id="193" col="152" row="1824" width="430" height="198" function="other"> </DL_ZONE>
			<DL_ZONE gedi_type="GraphicRegion" id="194" col="584" row="1826" width="412" height="192" function="other"> </DL_ZONE>
			<DL_ZONE gedi_type="GraphicRegion" id="195" col="996" row="1828" width="416" height="186" function="other"> </DL_ZONE>
			<DL_ZONE gedi_type="GraphicRegion" id="196" col="1414" row="1830" width="412" height="178" function="other"> </DL_ZONE>
			<DL_ZONE gedi_type="GraphicRegion" id="197" col="1834" row="1830" width="416" height="176" function="other"> </DL_ZONE>
			<DL_ZONE gedi_type="GraphicRegion" id="198" col="1836" row="2448" width="420" height="204" function="other"> </DL_ZONE>
			<DL_ZONE gedi_type="GraphicRegion" id="199" col="1416" row="2450" width="422" height="204" function="other"> </DL_ZONE>
			<DL_ZONE gedi_type="GraphicRegion" id="200" col="1006" row="2454" width="412" height="204" function="other"> </DL_ZONE>
			<DL_ZONE gedi_type="GraphicRegion" id="201" col="154" row="2460" width="428" height="212" function="other"> </DL_ZONE>
			<DL_ZONE gedi_type="GraphicRegion" id="202" col="590" row="2458" width="412" height="206" function="other"> </DL_ZONE>
			<DL_ZONE gedi_type="GraphicRegion" id="203" col="172" row="3120" width="418" height="196" function="other"> </DL_ZONE>
			<DL_ZONE gedi_type="GraphicRegion" id="204" col="590" row="3122" width="418" height="188" function="other"> </DL_ZONE>
			<DL_ZONE gedi_type="GraphicRegion" id="205" col="1010" row="3124" width="416" height="190" function="other"> </DL_ZONE>
			<DL_ZONE gedi_type="GraphicRegion" id="206" col="1428" row="3126" width="418" height="184" function="other"> </DL_ZONE>
			<DL_ZONE gedi_type="Group" id="211" col="1411" row="867" width="725" height="410" elements="30;37;38"> </DL_ZONE>
			<DL_ZONE gedi_type="Group" id="212" col="1004" row="894" width="344" height="432" elements="33;36"> </DL_ZONE>
			<DL_ZONE gedi_type="Group" id="213" col="579" row="888" width="408" height="417" elements="32;35"> </DL_ZONE>
			<DL_ZONE gedi_type="Group" id="214" col="168" row="886" width="399" height="418" elements="31;34"> </DL_ZONE>
			<DL_ZONE gedi_type="Group" id="215" col="170" row="1543" width="332" height="369" elements="57;82"> </DL_ZONE>
			<DL_ZONE gedi_type="Group" id="216" col="584" row="1549" width="335" height="385" elements="60;83"> </DL_ZONE>
			<DL_ZONE gedi_type="Group" id="217" col="992" row="1536" width="427" height="434" elements="61;62;63;139"> </DL_ZONE>
			<DL_ZONE gedi_type="Group" id="218" col="1421" row="1530" width="380" height="398" elements="64;85"> </DL_ZONE>
			<DL_ZONE gedi_type="Group" id="219" col="1834" row="1525" width="336" height="386" elements="65;86"> </DL_ZONE>
			<DL_ZONE gedi_type="Group" id="220" col="1840" row="2165" width="310" height="436" elements="95;117"> </DL_ZONE>
			<DL_ZONE gedi_type="Group" id="221" col="1422" row="2171" width="313" height="433" elements="96;116"> </DL_ZONE>
			<DL_ZONE gedi_type="Group" id="222" col="1006" row="2173" width="369" height="443" elements="97;98;115"> </DL_ZONE>
			<DL_ZONE gedi_type="Group" id="223" col="585" row="2180" width="362" height="384" elements="100;114"> </DL_ZONE>
			<DL_ZONE gedi_type="Group" id="224" col="171" row="2184" width="351" height="383" elements="101;113"> </DL_ZONE>
			<DL_ZONE gedi_type="Group" id="225" col="175" row="2833" width="322" height="435" elements="123;127"> </DL_ZONE>
			<DL_ZONE gedi_type="Group" id="226" col="589" row="2833" width="322" height="428" elements="124;130"> </DL_ZONE>
			<DL_ZONE gedi_type="Group" id="227" col="1011" row="2823" width="381" height="425" elements="125;133;134"> </DL_ZONE>
			<DL_ZONE gedi_type="Group" id="228" col="1424" row="2823" width="331" height="448" elements="126;136"> </DL_ZONE>
			<DL_ZONE gedi_type="Group" id="229" col="156" row="253" width="378" height="450" elements="11;16"> </DL_ZONE>
			<DL_ZONE gedi_type="Group" id="230" col="574" row="248" width="301" height="413" elements="12;17;18"> </DL_ZONE>
			<DL_ZONE gedi_type="Group" id="231" col="989" row="234" width="294" height="422" elements="13;23;24"> </DL_ZONE>
			<DL_ZONE gedi_type="Group" id="232" col="1405" row="224" width="400" height="406" elements="14;27"> </DL_ZONE>
			<DL_ZONE gedi_type="Group" id="233" col="1820" row="225" width="399" height="403" elements="15;181"> </DL_ZONE>
		</DL_PAGE>
	</DL_DOCUMENT>
</GEDI>