<?xml version="1.0" encoding="UTF-8"?>
<!--GEDI was developed at Language and Media Processing Laboratory, University of Maryland.-->

<GEDI xmlns="http://lamp.cfar.umd.edu/media/projects/GEDI/" GEDI_version="2.3" GEDI_date="01/21/2010">
	<USER name="MDR-P8" date="2/12/2013 14:58" dateFormat="mm/dd/yyyy hh:mm">	</USER>
	<USER name="MDR-R3" date="11/21/2012 13:07" dateFormat="mm/dd/yyyy hh:mm">	</USER>
	<USER name="MDR-R8" date="2/26/2013 15:09" dateFormat="mm/dd/yyyy hh:mm">	</USER>
	<USER name="MDR_P1" date="2/25/2013 16:00" dateFormat="mm/dd/yyyy hh:mm">	</USER>
	<DL_DOCUMENT src="BVRZXP.tif" docTag="xml" NrOfPages="1">
		<DL_PAGE gedi_type="DL_PAGE" src="BVRZXP.tif" pageID="1" width="2338" height="1700" Language_2="" Document_Date="" Language_4="" Receiver_Name="" Language_3="" Receiver_Company="" Receiver_Address="" Sender_Company="" Sender_Phone="" Receiver_Fax="" Document_Location="" Receiver_Phone="" Sender_Fax="" Category="C3" NumPage="1" Script_1="typed" Script_2="hand" Document_Object="بطاقة دعوة" Language_1="arabic" Sender_Name="¤{سعد شقرون|نسرين الطباع}¤" Sender_Address="مجمع القيروان - 11010 - سلا" GEDI_orientation="180">
			<DL_ZONE gedi_type="TextRegion" id="1" polygon="(1993,1510);(1341,1672);(664,1605);(355,1488);(433,1326);(1202,1414);(1943,1289)" contents="في ليلة قد طاب فيها أنسنا وصف الزمان وراق فيها بالنا&#10;فعلى بساط الحب أهلا ومرحبا تشريفكم للحفل يكمل فرحنا" script="typed" language="arabic"> </DL_ZONE>
			<DL_ZONE gedi_type="TextRegion" id="2" nextZoneID="3" col="1152" row="1096" width="96" height="267" contents="و" script="typed" language="arabic"> </DL_ZONE>
			<DL_ZONE gedi_type="TextRegion" id="3" nextZoneID="9" col="1293" row="1156" width="593" height="118" contents="السيدة الطباع نسرين" script="hand" language="arabic"> </DL_ZONE>
			<DL_ZONE gedi_type="TextRegion" id="4" nextZoneID="2" col="290" row="1168" width="703" height="108" contents="السيد بن شقرون سعد" script="hand" language="arabic"> </DL_ZONE>
			<DL_ZONE gedi_type="SeparatorRegion" id="5" col="2256" row="264" width="2184" height="24" orientationD="180.381"> </DL_ZONE>
			<DL_ZONE gedi_type="TextRegion" id="6" nextZoneID="7" col="82" row="165" width="257" height="74" contents="العنوان /" script="typed" language="arabic"> </DL_ZONE>
			<DL_ZONE gedi_type="TextRegion" id="7" col="387" row="166" width="1640" height="86" contents="مجمع القيروان - 11010 - سلا . الهاتف : 05.37.80.30.98" script="hand" language="arabic"> </DL_ZONE>
			<DL_ZONE gedi_type="TextRegion" id="8" col="33" row="35" width="2180" height="113" contents="✳ الرجاء إبراز البطاقة عند الدخول - يمنع دخول جوالات الكاميرا - جنة الأطفال منازلهم ." script="typed" function_1="footer" language="arabic"> </DL_ZONE>
			<DL_ZONE gedi_type="TextRegion" id="9" nextZoneID="13" col="322" row="918" width="1670" height="134" contents="يتشرفن بدعوتكن لحضور حفل زفاف" script="typed" language="arabic"> </DL_ZONE>
			<DL_ZONE gedi_type="TextRegion" id="11" nextZoneID="12" col="1124" row="596" width="128" height="260" contents="على" script="typed" language="arabic"> </DL_ZONE>
			<DL_ZONE gedi_type="TextRegion" id="12" col="1348" row="674" width="766" height="112" contents="السيد الصقلي خير الدين" script="hand" language="arabic"> </DL_ZONE>
			<DL_ZONE gedi_type="TextRegion" id="13" nextZoneID="11" col="238" row="672" width="818" height="132" contents="ابنتهما المصونة بن شقرون هند" script="hand" language="arabic"> </DL_ZONE>
			<DL_ZONE gedi_type="TextRegion" id="14" nextZoneID="15" col="60" row="454" width="754" height="142" contents="وذلك بمشيئة الله تعالى يوم" script="typed" language="arabic"> </DL_ZONE>
			<DL_ZONE gedi_type="TextRegion" id="15" col="828" row="470" width="160" height="98" contents="السبت" script="hand" language="arabic"> </DL_ZONE>
			<DL_ZONE gedi_type="TextRegion" id="16" nextZoneID="17" col="1060" row="448" width="120" height="106" contents="ليلة" script="typed" language="arabic"> </DL_ZONE>
			<DL_ZONE gedi_type="TextRegion" id="17" col="1194" row="458" width="456" height="106" contents="11 ذو القعدة 1433" script="hand" function_1="date" language="arabic"> </DL_ZONE>
			<DL_ZONE gedi_type="TextRegion" id="18" nextZoneID="19" col="1654" row="448" width="288" height="124" contents="ه الموافق" script="typed" function_1="date" language="arabic"> </DL_ZONE>
			<DL_ZONE gedi_type="TextRegion" id="19" nextZoneID="20" col="1952" row="486" width="270" height="108" contents="2012/09/29" script="hand" function_1="date" language="arabic"> </DL_ZONE>
			<DL_ZONE gedi_type="TextRegion" id="20" col="2228" row="446" width="54" height="128" contents="م" script="typed" function_1="date" language="arabic"> </DL_ZONE>
			<DL_ZONE gedi_type="TextRegion" id="21" col="70" row="280" width="2202" height="160" contents="وبحضوركن يتم لنا الفرح والسرور والعافية لديكن بالمسرات" script="typed" language="arabic"> </DL_ZONE>
			<DL_ZONE gedi_type="NoiseRegion" id="32" col="4" row="832" width="18" height="816"> </DL_ZONE>
			<DL_ZONE gedi_type="NoiseRegion" id="33" col="1966" row="4" width="272" height="10"> </DL_ZONE>
		</DL_PAGE>
	</DL_DOCUMENT>
</GEDI>