<?xml version="1.0" encoding="UTF-8"?>
<!--GEDI was developed at Language and Media Processing Laboratory, University of Maryland.-->

<GEDI xmlns="http://lamp.cfar.umd.edu/media/projects/GEDI/" GEDI_version="2.3.19" GEDI_date="12/23/2011">
	<USER name="Khizrane" date="3/24/2012 10:35" dateFormat="mm/dd/yyyy hh:mm">	</USER>
	<USER name="Laure" date="5/22/2012 15:28" dateFormat="mm/dd/yyyy hh:mm">	</USER>
	<DL_DOCUMENT src="BXTVUR.tif" docTag="xml" NrOfPages="1">
		<DL_PAGE gedi_type="DL_PAGE" src="BXTVUR.tif" pageID="1" width="1651" height="2335" Language_2="" Sender_Name="" Document_Date="" Language_4="" Receiver_Name="" Language_3="" Receiver_Company="" Receiver_Address="" Sender_Company="" Sender_Phone="" Receiver_Fax="" Document_Location="" Receiver_Phone="" Sender_Address="" Sender_Fax="" Document_Object="CATALOGUE VAISSELLE" Category="C2" Language_1="french" NumPage="1" Script_1="typed" Script_2="hand">
			<DL_ZONE gedi_type="TextRegion" id="1" col="584" row="120" width="550" height="71" contents="SERVICES GRAVÉS" script="typed" function_1="title" language="french"> </DL_ZONE>
			<DL_ZONE gedi_type="TextRegion" id="2" col="280" row="738" width="120" height="38" contents="Carafe à eau" script="typed" language="french"> </DL_ZONE>
			<DL_ZONE gedi_type="TextRegion" id="4" col="557" row="743" width="123" height="38" contents="Verre à eau" script="typed" language="french"> </DL_ZONE>
			<DL_ZONE gedi_type="TextRegion" id="6" col="804" row="734" width="145" height="87" contents="Verre à vin de&#10;Champagne&#10;forme coupe" script="typed" language="french"> </DL_ZONE>
			<DL_ZONE gedi_type="TextRegion" id="8" col="1079" row="731" width="106" height="83" contents="Gobelet&#10;forme&#10;américaine" script="typed" language="french"> </DL_ZONE>
			<DL_ZONE gedi_type="TextRegion" id="10" col="1315" row="733" width="152" height="80" contents="Verre à vin du&#10;Rhin&#10;jambe basse" script="typed" language="french"> </DL_ZONE>
			<DL_ZONE gedi_type="LineDrawingRegion" id="11" polygon="(234,766);(273,725);(325,713);(333,723);(370,720);(418,747);(423,777);(376,809);(300,833);(247,813)"> </DL_ZONE>
			<DL_ZONE gedi_type="LineDrawingRegion" id="12" polygon="(549,774);(559,737);(602,710);(675,710);(700,737);(687,773);(644,803);(572,807)"> </DL_ZONE>
			<DL_ZONE gedi_type="TextRegion" id="13" col="273" row="1404" width="129" height="40" contents="Carafe à eau" script="typed" language="french"> </DL_ZONE>
			<DL_ZONE gedi_type="TextRegion" id="14" col="557" row="1403" width="118" height="38" contents="Verre à eau" script="typed" language="french"> </DL_ZONE>
			<DL_ZONE gedi_type="TextRegion" id="15" col="807" row="1406" width="140" height="81" contents="Verre à vin de&#10;Champagne&#10;forme coupe" script="typed" language="french"> </DL_ZONE>
			<DL_ZONE gedi_type="TextRegion" id="16" col="1079" row="1401" width="103" height="78" contents="Gobelet&#10;forme&#10;américaine" script="typed" language="french"> </DL_ZONE>
			<DL_ZONE gedi_type="TextRegion" id="17" col="1315" row="1398" width="149" height="89" contents="Verre à vin du&#10;Rhin&#10;jambe basse" script="typed" language="french"> </DL_ZONE>
			<DL_ZONE gedi_type="TextRegion" id="19" col="276" row="2066" width="122" height="37" contents="Carafe à eau" script="typed" language="french"> </DL_ZONE>
			<DL_ZONE gedi_type="TextRegion" id="20" col="555" row="2066" width="120" height="36" contents="Verre à eau" script="typed" language="french"> </DL_ZONE>
			<DL_ZONE gedi_type="TextRegion" id="21" col="804" row="2063" width="149" height="90" contents="Verre à vin de&#10;Champagne&#10;forme coupe" script="typed" language="french"> </DL_ZONE>
			<DL_ZONE gedi_type="TextRegion" id="22" col="1068" row="2063" width="113" height="86" contents="Gobelet&#10;forme&#10;américaine" script="typed" language="french"> </DL_ZONE>
			<DL_ZONE gedi_type="TextRegion" id="23" col="1350" row="2057" width="99" height="67" contents="Verre&#10;à liqueur" script="typed" language="french"> </DL_ZONE>
			<DL_ZONE gedi_type="TextRegion" id="25" polygon="(1009,274);(975,217);(1334,133);(1388,209);(989,396);(945,306)" contents="Besoin en urgence&#10;pour la ¤{reception/réception}¤ ¤{annuel/annuelle}¤&#10;des ¤{buveur/buveurs}¤ d'eau ¤{minéral/minérale}¤" script="hand" function_1="annotation" language="french"> </DL_ZONE>
			<DL_ZONE gedi_type="NoiseRegion" id="27" col="731" row="215" width="25" height="19"> </DL_ZONE>
			<DL_ZONE gedi_type="GraphicRegion" id="28" col="148" row="190" width="1404" height="1990" function="drawing"> </DL_ZONE>
			<DL_ZONE gedi_type="GraphicRegion" id="29" col="112" row="42" width="1472" height="2200" function="other"> </DL_ZONE>
			<DL_ZONE gedi_type="TextRegion" id="38" col="677" row="839" width="391" height="51" contents="120 000 ¤{Verre/Verres}¤ à eau" script="hand" function_1="annotation" language="french"> </DL_ZONE>
			<DL_ZONE gedi_type="TextRegion" id="39" col="154" row="893" width="125" height="47" contents="90.000" script="hand" function_1="annotation" language="french"> </DL_ZONE>
			<DL_ZONE gedi_type="LineDrawingRegion" id="40" col="174" row="874" width="65" height="31" orientationD="49.97"> </DL_ZONE>
			<DL_ZONE gedi_type="LineDrawingRegion" id="41" col="685" row="838" width="43" height="22" orientationD="-229.764"> </DL_ZONE>
		</DL_PAGE>
	</DL_DOCUMENT>
</GEDI>