<?xml version="1.0" encoding="UTF-8"?>
<!--GEDI was developed at Language and Media Processing Laboratory, University of Maryland.-->

<GEDI xmlns="http://lamp.cfar.umd.edu/media/projects/GEDI/" GEDI_version="2.3.19" GEDI_date="12/23/2011">
	<USER name="Adil" date="8/13/2012 14:35" dateFormat="mm/dd/yyyy hh:mm">	</USER>
	<USER name="Khizrane" date="8/10/2012 11:16" dateFormat="mm/dd/yyyy hh:mm">	</USER>
	<USER name="MDR-P6" date="10/30/2012 14:49" dateFormat="mm/dd/yyyy hh:mm">	</USER>
	<USER name="MDR-P7" date="8/16/2012 12:38" dateFormat="mm/dd/yyyy hh:mm">	</USER>
	<USER name="Yassine" date="8/11/2012 12:15" dateFormat="mm/dd/yyyy hh:mm">	</USER>
	<DL_DOCUMENT src="CAYXGH.tif" docTag="xml" NrOfPages="1">
		<DL_PAGE gedi_type="DL_PAGE" src="CAYXGH.tif" pageID="1" width="1651" height="2335" Language_2="" Receiver_Name="" Language_4="" Language_3="" Receiver_Address="" Sender_Company="" Category="C3" Document_Date="03/08/2012" Document_Location="PARIS" Language_1="french" NumPage="1" Script_1="hand" Script_2="typed" Sender_Phone="¤{+33(0)3.93.36.27.50|+33(0)1.22.45.14.10}¤" Receiver_Company="AGDA" Receiver_Phone="+33(0)1.65.62.35.21" Sender_Fax="¤{+33(0)3.93.36.27.50|+33(0)1.22.45.14.10}¤" Sender_Name="Laurent ROUSSEAU" Document_Object="SIGNALEMENT ERREUR FACTURATION" Sender_Address="13 RUE DE LA COLLINE 68720 ZILLISHEIM" Receiver_Fax="+33(0)1.58.87.45.25">
			<DL_ZONE gedi_type="GraphicRegion" id="1" col="423" row="94" width="214" height="136" function="logo"> </DL_ZONE>
			<DL_ZONE gedi_type="TextRegion" id="2" col="922" row="103" width="611" height="128" contents="13 Rue de la Colline 68720 Zillsheim&#10;03 93 36 27 50&#10;01 22 45 14 10" script="typed" function_1="coordinates" language="french"> </DL_ZONE>
			<DL_ZONE gedi_type="TextRegion" id="3" col="1057" row="297" width="531" height="90" contents="Paris, le 3 Août 2012" script="hand" function_2="date" function_1="location" language="french"> </DL_ZONE>
			<DL_ZONE gedi_type="TextRegion" id="4" col="78" row="378" width="637" height="227" contents="M. ROUSSEAU LAURENT&#10;13 Rue DE LA Colline&#10;68720 Zillisheim" script="hand" function_1="coordinates" language="french"> </DL_ZONE>
			<DL_ZONE gedi_type="TextRegion" id="5" col="943" row="641" width="566" height="103" contents="Responsables d'AGDA" script="hand" language="french"> </DL_ZONE>
			<DL_ZONE gedi_type="TextRegion" id="6" col="141" row="781" width="1504" height="973" contents="Monsieur,&#10;J'ai l'avantage de vous signaler d'une erreur&#10;dans la facture du mois de Juillet 2012 pour mon abonne-&#10;ment téléphonique ¤{revelant/relevant}¤ de l'opérateur téléphoni-&#10;que AGDA.&#10;Sur ce, Je vous souhaite de me faire rembourser du montant&#10;¤{excede/excédé}¤ ¤{estimant/estimé}¤ à 40 euros afin de conserver notre par-&#10;tenariat.&#10;Comptant sur votre Compréhension et votre savoir&#10;faire, je vous présente mes salutations et mes remerciements&#10;anticipés." script="hand" function_1="text_section" language="french"> </DL_ZONE>
			<DL_ZONE gedi_type="TextRegion" id="7" col="405" row="2156" width="825" height="97" contents="AGDA Tel...01 65 62 35 21 Fax...0158 87 45 25&#10;www.agda.org, agda.ht@fobu.net" script="typed" function_1="footer" language="french"> </DL_ZONE>
			<DL_ZONE gedi_type="TextRegion" id="17" polygon="(1072,1917);(1101,1862);(1328,1885);(1391,1845);(1585,1872);(1595,1918);(1492,1941);(1096,1954)" contents="ROUSSEAU Laurent" script="hand" language="french"> </DL_ZONE>
			<DL_ZONE gedi_type="GraphicRegion" id="19" function="signature" polygon="(1088,2023);(1175,1958);(1230,1955);(1356,1984);(1350,2057);(1313,2082);(1098,2070)"> </DL_ZONE>
			<DL_ZONE gedi_type="Group" id="20" col="1062" row="1835" width="543" height="257" elements="17;19"> </DL_ZONE>
			<DL_ZONE gedi_type="NoiseRegion" id="22" col="0" row="0" width="11" height="609"> </DL_ZONE>
			<DL_ZONE gedi_type="NoiseRegion" id="23" col="1629" row="1" width="22" height="2334"> </DL_ZONE>
			<DL_ZONE gedi_type="NoiseRegion" id="24" col="30" row="0" width="1598" height="10"> </DL_ZONE>
			<DL_ZONE gedi_type="GraphicRegion" id="25" function="drawing" polygon="(230,1006);(436,826);(724,827);(920,955);(1234,925);(1295,1058);(1234,1343);(1177,1460);(804,1447);(760,1135);(243,1222);(151,1086)"> </DL_ZONE>
		</DL_PAGE>
	</DL_DOCUMENT>
</GEDI>