<?xml version="1.0" encoding="UTF-8"?>
<!--GEDI was developed at Language and Media Processing Laboratory, University of Maryland.-->

<GEDI xmlns="http://lamp.cfar.umd.edu/media/projects/GEDI/" GEDI_version="2.3.19" GEDI_date="12/23/2011">
	<USER name="MDR-P7" date="9/19/2012 14:29" dateFormat="mm/dd/yyyy hh:mm">	</USER>
	<USER name="MDR-P8" date="9/21/2012 15:34" dateFormat="mm/dd/yyyy hh:mm">	</USER>
	<USER name="laura" date="9/14/2012 20:56" dateFormat="mm/dd/yyyy hh:mm">	</USER>
	<DL_DOCUMENT src="CBEFOU.tif" docTag="xml" NrOfPages="1">
		<DL_PAGE gedi_type="DL_PAGE" src="CBEFOU.tif" pageID="1" width="1651" height="2335" Language_2="" Language_4="" Receiver_Name="" Language_3="" Receiver_Fax="" Script_2="" Sender_Fax="" Category="C3" Document_Date="22/08/2012" Document_Location="PARIS" Document_Object="RÉSILIATION DE CONTRAT D'ASSURANCE HABITATION" Language_1="french" NumPage="1" Receiver_Address="30 RUE BOUQUET CP: 77185- LOGNES" Receiver_Company="ASSURANCE KIALA" Receiver_Phone="+33(0)4.60.80.60.80" Script_1="hand" Sender_Company="" Sender_Address="HLM LES RETRACHES BAT KORTE 135 CP: 83340 - LE LUC" Sender_Phone="+33(0)4.74.90.12.25" Sender_Name="Fabien LEFEBRE">
			<DL_ZONE gedi_type="TextRegion" id="1" col="12" row="37" width="696" height="471" contents="LEFEFBRE Fabien&#10;HLM LS RETRACHES BAT KORTE 135&#10;CP : 83340 - LE LUC&#10;Tel : 04.74.90.12.25&#10;E-mail : LEFEBRE.Fabien@sf.fr" script="hand" function_1="coordinates" language="french"> </DL_ZONE>
			<DL_ZONE gedi_type="TextRegion" id="2" col="987" row="579" width="466" height="325" contents="ASSURANCE KIALA&#10;30 Rue BOUQUET&#10;CP : 77185 _ LOGNES&#10;Tél : 04.60.80.60.80" script="hand" function_1="coordinates" language="french"> </DL_ZONE>
			<DL_ZONE gedi_type="TextRegion" id="3" col="21" row="847" width="908" height="144" contents="Objet : ¤{Resiliation/Résiliation}¤ du contrat d'assurance Habitation" script="hand" function_1="object" language="french"> </DL_ZONE>
			<DL_ZONE gedi_type="TextRegion" id="4" col="23" row="1010" width="1573" height="846" contents="Bonjour,&#10;je suis LEFEBRE Fabien, je sui l'un de vos clients, ci joint mes&#10;coordonnées. Je vous envoie cette lettre juste pour signaler mon déménagement&#10;et ¤r¤ésilier mon contrat d'assurance habitation.&#10;Je v¤a¤is quitter la France vers la fin de ce mois et je vais vendre mon appartement.&#10;Je vous remercie pour vos ser¤v¤ices pendant ces années.&#10;¤{Cordiallement/Cordialement}¤." script="hand" function_1="text_section" language="french"> </DL_ZONE>
			<DL_ZONE gedi_type="TextRegion" id="5" col="1197" row="1932" width="286" height="92" contents="LEFEBVRE" script="hand" language="french"> </DL_ZONE>
			<DL_ZONE gedi_type="TextRegion" id="6" col="1092" row="2044" width="523" height="92" contents="Fait à Paris le 22/08/2012" script="hand" function_2="date" function_1="location" language="french"> </DL_ZONE>
			<DL_ZONE gedi_type="GraphicRegion" id="8" function="signature" polygon="(1366,2140);(1305,2157);(1241,2217);(1267,2255);(1361,2238);(1402,2233);(1391,2165);(1434,2157);(1411,2142);(1364,2140)"> </DL_ZONE>
			<DL_ZONE gedi_type="NoiseRegion" id="11" col="1630" row="0" width="16" height="2335"> </DL_ZONE>
			<DL_ZONE gedi_type="NoiseRegion" id="12" col="1043" row="584" width="15" height="16"> </DL_ZONE>
			<DL_ZONE gedi_type="NoiseRegion" id="13" col="1018" row="632" width="9" height="8"> </DL_ZONE>
			<DL_ZONE gedi_type="NoiseRegion" id="14" col="1012" row="704" width="4" height="5"> </DL_ZONE>
			<DL_ZONE gedi_type="Group" id="17" col="1187" row="1922" width="306" height="343" elements="5;8"> </DL_ZONE>
		</DL_PAGE>
	</DL_DOCUMENT>
</GEDI>