<?xml version="1.0" encoding="UTF-8"?>
<!--GEDI was developed at Language and Media Processing Laboratory, University of Maryland.-->

<GEDI xmlns="http://lamp.cfar.umd.edu/media/projects/GEDI/" GEDI_version="2.3.19" GEDI_date="12/23/2011">
	<USER name="MDR-P7" date="9/19/2012 14:30" dateFormat="mm/dd/yyyy hh:mm">	</USER>
	<USER name="MDR-P8" date="9/21/2012 15:34" dateFormat="mm/dd/yyyy hh:mm">	</USER>
	<USER name="Mdr-P5" date="9/6/2012 16:51" dateFormat="mm/dd/yyyy hh:mm">	</USER>
	<DL_DOCUMENT src="CBQOGV.tif" docTag="xml" NrOfPages="2">
		<DL_PAGE gedi_type="DL_PAGE" src="CBQOGV.tif" pageID="1" width="1651" height="2335" Language_2="" Receiver_Name="" Language_4="" Document_Date="" Language_3="" Receiver_Company="" Receiver_Address="" Sender_Company="" Sender_Phone="" Script_2="" Receiver_Fax="" Document_Location="" Sender_Address="" Receiver_Phone="" Sender_Fax="" Category="C3" Language_1="french" NumPage="2" Script_1="hand" Document_Object="LETTRE DE NOUVELLES AUX PARENTS" Sender_Name="Béatrice">
			<DL_ZONE gedi_type="TextRegion" id="1" col="60" row="220" width="1546" height="2080" nextZoneID="2" contents="Bonjour Papa Maman .&#10;J'espère que vous allez bien . Moi ça va . Je suis bien arrivée à&#10;Bath la semaine dernière . C'était super cool de prendre l'Eurostar&#10;C'est rapide et peu bruyant . Après j'ai marché pendant 30minutes&#10;pour arriver à un petit appartement prés d'une fontaine . C'est un très&#10;joli coin. Il s'agit d'une résidence étudiante de style ancien . On&#10;se croirait dans un château . Il y a un petit parc juste à côté avec&#10;des chèvres et des ¤{mouttons/moutons}¤ . J'ai rencontré ma nouvelle colocataire ,&#10;elle s'appelle Léa , elle a 20 ans Je suis ¤{sure/sûre}¤ qu'on va bien s'entendre .&#10;Elle aussi c'est la première fois qu'elle vient en Angleterre . Elle ¤rentre¤&#10;à la fac de droit pour 1 an . On est déjà ¤{allé/allées}¤ faire du shopping&#10;toutes les deux . C'est fou le nombre de magasins qu'il y a ici .&#10;En tout cas ne vous inquiétez surtout pas, ici c'est un coin très calme,&#10;étudiant , les gens sont gentils et il n'y a pas de bruit dans la&#10;résidence le soir après 10h . Lundi j'ai eu ma première journée de&#10;cours à la fac . Comme matières j'ai biologie, chromatographie&#10;maths, biotechnologie végétale et parasitologie . Ce sont des matières qui&#10;me plaisent beaucoup . Les trois quart des cours seront en Anglais&#10;Ca va être un peu ¤{dure/dur}¤ au début mais je pense que je vais bien&#10;progresser comme ça . En plus les profs sont tous bilingues et&#10;très compréhensifs." script="hand" function_1="text_section" language="french"> </DL_ZONE>
		</DL_PAGE>
		<DL_PAGE gedi_type="DL_PAGE" src="CBQOGV.tif" pageID="2" width="1651" height="2335" Language_2="" Sender_Name="" Receiver_Name="" Language_4="" Document_Date="" Language_3="" Receiver_Company="" Receiver_Address="" Sender_Company="" Sender_Phone="" Script_2="" Receiver_Fax="" Document_Location="" Sender_Address="" Receiver_Phone="" Sender_Fax="" Document_Object="" NumPage="2" Language_1="" Script_1="" Category="">
			<DL_ZONE gedi_type="TextRegion" id="2" col="152" row="64" width="1440" height="896" contents="Aussi , je me suis inscrite à des cours d'équitation dans un village&#10;à côté. C'est Léa qui me l'a conseillé . Elle est galop 6 et je&#10;l'ai vu monter à cheval c'est impressionnant .&#10;Moi j'avais ¤{avis/envie}¤ de reprendre le cheval aussi . ¤{Ca/Ça}¤ fait bizarre de&#10;remonter après 3 ans d'¤{interuption/interruption}¤ mais ça fait du bien .&#10;Les moniteurs sont ¤{bien/biens}¤ et on fait des ballades dans la campagne&#10;Anglaise . Au fait , vous m'avez dit qu'il allait toujours pleuvoir ,&#10;et bien depuis que je suis arrivé il y a un beau soleil.&#10;Enfin tout ça pour vous dire que je suis très heureuse d'être ici ,&#10;alors ne vous inquiétez pas tout va très bien !&#10;¤{Biensûr/Bien sûr}¤ vous me manquez mais je ¤{viendrais/viendrai}¤ vous voir pour noël .&#10;Faites un gros bisous à mon toutou Cooky ." script="hand" function_1="text_section" language="french"> </DL_ZONE>
			<DL_ZONE gedi_type="TextRegion" id="3" col="852" row="1036" width="610" height="218" contents="Gros Bisous à vous&#10;à Bientôt" script="hand" language="french"> </DL_ZONE>
			<DL_ZONE gedi_type="TextRegion" id="4" col="1024" row="1424" width="320" height="162" contents="Béatrice" script="hand" language="french"> </DL_ZONE>
		</DL_PAGE>
	</DL_DOCUMENT>
</GEDI>