<?xml version="1.0" encoding="UTF-8"?>
<!--GEDI was developed at Language and Media Processing Laboratory, University of Maryland.-->

<GEDI xmlns="http://lamp.cfar.umd.edu/media/projects/GEDI/" GEDI_version="2.3.19" GEDI_date="12/23/2011">
	<USER name="Adil" date="5/7/2012 7:46" dateFormat="mm/dd/yyyy hh:mm">	</USER>
	<USER name="Laure" date="5/9/2012 10:00" dateFormat="mm/dd/yyyy hh:mm">	</USER>
	<USER name="MDR-P4" date="12/4/2012 16:58" dateFormat="mm/dd/yyyy hh:mm">	</USER>
	<USER name="MDR-P8" date="10/31/2012 15:31" dateFormat="mm/dd/yyyy hh:mm">	</USER>
	<USER name="MDR_P1" date="10/16/2012 16:40" dateFormat="mm/dd/yyyy hh:mm">	</USER>
	<USER name="Mdr-P5" date="5/28/2013 10:48" dateFormat="mm/dd/yyyy hh:mm">	</USER>
	<DL_DOCUMENT src="CFHPNJ.tif" docTag="xml" NrOfPages="1">
		<DL_PAGE gedi_type="DL_PAGE" src="CFHPNJ.tif" pageID="1" width="1728" height="2359" Language_2="" Receiver_Name="" Language_4="" Language_3="" Sender_Company="" Sender_Phone="" Receiver_Fax="" Receiver_Phone="" Category="C3" Document_Location="PARIS" Document_Object="RÉSILIATION DE CONTRAT" Language_1="french" NumPage="1" Receiver_Company="MANIAC ASSURANCE" Script_1="hand" Script_2="typed" Sender_Address="1 RUE DE NANCY 54760 BEY SUR SEILLE" Document_Date="¤{07/12/2008|26/04/2012}¤" Sender_Fax="+33(0)1.43.13.33.30" Receiver_Address="19 RUE DE LA VIE 75700 PARIS" Sender_Name="Frédérique ARNAUD">
			<DL_ZONE gedi_type="TextRegion" id="1" col="71" row="0" width="1569" height="32" contents="26/04 2012 JEU 16:11 FAX 01 43 13 33 30 ELDA 001 / 001" script="typed" function_2="header" function_1="date" language="french"> </DL_ZONE>
			<DL_ZONE gedi_type="GraphicRegion" id="3" col="1503" row="0" width="26" height="26" function="drawing"> </DL_ZONE>
			<DL_ZONE gedi_type="TextRegion" id="4" col="1065" row="48" width="577" height="81" contents="Paris , le 07 Déc. 2008" script="hand" function_2="date" function_1="location" language="french"> </DL_ZONE>
			<DL_ZONE gedi_type="TextRegion" id="5" col="130" row="199" width="627" height="267" contents="ARNAUD Frédérique&#10;1 rue de Nancy&#10;54760 Bey Sur Seille" script="hand" function_1="coordinates" language="french"> </DL_ZONE>
			<DL_ZONE gedi_type="TextRegion" id="6" col="892" row="631" width="575" height="309" contents="Maniac Assurance&#10;19 rue de la vie&#10;75700 Paris" script="hand" function_1="coordinates" language="french"> </DL_ZONE>
			<DL_ZONE gedi_type="TextRegion" id="7" col="122" row="1039" width="1471" height="653" contents="Bonjour,&#10;Je soussigné, Arnaud Frédérique, né le 04&#10;Avril 1987, souhaite résilier le contrat&#10;d'assurance. Cette résiliation prendra fin&#10;le 30 Décembre 2008.&#10;Merci de compréhension." script="hand" function_1="text_section" language="french"> </DL_ZONE>
			<DL_ZONE gedi_type="GraphicRegion" id="8" function="signature" polygon="(753,1852);(806,1819);(977,1794);(1136,1790);(1311,1808);(1455,1837);(1498,1865);(1486,1887);(1288,1911);(1142,1921);(1003,1934);(862,1959);(845,1940);(913,1919);(1082,1889);(1099,1852);(1126,1854);(1136,1892);(1345,1880);(1441,1866);(1384,1850);(1271,1833);(1112,1828)"> </DL_ZONE>
		</DL_PAGE>
	</DL_DOCUMENT>
</GEDI>