<?xml version="1.0" encoding="UTF-8"?>
<!--GEDI was developed at Language and Media Processing Laboratory, University of Maryland.-->

<GEDI xmlns="http://lamp.cfar.umd.edu/media/projects/GEDI/" GEDI_version="2.3.19" GEDI_date="12/23/2011">
	<USER name="Laure" date="4/23/2012 14:25" dateFormat="mm/dd/yyyy hh:mm">	</USER>
	<USER name="MDR-P8" date="10/31/2012 15:31" dateFormat="mm/dd/yyyy hh:mm">	</USER>
	<DL_DOCUMENT src="CFHUPJ.tif" docTag="xml" NrOfPages="1">
		<DL_PAGE gedi_type="DL_PAGE" src="CFHUPJ.tif" pageID="1" width="1200" height="1718" Language_2="" Receiver_Name="" Language_4="" Document_Date="" Language_3="" Receiver_Fax="" Document_Location="" Receiver_Phone="" Category="C3" Language_1="french" NumPage="1" Script_1="hand" Script_2="typed" Receiver_Address="14, QUAI DE LA VICTOIRE 86110 RAON L'ETAPE" Receiver_Company="SOCIETE SRB" Sender_Name="Hubert MICHEL" Sender_Phone="+33(0)3.39.24.48.57" Sender_Company="FENETRES RAON SARL" Sender_Fax="+33(0)3.33.24.48.57" Sender_Address="12, RUE JULES FERRY 88110 RAON L'ETAPE" Document_Object="PROJET RÉNOVATION FENÊTRES ÉGLISE">
			<DL_ZONE gedi_type="TextRegion" id="1" col="128" row="56" width="289" height="94" contents="FENETRES RAON SARL&#10;Tel : 03 39 24 48 57&#10;Fax : 03 33 24 48 57" script="typed" language="french"> </DL_ZONE>
			<DL_ZONE gedi_type="TextRegion" id="2" col="71" row="238" width="304" height="140" contents="MICHEL Hubert&#10;12, rue Jules Ferry&#10;88110 Raon l'Etape" script="hand" function_1="coordinates" language="french"> </DL_ZONE>
			<DL_ZONE gedi_type="TextRegion" id="3" col="732" row="419" width="355" height="127" contents="SOCIETE SRB.&#10;14, quai de La Victoire&#10;88110 Raon l'Etape." script="hand" function_1="coordinates" language="french"> </DL_ZONE>
			<DL_ZONE gedi_type="TextRegion" id="4" col="15" row="630" width="1170" height="525" nextZoneID="5" contents="Je me prie de vous envoyer cette lettre pour informer de notre&#10;nouvelle gamme de fenêtres quadruple vitrage pour le projet de rénovation&#10;de l'Eglise St Juste.&#10;Cette nouvelle gamme permet d'isoler à l'intérieur des fenêtres ce qui&#10;permet d'isoler l'extérieur. La pose est plus facile grâce aux prises&#10;sur les côtés et un bouton permet à une mousse expansive de se libérer&#10;automatiquement.&#10;L'église souffre d'une isolation médiocre, la rénovation devrait&#10;prévoir une meilleure isolation. Les vitraux c'est bien, l'isolation c'est&#10;mieux." script="hand" function_1="text_section" language="french"> </DL_ZONE>
			<DL_ZONE gedi_type="TextRegion" id="5" col="48" row="1220" width="1100" height="60" contents="Je vous prie de croire en l'expression de mes salutations distinguées." script="hand" language="french"> </DL_ZONE>
			<DL_ZONE gedi_type="TextRegion" id="6" col="778" row="1370" width="141" height="88" contents="Michel" script="hand" language="french"> </DL_ZONE>
			<DL_ZONE gedi_type="TextRegion" id="7" col="250" row="1611" width="711" height="62" contents="FENETRES RAON SARL Tel : 03 39 24 48 57 Fax : 03 33 24 48 57&#10;michel@fenetres-raon.fr www.fenetres-raon.fr" script="typed" function_1="footer" language="french"> </DL_ZONE>
			<DL_ZONE gedi_type="GraphicRegion" id="8" function="signature" polygon="(727,1444);(749,1403);(778,1361);(924,1367);(1007,1421);(1001,1442);(792,1525);(735,1538);(699,1501)"> </DL_ZONE>
			<DL_ZONE gedi_type="GraphicRegion" id="9" col="584" row="65" width="550" height="140" function="logo"> </DL_ZONE>
		</DL_PAGE>
	</DL_DOCUMENT>
</GEDI>