<?xml version="1.0" encoding="UTF-8"?>
<!--GEDI was developed at Language and Media Processing Laboratory, University of Maryland.-->

<GEDI xmlns="http://lamp.cfar.umd.edu/media/projects/GEDI/" GEDI_version="2.3" GEDI_date="01/21/2010">
	<USER name="MDR-R4" date="3/16/2013 10:40" dateFormat="mm/dd/yyyy hh:mm">	</USER>
	<USER name="MDR_R8" date="3/29/2013 16:03" dateFormat="mm/dd/yyyy hh:mm">	</USER>
	<DL_DOCUMENT src="CFLDUJ.tif" docTag="xml" NrOfPages="1">
		<DL_PAGE gedi_type="DL_PAGE" src="CFLDUJ.tif" pageID="1" width="1700" height="2338" Language_4="" Language_3="" Receiver_Address="" Receiver_Fax="" Document_Location="" Sender_Address="" Sender_Fax="" Category="C1" Document_Date="02/05/2011" Document_Object="استمارة طلب الفحص الطبي قبل الزواج" Language_1="arabic" Language_2="english" NumPage="1" Script_1="typed" Script_2="hand" Sender_Company="" Receiver_Company="وزارة الصحة" Receiver_Name="" Sender_Name="الشيخ عثمان إبراهيم" Receiver_Phone="" Sender_Phone="+212(0)5.28.84.17.97">
			<DL_ZONE gedi_type="TextRegion" id="1" col="402" row="177" width="765" height="111" contents="استمارة طلب الفحص الطبي قبل الزواج&#10;وفقا لأحكام القانون رقم 31 لسنة 2008 ولائحته التنفيذية" script="typed" function_2="object" function_1="title" function_3="reference" language="arabic"> </DL_ZONE>
			<DL_ZONE gedi_type="GraphicRegion" id="2" col="1241" row="82" width="167" height="236" function="logo"> </DL_ZONE>
			<DL_ZONE gedi_type="TextRegion" id="3" col="132" row="375" width="148" height="54" contents="Name :" script="typed" language="english"> </DL_ZONE>
			<DL_ZONE gedi_type="TextRegion" id="4" col="267" row="502" width="162" height="49" contents="Civil I.D :" script="typed" language="english"> </DL_ZONE>
			<DL_ZONE gedi_type="TextRegion" id="5" col="271" row="622" width="157" height="50" contents="File No :" script="typed" language="english"> </DL_ZONE>
			<DL_ZONE gedi_type="TextRegion" id="6" col="1246" row="273" width="157" height="37" contents="وزارة الصحة" script="typed" language="arabic"> </DL_ZONE>
			<DL_ZONE gedi_type="TextRegion" id="7" nextZoneID="64" col="1349" row="368" width="127" height="52" contents="الإسم :" script="typed" language="arabic"> </DL_ZONE>
			<DL_ZONE gedi_type="TextRegion" id="8" nextZoneID="66" col="1152" row="487" width="216" height="58" contents="الرقم المدني :" script="typed" language="arabic"> </DL_ZONE>
			<DL_ZONE gedi_type="TextRegion" id="9" nextZoneID="68" col="1144" row="597" width="224" height="55" contents="رقم  الملف :" script="typed" language="arabic"> </DL_ZONE>
			<DL_ZONE gedi_type="TextRegion" id="10" nextZoneID="71" col="349" row="727" width="147" height="33" contents="رقم الهاتف :" script="typed" language="arabic"> </DL_ZONE>
			<DL_ZONE gedi_type="TextRegion" id="11" nextZoneID="72" col="870" row="716" width="134" height="39" contents="الجنسية :" script="typed" language="arabic"> </DL_ZONE>
			<DL_ZONE gedi_type="TextRegion" id="12" col="1381" row="715" width="88" height="35" contents="ذكر :" script="typed" language="arabic"> </DL_ZONE>
			<DL_ZONE gedi_type="TextRegion" id="13" col="1382" row="751" width="83" height="42" contents="أنثى :" script="typed" language="arabic"> </DL_ZONE>
			<DL_ZONE gedi_type="TextRegion" id="14" nextZoneID="78" col="1404" row="857" width="74" height="38" contents="العمر :" script="typed" language="arabic"> </DL_ZONE>
			<DL_ZONE gedi_type="TextRegion" id="15" col="1068" row="717" width="77" height="39" contents="Male" script="typed" language="english"> </DL_ZONE>
			<DL_ZONE gedi_type="TextRegion" id="16" col="858" row="756" width="147" height="32" contents=": Nationality" script="typed" language="english"> </DL_ZONE>
			<DL_ZONE gedi_type="TextRegion" id="17" col="349" row="764" width="147" height="27" contents=": Phone No ." script="typed" language="english"> </DL_ZONE>
			<DL_ZONE gedi_type="TextRegion" id="18" col="1072" row="761" width="104" height="39" contents="Female" script="typed" language="english"> </DL_ZONE>
			<DL_ZONE gedi_type="TextRegion" id="19" col="1406" row="897" width="74" height="32" contents=": Age" script="typed" language="english"> </DL_ZONE>
			<DL_ZONE gedi_type="TextRegion" id="20" col="853" row="898" width="151" height="36" contents=": Occupation" script="typed" language="english"> </DL_ZONE>
			<DL_ZONE gedi_type="TextRegion" id="21" nextZoneID="75" col="895" row="868" width="108" height="31" contents="المهنة :" script="typed" language="arabic"> </DL_ZONE>
			<DL_ZONE gedi_type="TextRegion" id="22" col="342" row="878" width="166" height="31" contents="صلة القرابة :" script="typed" language="arabic"> </DL_ZONE>
			<DL_ZONE gedi_type="TextRegion" id="23" col="233" row="909" width="277" height="37" contents=": Consanguinity to Partner" script="typed" language="english"> </DL_ZONE>
			<DL_ZONE gedi_type="TextRegion" id="24" col="125" row="1028" width="151" height="31" contents="جامعي فما فوق" script="typed" language="arabic"> </DL_ZONE>
			<DL_ZONE gedi_type="TextRegion" id="25" col="483" row="1019" width="70" height="34" contents="ثانوي" script="typed" language="arabic"> </DL_ZONE>
			<DL_ZONE gedi_type="TextRegion" id="26" col="735" row="1013" width="96" height="33" contents="متوسط" script="typed" language="arabic"> </DL_ZONE>
			<DL_ZONE gedi_type="TextRegion" id="27" col="1047" row="1007" width="68" height="38" contents="ابتدائي" script="typed" language="arabic"> </DL_ZONE>
			<DL_ZONE gedi_type="TextRegion" id="28" col="1272" row="1002" width="213" height="40" contents="المستوى التعليمي :" script="typed" language="arabic"> </DL_ZONE>
			<DL_ZONE gedi_type="TextRegion" id="29" col="1274" row="1041" width="207" height="31" contents=": Education Level" script="typed" language="english"> </DL_ZONE>
			<DL_ZONE gedi_type="TextRegion" id="30" col="140" row="1171" width="39" height="33" contents="No" script="typed" language="english"> </DL_ZONE>
			<DL_ZONE gedi_type="TextRegion" id="31" col="143" row="1319" width="36" height="32" contents="No" script="typed" language="english"> </DL_ZONE>
			<DL_ZONE gedi_type="TextRegion" id="32" col="368" row="1168" width="42" height="31" contents="Yes" script="typed" language="english"> </DL_ZONE>
			<DL_ZONE gedi_type="TextRegion" id="33" col="370" row="1315" width="43" height="33" contents="Yes" script="typed" language="english"> </DL_ZONE>
			<DL_ZONE gedi_type="TextRegion" id="34" col="371" row="1461" width="46" height="32" contents="Yes" script="typed" language="english"> </DL_ZONE>
			<DL_ZONE gedi_type="TextRegion" id="35" col="147" row="1462" width="38" height="34" contents="No" script="typed" language="english"> </DL_ZONE>
			<DL_ZONE gedi_type="TextRegion" id="36" col="147" row="1616" width="41" height="33" contents="No" script="typed" language="english"> </DL_ZONE>
			<DL_ZONE gedi_type="TextRegion" id="37" col="375" row="1610" width="46" height="33" contents="Yes" script="typed" language="english"> </DL_ZONE>
			<DL_ZONE gedi_type="TextRegion" id="38" col="377" row="1755" width="46" height="38" contents="Yes" script="typed" language="english"> </DL_ZONE>
			<DL_ZONE gedi_type="TextRegion" id="39" col="147" row="1763" width="43" height="32" contents="No" script="typed" language="english"> </DL_ZONE>
			<DL_ZONE gedi_type="TextRegion" id="40" col="1018" row="1155" width="458" height="36" contents="هل توجد بالعائلة أمراض وراثية ( أذكرها إن وجدت) :" script="typed" language="arabic"> </DL_ZONE>
			<DL_ZONE gedi_type="TextRegion" id="41" col="1010" row="1299" width="465" height="39" contents="هل سبق ¤{و أن/وأن}¤ لم نقل دم لك ( مع ذكر السبب إن وجد) :" script="typed" language="arabic"> </DL_ZONE>
			<DL_ZONE gedi_type="TextRegion" id="42" col="739" row="1442" width="742" height="41" contents="هل توجد لديك أمراض أو أجريت لك عملية جراحية سابقا (مع ذكر السبب إن وجدت) :" script="typed" language="arabic"> </DL_ZONE>
			<DL_ZONE gedi_type="TextRegion" id="43" col="1061" row="1593" width="421" height="41" contents="هل تأخذ أنواع من الأدوية ( مع ذكرها إن وجدت) :" script="typed" language="arabic"> </DL_ZONE>
			<DL_ZONE gedi_type="TextRegion" id="44" col="772" row="1740" width="714" height="43" contents="في حالة زواج سابق _ هل لديك أطفال معاقين أو لديهم أمراض دم أو أمراض دم أو أمراض وراثية :" script="typed" language="arabic"> </DL_ZONE>
			<DL_ZONE gedi_type="TextRegion" id="45" col="407" row="1892" width="1104" height="49" contents="* يرجى التفضل بإجراء الفحص الطبي قبل الزواج لي وفقا للقانون رقم 31 لسنة 2008 ولائحته التنفيذية" script="typed" language="arabic"> </DL_ZONE>
			<DL_ZONE gedi_type="TextRegion" id="46" nextZoneID="88" col="480" row="1966" width="78" height="34" contents="التاريخ/" script="typed" language="arabic"> </DL_ZONE>
			<DL_ZONE gedi_type="TextRegion" id="47" nextZoneID="89" col="1277" row="1950" width="220" height="34" contents="اسم وتوقيع مقدم الطلب" script="typed" language="arabic"> </DL_ZONE>
			<DL_ZONE gedi_type="TextRegion" id="48" col="567" row="2092" width="948" height="54" contents="¤* تحفظ هذه الاستمارة لدى مركز الفحص الطبي قبل الزواج بعد تعبئة البيانات الخاصة من قبل المتقدم بالطلب وتوقيعه.¤" script="typed" language="arabic"> </DL_ZONE>
			<DL_ZONE gedi_type="TextRegion" id="49" col="390" row="2236" width="369" height="40" contents="استمارة الفحص الطبي قبل الزواج" script="typed" function_1="footer" language="arabic"> </DL_ZONE>
			<DL_ZONE gedi_type="TextRegion" id="50" col="121" row="2246" width="241" height="34" contents="754DHA0011550" script="typed" function_2="footer" function_1="reference" language="english"> </DL_ZONE>
			<DL_ZONE gedi_type="TextRegion" id="51" col="1257" row="2220" width="226" height="46" contents="Rev. Date (3/09)" script="typed" function_2="footer" language="english"> </DL_ZONE>
			<DL_ZONE gedi_type="TextRegion" id="52" col="404" row="1966" width="75" height="34" contents=": Date" script="typed" language="english"> </DL_ZONE>
			<DL_ZONE gedi_type="TextRegion" id="53" nextZoneID="87" col="298" row="1970" width="18" height="37" contents="/" script="typed" function_1="date" language="arabic"> </DL_ZONE>
			<DL_ZONE gedi_type="TextRegion" id="54" nextZoneID="86" col="174" row="1970" width="18" height="40" contents="/" script="typed" function_1="date" language="arabic"> </DL_ZONE>
			<DL_ZONE gedi_type="TextRegion" id="55" col="1103" row="1986" width="397" height="37" contents=": Name and Signature of Applicant" script="typed" language="english"> </DL_ZONE>
			<DL_ZONE gedi_type="TextRegion" id="56" col="552" row="1785" width="935" height="59" contents=": IF previous marriage, do you have a child with blood or genetic diseases Specify:" script="typed" language="english"> </DL_ZONE>
			<DL_ZONE gedi_type="TextRegion" id="57" col="1153" row="1634" width="330" height="42" contents="H/O Medications ( Specify )" script="typed" language="english"> </DL_ZONE>
			<DL_ZONE gedi_type="TextRegion" id="58" col="938" row="1485" width="543" height="48" contents=": H/O systemic diseases and surgeries ( Specify )" script="typed" language="english"> </DL_ZONE>
			<DL_ZONE gedi_type="TextRegion" id="59" col="1094" row="1340" width="383" height="42" contents=": H/O blood transfusion ( Specify)" script="typed" language="english"> </DL_ZONE>
			<DL_ZONE gedi_type="TextRegion" id="60" col="999" row="1194" width="481" height="43" contents=": H/O family and genetic disease ( Specify)" script="typed" language="english"> </DL_ZONE>
			<DL_ZONE gedi_type="GraphicRegion" id="62" col="242" row="2118" width="83" height="58" function="signature"> </DL_ZONE>
			<DL_ZONE gedi_type="GraphicRegion" id="63" col="298" row="408" width="1028" height="18" function="underlined-field" orientationD="0.893"> </DL_ZONE>
			<DL_ZONE gedi_type="TextRegion" id="64" col="700" row="357" width="562" height="98" contents="الشيخ عثمان إبراهيم" script="hand" language="arabic"> </DL_ZONE>
			<DL_ZONE gedi_type="TextRegion" id="66" col="832" row="474" width="188" height="66" contents="25361" script="hand" function_1="reference" language="arabic"> </DL_ZONE>
			<DL_ZONE gedi_type="TextRegion" id="68" col="564" row="597" width="503" height="71" contents="0 0 0 1 5 4" script="hand" function_1="reference" language="arabic"> </DL_ZONE>
			<DL_ZONE gedi_type="TextRegion" id="71" col="100" row="722" width="237" height="66" contents="0528841797" script="hand" language="arabic"> </DL_ZONE>
			<DL_ZONE gedi_type="TextRegion" id="72" col="676" row="714" width="157" height="57" contents="مغربية" script="hand" language="arabic"> </DL_ZONE>
			<DL_ZONE gedi_type="LineDrawingRegion" id="74" col="1249" row="717" width="35" height="32"> </DL_ZONE>
			<DL_ZONE gedi_type="TextRegion" id="75" col="666" row="869" width="189" height="54" contents="¤{موضف/موظف}¤" script="hand" language="arabic"> </DL_ZONE>
			<DL_ZONE gedi_type="TextRegion" id="78" col="1187" row="854" width="85" height="64" contents="43" script="hand" language="arabic"> </DL_ZONE>
			<DL_ZONE gedi_type="LineDrawingRegion" id="79" col="190" row="935" width="121" height="20" orientationD="65.985"> </DL_ZONE>
			<DL_ZONE gedi_type="LineDrawingRegion" id="80" col="280" row="1002" width="65" height="81"> </DL_ZONE>
			<DL_ZONE gedi_type="LineDrawingRegion" id="81" col="191" row="1159" width="50" height="63"> </DL_ZONE>
			<DL_ZONE gedi_type="LineDrawingRegion" id="82" col="162" row="1331" width="71" height="61"> </DL_ZONE>
			<DL_ZONE gedi_type="LineDrawingRegion" id="83" col="185" row="1464" width="52" height="64"> </DL_ZONE>
			<DL_ZONE gedi_type="LineDrawingRegion" id="84" col="197" row="1598" width="57" height="66"> </DL_ZONE>
			<DL_ZONE gedi_type="LineDrawingRegion" id="85" col="203" row="1749" width="46" height="70"> </DL_ZONE>
			<DL_ZONE gedi_type="TextRegion" id="86" col="130" row="1966" width="45" height="47" contents="02" script="hand" function_1="date" language="arabic"> </DL_ZONE>
			<DL_ZONE gedi_type="TextRegion" id="87" nextZoneID="54" col="201" row="1966" width="73" height="51" contents="05" script="hand" function_1="date" language="arabic"> </DL_ZONE>
			<DL_ZONE gedi_type="TextRegion" id="88" nextZoneID="53" col="325" row="1967" width="79" height="47" contents="2011" script="hand" function_1="date" language="arabic"> </DL_ZONE>
			<DL_ZONE gedi_type="TextRegion" id="89" col="682" row="1965" width="419" height="69" contents="الشيخ عثمان إبراهيم" script="hand" language="arabic"> </DL_ZONE>
			<DL_ZONE gedi_type="TextRegion" id="90" col="1525" row="450" width="75" height="1164" rotation="+90" contents="¤Application For Premarital Testing¤" script="typed" language="english"> </DL_ZONE>
			<DL_ZONE gedi_type="GraphicRegion" id="91" function="other" polygon="(1498,33);(1614,35);(1628,2292);(1520,2295);(1521,2288)"> </DL_ZONE>
			<DL_ZONE gedi_type="NoiseRegion" id="92" col="1" row="2" width="24" height="12"> </DL_ZONE>
			<DL_ZONE gedi_type="TextRegion" id="93" col="1534" row="1911" width="78" height="373" rotation="+90" contents="¤P.T.C. -1¤" script="typed" language="english"> </DL_ZONE>
			<DL_ZONE gedi_type="NoiseRegion" id="96" col="445" row="595" width="43" height="56"> </DL_ZONE>
			<DL_ZONE gedi_type="NoiseRegion" id="97" col="16" row="312" width="1655" height="2004"> </DL_ZONE>
		</DL_PAGE>
	</DL_DOCUMENT>
</GEDI>