<?xml version="1.0" encoding="UTF-8"?>
<!--GEDI was developed at Language and Media Processing Laboratory, University of Maryland.-->

<GEDI xmlns="http://lamp.cfar.umd.edu/media/projects/GEDI/" GEDI_version="2.3.19" GEDI_date="12/23/2011">
	<USER name="Adil" date="5/7/2012 11:37" dateFormat="mm/dd/yyyy hh:mm">	</USER>
	<USER name="Laure" date="5/9/2012 10:10" dateFormat="mm/dd/yyyy hh:mm">	</USER>
	<USER name="MDR-P8" date="10/31/2012 15:31" dateFormat="mm/dd/yyyy hh:mm">	</USER>
	<USER name="Mdr-P5" date="5/28/2013 10:49" dateFormat="mm/dd/yyyy hh:mm">	</USER>
	<DL_DOCUMENT src="CFUPLM.tif" docTag="xml" NrOfPages="1">
		<DL_PAGE gedi_type="DL_PAGE" src="CFUPLM.tif" pageID="1" width="1651" height="2335" Language_2="" Language_4="" Receiver_Name="" Language_3="" Sender_Company="" Receiver_Fax="" Script_2="" Receiver_Phone="" Sender_Fax="" Category="C3" Document_Object="RÉSILIATION CONTRAT D'ASSURANCE HABITATION" Language_1="french" NumPage="1" Receiver_Address="17 RUE DE L'ANCIEN 77153 BRIC D'ARC" Receiver_Company="LMAO" Script_1="hand" Sender_Address="1 RUE DE LA CROIX 68420 HATTSTATT" Document_Date="26/04/2012" Document_Location="HATTSTATT" Sender_Phone="+33(0)3.30.16.91.69" Sender_Name="Yoann GARNIER">
			<DL_ZONE gedi_type="TextRegion" id="1" col="36" row="51" width="383" height="214" contents="GARNIER Yoann&#10;1 Rue de la Croix&#10;68420 HATTSTATT&#10;03 30 16 91 69." script="hand" function_1="coordinates" language="french"> </DL_ZONE>
			<DL_ZONE gedi_type="TextRegion" id="2" col="919" row="459" width="384" height="138" contents="LMAO&#10;17 Rue de l'Ancien&#10;77153 Bric d'arc" script="hand" function_1="coordinates" language="french"> </DL_ZONE>
			<DL_ZONE gedi_type="TextRegion" id="3" col="26" row="643" width="1046" height="66" contents="Objet : Résiliation Contrat d'assurance habitation." script="hand" function_1="object" language="french"> </DL_ZONE>
			<DL_ZONE gedi_type="TextRegion" id="5" col="747" row="1380" width="675" height="86" contents="À HATTSTATT, le 26/04/12." script="hand" function_2="date" function_1="location" language="french"> </DL_ZONE>
			<DL_ZONE gedi_type="TextRegion" id="6" polygon="(1019,1571);(1069,1553);(1080,1524);(1151,1532);(1142,1589);(1041,1592)" contents="¤LAumy¤" script="hand" language="french"> </DL_ZONE>
			<DL_ZONE gedi_type="GraphicRegion" id="7" function="signature" polygon="(991,1593);(1023,1555);(1078,1518);(1158,1527);(1155,1582);(1262,1587);(1259,1603);(987,1610)"> </DL_ZONE>
			<DL_ZONE gedi_type="LineDrawingRegion" id="8" polygon="(817,1397);(852,1399);(876,1422);(868,1439);(841,1435)"> </DL_ZONE>
			<DL_ZONE gedi_type="NoiseRegion" id="9" polygon="(1276,1010);(1332,991);(1379,991);(1492,971);(1526,993);(1582,1014);(1570,1027);(1526,1015);(1501,999);(1462,993);(1368,1018);(1284,1024)"> </DL_ZONE>
			<DL_ZONE gedi_type="TextRegion" id="10" col="82" row="748" width="1524" height="430" contents="Madame, Monsieur.&#10;Ayant trouvé une meilleure offre que vous proposez, chez GMS,&#10;je souhaite résilier le contrat qui me lie à vous.&#10;Je reste à votre disposition, en cas de nouvelles offres de votre part." script="hand" function_1="text_section" language="french"> </DL_ZONE>
			<DL_ZONE gedi_type="TextRegion" id="14" col="873" row="1268" width="635" height="79" contents="Cordialement, GARNIER YOANN" script="hand" language="french"> </DL_ZONE>
			<DL_ZONE gedi_type="Group" id="17" col="863" row="1258" width="655" height="362" elements="6;7;14"> </DL_ZONE>
		</DL_PAGE>
	</DL_DOCUMENT>
</GEDI>