<?xml version="1.0" encoding="UTF-8"?>
<!--GEDI was developed at Language and Media Processing Laboratory, University of Maryland.-->

<GEDI xmlns="http://lamp.cfar.umd.edu/media/projects/GEDI/" GEDI_version="2.3.19" GEDI_date="12/23/2011">
	<USER name="Adil" date="5/8/2012 8:22" dateFormat="mm/dd/yyyy hh:mm">	</USER>
	<USER name="Laure" date="5/9/2012 10:10" dateFormat="mm/dd/yyyy hh:mm">	</USER>
	<USER name="MDR-P8" date="10/31/2012 15:31" dateFormat="mm/dd/yyyy hh:mm">	</USER>
	<USER name="Mdr-P5" date="5/28/2013 10:49" dateFormat="mm/dd/yyyy hh:mm">	</USER>
	<DL_DOCUMENT src="CFUPLN.tif" docTag="xml" NrOfPages="1">
		<DL_PAGE gedi_type="DL_PAGE" src="CFUPLN.tif" pageID="1" width="1651" height="2335" Language_2="" Language_4="" Receiver_Name="" Language_3="" Sender_Company="" Receiver_Fax="" Script_2="" Receiver_Phone="" Sender_Fax="" Category="C3" Document_Date="20/03/2006" Document_Location="LA FARLÈDE" Document_Object="DEMANDE DE RÉSILIATION DE MON CONTRAT D'ASSURANCE HABITATION" Language_1="french" NumPage="1" Receiver_Company="HAB ASSURANCE" Script_1="hand" Sender_Phone="+33(0)4.65.50.32.10" Sender_Address="41 IMPASSE DES ACACIAS LOT LA ROUMIOUGNE 83 210 LA FARLEDE" Receiver_Address="33 AVENUE CHAMPS 83210 LA FARLEDE" Sender_Name="Annie HENRY">
			<DL_ZONE gedi_type="TextRegion" id="1" col="40" row="25" width="561" height="395" contents="HENRY Annie&#10;41 Impasse des&#10;Acacias Lot la Roumiougne&#10;83 210 La Farlede&#10;Tél : 04.65.50.32.10" script="hand" function_1="coordinates" language="french"> </DL_ZONE>
			<DL_ZONE gedi_type="TextRegion" id="2" col="1007" row="496" width="496" height="206" contents="HAB Assurance&#10;33 Avenue Champs&#10;83210 La Farlede" script="hand" function_1="coordinates" language="french"> </DL_ZONE>
			<DL_ZONE gedi_type="TextRegion" id="3" col="261" row="801" width="918" height="136" contents="Objet : Demande de résiliation de mon&#10;contrat d'assurance habitation." script="hand" function_1="object" language="french"> </DL_ZONE>
			<DL_ZONE gedi_type="TextRegion" id="4" col="65" row="1046" width="1566" height="655" contents="Madame, Monsieur,&#10;Je soussignée Mlle Annie Henry, souhaite résilier mon&#10;contrat d'assurance habitation. Le numéro du contrat est le :&#10;194 334. La résiliation prendra effet le 24 avril 2006.&#10;Je vous remercie de faire le nécessaire.&#10;Veuillez agréer, Madame, Monsieur, mes salutations distinguées." script="hand" function_2="reference" function_1="text_section" language="french"> </DL_ZONE>
			<DL_ZONE gedi_type="TextRegion" id="5" col="1211" row="1906" width="387" height="85" contents="Mlle Annie Henry" script="hand" language="french"> </DL_ZONE>
			<DL_ZONE gedi_type="GraphicRegion" id="6" function="signature" polygon="(1274,2120);(1310,2110);(1323,2074);(1413,2098);(1467,2158);(1452,2175);(1340,2177);(1216,2189)"> </DL_ZONE>
			<DL_ZONE gedi_type="TextRegion" id="18" col="873" row="1758" width="766" height="94" contents="La Farlede, le 20 mars 2006" script="hand" function_2="date" function_1="location" language="french"> </DL_ZONE>
			<DL_ZONE gedi_type="NoiseRegion" id="24" col="1627" row="550" width="24" height="41"> </DL_ZONE>
			<DL_ZONE gedi_type="Group" id="29" col="1201" row="1896" width="407" height="303" elements="5;6"> </DL_ZONE>
		</DL_PAGE>
	</DL_DOCUMENT>
</GEDI>