<?xml version="1.0" encoding="UTF-8"?>
<!--GEDI was developed at Language and Media Processing Laboratory, University of Maryland.-->

<GEDI xmlns="http://lamp.cfar.umd.edu/media/projects/GEDI/" GEDI_version="2.3.19" GEDI_date="12/23/2011">
	<USER name="Laure" date="5/9/2012 11:46" dateFormat="mm/dd/yyyy hh:mm">	</USER>
	<USER name="MDR-P8" date="10/31/2012 15:31" dateFormat="mm/dd/yyyy hh:mm">	</USER>
	<USER name="MDR_P1" date="10/16/2012 16:42" dateFormat="mm/dd/yyyy hh:mm">	</USER>
	<USER name="asmae" date="5/5/2012 9:49" dateFormat="mm/dd/yyyy hh:mm">	</USER>
	<DL_DOCUMENT src="CFUPMJ.tif" docTag="xml" NrOfPages="1">
		<DL_PAGE gedi_type="DL_PAGE" src="CFUPMJ.tif" pageID="1" width="1728" height="2359" Language_2="" Language_3="" Receiver_Company="" Receiver_Address="" Sender_Company="" Sender_Phone="" Receiver_Fax="" Sender_Address="" Receiver_Phone="" Document_Date="26/04/2012" Language_1="french" NumPage="1" Language_4="" Script_1="hand" Script_2="typed" Receiver_Name="Manu" Sender_Name="Antoine" Sender_Fax="+33(0)1.43.13.33.30" Document_Location="" Document_Object="NOTE" Category="C3">
			<DL_ZONE gedi_type="TextRegion" id="1" col="74" row="1" width="1567" height="28" contents="26/04 2012 JEU 18:14 FAX 01 43 13 33 30 ELDA 001 / 001" script="typed" function_2="date" function_1="header" language="french"> </DL_ZONE>
			<DL_ZONE gedi_type="GraphicRegion" id="3" col="1505" row="1" width="20" height="22" function="drawing"> </DL_ZONE>
			<DL_ZONE gedi_type="TextRegion" id="4" polygon="(590,606);(587,556);(779,558);(781,660);(1484,656);(1496,923);(685,930);(692,999);(148,1008);(151,825);(216,815);(213,740);(284,729);(278,667);(593,663)" contents="Manu,&#10;¤{Desolé/Désolé}¤ de te ¤{deranger/déranger}¤ mais j'ai du quitter mon&#10;bureau ¤{plutôt/plus tôt}¤ que d'habitude. Ma fille est malade.&#10;Pour ce qu'on avait dit, ça marche toujours, je ¤{t'envois/t'envoie}¤&#10;un mail ce soir." script="hand" function_1="text_section" language="french"> </DL_ZONE>
			<DL_ZONE gedi_type="TextRegion" id="5" col="830" row="1022" width="236" height="72" contents="Antoine ." script="hand" language="french"> </DL_ZONE>
			<DL_ZONE gedi_type="NoiseRegion" id="12" polygon="(19,28);(545,28);(694,32);(1197,28);(1695,24);(1715,25);(1720,2351);(11,2357)"> </DL_ZONE>
			<DL_ZONE gedi_type="LineDrawingRegion" id="13" polygon="(881,1165);(1222,1090);(1193,1077);(1050,1094);(873,1146)"> </DL_ZONE>
		</DL_PAGE>
	</DL_DOCUMENT>
</GEDI>