<?xml version="1.0" encoding="UTF-8"?>
<!--GEDI was developed at Language and Media Processing Laboratory, University of Maryland.-->

<GEDI xmlns="http://lamp.cfar.umd.edu/media/projects/GEDI/" GEDI_version="2.3.19" GEDI_date="12/23/2011">
	<USER name="Laure" date="4/26/2012 17:41" dateFormat="mm/dd/yyyy hh:mm">	</USER>
	<USER name="MDR_P4" date="10/23/2012 14:30" dateFormat="mm/dd/yyyy hh:mm">	</USER>
	<USER name="Mdr-P5" date="5/29/2013 10:05" dateFormat="mm/dd/yyyy hh:mm">	</USER>
	<DL_DOCUMENT src="CGHUPM.tif" docTag="xml" NrOfPages="1">
		<DL_PAGE gedi_type="DL_PAGE" src="CGHUPM.tif" pageID="1" width="1651" height="2335" Language_2="" Document_Date="" Language_4="" Language_3="" Receiver_Company="" Receiver_Address="" Sender_Company="" Receiver_Fax="" Script_2="" Document_Location="" Receiver_Phone="" Sender_Address="" Sender_Fax="" Category="C3" Language_1="french" NumPage="1" Script_1="hand" Receiver_Name="" Sender_Phone="" Document_Object="NOTE D'INFORMATION" Sender_Name="">
			<DL_ZONE gedi_type="TextRegion" id="1" col="418" row="289" width="995" height="496" contents="Les enfants&#10;Vous trouverez dans le frigo&#10;vos sandwichs marqués à vos noms&#10;Papa." script="hand" language="french"> </DL_ZONE>
		</DL_PAGE>
	</DL_DOCUMENT>
</GEDI>