<?xml version="1.0" encoding="UTF-8"?>
<!--GEDI was developed at Language and Media Processing Laboratory, University of Maryland.-->

<GEDI xmlns="http://lamp.cfar.umd.edu/media/projects/GEDI/" GEDI_version="2.3.19" GEDI_date="12/23/2011">
	<USER name="MDR-P6" date="5/6/2013 10:45" dateFormat="mm/dd/yyyy hh:mm">	</USER>
	<USER name="Mdr-P5" date="5/3/2013 10:14" dateFormat="mm/dd/yyyy hh:mm">	</USER>
	<DL_DOCUMENT src="CGNCJN.tif" docTag="xml" NrOfPages="1">
		<DL_PAGE gedi_type="DL_PAGE" src="CGNCJN.tif" pageID="1" width="1651" height="2335" Language_2="" Language_4="" Language_3="" Receiver_Company="" Receiver_Address="" Sender_Company="" Script_2="" Document_Location="" Sender_Address="" Category="C4" Document_Date="02/12/2012" Document_Object="CONSEIL DE CLASSE" Language_1="french" NumPage="1" Script_1="typed" Receiver_Fax="+33(0)3.21.68.94.05" Receiver_Name="Bernard FORESTIER" Receiver_Phone="+33(0)3.21.68.94.02" Sender_Fax="+33(0)3.60.89.76.69" Sender_Name="Amandine LEGRAND" Sender_Phone="+33(0)3.60.89.76.68">
			<DL_ZONE gedi_type="TextRegion" id="1" col="285" row="303" width="925" height="121" contents="TÉLÉCOPIE&#10;De : Amandine LEGRAND  |  Téléphone : 03.60.89.76.68  |  Télécopie : 03.60.89.76.69" script="typed" function_1="title" language="french"> </DL_ZONE>
			<DL_ZONE gedi_type="TextRegion" id="2" col="276" row="1176" width="1082" height="259" contents="COMMENTAIRES :&#10;Bonjour,&#10;Je suis le professeur d’histoire/géographie  de la classe de troisième 4, et la fin du premier semestre arrivant rapidement,&#10;j’¤{aimerai/aimerais}¤ savoir si la date du conseil de classe a déjà été fixée ou pas encore. Si oui, merci de m’en informer dans les plus&#10;¤{bref/brefs}¤ délais.&#10;Cordialement,&#10;Mme LEGRAND." script="typed" function_1="text_section" language="french"> </DL_ZONE>
			<DL_ZONE gedi_type="TextRegion" id="3" col="281" row="529" width="321" height="624" contents="DATE :&#10;02/12/12&#10;OBJET :&#10;Conseils de classe du 1er trimestre&#10;À :&#10;Bernard FORESTIER&#10;TÉLÉPHONE :&#10;03.21.68.94.02&#10;TÉLÉCOPIE :&#10;03.21.68.94.05&#10;CC :&#10;PAGES :&#10;1" script="typed" function_2="object" function_1="date" language="french"> </DL_ZONE>
			<DL_ZONE gedi_type="NoiseRegion" id="7" col="1624" row="0" width="27" height="2332"> </DL_ZONE>
		</DL_PAGE>
	</DL_DOCUMENT>
</GEDI>