<?xml version="1.0" encoding="UTF-8"?>
<!--GEDI was developed at Language and Media Processing Laboratory, University of Maryland.-->

<GEDI xmlns="http://lamp.cfar.umd.edu/media/projects/GEDI/" GEDI_version="2.3.19" GEDI_date="12/23/2011">
	<USER name="Adil" date="5/13/2012 16:39" dateFormat="mm/dd/yyyy hh:mm">	</USER>
	<USER name="Laure" date="5/16/2012 12:07" dateFormat="mm/dd/yyyy hh:mm">	</USER>
	<USER name="Mdr-P5" date="5/28/2013 11:50" dateFormat="mm/dd/yyyy hh:mm">	</USER>
	<DL_DOCUMENT src="CGPMNJ.tif" docTag="xml" NrOfPages="1">
		<DL_PAGE gedi_type="DL_PAGE" src="CGPMNJ.tif" pageID="1" width="1651" height="2335" Language_2="" Language_4="" Receiver_Name="" Language_3="" Sender_Company="" Sender_Phone="" Receiver_Fax="" Script_2="" Receiver_Phone="" Sender_Fax="" Category="C3" Document_Date="" Document_Location="" Language_1="french" NumPage="1" Script_1="hand" Document_Object="DEMANDE DE MENSUALISATION" Receiver_Address="14 ROUTE DE ¤DIGNON¤ 88000 EPINAL ¤C¤EDEX 1" Receiver_Company="CENTRE DES ¤{IMPOTS /IMPÔTS}¤" Sender_Address="20 RUE DE LA GOUTTE 88490 LUBINE" Sender_Name="Joseph CHARPENTIER">
			<DL_ZONE gedi_type="TextRegion" id="1" col="4" row="36" width="713" height="444" contents="Charpentier Joseph&#10;20 Rue de la Goutte&#10;88490 Lubine.&#10;Ref : ¤20¤48946AB4892" script="hand" function_2="reference" function_1="coordinates" language="french"> </DL_ZONE>
			<DL_ZONE gedi_type="TextRegion" id="2" col="764" row="351" width="686" height="328" contents="Centre des ¤{Impots/Impôts}¤&#10;14 Route de ¤Dignon¤&#10;88000 Epinal ¤C¤edex 1" script="hand" function_1="coordinates" language="french"> </DL_ZONE>
			<DL_ZONE gedi_type="TextRegion" id="3" col="128" row="794" width="1459" height="719" contents="Madame, Monsieur&#10;Je vous fais ¤part¤, par la présente de ma demande&#10;de mensualisation concernant ma déclaration&#10;d'impôts sur le revenu.&#10;En espérant que vous puissiez répondre positivement à&#10;ma demande, je vous prie d'agréer à mes&#10;salutations ¤{distingués/distinguées}¤" script="hand" function_1="text_section" language="french"> </DL_ZONE>
			<DL_ZONE gedi_type="TextRegion" id="4" polygon="(1321,1538);(980,1540);(1002,1611);(1074,1608);(1081,1696);(1435,1708);(1405,1542)" contents="Charpentier&#10;Joseph." script="hand" language="french"> </DL_ZONE>
			<DL_ZONE gedi_type="NoiseRegion" id="5" col="1615" row="31" width="36" height="383"> </DL_ZONE>
			<DL_ZONE gedi_type="GraphicRegion" id="14" function="signature" polygon="(971,1573);(938,1716);(828,1773);(840,1810);(914,1833);(1107,1886);(1101,1810);(1186,1800);(1179,1768);(1080,1776);(1076,1609)"> </DL_ZONE>
			<DL_ZONE gedi_type="Group" id="17" col="818" row="1528" width="627" height="368" elements="4;14"> </DL_ZONE>
		</DL_PAGE>
	</DL_DOCUMENT>
</GEDI>