<?xml version="1.0" encoding="UTF-8"?>
<!--GEDI was developed at Language and Media Processing Laboratory, University of Maryland.-->

<GEDI xmlns="http://lamp.cfar.umd.edu/media/projects/GEDI/" GEDI_version="2.3.19" GEDI_date="12/23/2011">
	<USER name="MDR-P8" date="10/31/2012 13:31" dateFormat="mm/dd/yyyy hh:mm">	</USER>
	<USER name="Manuela" date="5/29/2012 11:43" dateFormat="mm/dd/yyyy hh:mm">	</USER>
	<DL_DOCUMENT src="CIYGEB.tif" docTag="xml" NrOfPages="1">
		<DL_PAGE gedi_type="DL_PAGE" src="CIYGEB.tif" pageID="1" width="2552" height="3496" Language_2="" Document_Date="" Language_4="" Receiver_Name="" Language_3="" Receiver_Company="" Receiver_Address="" Sender_Company="" Sender_Phone="" Receiver_Fax="" Script_2="" Document_Location="" Receiver_Phone="" Sender_Address="" Sender_Fax="" Category="C3" Document_Object="BIRTHDAY CARD" Language_1="english" NumPage="1" Script_1="hand" Sender_Name="Tysson" GEDI_orientation="270">
			<DL_ZONE gedi_type="GraphicRegion" id="1" function="drawing" polygon="(2236,16);(500,4);(160,360);(304,496);(1388,404);(2024,148);(2456,560);(2488,244)"> </DL_ZONE>
			<DL_ZONE gedi_type="GraphicRegion" id="2" function="drawing" polygon="(2476,928);(2460,2676);(2000,3040);(1888,2868);(2300,2288);(2256,1820);(2028,1688);(1896,1336);(2324,996)"> </DL_ZONE>
			<DL_ZONE gedi_type="GraphicRegion" id="3" function="drawing" polygon="(224,968);(168,2596);(532,3000);(1468,2980);(1416,2776);(476,2580);(420,1784);(748,1664);(644,1020)"> </DL_ZONE>
			<DL_ZONE gedi_type="TextRegion" id="4" polygon="(1664,696);(1752,1184);(1752,1240);(1808,2816);(1664,3036);(1540,3036);(1412,2716);(1132,1848);(1100,1160);(923,1139);(767,851);(796,736)" contents="On the occasion of your Wedding birthday, I r¤eser¤ved&#10;for you two ¤ai¤rplane tickets to have a trip to Istanbul.&#10;It's a very nice town and I'm sure that you'ii like it&#10;¤I¤ really appreciate your efforts&#10;¤{sincerly/Sincerely}¤,&#10;tysson" script="hand" function_1="text_section" language="english"> </DL_ZONE>
			<DL_ZONE gedi_type="TextRegion" id="7" col="1776" row="608" width="144" height="572" nextZoneID="4" contents="Dear P¤a¤rents," script="hand" language="english"> </DL_ZONE>
		</DL_PAGE>
	</DL_DOCUMENT>
</GEDI>