<?xml version="1.0" encoding="UTF-8"?>
<!--GEDI was developed at Language and Media Processing Laboratory, University of Maryland.-->

<GEDI xmlns="http://lamp.cfar.umd.edu/media/projects/GEDI/" GEDI_version="2.3.19" GEDI_date="12/23/2011">
	<USER name="Laure" date="5/31/2012 15:28" dateFormat="mm/dd/yyyy hh:mm">	</USER>
	<USER name="MDR-P8" date="10/31/2012 13:31" dateFormat="mm/dd/yyyy hh:mm">	</USER>
	<USER name="Manuela" date="5/29/2012 10:21" dateFormat="mm/dd/yyyy hh:mm">	</USER>
	<DL_DOCUMENT src="CIYGEA.tif" docTag="xml" NrOfPages="1">
		<DL_PAGE gedi_type="DL_PAGE" src="CIYGEA.tif" pageID="1" width="2552" height="3496" Language_2="" Receiver_Name="" Document_Date="" Language_3="" Receiver_Company="" Receiver_Address="" Sender_Company="" Sender_Phone="" Receiver_Fax="" Document_Location="" Sender_Address="" Receiver_Phone="" Sender_Fax="" Category="C3" Language_1="english" Script_1="hand" Script_2="typed" Sender_Name="Carla" Document_Object="ENGAGEMENT PARTY" Language_4="" NumPage="1" GEDI_orientation="90">
			<DL_ZONE gedi_type="TextRegion" id="1" col="304" row="1608" width="312" height="856" contents="Please join us to celebrate&#10;our Engagement&#10;Party" script="typed" function_2="object" function_1="title" language="english"> </DL_ZONE>
			<DL_ZONE gedi_type="TextRegion" id="2" polygon="(820,2616);(616,2512);(632,2016);(752,1976);(756,1596);(1280,1464);(1716,1680);(1720,1264);(1832,1256);(1836,1428);(2000,1608);(2140,1764);(2140,2116);(2052,2544);(1980,2628);(1868,2680);(1540,2572);(1140,2672)" contents="Dear Friends,&#10;finally I found a great&#10;job : I was engaged in a&#10;big cosmetics company as&#10;project manager !&#10;So, I want to share with&#10;you this special moment.&#10;Please come to my&#10;party on Saturday ,&#10;30th Moay, at 5 pm ,&#10;at Disco Club, Regent Street,&#10;London. Please confirm your&#10;presence ASAP. See you at&#10;the party !&#10;Carla" script="hand" function_1="text_section" language="english"> </DL_ZONE>
			<DL_ZONE gedi_type="GraphicRegion" id="4" function="drawing" polygon="(24,3440);(24,548);(2252,548);(2236,3464)"> </DL_ZONE>
		</DL_PAGE>
	</DL_DOCUMENT>
</GEDI>