<?xml version="1.0" encoding="UTF-8"?>
<!--GEDI was developed at Language and Media Processing Laboratory, University of Maryland.-->

<GEDI xmlns="http://lamp.cfar.umd.edu/media/projects/GEDI/" GEDI_version="2.3.19" GEDI_date="12/23/2011">
	<USER name="MDR_P4" date="10/23/2012 15:35" dateFormat="mm/dd/yyyy hh:mm">	</USER>
	<USER name="asmae" date="5/21/2012 15:54" dateFormat="mm/dd/yyyy hh:mm">	</USER>
	<DL_DOCUMENT src="CJIDBA.tif" docTag="xml" NrOfPages="1">
		<DL_PAGE gedi_type="DL_PAGE" src="CJIDBA.tif" pageID="1" width="1728" height="2359" Language_2="" Language_4="" Language_3="" Receiver_Company="" Receiver_Address="" Sender_Company="" Receiver_Fax="" Receiver_Phone="" Sender_Fax="" Category="C3" Document_Location="" Document_Object="ENTETE" Language_1="french" NumPage="1" Script_1="hand" Script_2="typed" Receiver_Name="Louis" Document_Date="10/05/2012" Sender_Address="10 BIS RUE DU GÉNÉRAL DE GAULLE" Sender_Name="Dominique" Sender_Phone="+33(0)5.33.76.14.2¤8¤">
			<DL_ZONE gedi_type="GraphicRegion" id="3" col="1505" row="0" width="20" height="23" function="drawing"> </DL_ZONE>
			<DL_ZONE gedi_type="TextRegion" id="4" col="77" row="0" width="1571" height="34" contents="10/05 2012 JEU 14:26 001/001" script="typed" function_2="date" function_1="header" language="french"> </DL_ZONE>
			<DL_ZONE gedi_type="TextRegion" id="5" col="119" row="125" width="422" height="72" contents="05-33-76142¤8¤" script="hand" language="french"> </DL_ZONE>
			<DL_ZONE gedi_type="TextRegion" id="6" polygon="(572,103);(600,64);(675,43);(945,62);(947,94);(947,127);(948,140);(941,160);(894,181);(911,214);(624,220)" contents="10 bis rue&#10;du Général de gaulle" script="hand" language="french"> </DL_ZONE>
			<DL_ZONE gedi_type="GraphicRegion" id="7" function="logo" polygon="(925,176);(1031,73);(1130,177);(1026,280)"> </DL_ZONE>
			<DL_ZONE gedi_type="TextRegion" id="8" polygon="(308,655);(358,555);(798,569);(899,627);(902,699);(1674,762);(1666,2145);(1611,2283);(1510,2335);(1429,2335);(1353,2329);(1140,2314);(1097,2311);(1092,2202);(184,2220);(154,2024);(190,816)" contents="Cher Louis,&#10;J'ai une bonne nouvelle à t'annoncer !&#10;je viens d'être embauché, comme gérant&#10;dans une usine de voiture.&#10;Je trouve cela génial, car il ya beaucoup&#10;de clients.&#10;Chaque jour, il est satisfait, mon patron&#10;m'assure que si je suis continue dans 3 mois&#10;je pourrai avoir ma propre usine !&#10;C'est Génial, je pense souvent à toi et&#10;j'espère que tu te portes bien&#10;Si tu cherches un boulot, je peux t'aider, il ya encore de la place&#10;à l'usine.&#10;Bon sur ce je te quitte, bonne continuation, ton ami&#10;Dominique" script="hand" function_1="text_section" language="french"> </DL_ZONE>
			<DL_ZONE gedi_type="NoiseRegion" id="9" col="1345" row="23" width="23" height="14"> </DL_ZONE>
			<DL_ZONE gedi_type="NoiseRegion" id="10" col="1665" row="232" width="18" height="19"> </DL_ZONE>
			<DL_ZONE gedi_type="NoiseRegion" id="11" col="1677" row="67" width="19" height="16"> </DL_ZONE>
			<DL_ZONE gedi_type="NoiseRegion" id="12" col="1680" row="143" width="13" height="17"> </DL_ZONE>
			<DL_ZONE gedi_type="NoiseRegion" id="13" col="1671" row="581" width="21" height="34"> </DL_ZONE>
			<DL_ZONE gedi_type="NoiseRegion" id="14" col="1672" row="1419" width="15" height="37"> </DL_ZONE>
		</DL_PAGE>
	</DL_DOCUMENT>
</GEDI>