<?xml version="1.0" encoding="UTF-8"?>
<!--GEDI was developed at Language and Media Processing Laboratory, University of Maryland.-->

<GEDI xmlns="http://lamp.cfar.umd.edu/media/projects/GEDI/" GEDI_version="2.3.19" GEDI_date="12/23/2011">
	<USER name="Adil" date="5/16/2012 9:34" dateFormat="mm/dd/yyyy hh:mm">	</USER>
	<USER name="Laure" date="5/23/2012 9:55" dateFormat="mm/dd/yyyy hh:mm">	</USER>
	<DL_DOCUMENT src="CJIEDA.tif" docTag="xml" NrOfPages="1">
		<DL_PAGE gedi_type="DL_PAGE" src="CJIEDA.tif" pageID="1" width="1651" height="2335" Language_2="" Language_4="" Language_3="" Receiver_Company="" Receiver_Address="" Sender_Company="" Sender_Phone="" Receiver_Fax="" Script_2="" Receiver_Phone="" Sender_Address="" Sender_Fax="" Category="C3" Document_Date="29/06/2008" Document_Location="LILLE" Language_1="french" NumPage="1" Receiver_Name="Jean" Script_1="hand" Document_Object="LETTRE REMERCIEMENT" Sender_Name="Jean-Jacques DUPONT">
			<DL_ZONE gedi_type="TextRegion" id="1" col="849" row="56" width="677" height="96" contents="A Lille, le 29 juin 2008" script="hand" function_2="date" function_1="location" language="french"> </DL_ZONE>
			<DL_ZONE gedi_type="TextRegion" id="2" polygon="(885,236);(1220,238);(1223,345);(1602,372);(1639,1469);(712,1457);(841,1050);(878,271)" contents="Che¤r¤ Jean,&#10;Je voulais te remercier de&#10;m'avoir aidé pour mon&#10;déménagement. Tu m'as&#10;été d'un grand secours!&#10;Quand je t'ai proposé de m'aider tu pouvais refuser mais&#10;cela ne t'es même pas&#10;venu à l'esprit ! Tu es l'une&#10;des personnes qui m'est chère !&#10;Comme quoi la famille est&#10;indispensable. Merci !&#10;Ton frère qui t'aime" script="hand" function_1="text_section" language="french"> </DL_ZONE>
			<DL_ZONE gedi_type="TextRegion" id="10" col="536" row="1477" width="824" height="170" contents="Jean-Jacques DUPONT" script="hand" language="french"> </DL_ZONE>
			<DL_ZONE gedi_type="GraphicRegion" id="13" function="drawing" polygon="(264,362);(264,312);(235,229);(243,171);(289,126);(366,155);(433,152);(509,190);(533,240);(527,316);(477,379);(421,423);(369,447);(334,443);(317,493);(370,484);(360,580);(340,693);(301,726);(289,738);(288,817);(298,872);(322,919);(340,923);(332,880);(354,818);(385,772);(470,718);(544,696);(566,711);(560,766);(554,832);(541,898);(503,929);(207,929);(211,911);(201,841);(183,773);(143,711);(110,648);(103,613);(133,603);(154,599);(168,619);(141,429);(150,340);(175,347);(203,387);(209,440);(191,563);(188,598);(238,542);(286,499)"> </DL_ZONE>
			<DL_ZONE gedi_type="GraphicRegion" id="14" col="43" row="88" width="806" height="859" function="other"> </DL_ZONE>
			<DL_ZONE gedi_type="NoiseRegion" id="15" col="12" row="1032" width="27" height="32"> </DL_ZONE>
			<DL_ZONE gedi_type="LineDrawingRegion" id="16" col="1198" row="471" width="28" height="33"> </DL_ZONE>
			<DL_ZONE gedi_type="LineDrawingRegion" id="17" col="951" row="620" width="56" height="61"> </DL_ZONE>
			<DL_ZONE gedi_type="GraphicRegion" id="19" function="signature" polygon="(1125,1709);(1127,1689);(1154,1676);(1152,1652);(1192,1646);(1227,1653);(1278,1668);(1303,1699);(1305,1718);(1330,1746);(1328,1782);(1287,1823);(1267,1847);(1207,1852);(1183,1829)"> </DL_ZONE>
			<DL_ZONE gedi_type="Group" id="22" col="526" row="1467" width="844" height="395" elements="10;19"> </DL_ZONE>
		</DL_PAGE>
	</DL_DOCUMENT>
</GEDI>