<?xml version="1.0" encoding="UTF-8"?>
<!--GEDI was developed at Language and Media Processing Laboratory, University of Maryland.-->

<GEDI xmlns="http://lamp.cfar.umd.edu/media/projects/GEDI/" GEDI_version="2.3.19" GEDI_date="12/23/2011">
	<USER name="Adil" date="5/17/2012 9:10" dateFormat="mm/dd/yyyy hh:mm">	</USER>
	<USER name="Laure" date="5/23/2012 9:54" dateFormat="mm/dd/yyyy hh:mm">	</USER>
	<DL_DOCUMENT src="CJIEDB.tif" docTag="xml" NrOfPages="1">
		<DL_PAGE gedi_type="DL_PAGE" src="CJIEDB.tif" pageID="1" width="1684" height="2288" Language_4="" Language_3="" Receiver_Company="" Receiver_Address="" Sender_Company="" Sender_Phone="" Script_2="" Receiver_Fax="" Document_Location="" Sender_Address="" Receiver_Phone="" Sender_Fax="" Category="C3" Document_Date="" Document_Object="LETTRE REMERCIEMENT" Language_2="" Language_1="french" NumPage="1" Script_1="hand" Receiver_Name="Louis" Sender_Name="Dominique">
			<DL_ZONE gedi_type="NoiseRegion" id="1" col="5" row="313" width="20" height="36"> </DL_ZONE>
			<DL_ZONE gedi_type="GraphicRegion" id="2" function="drawing" polygon="(251,288);(238,254);(234,214);(240,174);(292,110);(330,134);(341,165);(380,147);(418,105);(444,137);(532,201);(540,259);(523,320);(487,370);(433,410);(345,437);(321,485);(370,473);(366,548);(361,633);(312,708);(289,732);(289,811);(304,852);(322,895);(337,896);(334,858);(357,792);(400,743);(508,690);(571,681);(571,689);(571,761);(565,826);(551,870);(528,899);(503,913);(201,915);(204,873);(198,797);(180,755);(136,692);(105,621);(106,594);(145,578);(161,578);(163,593);(154,532);(145,457);(145,381);(147,332);(172,335);(198,361);(205,394);(210,443);(196,547);(186,583);(219,531);(293,491)"> </DL_ZONE>
			<DL_ZONE gedi_type="NoiseRegion" id="3" polygon="(410,937);(434,938);(467,972);(482,1022);(479,1047)"> </DL_ZONE>
			<DL_ZONE gedi_type="GraphicRegion" id="4" col="42" row="81" width="830" height="842" function="other"> </DL_ZONE>
			<DL_ZONE gedi_type="TextRegion" id="5" polygon="(589,929);(874,932);(935,916);(1549,942);(1656,1494);(1657,2105);(1079,2104);(1031,2072);(1008,2131);(56,2152);(198,1168);(572,1114)" contents="Mon cher frère Louis;&#10;J'ai été très touché par l'aide que tu&#10;m'as apporté lors de mon déménagement,&#10;c'est pour cela que je voulais te remercier,&#10;ton travail a été ¤{éfficace/efficace}¤ et précis,&#10;Sans toi je ne sais pas si j'y serais&#10;arrivée sans toi.&#10;Encore Milles Merci, j'espère revoir&#10;bientôt la famille affectueusement&#10;ton frère" script="hand" function_1="text_section" language="french"> </DL_ZONE>
			<DL_ZONE gedi_type="NoiseRegion" id="6" col="1671" row="4" width="13" height="2224"> </DL_ZONE>
			<DL_ZONE gedi_type="TextRegion" id="7" polygon="(1027,2179);(1023,2128);(1032,2089);(1062,2105);(1097,2127);(1267,2109);(1422,2144);(1421,2199);(1344,2185);(1322,2228);(1310,2183);(1032,2197)" contents="Dominique" script="hand" language="french"> </DL_ZONE>
			<DL_ZONE gedi_type="GraphicRegion" id="8" function="signature" polygon="(1012,2195);(1015,2129);(1030,2080);(1055,2094);(1113,2116);(1273,2104);(1438,2137);(1459,2235);(1036,2231)"> </DL_ZONE>
		</DL_PAGE>
	</DL_DOCUMENT>
</GEDI>