<?xml version="1.0" encoding="UTF-8"?>
<!--GEDI was developed at Language and Media Processing Laboratory, University of Maryland.-->

<GEDI xmlns="http://lamp.cfar.umd.edu/media/projects/GEDI/" GEDI_version="2.3.19" GEDI_date="12/23/2011">
	<USER name="Khizrane" date="5/14/2012 12:25" dateFormat="mm/dd/yyyy hh:mm">	</USER>
	<USER name="Laure" date="5/16/2012 17:49" dateFormat="mm/dd/yyyy hh:mm">	</USER>
	<DL_DOCUMENT src="CJIGDB.tif" docTag="xml" NrOfPages="1">
		<DL_PAGE gedi_type="DL_PAGE" src="CJIGDB.tif" pageID="1" width="1684" height="2288" Language_2="" Language_4="" Language_3="" Receiver_Company="" Receiver_Address="" Receiver_Fax="" Document_Location="" Receiver_Phone="" Category="C3" Document_Date="" Language_1="french" NumPage="1" Receiver_Name="Fred" Script_1="hand" Script_2="typed" Sender_Company="TURBOBOL" Sender_Address="237 RUE DE LA TOURE 37 000" Sender_Name="Jeanne" Sender_Fax="+33(0)2.81.27.15.42" Sender_Phone="+33(0)2.03.99.87.10" Document_Object="INFORMATION PROJET">
			<DL_ZONE gedi_type="TextRegion" id="1" polygon="(507,74);(518,30);(861,28);(862,84);(1486,79);(1491,139);(1021,136);(1030,228);(565,226);(613,79)" contents="TURBOBOL&#10;237 rue de la Toure 37 000&#10;02 03 99 87 10&#10;02 81 27 15 42" script="hand" function_1="coordinates" language="french"> </DL_ZONE>
			<DL_ZONE gedi_type="TextRegion" id="2" polygon="(436,92);(592,96);(560,205);(445,202)" contents="&lt;Adresse&gt;&#10;&lt;Tel&gt;&#10;&lt;Fax&gt;" script="typed" language="french"> </DL_ZONE>
			<DL_ZONE gedi_type="GraphicRegion" id="4" function="logo" polygon="(857,111);(1023,168);(1112,191);(1132,206);(1353,208);(1404,392);(997,388);(946,216);(971,208)"> </DL_ZONE>
			<DL_ZONE gedi_type="NoiseRegion" id="5" col="1" row="201" width="1683" height="44"> </DL_ZONE>
			<DL_ZONE gedi_type="NoiseRegion" id="6" col="475" row="1" width="1209" height="33"> </DL_ZONE>
			<DL_ZONE gedi_type="NoiseRegion" id="7" col="1656" row="0" width="27" height="2287"> </DL_ZONE>
			<DL_ZONE gedi_type="TextRegion" id="8" polygon="(254,531);(782,520);(782,633);(1453,642);(1453,760);(1639,770);(1599,934);(1548,1018);(1609,1132);(1467,1138);(1467,1277);(1634,1277);(1634,1470);(1445,1475);(1453,1626);(304,1621)" contents="Bonjour Fred,&#10;Hier nous avons en le rex du BOO.&#10;Il a été décidé de changer les ¤{procésses/process}¤&#10;pour ¤{facilité/faciliter}¤ le fonctionnement de ce&#10;nouveau service. Tu as été désigné&#10;pour mener à bien cette tâche, cela&#10;ne sera pas facile, car tu as des&#10;opposants au projet, et peu de moyens.&#10;Je serai disponible pour t'aider si&#10;tu en as besoin. ¤{Bn/Bon}¤ courage." script="hand" function_1="text_section" language="french"> </DL_ZONE>
			<DL_ZONE gedi_type="TextRegion" id="12" polygon="(843,1685);(1161,1701);(1157,1746);(917,1757);(905,1798);(855,1795)" contents="Jeanne" script="hand" language="french"> </DL_ZONE>
			<DL_ZONE gedi_type="TextRegion" id="14" col="653" row="2105" width="369" height="88" contents="&lt;Entreprise&gt;&lt;Tel&gt;&lt;Fax&gt;&#10;&lt;Web mail&gt;&lt;web site&gt;" script="typed" function_1="footer" language="french"> </DL_ZONE>
			<DL_ZONE gedi_type="GraphicRegion" id="15" function="signature" polygon="(840,1675);(1174,1697);(1163,1754);(1043,1755);(1113,1773);(1110,1787);(1091,1797);(1128,1805);(1116,1824);(1037,1805);(1043,1788);(1087,1779);(968,1761);(923,1761);(906,1812);(848,1801)"> </DL_ZONE>
		</DL_PAGE>
	</DL_DOCUMENT>
</GEDI>