<?xml version="1.0" encoding="UTF-8"?>
<!--GEDI was developed at Language and Media Processing Laboratory, University of Maryland.-->

<GEDI xmlns="http://lamp.cfar.umd.edu/media/projects/GEDI/" GEDI_version="2.3.19" GEDI_date="12/23/2011">
	<USER name="Adil" date="8/7/2012 10:17" dateFormat="mm/dd/yyyy hh:mm">	</USER>
	<USER name="Khizrane" date="8/13/2012 8:58" dateFormat="mm/dd/yyyy hh:mm">	</USER>
	<USER name="MDR-P1" date="8/17/2012 11:03" dateFormat="mm/dd/yyyy hh:mm">	</USER>
	<USER name="MDR-P2" date="8/16/2012 18:27" dateFormat="mm/dd/yyyy hh:mm">	</USER>
	<USER name="MDR-P6" date="5/28/2013 10:29" dateFormat="mm/dd/yyyy hh:mm">	</USER>
	<DL_DOCUMENT src="CLKINF.tif" docTag="xml" NrOfPages="1">
		<DL_PAGE gedi_type="DL_PAGE" src="CLKINF.tif" pageID="1" width="1651" height="2335" Language_2="" Document_Date="" Language_4="" Language_3="" Receiver_Company="" Sender_Company="" Sender_Phone="" Receiver_Fax="" Document_Location="" Receiver_Phone="" Sender_Fax="" Category="C2" Document_Object="CONTRAT DE TRAVAIL À DURÉE INDÉTERMINÉE" Language_1="french" NumPage="1" Script_1="typed" Script_2="hand" Receiver_Address="28 RUE JEAN JAURES BOIS COLOMBES" Sender_Address="2 RUE DU BAC ASNIERES 92800 " Sender_Name="Jacques IRAD" Receiver_Name="Denis LUCIENNE">
			<DL_ZONE gedi_type="SeparatorRegion" id="1" col="214" row="203" width="1217" height="20"> </DL_ZONE>
			<DL_ZONE gedi_type="TextRegion" id="2" col="406" row="297" width="832" height="43" contents="CONTRAT DE TRAVAIL À DURÉE INDÉTERMINÉE" script="typed" function_2="object" function_1="title" language="french"> </DL_ZONE>
			<DL_ZONE gedi_type="GraphicRegion" id="4" col="218" row="283" width="1218" height="70" function="other"> </DL_ZONE>
			<DL_ZONE gedi_type="TextRegion" id="5" col="638" row="447" width="367" height="38" contents="ENTRE LES SOUSSIGNES :" script="typed" language="french"> </DL_ZONE>
			<DL_ZONE gedi_type="TextRegion" id="6" nextZoneID="8" col="230" row="543" width="483" height="36" contents="Forme de la société (SARL, S.A., etc.) :" script="typed" language="french"> </DL_ZONE>
			<DL_ZONE gedi_type="TextRegion" id="8" col="745" row="548" width="64" height="40" contents="S.A" script="hand" language="french"> </DL_ZONE>
			<DL_ZONE gedi_type="TextRegion" id="9" nextZoneID="10" col="234" row="585" width="196" height="29" contents="Raison sociale :" script="typed" language="french"> </DL_ZONE>
			<DL_ZONE gedi_type="TextRegion" id="10" polygon="(455,587);(470,624);(576,627);(577,644);(605,642);(611,627);(668,637);(709,615);(697,583)" contents="runningshop ." script="hand" language="french"> </DL_ZONE>
			<DL_ZONE gedi_type="TextRegion" id="11" nextZoneID="12" col="235" row="619" width="140" height="32" contents="Code NAF :" script="typed" language="french"> </DL_ZONE>
			<DL_ZONE gedi_type="TextRegion" id="12" col="403" row="620" width="95" height="40" contents="483" script="hand" function_1="reference" language="french"> </DL_ZONE>
			<DL_ZONE gedi_type="TextRegion" id="13" nextZoneID="14" col="232" row="656" width="161" height="32" contents="Code SIRET :" script="typed" language="french"> </DL_ZONE>
			<DL_ZONE gedi_type="TextRegion" id="14" col="399" row="661" width="93" height="36" contents="026" script="hand" function_1="reference" language="french"> </DL_ZONE>
			<DL_ZONE gedi_type="TextRegion" id="15" nextZoneID="16" col="230" row="692" width="319" height="34" contents="Adresse du siège social :" script="typed" language="french"> </DL_ZONE>
			<DL_ZONE gedi_type="TextRegion" id="16" polygon="(567,697);(1192,696);(1192,736);(766,740);(754,730);(750,740);(560,736)" contents="2 rue du bac Asnieres. 92800" script="hand" language="french"> </DL_ZONE>
			<DL_ZONE gedi_type="TextRegion" id="18" col="487" row="734" width="299" height="47" contents="Jacques Irad" script="hand" language="french"> </DL_ZONE>
			<DL_ZONE gedi_type="TextRegion" id="19" nextZoneID="18" col="232" row="729" width="223" height="34" contents="Représentée par :" script="typed" language="french"> </DL_ZONE>
			<DL_ZONE gedi_type="GraphicRegion" id="20" col="234" row="573" width="1180" height="14" function="underlined-field"> </DL_ZONE>
			<DL_ZONE gedi_type="GraphicRegion" id="21" col="233" row="614" width="1178" height="12" function="underlined-field"> </DL_ZONE>
			<DL_ZONE gedi_type="GraphicRegion" id="22" col="229" row="645" width="1186" height="19" function="underlined-field"> </DL_ZONE>
			<DL_ZONE gedi_type="GraphicRegion" id="23" col="226" row="683" width="1189" height="20" function="underlined-field"> </DL_ZONE>
			<DL_ZONE gedi_type="GraphicRegion" id="24" col="227" row="718" width="1183" height="18" function="underlined-field"> </DL_ZONE>
			<DL_ZONE gedi_type="GraphicRegion" id="25" col="233" row="754" width="1178" height="20" function="underlined-field"> </DL_ZONE>
			<DL_ZONE gedi_type="TextRegion" id="26" col="668" row="792" width="748" height="40" contents="Ci-après dénommée «L'EMPLOYEUR » ou «L'ENTREPRISE »" script="typed" language="french"> </DL_ZONE>
			<DL_ZONE gedi_type="TextRegion" id="28" nextZoneID="35" col="230" row="921" width="80" height="31" contents="Nom :" script="typed" language="french"> </DL_ZONE>
			<DL_ZONE gedi_type="TextRegion" id="29" nextZoneID="36" col="228" row="959" width="132" height="29" contents="¤{Prénoms/Prénom}¤ :" script="typed" language="french"> </DL_ZONE>
			<DL_ZONE gedi_type="TextRegion" id="30" nextZoneID="37" col="233" row="994" width="331" height="33" contents="Date et lieu de naissance :" script="typed" language="french"> </DL_ZONE>
			<DL_ZONE gedi_type="TextRegion" id="31" nextZoneID="38" col="227" row="1032" width="126" height="29" contents="N° INSEE :" script="typed" language="french"> </DL_ZONE>
			<DL_ZONE gedi_type="TextRegion" id="32" nextZoneID="39" col="230" row="1069" width="156" height="28" contents="Nationalité :" script="typed" language="french"> </DL_ZONE>
			<DL_ZONE gedi_type="TextRegion" id="33" nextZoneID="40" col="228" row="1105" width="132" height="30" contents="Domicile :" script="typed" language="french"> </DL_ZONE>
			<DL_ZONE gedi_type="TextRegion" id="34" col="796" row="856" width="42" height="35" contents="ET" script="typed" language="french"> </DL_ZONE>
			<DL_ZONE gedi_type="TextRegion" id="35" col="326" row="916" width="92" height="43" contents="Denis" script="hand" language="french"> </DL_ZONE>
			<DL_ZONE gedi_type="TextRegion" id="36" col="375" row="957" width="156" height="42" contents="Lucienne" script="hand" language="french"> </DL_ZONE>
			<DL_ZONE gedi_type="TextRegion" id="37" col="591" row="997" width="237" height="39" contents="09/08/1980" script="hand" language="french"> </DL_ZONE>
			<DL_ZONE gedi_type="TextRegion" id="38" col="372" row="1031" width="361" height="41" contents="09 27 86 24 82 12 ." script="hand" function_1="reference" language="french"> </DL_ZONE>
			<DL_ZONE gedi_type="TextRegion" id="39" polygon="(394,1084);(402,1065);(541,1071);(563,1108);(476,1116);(464,1108);(420,1118);(389,1125)" contents="française" script="hand" language="french"> </DL_ZONE>
			<DL_ZONE gedi_type="TextRegion" id="40" polygon="(420,1105);(421,1153);(1003,1155);(991,1099);(563,1101);(494,1109)" contents="28 rue Jean Jaures bois colombes ." script="hand" language="french"> </DL_ZONE>
			<DL_ZONE gedi_type="TextRegion" id="42" col="974" row="1171" width="437" height="33" contents="Ci-après dénommé «LE SALARIE»" script="typed" language="french"> </DL_ZONE>
			<DL_ZONE gedi_type="TextRegion" id="46" col="576" row="1267" width="482" height="36" contents="IL A ETE CONVENU CE QUI SUIT :" script="typed" language="french"> </DL_ZONE>
			<DL_ZONE gedi_type="TextRegion" id="47" col="226" row="1367" width="389" height="38" contents="ARTICLE 1 : ENGAGEMENT" script="typed" language="french"> </DL_ZONE>
			<DL_ZONE gedi_type="TextRegion" id="48" col="221" row="1433" width="1158" height="102" contents="Le salarié, qui se déclare libre de tout engagement, est embauché aux conditions précisées&#10;dans le présent contrat, sous réserve de son aptitude qui sera déterminée par les résultats&#10;de la visite médicale d'embauche." script="typed" language="french"> </DL_ZONE>
			<DL_ZONE gedi_type="GraphicRegion" id="50" col="221" row="1365" width="1190" height="46" function="other"> </DL_ZONE>
			<DL_ZONE gedi_type="TextRegion" id="51" col="221" row="1599" width="763" height="32" contents="ARTICLE 2 : CONVENTION COLLECTIVE APPLICABLE" script="typed" language="french"> </DL_ZONE>
			<DL_ZONE gedi_type="GraphicRegion" id="52" col="217" row="1596" width="1194" height="42" function="other"> </DL_ZONE>
			<DL_ZONE gedi_type="TextRegion" id="54" col="1145" row="1666" width="203" height="36" contents="(dénomination)," script="typed" language="french"> </DL_ZONE>
			<DL_ZONE gedi_type="TextRegion" id="55" nextZoneID="54" col="950" row="1656" width="78" height="43" contents="RAD" script="hand" language="french"> </DL_ZONE>
			<DL_ZONE gedi_type="GraphicRegion" id="56" col="930" row="1686" width="212" height="16" function="underlined-field"> </DL_ZONE>
			<DL_ZONE gedi_type="TextRegion" id="58" col="796" row="1735" width="41" height="20" contents="ou" script="typed" language="french"> </DL_ZONE>
			<DL_ZONE gedi_type="TextRegion" id="59" col="221" row="1759" width="805" height="32" contents="Le présent contrat n'est soumis à aucune convention collective." script="typed" language="french"> </DL_ZONE>
			<DL_ZONE gedi_type="TextRegion" id="60" col="223" row="1858" width="754" height="33" contents="ARTICLE 3 : DATE D'EFFET ET DUREE DU CONTRAT" script="typed" language="french"> </DL_ZONE>
			<DL_ZONE gedi_type="GraphicRegion" id="61" col="221" row="1852" width="1190" height="39" function="other"> </DL_ZONE>
			<DL_ZONE gedi_type="TextRegion" id="62" nextZoneID="64" polygon="(256,1954);(258,1987);(223,1989);(216,1920);(1111,1926);(1111,1961);(465,1959);(455,1954);(271,1952)" contents="Le présent contrat est conclu pour une durée indéterminée à compter&#10;du" script="typed" language="french"> </DL_ZONE>
			<DL_ZONE gedi_type="TextRegion" id="64" col="256" row="1950" width="201" height="41" contents="02/09/2012" script="hand" language="french"> </DL_ZONE>
			<DL_ZONE gedi_type="GraphicRegion" id="65" col="263" row="1973" width="238" height="15" function="underlined-field"> </DL_ZONE>
			<DL_ZONE gedi_type="GraphicRegion" id="66" col="225" row="947" width="1188" height="18" function="underlined-field"> </DL_ZONE>
			<DL_ZONE gedi_type="GraphicRegion" id="67" col="226" row="985" width="1186" height="17" function="underlined-field"> </DL_ZONE>
			<DL_ZONE gedi_type="GraphicRegion" id="68" col="226" row="1055" width="1186" height="21" function="underlined-field"> </DL_ZONE>
			<DL_ZONE gedi_type="GraphicRegion" id="69" col="226" row="1019" width="1188" height="20" function="underlined-field"> </DL_ZONE>
			<DL_ZONE gedi_type="GraphicRegion" id="70" col="223" row="1096" width="1191" height="15" function="underlined-field"> </DL_ZONE>
			<DL_ZONE gedi_type="GraphicRegion" id="71" col="227" row="1129" width="1187" height="17" function="underlined-field"> </DL_ZONE>
			<DL_ZONE gedi_type="TextRegion" id="72" nextZoneID="55" col="224" row="1663" width="699" height="67" contents="Le présent contrat est soumis à la convention collective&#10;dont le salarié déclare avoir pris connaissance." script="typed" language="french"> </DL_ZONE>
			<DL_ZONE gedi_type="NoiseRegion" id="77" col="1" row="0" width="10" height="612"> </DL_ZONE>
			<DL_ZONE gedi_type="NoiseRegion" id="78" col="1628" row="4" width="23" height="2331"> </DL_ZONE>
			<DL_ZONE gedi_type="NoiseRegion" id="79" col="1460" row="153" width="19" height="23"> </DL_ZONE>
			<DL_ZONE gedi_type="NoiseRegion" id="80" col="17" row="0" width="1606" height="8"> </DL_ZONE>
			<DL_ZONE gedi_type="TextRegion" id="89" col="498" row="1965" width="12" height="23" contents="." script="typed" language="french"> </DL_ZONE>
		</DL_PAGE>
	</DL_DOCUMENT>
</GEDI>