<?xml version="1.0" encoding="UTF-8"?>
<!--GEDI was developed at Language and Media Processing Laboratory, University of Maryland.-->

<GEDI xmlns="http://lamp.cfar.umd.edu/media/projects/GEDI/" GEDI_version="2.3.19" GEDI_date="12/23/2011">
	<USER name="Elise" date="1/31/2012 17:38" dateFormat="mm/dd/yyyy hh:mm">	</USER>
	<USER name="Khizrane" date="3/6/2012 16:11" dateFormat="mm/dd/yyyy hh:mm">	</USER>
	<USER name="Laure" date="4/4/2012 12:07" dateFormat="mm/dd/yyyy hh:mm">	</USER>
	<USER name="MDR-P8" date="3/14/2013 16:18" dateFormat="mm/dd/yyyy hh:mm">	</USER>
	<USER name="Mailys" date="3/8/2012 18:09" dateFormat="mm/dd/yyyy hh:mm">	</USER>
	<USER name="Mdr-P5" date="10/25/2012 1:15" dateFormat="mm/dd/yyyy hh:mm">	</USER>
	<USER name="soumaya" date="5/23/2012 17:09" dateFormat="mm/dd/yyyy hh:mm">	</USER>
	<DL_DOCUMENT src="CMXZOP.tif" docTag="xml" NrOfPages="1">
		<DL_PAGE gedi_type="DL_PAGE" src="CMXZOP.tif" pageID="1" width="1728" height="2325" NumPage="1" Language_2="" Language_4="" Language_3="" Receiver_Company="" Receiver_Address="" Sender_Company="" Sender_Phone="" Receiver_Fax="" Receiver_Phone="" Sender_Address="" Category="C3" Document_Location="PARIS " Language_1="french" Script_1="hand" Script_2="typed" Receiver_Name="" Document_Object="LETTRE DE RECOMMANDATION" Document_Date="17/01/2012" Sender_Fax="+33(0)1.58.78.06.13" Sender_Name="Lilian JOLY" GEDI_orientation="180">
			<DL_ZONE gedi_type="TextRegion" id="13" col="44" row="882" width="1588" height="1021" contents="cher ¤{collegue/collègue}¤&#10;je vous prie de bien vouloir rencontrer&#10;Mr Christophe Legendre qui est un de mes ¤{eleves/élèves}¤ et que je&#10;vous recommande pour un stage de fin d'¤{Année/année}. c'est un&#10;¤{eleve/élève}¤ ¤{serieux/sérieux}¤ et motivé et ses ¤{competences/compétences}¤ en physique et&#10;¤{Mathematique/mathématiques}¤ vous seront ¤{Très/très} utiles Dans le cadre de vos&#10;¤{Travaux/travaux}¤ de recherche sur les sciences de ¤{l'atôme/l'atome}¤ .&#10;comptant sur votre compréhension je vous&#10;prie d'agréer cher ¤{collegue/collègue}¤, mes salutations distinguées" script="hand" function_1="text_section" language="french"> </DL_ZONE>
			<DL_ZONE gedi_type="TextRegion" id="20" col="314" row="688" width="392" height="97" contents="Pr. lilian joly" script="hand" language="french"> </DL_ZONE>
			<DL_ZONE gedi_type="TextRegion" id="21" col="424" row="546" width="108" height="80" contents="jol¤y¤" script="hand" language="french"> </DL_ZONE>
			<DL_ZONE gedi_type="TextRegion" id="23" col="47" row="2132" width="503" height="84" contents="paris le 17 janvier 2012" script="hand" function_2="date" function_1="location" language="french"> </DL_ZONE>
			<DL_ZONE gedi_type="TextRegion" id="25" col="1349" row="2194" width="224" height="35" contents="Pr Lilian JOLY" script="typed" language="french"> </DL_ZONE>
			<DL_ZONE gedi_type="Group" id="27" col="298" row="446" width="418" height="349" elements="20;21;28"> </DL_ZONE>
			<DL_ZONE gedi_type="GraphicRegion" id="28" function="signature" polygon="(530,633);(401,637);(314,642);(308,589);(463,519);(621,456)"> </DL_ZONE>
			<DL_ZONE gedi_type="TextRegion" id="29" col="104" row="0" width="1532" height="41" rotation="180" contents="PAGE 01/01 EST TDE MCBT 0158780613 17 : 21 17/01/2012" script="typed" function_2="date" function_1="footer" language="french"> </DL_ZONE>
		</DL_PAGE>
	</DL_DOCUMENT>
</GEDI>