<?xml version="1.0" encoding="UTF-8"?>
<!--GEDI was developed at Language and Media Processing Laboratory, University of Maryland.-->

<GEDI xmlns="http://lamp.cfar.umd.edu/media/projects/GEDI/" GEDI_version="2.3" GEDI_date="01/21/2010">
	<USER name="MDR-R1" date="10/22/2012 19:05" dateFormat="mm/dd/yyyy hh:mm">	</USER>
	<USER name="MDR-R3" date="2/5/2013 16:00" dateFormat="mm/dd/yyyy hh:mm">	</USER>
	<USER name="asmae" date="3/22/2012 16:44" dateFormat="mm/dd/yyyy hh:mm">	</USER>
	<USER name="mohamed salah" date="5/15/2012 22:10" dateFormat="mm/dd/yyyy hh:mm">	</USER>
	<USER name="soumaya" date="3/28/2012 10:00" dateFormat="mm/dd/yyyy hh:mm">	</USER>
	<DL_DOCUMENT src="CNXZPQ.tif" docTag="xml" NrOfPages="1">
		<DL_PAGE gedi_type="DL_PAGE" src="CNXZPQ.tif" pageID="1" width="1690" height="2338" Language_2="" Document_Date="" Language_4="" Receiver_Company="" Receiver_Address="" Sender_Company="" Sender_Phone="" Receiver_Fax="" Script_2="" Document_Location="" Receiver_Phone="" Sender_Address="" Sender_Fax="" Language_1="arabic" Language_3="" Category="C3" NumPage="1" Sender_Name="هاشم رحيمة" Script_1="hand" Receiver_Name="هدى" Document_Object="رسالة الاطمئنان على صديق مريض">
			<DL_ZONE gedi_type="TextRegion" id="1" col="83" row="364" width="1209" height="1414" contents="صديقتي الغالية هدى,&#10;لقد تأثرت كثيرا عندما علمت بمرضك و حزنت على&#10;ما أصابك من آلام و متاعب بسبب المرض المفاجئ الذي&#10;ألم بك فلا تيأس من رحمة الله فإن رحمته واسعة.&#10;أتمنى من الله تعالى شفائك العاجل و أن يحفظك الله من كل شر&#10;و أسمع عنك قريبا إن شاء الله كل الخير.&#10;و في ختام رسالتي أدعو من الله العلي القدير أن تكون أواخر&#10;الألم و الأسى مع تمنياتي لك بالشفاء العاجل و السلام&#10;عليكم و رحمة الله و بركاته. و إلى اللقاء في القريب العاجل&#10;إن شاء الله.&#10;هاشم رحيمة" script="hand" function_1="text_section" language="arabic"> </DL_ZONE>
			<DL_ZONE gedi_type="GraphicRegion" id="6" col="0" row="0" width="1655" height="2335" function="other"> </DL_ZONE>
		</DL_PAGE>
	</DL_DOCUMENT>
</GEDI>