<?xml version="1.0" encoding="UTF-8"?>
<!--GEDI was developed at Language and Media Processing Laboratory, University of Maryland.-->

<GEDI xmlns="http://lamp.cfar.umd.edu/media/projects/GEDI/" GEDI_version="2.3.19" GEDI_date="12/23/2011">
	<USER name="MDR-P4" date="1/22/2013 19:14" dateFormat="mm/dd/yyyy hh:mm">	</USER>
	<USER name="MDR_P4" date="1/31/2013 17:11" dateFormat="mm/dd/yyyy hh:mm">	</USER>
	<DL_DOCUMENT src="CRSWLX.tif" docTag="xml" NrOfPages="1">
		<DL_PAGE gedi_type="DL_PAGE" src="CRSWLX.tif" pageID="1" width="1651" height="2335" Language_2="" Sender_Name="" Document_Date="" Language_4="" Receiver_Name="" Language_3="" Receiver_Company="" Receiver_Address="" Sender_Company="" Sender_Phone="" Receiver_Fax="" Script_2="" Document_Location="" Receiver_Phone="" Sender_Address="" Sender_Fax="" Category="C2" Document_Object="ARTICLE" Language_1="english" NumPage="1" Script_1="typed">
			<DL_ZONE gedi_type="TextRegion" id="1" col="925" row="184" width="579" height="143" contents="Peaceful Transition in&#10;Lebanon" script="typed" function_1="title" language="english"> </DL_ZONE>
			<DL_ZONE gedi_type="TextRegion" id="2" col="105" row="146" width="675" height="671" contents="As Binyamin Netanyahu fights it out with&#10;Ehud Barak in the Israeli elections, both&#10;men have raised the issue of an Israeli&#10;withdrawal from Southern Lebanon, where&#10;the Israeli army is up against increasingly&#10;effective armed resistance. The stalemate&#10;in the Arab-Israeli peace talks and the&#10;economic, political and social crisis in&#10;Lebanon have resulted in prime minister&#10;Rafiq Hariri stepping down. A new era has&#10;opened in Beirut : the talk is of reform and&#10;a campaign against corruption, and Hariri&#10;and some of his ex-ministers are now under&#10;investigation." script="typed" function_1="text_section" language="english"> </DL_ZONE>
			<DL_ZONE gedi_type="TextRegion" id="3" nextZoneID="4" col="83" row="1952" width="724" height="286" contents="Many people were surprised by the ease with which Lebanon&#10;achieved its recent change of government, with the accession&#10;of Selim Hoss to the post of prime minister last December&#10;following General Emile Lahoud's election as president. Rafiq&#10;Hariri's name had been synonymous with reconstruction and&#10;development, yet his departure did not lead to the economic&#10;and financial debacle that his supporters and even some of his&#10;opponents had been predicting.&#10;His arrival as prime minister in November 1992 - three years&#10;after the Taif accords of October 1989 brought Lebanon's long&#10;civil war to an end - was seen as further proof of a new page&#10;in the history of the Middle East. With the Gulf war dealing" script="typed" function_1="text_section" language="english"> </DL_ZONE>
			<DL_ZONE gedi_type="TextRegion" id="4" col="844" row="390" width="732" height="1829" contents="a death blow to illusions of Arab nationalism, this new age&#10;was to create a new class of merchant princes who would&#10;contribute to an economic reorganisation of the Middle East&#10;via the dynamics of the market.&#10;Hariri gave the impression of being all-powerful - almost eternal.&#10;This was on account of his great wealth, the range of his&#10;connections in the European, American and Arab worlds, and&#10;the fact that he came to power in a country that had been bled&#10;dry by 15 years of civil war at a time when no other credible&#10;political solutions were in sight. But in fact his rise had much&#10;to do with a regional context marked by convergence between&#10;Syria, Saudi Arabia and the United States, made easier by the&#10;opening of the Arab-Israeli negotiations in Madrid in October&#10;1991. In Lebanon Hariri was the personification of this new&#10;stability and reconstruction. However with the poor social,&#10;economic and political record of his government after six years&#10;in power, and also a changed regional context, he had to go.&#10;The reason Hariri had aroused such expectations was that large&#10;numbers of Lebanese wanted to see the country regaining the&#10;role it had enjoyed before the civil war began in 1975 - as the&#10;economic and financial focal point of the Middle East. This&#10;was what the prime minister had in mind when he declared&#10;that he wanted to turn his country into &quot;the Singapore of the&#10;Middle East&quot;. As a determined neo-liberal he was perfectly in&#10;step with Washington on the nature of the economic reforms&#10;required. But from the start various of his critics warned of&#10;the likely cost of such choices. His most virulent opponents&#10;saw his projected policies matching the spirit and the letter of&#10;the &quot;Middle East economic market&quot; being proposed by Shimon&#10;Peres, then Israel's prime minister.&#10;Such warnings did not stop Syria supporting Hariri - proof&#10;of Syria's convergence with two major objectives of American&#10;policy : creating political stability and economic openness. But&#10;as two commentators pointed out, &quot;It was already clear from the&#10;start that Hariri's rebuilding projects would focus primarily&#10;on Beirut rather than the country as a whole, put the finance&#10;sector before agriculture and industry, concentrate on economic&#10;and urban infrastructure at the expense of human capital, and&#10;in the short term be more interested in monetary stability than&#10;in overall economic growth&quot; (1).Mixing business with politics&#10;Grandiose pharaonic projects - such as Horizon 2000, a&#10;rebuilding of Beirut's city centre intended to be a symbol of&#10;Lebanon's renaissance - meant spending policies that would&#10;take the public debt from $2 billion in 1992 to $18 billion by the&#10;start of 1999 (2). Hariri his supporters were gambling largely&#10;on the idea that, once rebuilding was under way, there would&#10;be an inflow of American, European and Arab investment into&#10;Lebanon, encouraged by the promising start of the Arab-Israeli&#10;peace talks. This, however, turned out not to be the case.&#10;Such a notion ignored the profound economic changes taking&#10;place in the region since the 1960s. Georges Corm, now finance&#10;minister in the Hoss government, describes the changes : &quot;The&#10;Arab region used to be underdeveloped and lacking in both&#10;infrastructure and technical know-how. Now it is far more&#10;developed, particularly in the Gulf states and Jordan, and&#10;even in Egypt, whose economy has opened out to the world&#10;market. Syria has built efficient modern infrastructures and is&#10;now bringing in Arab capital as well as capital from Syrian&#10;emigrés who have plenty of experience and understanding of&#10;the broad tendencies of international trade&quot; (3). In this new&#10;context Lebanon was losing its traditional role as the sole&#10;financial go-between linking the West and the Arab world.&#10;In addition the failure to enact realistic social policies at the&#10;end of the civil war was to have dramatic consequences. The&#10;report on poverty in Lebanon published by the UN Economic&#10;and Social Commission for West Asia (ESCWA) estimates that&#10;around a million Lebanese (28% of the population) are living&#10;below the poverty line. A quarter of a million of them live in&#10;extreme poverty (4). However this did not stop the government&#10;imposing wage controls in 1995, despite annual inflation running&#10;at 10% and prices sticking at the high levels seen during the&#10;galloping inflation prior to 1993. &quot;This wage freeze policy was&#10;intended to lower labour costs to create better conditions for&#10;foreign investment. It went hand in hand with the tax haven&#10;projects and other IMF recipes&quot; (5)." script="typed" function_1="text_section" language="english"> </DL_ZONE>
			<DL_ZONE gedi_type="GraphicRegion" id="5" col="854" row="107" width="718" height="272" function="other"> </DL_ZONE>
			<DL_ZONE gedi_type="GraphicRegion" id="6" col="82" row="102" width="721" height="742" function="other"> </DL_ZONE>
			<DL_ZONE gedi_type="GraphicRegion" id="7" col="83" row="861" width="722" height="1067" function="other"> </DL_ZONE>
			<DL_ZONE gedi_type="ImageRegion" id="8" col="98" row="876" width="693" height="1039"> </DL_ZONE>
			<DL_ZONE gedi_type="NoiseRegion" id="13" col="1622" row="6" width="27" height="2322"> </DL_ZONE>
			<DL_ZONE gedi_type="NoiseRegion" id="14" col="6" row="2" width="1612" height="16"> </DL_ZONE>
		</DL_PAGE>
	</DL_DOCUMENT>
</GEDI>