<?xml version="1.0" encoding="UTF-8"?>
<!--GEDI was developed at Language and Media Processing Laboratory, University of Maryland.-->

<GEDI xmlns="http://lamp.cfar.umd.edu/media/projects/GEDI/" GEDI_version="2.3.19" GEDI_date="12/23/2011">
	<USER name="Khizrane" date="4/13/2012 10:44" dateFormat="mm/dd/yyyy hh:mm">	</USER>
	<USER name="Laure" date="5/11/2012 10:15" dateFormat="mm/dd/yyyy hh:mm">	</USER>
	<USER name="MDR-P6" date="10/31/2012 13:31" dateFormat="mm/dd/yyyy hh:mm">	</USER>
	<USER name="MDR-P8" date="3/18/2013 11:49" dateFormat="mm/dd/yyyy hh:mm">	</USER>
	<USER name="Mdr-P5" date="10/25/2012 10:37" dateFormat="mm/dd/yyyy hh:mm">	</USER>
	<USER name="ZET" date="4/18/2012 13:20" dateFormat="mm/dd/yyyy hh:mm">	</USER>
	<DL_DOCUMENT src="CTVRLI.tif" docTag="xml" NrOfPages="1">
		<DL_PAGE gedi_type="DL_PAGE" src="CTVRLI.tif" pageID="1" width="1728" height="1191" Language_2="" Language_4="" Language_3="" Receiver_Company="" Receiver_Address="" Sender_Company="" Sender_Phone="" Receiver_Fax="" Document_Location="" Receiver_Phone="" Sender_Address="" Sender_Name="Aurélie" Script_2="typed" Script_1="hand" Language_1="french" NumPage="1" Category="C3" Document_Date="11/04/2012" Document_Object="CARTE NOEL" Receiver_Name="" Sender_Fax="+33(0)1.43.13.33.30" GEDI_orientation="90">
			<DL_ZONE gedi_type="TextRegion" id="2" col="75" row="2" width="1572" height="27" rotation="+90" contents="11/04 2012 MER 11:40 FAX 01 43 13 33 30 ELDA 001 / 001" script="typed" function_1="date" language="french"> </DL_ZONE>
			<DL_ZONE gedi_type="TextRegion" id="12" polygon="(715,827);(716,595);(785,598);(789,522);(851,524);(851,709);(782,709);(782,826)" contents="Joyeux&#10;Noël !" script="typed" language="french"> </DL_ZONE>
			<DL_ZONE gedi_type="GraphicRegion" id="14" function="drawing" polygon="(559,1010);(518,845);(554,771);(518,719);(539,677);(497,646);(562,356);(609,351);(636,320);(748,270);(816,296);(912,309);(941,417);(901,510);(862,520);(864,555);(926,620);(866,668);(898,728);(863,762);(916,862);(881,884);(886,1048);(828,1083);(733,1085);(668,1043);(630,987);(589,1018)"> </DL_ZONE>
			<DL_ZONE gedi_type="TextRegion" id="15" polygon="(982,991);(980,384);(1115,392);(1118,206);(1232,206);(1234,130);(1373,135);(1374,190);(1484,193);(1484,892);(1569,902);(1570,683);(1663,685);(1665,1056);(1549,1053);(1551,1181);(1139,1181);(1139,990)" contents="Meilleurs vœux les amis !!&#10;Je vous écris depuis la Russie où je bosse&#10;depuis 2mois. J'espère que vous vous prélassez&#10;bien en Espagne ! Je vous souhaite plein de&#10;Soleil dans votre vie et je pense fort&#10;à vous !!&#10;À très bientôt ," script="hand" function_1="text_section" language="french"> </DL_ZONE>
			<DL_ZONE gedi_type="TextRegion" id="18" col="1636" row="672" width="206" height="54" orientationD="95.826" contents="Aurélie" script="hand" language="french"> </DL_ZONE>
			<DL_ZONE gedi_type="GraphicRegion" id="21" col="1631" row="676" width="216" height="69" function="signature" orientationD="95.579"> </DL_ZONE>
			<DL_ZONE gedi_type="GraphicRegion" id="23" col="1503" row="0" width="23" height="23" function="drawing"> </DL_ZONE>
		</DL_PAGE>
	</DL_DOCUMENT>
</GEDI>