<?xml version="1.0" encoding="UTF-8"?>
<!--GEDI was developed at Language and Media Processing Laboratory, University of Maryland.-->

<GEDI xmlns="http://lamp.cfar.umd.edu/media/projects/GEDI/" GEDI_version="2.3.19" GEDI_date="12/23/2011">
	<USER name="MDR-P8" date="3/14/2013 13:03" dateFormat="mm/dd/yyyy hh:mm">	</USER>
	<USER name="Mdr-P5" date="5/28/2013 14:16" dateFormat="mm/dd/yyyy hh:mm">	</USER>
	<USER name="asmae" date="5/11/2012 11:41" dateFormat="mm/dd/yyyy hh:mm">	</USER>
	<DL_DOCUMENT src="CUPLMN.tif" docTag="xml" NrOfPages="1">
		<DL_PAGE gedi_type="DL_PAGE" src="CUPLMN.tif" pageID="1" width="1684" height="2288" Language_2="" Document_Date="" Language_4="" Receiver_Name="" Language_3="" Sender_Company="" Receiver_Fax="" Script_2="" Receiver_Phone="" Sender_Fax="" Category="C3" Document_Location="PARIS" Document_Object="DEMANDE D'OPPOSITION DE CARTE BLEUE SUITE À LA PERTE" Language_1="french" NumPage="1" Receiver_Address="" Receiver_Company="INTERNATIONAL BANKER" Script_1="hand" Sender_Address="8, RUE DE L'EGLISE 88 000 ¤F¤AMIFONTAINE" Sender_Phone="¤{+33(0)3.54.29.74.74|+33(0)6.29.64.60.53}¤" Sender_Name="Jocelyne DUFOUR">
			<DL_ZONE gedi_type="TextRegion" id="1" col="52" row="23" width="749" height="397" contents="Madame DUFOUR Jocelyne&#10;8, rue de l'Eglise&#10;88 000 ¤F¤amifontaine&#10;03 54 29 74 74 06 29 64 60 53&#10;jocelyne.dufour@fly.net" script="hand" function_1="coordinates" language="french"> </DL_ZONE>
			<DL_ZONE gedi_type="TextRegion" id="2" col="873" row="503" width="543" height="73" contents="International Banker" script="hand" language="french"> </DL_ZONE>
			<DL_ZONE gedi_type="TextRegion" id="3" col="880" row="638" width="514" height="83" contents="Paris, le 03 mai ." script="hand" function_2="date" function_1="location" language="french"> </DL_ZONE>
			<DL_ZONE gedi_type="TextRegion" id="4" polygon="(112,798);(118,720);(325,727);(883,747);(1421,760);(1508,765);(1513,835);(1346,841);(312,809)" contents="Objet : Demande d'opposition de carte bleue suite à la perte." script="hand" function_1="object" language="french"> </DL_ZONE>
			<DL_ZONE gedi_type="TextRegion" id="5" polygon="(505,945);(514,882);(997,895);(1004,963);(1591,1003);(1610,1091);(1572,1095);(1581,1326);(1605,1514);(1618,1559);(1635,1567);(1632,1602);(1286,1591);(1288,1651);(781,1646);(790,1838);(397,1838);(406,1629);(58,1640);(61,1466);(138,1434);(90,1165);(43,1139);(55,1074);(178,1054);(224,1055);(242,1001);(510,985)" contents="Madame, Monsieur,&#10;Je vous écris pour vous informer que j'ai malencontreusement&#10;perdu ma carte bleue cette semaine. Pour cette raison,&#10;je désire faire une opposition à ma carte bancaire, au&#10;risque de pouvoir être utilisée par une personne autre que par moi même.&#10;En vous remerciant par avance et dans l'attente&#10;d'une réponse, je vous prie d'agréer, Madame, Monsieur&#10;l'expression de mes salutations distinguées.&#10;Cordialement," script="hand" function_1="text_section" language="french"> </DL_ZONE>
			<DL_ZONE gedi_type="TextRegion" id="11" col="977" row="1805" width="474" height="86" contents="Jocelyne DUFOUR" script="hand" language="french"> </DL_ZONE>
			<DL_ZONE gedi_type="GraphicRegion" id="12" function="signature" polygon="(1077,1946);(1128,1923);(1184,1908);(1216,1906);(1248,1913);(1270,1884);(1285,1891);(1280,1907);(1299,1910);(1302,1926);(1346,1920);(1405,1926);(1413,1945);(1088,2038);(1017,2049);(996,2034);(999,2015)"> </DL_ZONE>
			<DL_ZONE gedi_type="NoiseRegion" id="13" polygon="(1654,5);(1676,3);(1682,1840);(1665,1842)"> </DL_ZONE>
			<DL_ZONE gedi_type="NoiseRegion" id="14" polygon="(821,1);(1640,0);(1631,7);(834,12)"> </DL_ZONE>
		</DL_PAGE>
	</DL_DOCUMENT>
</GEDI>