<?xml version="1.0" encoding="UTF-8"?>
<!--GEDI was developed at Language and Media Processing Laboratory, University of Maryland.-->

<GEDI xmlns="http://lamp.cfar.umd.edu/media/projects/GEDI/" GEDI_version="2.3.19" GEDI_date="12/23/2011">
	<USER name="Khizrane" date="4/12/2012 11:10" dateFormat="mm/dd/yyyy hh:mm">	</USER>
	<USER name="Laure" date="5/11/2012 10:16" dateFormat="mm/dd/yyyy hh:mm">	</USER>
	<USER name="Mdr-P5" date="5/28/2013 14:17" dateFormat="mm/dd/yyyy hh:mm">	</USER>
	<USER name="ZET" date="4/18/2012 9:59" dateFormat="mm/dd/yyyy hh:mm">	</USER>
	<DL_DOCUMENT src="CUVSRI.tif" docTag="xml" NrOfPages="1">
		<DL_PAGE gedi_type="DL_PAGE" src="CUVSRI.tif" pageID="1" width="1651" height="2335" Language_2="" Language_4="" Language_3="" Receiver_Company="" Sender_Company="" Sender_Phone="" Script_2="" Receiver_Fax="" Receiver_Phone="" Sender_Fax="" Document_Object="COURS DE SOUTIEN EN MATHÉMATIQUES" Language_1="french" NumPage="1" Category="C3" Script_1="hand" Document_Location="PARIS" Document_Date="20/09/2011" Sender_Address="10 RUE DES TILLEULS 67170 MITTELSCHOEFFOLSHEIM" Receiver_Address="45 AVENUE DES TULIPES 75001 PARIS" Receiver_Name="Bruno FOLCH" Sender_Name="Philippe MORIN">
			<DL_ZONE gedi_type="TextRegion" id="1" polygon="(40,82);(449,84);(456,174);(609,181);(615,346);(726,366);(713,425);(513,452);(36,443);(31,310)" contents="Philippe Morin&#10;20 Septembre 2011 , Paris&#10;10 rue des Tilleuls&#10;67170 Mittelschoeffolsheim ." script="hand" function_2="date" function_1="coordinates" function_3="location" language="french"> </DL_ZONE>
			<DL_ZONE gedi_type="TextRegion" id="2" polygon="(1190,130);(1510,131);(1516,212);(1611,225);(1615,264);(1476,288);(1451,344);(1194,334);(1189,246)" contents="Bruno Folch&#10;45 avenue des tulipes&#10;75001 Paris" script="hand" function_1="coordinates" language="french"> </DL_ZONE>
			<DL_ZONE gedi_type="TextRegion" id="3" col="88" row="581" width="1113" height="100" contents="Objet : cours de soutien en Mathématiques" script="hand" function_1="object" language="french"> </DL_ZONE>
			<DL_ZONE gedi_type="TextRegion" id="7" col="87" row="2024" width="194" height="71" contents="P . Morin" script="hand" language="french"> </DL_ZONE>
			<DL_ZONE gedi_type="TextRegion" id="18" polygon="(47,778);(440,782);(447,983);(1598,1007);(1583,1671);(1447,1867);(914,1980);(37,1944);(30,1330)" contents="Monsieur Folch ,&#10;Le bulletin de mon fils Adrien Morin 6eme 3 prouve bien ses&#10;difficultés en Mathématiques . Serait- il possible que vous ou&#10;un autre enseignant de l'établissement lui donne des cours&#10;particuliers à raison de 2 ou 3 heures par semaine .&#10;Ces cours pourront avoir lieu au sein de l'établissement&#10;ou à domicile selon votre disponibilité.&#10;Nous pourrions nous rencontrer afin d'envisager un horaire&#10;qui vous conviendrait .&#10;En vous ¤{remerçiant/remerciant}¤ , je vous prie d'agréer , Monsieur ,&#10;l'expression de ma considération" script="hand" function_1="text_section" language="french"> </DL_ZONE>
			<DL_ZONE gedi_type="GraphicRegion" id="19" function="signature" polygon="(100,2212);(177,2148);(312,2108);(326,2127);(272,2181);(91,2277);(78,2255)"> </DL_ZONE>
			<DL_ZONE gedi_type="TextRegion" id="20" polygon="(166,2168);(172,2153);(210,2168);(203,2212);(153,2210)" contents="M" script="hand" language="french"> </DL_ZONE>
			<DL_ZONE gedi_type="Group" id="22" col="68" row="2014" width="268" height="273" elements="7;19;20"> </DL_ZONE>
		</DL_PAGE>
	</DL_DOCUMENT>
</GEDI>