<?xml version="1.0" encoding="UTF-8"?>
<!--GEDI was developed at Language and Media Processing Laboratory, University of Maryland.-->

<GEDI xmlns="http://lamp.cfar.umd.edu/media/projects/GEDI/" GEDI_version="2.3.19" GEDI_date="12/23/2011">
	<USER name="Khizrane" date="5/25/2012 13:22" dateFormat="mm/dd/yyyy hh:mm">	</USER>
	<USER name="MDR-R1" date="10/22/2012 19:19" dateFormat="mm/dd/yyyy hh:mm">	</USER>
	<USER name="MDR-R3" date="2/5/2013 16:08" dateFormat="mm/dd/yyyy hh:mm">	</USER>
	<USER name="Mdr-P5" date="5/29/2013 9:33" dateFormat="mm/dd/yyyy hh:mm">	</USER>
	<USER name="soumaya" date="5/30/2012 10:44" dateFormat="mm/dd/yyyy hh:mm">	</USER>
	<DL_DOCUMENT src="CWTUVS.tif" docTag="xml" NrOfPages="1">
		<DL_PAGE gedi_type="DL_PAGE" src="CWTUVS.tif" pageID="1" width="1700" height="2338" Language_2="" Sender_Name="" Document_Date="" Language_4="" Receiver_Name="" Language_3="" Receiver_Company="" Receiver_Address="" Sender_Company="" Sender_Phone="" Receiver_Fax="" Document_Location="" Receiver_Phone="" Sender_Address="" Sender_Fax="" Category="C3" Language_1="arabic" NumPage="1" Script_1="hand" Script_2="typed" Document_Object="تهنئة بمناسبة العيد">
			<DL_ZONE gedi_type="TextRegion" id="1" col="1148" row="321" width="293" height="662" contents="عيدكم سعيد" script="typed" function_1="title" language="arabic"> </DL_ZONE>
			<DL_ZONE gedi_type="GraphicRegion" id="2" col="60" row="193" width="1495" height="1967" function="other" orientationD="0.385"> </DL_ZONE>
			<DL_ZONE gedi_type="GraphicRegion" id="3" function="drawing" polygon="(367,2090);(393,2099);(440,1928);(560,1627);(903,1463);(1015,1344);(1129,1164);(1114,894);(1060,635);(1026,432);(663,186);(500,378);(251,541);(148,830);(225,1323);(324,2069)"> </DL_ZONE>
			<DL_ZONE gedi_type="TextRegion" id="4" polygon="(1169,1262);(1408,1259);(1444,1354);(1528,1379);(1534,1541);(1525,1656);(901,1675);(888,1603);(907,1500);(1113,1274)" contents="بمناسبة حلول&#10;عيد الفطر السعيد. أتقدم لكم&#10;بأحر التهاني راجية من العلي&#10;القدير ان ينعم عليكم بالسعادة&#10;والهناء." script="hand" function_1="text_section" language="arabic"> </DL_ZONE>
		</DL_PAGE>
	</DL_DOCUMENT>
</GEDI>