<?xml version="1.0" encoding="UTF-8"?>
<!--GEDI was developed at Language and Media Processing Laboratory, University of Maryland.-->

<GEDI xmlns="http://lamp.cfar.umd.edu/media/projects/GEDI/" GEDI_version="2.3.19" GEDI_date="12/23/2011">
	<USER name="Laure" date="5/31/2012 15:05" dateFormat="mm/dd/yyyy hh:mm">	</USER>
	<USER name="MDR-P4" date="10/22/2012 18:16" dateFormat="mm/dd/yyyy hh:mm">	</USER>
	<USER name="MDR-P8" date="10/31/2012 12:59" dateFormat="mm/dd/yyyy hh:mm">	</USER>
	<USER name="Mdr-P5" date="5/28/2013 12:13" dateFormat="mm/dd/yyyy hh:mm">	</USER>
	<USER name="aboubekeur" date="5/30/2012 15:06" dateFormat="mm/dd/yyyy hh:mm">	</USER>
	<DL_DOCUMENT src="CYGTBA.tif" docTag="xml" NrOfPages="1">
		<DL_PAGE gedi_type="DL_PAGE" src="CYGTBA.tif" pageID="1" width="2492" height="3496" Language_2="" Receiver_Name="" Language_4="" Document_Date="" Language_3="" Receiver_Company="" Receiver_Address="" Sender_Company="" Sender_Phone="" Script_2="" Receiver_Fax="" Document_Location="" Receiver_Phone="" Sender_Fax="" Category="C3" Language_1="english" Sender_Address="MILLTOWN STREET" NumPage="1" Script_1="hand" Document_Object="ENGAGEMENT PARTY" Sender_Name="Jill DEN" GEDI_orientation="270">
			<DL_ZONE gedi_type="GraphicRegion" id="1" col="112" row="332" width="2224" height="2892" function="other"> </DL_ZONE>
			<DL_ZONE gedi_type="GraphicRegion" id="2" function="drawing" polygon="(136,3184);(136,1984);(720,1892);(884,2248);(988,2240);(1204,2552);(1324,2516);(1484,2808);(860,3140);(524,3188);(168,3200)"> </DL_ZONE>
			<DL_ZONE gedi_type="TextRegion" id="3" polygon="(2138,460);(2068,2344);(1808,2296);(1700,2104);(1644,2116);(1584,2708);(1476,2692);(1468,1860);(1360,1848);(1264,2320);(1112,2332);(1036,2248);(1036,1792);(856,1736);(864,1336);(704,1300);(768,364)" contents="¤Je¤ Jill Den and Mark Smith are happy&#10;to announce that they will be getting married&#10;in the fall of 2012 ! the engagement part&#10;We would like to invite you for the engagement party ,&#10;Jeff Jones with Part&#10;The party will be held in Jill's garden,&#10;Milltown Street, on June 16th 2012, from 8 pm.&#10;RSVP to Jill :at 307@eldaelcla.org&#10;Dren code : evening casual" script="hand" function_1="text_section" language="english"> </DL_ZONE>
			<DL_ZONE gedi_type="LineDrawingRegion" id="6" polygon="(2116,542);(1988,542);(1988,642);(2072,666);(2112,642);(2118,542)"> </DL_ZONE>
			<DL_ZONE gedi_type="LineDrawingRegion" id="7" polygon="(1692,1234);(1692,1238);(1722,1284);(1702,1684);(1706,1994);(1686,2046);(1668,2008);(1676,1424);(1676,1420)"> </DL_ZONE>
			<DL_ZONE gedi_type="LineDrawingRegion" id="8" polygon="(1406,762);(1382,1728);(1402,1730);(1408,1224);(1418,998);(1416,840);(1422,748);(1414,744)"> </DL_ZONE>
		</DL_PAGE>
	</DL_DOCUMENT>
</GEDI>