<?xml version="1.0" encoding="UTF-8"?>
<!--GEDI was developed at Language and Media Processing Laboratory, University of Maryland.-->

<GEDI xmlns="http://lamp.cfar.umd.edu/media/projects/GEDI/" GEDI_version="2.3.19" GEDI_date="12/23/2011">
	<USER name="MDR-P4" date="3/18/2013 15:26" dateFormat="mm/dd/yyyy hh:mm">	</USER>
	<USER name="MDR-P8" date="10/31/2012 13:29" dateFormat="mm/dd/yyyy hh:mm">	</USER>
	<USER name="MDR_P1" date="10/26/2012 17:10" dateFormat="mm/dd/yyyy hh:mm">	</USER>
	<USER name="Manuela" date="7/11/2012 17:54" dateFormat="mm/dd/yyyy hh:mm">	</USER>
	<USER name="Nataly" date="7/16/2012 9:36" dateFormat="mm/dd/yyyy hh:mm">	</USER>
	<USER name="aboubekeur" date="6/6/2012 14:56" dateFormat="mm/dd/yyyy hh:mm">	</USER>
	<USER name="mailys" date="6/29/2012 12:28" dateFormat="mm/dd/yyyy hh:mm">	</USER>
	<DL_DOCUMENT src="CYTEBA.tif" docTag="xml" NrOfPages="1">
		<DL_PAGE gedi_type="DL_PAGE" src="CYTEBA.tif" pageID="1" width="2492" height="3496" Sender_Name="" Document_Date="" Receiver_Company="" Receiver_Address="" Sender_Company="" Receiver_Fax="" Document_Location="" Receiver_Phone="" Sender_Fax="" Category="C3" Document_Object="INVITATION" Language_1="english" Receiver_Name="Christina" Language_4="" NumPage="1" Sender_Address="LEE ROAD MENTON PARK ESTATE MENTON LONDON" Script_1="hand" Script_2="" Language_2="" Language_3="" Sender_Phone="+44(0)85.45.75.00.XX">
			<DL_ZONE gedi_type="GraphicRegion" id="2" function="drawing" polygon="(84,196);(88,3248);(632,3244);(576,3016);(300,3000);(324,1776);(980,1784);(952,1580);(312,1256);(292,1136);(248,1064);(204,716);(304,740);(300,668);(248,592);(224,176);(224,168)"> </DL_ZONE>
			<DL_ZONE gedi_type="GraphicRegion" id="3" function="drawing" polygon="(2176,412);(2180,1588);(2304,1512);(2408,1496);(2340,1404);(2300,1144);(2388,1172);(2388,1112);(2316,1028);(2312,832);(2384,812);(2392,756);(2316,696);(2312,408)"> </DL_ZONE>
			<DL_ZONE gedi_type="GraphicRegion" id="4" function="drawing" polygon="(2176,1896);(2184,3076);(2308,3080);(2304,3008);(2404,3000);(2368,2916);(2316,2872);(2312,2676);(2376,2664);(2376,2588);(2324,2564);(2308,2328);(2400,2312);(2400,2244);(2332,2244);(2296,1912)"> </DL_ZONE>
			<DL_ZONE gedi_type="TextRegion" id="5" polygon="(382,554);(392,672);(312,684);(310,770);(216,760);(250,1058);(296,1140);(276,1214);(1848,1120);(1848,632);(876,632);(872,548);(874,546)" contents="Hello, Christina&#10;I am giving a party and I think we will have a &#10;lot of fun, there will be delicious food, drinks and we will&#10;play games, sing etc. If you want a change and have&#10;a good time with me and with my friends&#10;come to my party, See you soon. I will give &#10;you my exact address below of the page unless&#10;you remember it." script="hand" function_1="text_section" language="english"> </DL_ZONE>
			<DL_ZONE gedi_type="TextRegion" id="7" polygon="(1418,1665);(1340,1948);(2099,1899);(2085,1840);(1595,1854);(1576,1727);(1906,1709);(1894,1596);(1432,1595)" contents="Lee Road Menton&#10;Park Estate Menton&#10;London&#10;¤SW¤ 18&#10;My number 854 57 500." script="hand" language="english"> </DL_ZONE>
			<DL_ZONE gedi_type="NoiseRegion" id="10" col="657" row="3138" width="1424" height="207"> </DL_ZONE>
		</DL_PAGE>
	</DL_DOCUMENT>
</GEDI>