<?xml version="1.0" encoding="UTF-8"?>
<!--GEDI was developed at Language and Media Processing Laboratory, University of Maryland.-->

<GEDI xmlns="http://lamp.cfar.umd.edu/media/projects/GEDI/" GEDI_version="2.3.19" GEDI_date="12/23/2011">
	<USER name="MDR-P2" date="10/25/2012 21:24" dateFormat="mm/dd/yyyy hh:mm">	</USER>
	<USER name="MDR-P8" date="3/18/2013 14:29" dateFormat="mm/dd/yyyy hh:mm">	</USER>
	<USER name="Manuela" date="7/16/2012 15:09" dateFormat="mm/dd/yyyy hh:mm">	</USER>
	<USER name="Soukaina" date="7/9/2012 13:40" dateFormat="mm/dd/yyyy hh:mm">	</USER>
	<USER name="aboubekeur" date="7/13/2012 14:11" dateFormat="mm/dd/yyyy hh:mm">	</USER>
	<USER name="xx" date="7/12/2012 12:33" dateFormat="mm/dd/yyyy hh:mm">	</USER>
	<DL_DOCUMENT src="CYUVRL.tif" docTag="xml" NrOfPages="1">
		<DL_PAGE gedi_type="DL_PAGE" src="CYUVRL.tif" pageID="1" width="1651" height="2335" Language_2="" Language_4="" Receiver_Name="" Language_3="" Sender_Phone="" Receiver_Fax="" Script_2="" Receiver_Phone="" Sender_Fax="" Category="C3" Document_Date="04/07/2012" Document_Location="WALDHAMBACH" Document_Object="DEMANDE DE FOURNIR UN ACTE DE NAISSANCE." Language_1="french" NumPage="1" Script_1="hand" Receiver_Address="" Sender_Address="4 RUE DU VERCOS 67430 WALDHAMBACH" Sender_Company="" Receiver_Company="MAIRIE DE WALDHAMBACH" Sender_Name="Céline FOURNIER">
			<DL_ZONE gedi_type="NoiseRegion" id="1" col="0" row="2" width="1651" height="162"> </DL_ZONE>
			<DL_ZONE gedi_type="TextRegion" id="2" polygon="(36,169);(622,173);(620,236);(514,237);(515,312);(488,313);(488,419);(517,420);(516,481);(7,476);(26,267);(35,263)" contents="Madame Céline FOURNIER&#10;Née le 27/05/1983&#10;4 Rue du Vercos&#10;67430 WALDHAMBACH" script="hand" function_1="coordinates" language="french"> </DL_ZONE>
			<DL_ZONE gedi_type="TextRegion" id="3" polygon="(987,802);(1519,805);(1516,897);(1629,897);(1630,959);(967,950);(971,821);(989,822)" contents="Mairie de Waldhambach&#10;Service remise acte de naissance" script="hand" language="french"> </DL_ZONE>
			<DL_ZONE gedi_type="TextRegion" id="5" col="957" row="1036" width="468" height="91" contents="le 04 juillet 2012" script="hand" function_1="date" language="french"> </DL_ZONE>
			<DL_ZONE gedi_type="TextRegion" id="6" polygon="(70,1230);(560,1239);(560,1348);(1633,1366);(1630,1445);(1410,1444);(1413,1522);(1546,1527);(1547,1585);(1580,1587);(1585,1668);(1627,1668);(1628,1815);(1629,1831);(1631,1916);(77,1918);(81,1819);(22,1819);(22,1737);(23,1733);(21,1495);(5,1494);(6,1453);(66,1453)" contents="Madame, Monsieur,&#10;Dans le cadre de démarches administratives, certains organis-&#10;mes me demandent de fournir un acte de naissance.&#10;Je vous demande donc, s'il serait possible de me fournir mon&#10;acte de naissance. Je suis née le 27 mai 1987 à l'hôpital&#10;de Montrose.&#10;Je vous prie d'agréer, Madame ,Monsieur, mes salutations distinguées." script="hand" function_1="text_section" language="french"> </DL_ZONE>
			<DL_ZONE gedi_type="TextRegion" id="8" col="1012" row="2061" width="436" height="69" contents="Céline FOURNIER" script="hand" language="french"> </DL_ZONE>
			<DL_ZONE gedi_type="NoiseRegion" id="10" col="1274" row="2062" width="17" height="17"> </DL_ZONE>
			<DL_ZONE gedi_type="NoiseRegion" id="11" col="329" row="2322" width="20" height="11"> </DL_ZONE>
			<DL_ZONE gedi_type="NoiseRegion" id="12" col="1476" row="2320" width="18" height="14"> </DL_ZONE>
			<DL_ZONE gedi_type="GraphicRegion" id="13" col="0" row="164" width="1638" height="2162" function="other"> </DL_ZONE>
		</DL_PAGE>
	</DL_DOCUMENT>
</GEDI>