<?xml version="1.0" encoding="UTF-8"?>
<!--GEDI was developed at Language and Media Processing Laboratory, University of Maryland.-->

<GEDI xmlns="http://lamp.cfar.umd.edu/media/projects/GEDI/" GEDI_version="2.3" GEDI_date="01/21/2010">
	<USER name="MDR-R4" date="10/23/2012 16:48" dateFormat="mm/dd/yyyy hh:mm">	</USER>
	<USER name="MDR-R6" date="2/5/2013 15:14" dateFormat="mm/dd/yyyy hh:mm">	</USER>
	<USER name="asmae" date="4/5/2012 12:26" dateFormat="mm/dd/yyyy hh:mm">	</USER>
	<USER name="mohamed salah" date="5/11/2012 21:23" dateFormat="mm/dd/yyyy hh:mm">	</USER>
	<DL_DOCUMENT src="CYWVSL.tif" docTag="xml" NrOfPages="1">
		<DL_PAGE gedi_type="DL_PAGE" src="CYWVSL.tif" pageID="1" width="1728" height="2312" Receiver_Name="" Language_4="" Receiver_Company="" Receiver_Address="" Sender_Phone="" Receiver_Fax="" Sender_Address="" Receiver_Phone="" Document_Location="الرباط" Category="C3" Document_Object="دعوة لحضور حفل خطبة" Language_1="arabic" Language_2="french" NumPage="1" Language_3="" Script_1="hand" Script_2="typed" Sender_Name=" أديبة البرقاوي" Document_Date="¤{24/03/2012|29/03/2012}¤" Sender_Company="" Sender_Fax="+212(0)5.37.68.00.32">
			<DL_ZONE gedi_type="TextRegion" id="1" col="40" row="0" width="1469" height="41" contents="29 03 12 12:20 MLTC 00212537680032 p.1" script="typed" function_2="date" function_1="header" language="french"> </DL_ZONE>
			<DL_ZONE gedi_type="TextRegion" id="5" col="0" row="54" width="359" height="62" contents="الرباط في 24.03.2012" script="hand" function_2="date" function_1="location" language="arabic"> </DL_ZONE>
			<DL_ZONE gedi_type="TextRegion" id="6" col="115" row="162" width="1380" height="946" contents="بسم الله الرحمان الرحيم&#10;و الصلاة و السلام على ¤{اشرف/أشرف}¤ و المرسلين .&#10;و بعد :&#10;من البرقاوي أديبة إلى صديقاتي ¤{العزيزة/العزيزات}¤ .&#10;اتقدم بدعوتكم الى حضور حفل خطبتي من ابن عمي كريم راجية&#10;منكم الحظور قبل المحدد و ذلك لمساعدتي في بعض ¤{ التحضيرات/التحضرات}¤ التي ستتطلبها مني المناسبة فأنا جد سعيدة ¤{ بذاك/بذالك}¤ و أتمنى تقاسم الفرحة&#10;معكم عزيزاتي .&#10;أنا في إنتظار ردكم بالقبول مع كامل حبي و ¤{حترامي/احترامي}¤ ." script="hand" function_1="text_section" language="arabic"> </DL_ZONE>
			<DL_ZONE gedi_type="TextRegion" id="7" col="669" row="1194" width="146" height="76" contents="أديبة" script="hand" language="arabic"> </DL_ZONE>
			<DL_ZONE gedi_type="GraphicRegion" id="8" function="signature" polygon="(323,1339);(425,1308);(545,1323);(585,1266);(618,1272);(599,1348);(701,1377);(687,1408);(547,1417);(500,1510);(467,1495);(502,1399);(334,1375)"> </DL_ZONE>
			<DL_ZONE gedi_type="Group" id="9" col="313" row="1184" width="512" height="336" elements="7;8"> </DL_ZONE>
			<DL_ZONE gedi_type="NoiseRegion" id="16" col="137" row="67" width="17" height="34"> </DL_ZONE>
			<DL_ZONE gedi_type="NoiseRegion" id="27" col="951" row="1666" width="36" height="38"> </DL_ZONE>
			<DL_ZONE gedi_type="NoiseRegion" id="28" col="0" row="2255" width="1504" height="57"> </DL_ZONE>
		</DL_PAGE>
	</DL_DOCUMENT>
</GEDI>