<?xml version="1.0" encoding="UTF-8"?>
<!--GEDI was developed at Language and Media Processing Laboratory, University of Maryland.-->

<GEDI xmlns="http://lamp.cfar.umd.edu/media/projects/GEDI/" GEDI_version="2.3.19" GEDI_date="12/23/2011">
	<USER name="MDR-P4" date="3/11/2013 11:23" dateFormat="mm/dd/yyyy hh:mm">	</USER>
	<DL_DOCUMENT src="DAHOAM.tif" docTag="xml" NrOfPages="1">
		<DL_PAGE gedi_type="DL_PAGE" src="DAHOAM.tif" pageID="1" width="1651" height="2335" Language_2="" Sender_Name="" Document_Date="" Language_4="" Receiver_Name="" Language_3="" Receiver_Company="" Receiver_Address="" Sender_Company="" Sender_Phone="" Receiver_Fax="" Document_Location="" Receiver_Phone="" Sender_Address="" Category="C2" Document_Object="ARTICLE" Language_1="english" NumPage="1" Script_1="typed" Sender_Fax="" Script_2="hand">
			<DL_ZONE gedi_type="TextRegion" id="1" col="880" row="413" width="256" height="35" contents="Whither Morocco ?" script="typed" function_1="title" language="english"> </DL_ZONE>
			<DL_ZONE gedi_type="TextRegion" id="2" nextZoneID="3" col="329" row="354" width="478" height="958" contents="On 23 July 1999 King Hassan II of&#10;Morocco died. Opinion is strongly divided&#10;on the merits and demerits of his rule.&#10;The king consolidated the independence&#10;that Morocco won in 1956. He worked&#10;to re-establish the territorial unity of&#10;his country, which had been fragmented&#10;by the colonial ambitions of France and&#10;Spain (in particular he was responsible for&#10;initiating the ”Green March” towards the&#10;Western Sahara). He also succeeded in&#10;maintaining the monarchy (Morocco is the&#10;only remaining monarchy in Africa). And,&#10;although he opted for the West during the&#10;cold war, he managed to keep the country&#10;within the framework of the non-aligned&#10;movement, and also made some bold&#10;initiatives in the area of Arab-Israeli&#10;dialogue - no small achievement in itself.&#10;In other respects his record is far less&#10;positive - particularly with regard to&#10;human rights. During the 38 years of&#10;Hassan’s reign the country laboured under&#10;a ferocious absolutism and a continuous&#10;violation of human rights. The political&#10;opposition - particularly the left and&#10;far left - was cruelly persecuted, with&#10;its leaders often imprisoned, and even&#10;assassinated (as happened with Mehdi&#10;Ben Barka in October 1965). Many of its&#10;militants (such as Abraham Serfaty) were&#10;systematically tortured and sentenced to&#10;long terms in prison, or were simply taken&#10;away and murdered. Nor were servants&#10;of the palace, accused of treason (real or&#10;imagined), spared arbitrary excesses of&#10;power, injustice and terror. We know this&#10;from testimonies of the survivors of the&#10;appalling Tazmamart prison, which was&#10;like a relic of another age (1) and from&#10;the family of General Oufkir (2)." script="typed" function_1="text_section" language="english"> </DL_ZONE>
			<DL_ZONE gedi_type="TextRegion" id="3" col="848" row="524" width="478" height="1467" contents="During all this time the hopes born&#10;with independence came to nothing. A&#10;caste of rich Moroccans had the country&#10;in its thrall, monopolising positions and&#10;privileges, dividing up the national wealth&#10;between them and reinforcing the worst&#10;anachronisms of a regime that was still&#10;largely feudal. A level of police repression&#10;prevented social protest movements or, if&#10;they did occur, drowned them in blood, as&#10;happened with the many ”hunger riots”&#10;- for example in Casablanca in June&#10;1981 (66 dead), Marrakesh and Tetouan&#10;in January 1984 (more than 110 dead),&#10;and Fez and Tangiers in December 1990&#10;(170 dead). This violence, and the fear&#10;it engendered, made it possible for the&#10;regime to delay the much-needed reforms.&#10;Admittedly, in February 1998 Hassan&#10;II appointed a socialist prime minister,&#10;Abderrahman Youssoufi, but he kept&#10;control of major decision-making in the&#10;areas of security, defence, justice and&#10;foreign policy. He leaves to his young&#10;successor, Mohamed VI, a country crying&#10;out for reform - and the real danger of&#10;eruption.&#10;Morocco is a social powder-keg. A&#10;quarter of its population (more than 7&#10;million people) live below the poverty&#10;line : 23% of the economically active&#10;population are unemployed ; more than&#10;half the inhabitants are still illiterate. In&#10;the United Nations human development&#10;indices, Morocco comes in at 125th, a long&#10;way behind Algeria and Tunisia.&#10;The social divisiveness and inequalities&#10;are self-evident. Most of Morocco’s inhabi-&#10;tants have been left by the wayside. More&#10;than a hundred thousand senior graduates&#10;- engineers, doctors, teachers and techni-&#10;cians - are seeking work. For a long time&#10;discontent was limited to the marginalised&#10;world of the countryside, but now revolt&#10;threatens in the cities too. Particularly&#10;since Morocco’s slum dwellers - like the&#10;students in the science faculties - seem&#10;increasingly drawn to the radical views of&#10;the Islamists. Now that the socialists have&#10;been drawn into government, many of the&#10;country’s ”disinherited” see the Islamists&#10;as the only credible opposition ; and they&#10;are certainly the most fo¤rm¤idable political&#10;force in the country as a whole.&#10;On top of this there is a substantial foreign&#10;debt ($22 billion), representing 39% of&#10;GDP and consuming more than 25% of&#10;the country’s export income." script="typed" function_1="text_section" language="english"> </DL_ZONE>
			<DL_ZONE gedi_type="GraphicRegion" id="4" col="846" row="353" width="473" height="149" function="other"> </DL_ZONE>
			<DL_ZONE gedi_type="ImageRegion" id="5" col="338" row="1333" width="460" height="645"> </DL_ZONE>
			<DL_ZONE gedi_type="GraphicRegion" id="6" col="331" row="1328" width="475" height="654" function="other"> </DL_ZONE>
			<DL_ZONE gedi_type="TextRegion" id="10" col="1024" row="1140" width="332" height="88" contents="And the rest?" script="hand" function_1="annotation" language="english"> </DL_ZONE>
			<DL_ZONE gedi_type="LineDrawingRegion" id="12" col="950" row="1168" width="74" height="60"> </DL_ZONE>
			<DL_ZONE gedi_type="TextRegion" id="13" polygon="(950,1774);(1186,1664);(1244,1696);(1330,1772);(1312,1798);(1054,1942);(1014,1930);(1002,1876);(970,1884);(946,1806)" contents="Not bad&#10;after all" script="hand" function_1="annotation" language="english"> </DL_ZONE>
			<DL_ZONE gedi_type="NoiseRegion" id="15" col="1626" row="2" width="20" height="2328"> </DL_ZONE>
		</DL_PAGE>
	</DL_DOCUMENT>
</GEDI>