<?xml version="1.0" encoding="UTF-8"?>
<!--GEDI was developed at Language and Media Processing Laboratory, University of Maryland.-->

<GEDI xmlns="http://lamp.cfar.umd.edu/media/projects/GEDI/" GEDI_version="2.3.19" GEDI_date="12/23/2011">
	<USER name="Laure" date="4/4/2012 11:51" dateFormat="mm/dd/yyyy hh:mm">	</USER>
	<USER name="MDR-P4" date="10/16/2012 18:51" dateFormat="mm/dd/yyyy hh:mm">	</USER>
	<USER name="MDR-P8" date="10/31/2012 15:32" dateFormat="mm/dd/yyyy hh:mm">	</USER>
	<USER name="Mailys" date="3/6/2012 16:40" dateFormat="mm/dd/yyyy hh:mm">	</USER>
	<USER name="Manuela" date="5/23/2012 12:19" dateFormat="mm/dd/yyyy hh:mm">	</USER>
	<USER name="Mdr-P5" date="5/28/2013 10:31" dateFormat="mm/dd/yyyy hh:mm">	</USER>
	<USER name="test" date="2/3/2012 14:56" dateFormat="mm/dd/yyyy hh:mm">	</USER>
	<DL_DOCUMENT src="DFGKOP.tif" docTag="xml" NrOfPages="1">
		<DL_PAGE gedi_type="DL_PAGE" src="DFGKOP.tif" pageID="1" width="2560" height="3508" NumPage="1" Sender_Phone="" Document_Location="" Receiver_Phone="" Sender_Address="" Receiver_Address="" Receiver_Company="SUNGLASSES PARADISE" Sender_Company="EYECARE" Script_2="hand" Document_Date="02/01/2012" Document_Object="PRESCRIPTION" Language_1="english" Language_2="french" Category="C4" Script_1="typed" Language_3="" Receiver_Name="" Language_4="" Receiver_Fax="" Sender_Fax="+33(0)7.81.85.43.24" Sender_Name="Paul CAVE">
			<DL_ZONE gedi_type="TextRegion" id="1" col="978" row="328" width="543" height="76" contents="EYECARE" script="typed" function_1="object" language="english"> </DL_ZONE>
			<DL_ZONE gedi_type="TextRegion" id="2" nextZoneID="93" col="96" row="539" width="148" height="51" contents="DATE:" script="typed" language="english"> </DL_ZONE>
			<DL_ZONE gedi_type="TextRegion" id="4" nextZoneID="10" col="96" row="654" width="99" height="48" contents="TO:" script="typed" language="english"> </DL_ZONE>
			<DL_ZONE gedi_type="TextRegion" id="5" nextZoneID="11" col="91" row="761" width="121" height="56" contents="FAX:" script="typed" language="english"> </DL_ZONE>
			<DL_ZONE gedi_type="TextRegion" id="6" nextZoneID="12" col="91" row="882" width="157" height="46" contents="ATTN:" script="typed" language="english"> </DL_ZONE>
			<DL_ZONE gedi_type="TextRegion" id="7" col="84" row="988" width="619" height="56" contents="PATIENT'S RECORDS:" script="typed" language="english"> </DL_ZONE>
			<DL_ZONE gedi_type="TextRegion" id="8" nextZoneID="94" col="90" row="1100" width="166" height="57" contents="NAME:" script="typed" language="english"> </DL_ZONE>
			<DL_ZONE gedi_type="TextRegion" id="9" nextZoneID="95" col="88" row="1207" width="191" height="60" contents="D.O.B." script="typed" language="english"> </DL_ZONE>
			<DL_ZONE gedi_type="TextRegion" id="10" col="319" row="612" width="885" height="128" contents="Sunglasses paradise" script="hand" language="english"> </DL_ZONE>
			<DL_ZONE gedi_type="TextRegion" id="11" col="349" row="746" width="566" height="92" contents="0781 854324" script="hand" language="english"> </DL_ZONE>
			<DL_ZONE gedi_type="TextRegion" id="12" col="296" row="839" width="602" height="115" contents="Mr Paul Cave" script="hand" language="english"> </DL_ZONE>
			<DL_ZONE gedi_type="TextRegion" id="17" nextZoneID="18" col="86" row="1327" width="635" height="49" contents="LAST EXAMINATION DATE:" script="typed" language="english"> </DL_ZONE>
			<DL_ZONE gedi_type="TextRegion" id="18" col="785" row="1318" width="381" height="70" contents="02/01/12" script="hand" language="english"> </DL_ZONE>
			<DL_ZONE gedi_type="TextRegion" id="19" col="91" row="1439" width="691" height="60" contents="SPECTACLE PRESCRIPTION:" script="typed" language="english"> </DL_ZONE>
			<DL_ZONE gedi_type="TextRegion" id="20" nextZoneID="22" col="84" row="1545" width="181" height="67" contents="RIGHT:" script="typed" language="english"> </DL_ZONE>
			<DL_ZONE gedi_type="TextRegion" id="21" nextZoneID="23" col="86" row="1668" width="150" height="50" contents="LEFT:" script="typed" language="english"> </DL_ZONE>
			<DL_ZONE gedi_type="TextRegion" id="22" col="512" row="1529" width="242" height="92" contents="-3,5" script="hand" language="english"> </DL_ZONE>
			<DL_ZONE gedi_type="TextRegion" id="23" col="503" row="1646" width="237" height="94" contents="-3,3" script="hand" language="english"> </DL_ZONE>
			<DL_ZONE gedi_type="TextRegion" id="24" nextZoneID="73" col="1395" row="1545" width="101" height="74" contents="(6/" script="typed" language="english"> </DL_ZONE>
			<DL_ZONE gedi_type="TextRegion" id="25" nextZoneID="96" col="1388" row="1664" width="89" height="66" contents="(6/" script="typed" language="english"> </DL_ZONE>
			<DL_ZONE gedi_type="TextRegion" id="26" col="1580" row="1615" width="132" height="57" contents="ADD:" script="typed" language="english"> </DL_ZONE>
			<DL_ZONE gedi_type="TextRegion" id="27" nextZoneID="28" col="84" row="1776" width="142" height="52" contents="P/D:" script="typed" language="english"> </DL_ZONE>
			<DL_ZONE gedi_type="TextRegion" id="28" nextZoneID="29" col="248" row="1771" width="156" height="55" contents="DIST:" script="typed" language="english"> </DL_ZONE>
			<DL_ZONE gedi_type="TextRegion" id="29" col="547" row="1781" width="164" height="49" contents="NEAR:" script="typed" language="english"> </DL_ZONE>
			<DL_ZONE gedi_type="TextRegion" id="30" nextZoneID="32" col="236" row="1836" width="65" height="51" contents="R)" script="typed" language="english"> </DL_ZONE>
			<DL_ZONE gedi_type="TextRegion" id="31" nextZoneID="33" col="231" row="1889" width="65" height="56" contents="L)" script="typed" language="english"> </DL_ZONE>
			<DL_ZONE gedi_type="TextRegion" id="32" col="310" row="1841" width="148" height="60" contents="-¤{2|4}¤,1" script="hand" language="english"> </DL_ZONE>
			<DL_ZONE gedi_type="TextRegion" id="33" col="310" row="1901" width="143" height="73" contents="-4,2" script="hand" language="english"> </DL_ZONE>
			<DL_ZONE gedi_type="TextRegion" id="34" nextZoneID="36" col="547" row="1840" width="60" height="52" contents="R)" script="typed" language="english"> </DL_ZONE>
			<DL_ZONE gedi_type="TextRegion" id="35" nextZoneID="37" col="544" row="1889" width="61" height="61" contents="L)" script="typed" language="english"> </DL_ZONE>
			<DL_ZONE gedi_type="TextRegion" id="36" col="665" row="1832" width="125" height="65" contents="0,8" script="hand" language="english"> </DL_ZONE>
			<DL_ZONE gedi_type="TextRegion" id="37" col="667" row="1894" width="128" height="65" contents="0,5" script="hand" language="english"> </DL_ZONE>
			<DL_ZONE gedi_type="TextRegion" id="38" nextZoneID="97" col="78" row="2005" width="370" height="49" contents="LENS DETAILS:" script="typed" language="english"> </DL_ZONE>
			<DL_ZONE gedi_type="TextRegion" id="41" col="78" row="2229" width="760" height="47" contents="CONTACT LENS PRESCRIPTION" script="typed" language="english"> </DL_ZONE>
			<DL_ZONE gedi_type="TextRegion" id="42" nextZoneID="43" col="78" row="2342" width="172" height="50" contents="RIGHT:" script="typed" language="english"> </DL_ZONE>
			<DL_ZONE gedi_type="TextRegion" id="43" col="465" row="2316" width="255" height="92" contents="-3,5" script="hand" language="english"> </DL_ZONE>
			<DL_ZONE gedi_type="TextRegion" id="44" col="431" row="2426" width="269" height="100" contents="-3,3" script="hand" language="english"> </DL_ZONE>
			<DL_ZONE gedi_type="TextRegion" id="45" nextZoneID="44" col="78" row="2459" width="143" height="43" contents="LEFT:" script="typed" language="english"> </DL_ZONE>
			<DL_ZONE gedi_type="TextRegion" id="46" col="81" row="2562" width="186" height="55" contents="OTHER:" script="typed" language="english"> </DL_ZONE>
			<DL_ZONE gedi_type="TextRegion" id="47" nextZoneID="48" col="81" row="2673" width="471" height="61" contents="OTHER DETAILS:" script="typed" language="english"> </DL_ZONE>
			<DL_ZONE gedi_type="TextRegion" id="48" col="380" row="2770" width="327" height="110" contents="None ." script="hand" language="english"> </DL_ZONE>
			<DL_ZONE gedi_type="TextRegion" id="49" col="845" row="3085" width="347" height="219" contents="A R" script="hand" language="english"> </DL_ZONE>
			<DL_ZONE gedi_type="TextRegion" id="50" col="81" row="3237" width="702" height="47" contents="OPTOMETRIST'S SIGNATURE:" script="typed" language="english"> </DL_ZONE>
			<DL_ZONE gedi_type="TextRegion" id="51" col="1219" row="3342" width="1136" height="43" contents="OPTOMETRIST &amp; CONTACT LENS PRACTITIONER" script="typed" language="english"> </DL_ZONE>
			<DL_ZONE gedi_type="GraphicRegion" id="52" col="1068" row="2988" width="427" height="145" function="stamp" orientationD="-54.495"> </DL_ZONE>
			<DL_ZONE gedi_type="GraphicRegion" id="53" col="806" row="3078" width="478" height="338" function="signature"> </DL_ZONE>
			<DL_ZONE gedi_type="GraphicRegion" id="54" col="244" row="568" width="712" height="26" function="underlined-field"> </DL_ZONE>
			<DL_ZONE gedi_type="GraphicRegion" id="55" col="221" row="684" width="1893" height="30" function="underlined-field"> </DL_ZONE>
			<DL_ZONE gedi_type="GraphicRegion" id="56" col="226" row="786" width="726" height="36" function="underlined-field"> </DL_ZONE>
			<DL_ZONE gedi_type="GraphicRegion" id="57" col="266" row="896" width="695" height="32" function="underlined-field"> </DL_ZONE>
			<DL_ZONE gedi_type="GraphicRegion" id="58" col="280" row="1127" width="1126" height="31" function="underlined-field"> </DL_ZONE>
			<DL_ZONE gedi_type="GraphicRegion" id="59" col="303" row="1240" width="1080" height="28" function="underlined-field"> </DL_ZONE>
			<DL_ZONE gedi_type="GraphicRegion" id="60" col="735" row="1354" width="549" height="24" function="underlined-field"> </DL_ZONE>
			<DL_ZONE gedi_type="GraphicRegion" id="61" col="281" row="1580" width="1117" height="28" function="underlined-field"> </DL_ZONE>
			<DL_ZONE gedi_type="GraphicRegion" id="62" col="1724" row="1646" width="310" height="30" function="underlined-field"> </DL_ZONE>
			<DL_ZONE gedi_type="GraphicRegion" id="63" col="248" row="1701" width="1140" height="25" function="underlined-field"> </DL_ZONE>
			<DL_ZONE gedi_type="GraphicRegion" id="64" col="460" row="2034" width="1581" height="30" function="underlined-field"> </DL_ZONE>
			<DL_ZONE gedi_type="GraphicRegion" id="65" col="86" row="2148" width="1949" height="30" function="underlined-field"> </DL_ZONE>
			<DL_ZONE gedi_type="GraphicRegion" id="66" col="272" row="2367" width="1769" height="31" function="underlined-field"> </DL_ZONE>
			<DL_ZONE gedi_type="GraphicRegion" id="67" col="241" row="2483" width="1803" height="30" function="underlined-field"> </DL_ZONE>
			<DL_ZONE gedi_type="GraphicRegion" id="68" col="289" row="2593" width="1751" height="31" function="underlined-field"> </DL_ZONE>
			<DL_ZONE gedi_type="LineDrawingRegion" id="69" col="508" row="2603" width="195" height="20" orientationD="12.688"> </DL_ZONE>
			<DL_ZONE gedi_type="GraphicRegion" id="70" col="1122" row="119" width="242" height="129" function="logo"> </DL_ZONE>
			<DL_ZONE gedi_type="NoiseRegion" id="72" col="2374" row="3343" width="29" height="34"> </DL_ZONE>
			<DL_ZONE gedi_type="TextRegion" id="73" nextZoneID="74" col="1499" row="1552" width="46" height="65" contents="8" script="hand" language="english"> </DL_ZONE>
			<DL_ZONE gedi_type="TextRegion" id="74" col="1547" row="1559" width="19" height="58" contents=")" script="typed" language="english"> </DL_ZONE>
			<DL_ZONE gedi_type="TextRegion" id="76" col="1530" row="1675" width="30" height="58" contents=")" script="typed" language="english"> </DL_ZONE>
			<DL_ZONE gedi_type="TextRegion" id="78" col="1197" row="3410" width="410" height="134" orientationD="-234.52" contents="Hervé RICO&#10;¤1 Rue ***** **** *** 13006 Marseille&#10;****** *****.fr¤" script="typed" function_1="coordinates" language="french"> </DL_ZONE>
			<DL_ZONE gedi_type="NoiseRegion" id="80" col="1930" row="74" width="354" height="92"> </DL_ZONE>
			<DL_ZONE gedi_type="GraphicRegion" id="85" col="786" row="3260" width="648" height="34" function="underlined-field"> </DL_ZONE>
			<DL_ZONE gedi_type="LineDrawingRegion" id="91" col="676" row="1064" width="213" height="86"> </DL_ZONE>
			<DL_ZONE gedi_type="TextRegion" id="93" polygon="(244,504);(258,610);(281,654);(311,594);(537,592);(539,508);(291,484)" contents="02/01/12" script="hand" function_1="date" language="english"> </DL_ZONE>
			<DL_ZONE gedi_type="TextRegion" id="94" polygon="(427,1071);(702,1051);(1072,1030);(1352,1030);(1621,1047);(1572,1155);(910,1153);(842,1212);(801,1134);(414,1148)" contents="Mr ¤*****¤ Andre ROMAIN" script="hand" language="english"> </DL_ZONE>
			<DL_ZONE gedi_type="TextRegion" id="95" polygon="(464,1180);(806,1184);(844,1230);(900,1192);(994,1208);(992,1274);(946,1286);(742,1296);(474,1260)" contents="17 / 08 / 67" script="hand" language="english"> </DL_ZONE>
			<DL_ZONE gedi_type="TextRegion" id="96" nextZoneID="76" polygon="(1486,1732);(1482,1654);(1546,1656);(1544,1672);(1520,1686);(1516,1734)" contents="8" script="hand" language="english"> </DL_ZONE>
			<DL_ZONE gedi_type="TextRegion" id="97" polygon="(670,1970);(820,1946);(961,1918);(2003,1948);(1866,2087);(850,2098);(816,2188);(260,2210);(312,2089);(472,2070);(648,2044)" contents="Anti Reflective with UV&#10;protection ." script="hand" language="english"> </DL_ZONE>
		</DL_PAGE>
	</DL_DOCUMENT>
</GEDI>