<?xml version="1.0" encoding="UTF-8"?>
<!--GEDI was developed at Language and Media Processing Laboratory, University of Maryland.-->

<GEDI xmlns="http://lamp.cfar.umd.edu/media/projects/GEDI/" GEDI_version="2.3.19" GEDI_date="12/23/2011">
	<USER name="Amina" date="10/16/2012 13:48" dateFormat="mm/dd/yyyy hh:mm">	</USER>
	<USER name="Khizrane" date="3/6/2012 16:37" dateFormat="mm/dd/yyyy hh:mm">	</USER>
	<USER name="Laure" date="5/24/2012 15:09" dateFormat="mm/dd/yyyy hh:mm">	</USER>
	<USER name="MDR-P8" date="10/31/2012 15:32" dateFormat="mm/dd/yyyy hh:mm">	</USER>
	<USER name="MDR-R0" date="2/4/2013 14:11" dateFormat="mm/dd/yyyy hh:mm">	</USER>
	<USER name="MDR-R1" date="2/4/2013 18:39" dateFormat="mm/dd/yyyy hh:mm">	</USER>
	<USER name="Mdr-P5" date="5/28/2013 17:10" dateFormat="mm/dd/yyyy hh:mm">	</USER>
	<USER name="mohamed salah" date="5/18/2012 16:24" dateFormat="mm/dd/yyyy hh:mm">	</USER>
	<USER name="soumaya" date="3/8/2012 17:08" dateFormat="mm/dd/yyyy hh:mm">	</USER>
	<DL_DOCUMENT src="DFGXZO.tif" docTag="xml" NrOfPages="1">
		<DL_PAGE gedi_type="DL_PAGE" src="DFGXZO.tif" pageID="1" width="1696" height="2338" NumPage="1" Language_2="" Language_4="" Receiver_Name="" Language_3="" Receiver_Address="" Sender_Company="" Sender_Phone="" Receiver_Fax="" Receiver_Phone="" Sender_Address="" Sender_Fax="" Category="C4" Document_Date="28/12/2011" Language_1="arabic" Receiver_Company="مدرسة النجاح" Sender_Name="بربارا لوبيز" Document_Object="طلب رخصة رضاعة" Script_1="typed" Script_2="hand" Document_Location="ريقار">
			<DL_ZONE gedi_type="TextRegion" id="1" col="472" row="146" width="714" height="61" contents="الأربعاء 28/12/2011 الموافق ل 03 صفر 1433" script="typed" function_1="date" language="arabic"> </DL_ZONE>
			<DL_ZONE gedi_type="TextRegion" id="2" col="1135" row="249" width="370" height="283" contents="من السيدة بربارا لوبيز&#10;أستادة الصف الرابع&#10;مدرسة النجاح&#10;مدينة ريقار" script="typed" function_1="coordinates" language="arabic"> </DL_ZONE>
			<DL_ZONE gedi_type="TextRegion" id="3" col="389" row="641" width="867" height="116" contents="الى السيد المدير العام بوزارة التربية الوطنية و التعليم الأساسي&#10;على يد السيدة مديرة مدرسة النجاح بمدينة ريقار" script="typed" language="arabic"> </DL_ZONE>
			<DL_ZONE gedi_type="TextRegion" id="4" col="979" row="943" width="515" height="69" contents="الموضوع طلب رخصة رضاعة" script="typed" function_1="object" language="arabic"> </DL_ZONE>
			<DL_ZONE gedi_type="TextRegion" id="7" nextZoneID="27" col="646" row="1228" width="198" height="70" contents="وبعد،" script="hand" function_1="text_section" language="arabic"> </DL_ZONE>
			<DL_ZONE gedi_type="TextRegion" id="12" col="145" row="2037" width="346" height="58" contents="السيدة بربارا لوبيز" script="typed" language="arabic"> </DL_ZONE>
			<DL_ZONE gedi_type="TextRegion" id="13" col="321" row="2175" width="109" height="54" contents="بربارا" script="hand" language="arabic"> </DL_ZONE>
			<DL_ZONE gedi_type="GraphicRegion" id="14" col="274" row="2164" width="257" height="111" function="signature"> </DL_ZONE>
			<DL_ZONE gedi_type="TextRegion" id="15" nextZoneID="28" col="932" row="1456" width="221" height="60" contents="الأوّل مهدي" script="hand" function_2="text_section" language="arabic"> </DL_ZONE>
			<DL_ZONE gedi_type="LineDrawingRegion" id="16" polygon="(981,1530);(1011,1515);(993,1545);(979,1566);(976,1545);(979,1529)"> </DL_ZONE>
			<DL_ZONE gedi_type="LineDrawingRegion" id="17" col="695" row="1167" width="273" height="10"> </DL_ZONE>
			<DL_ZONE gedi_type="Group" id="18" col="135" row="2027" width="406" height="258" elements="12;13;14"> </DL_ZONE>
			<DL_ZONE gedi_type="NoiseRegion" id="21" col="1648" row="4" width="13" height="2326"> </DL_ZONE>
			<DL_ZONE gedi_type="TextRegion" id="22" col="689" row="1099" width="285" height="90" contents="سيدي الفاضل" script="typed" language="arabic"> </DL_ZONE>
			<DL_ZONE gedi_type="TextRegion" id="24" nextZoneID="7" col="861" row="1230" width="634" height="63" contents="السلام عليكم ورحمة الله وبركاته ،" script="typed" function_1="text_section" language="arabic"> </DL_ZONE>
			<DL_ZONE gedi_type="TextRegion" id="27" nextZoneID="15" col="151" row="1390" width="1346" height="61" contents="يشرفني أن أتوجه اليكم من خلال هذه الرسالة لأطلب منكم الموافقة على" script="typed" function_1="text_section" language="arabic"> </DL_ZONE>
			<DL_ZONE gedi_type="TextRegion" id="28" nextZoneID="33" col="975" row="1523" width="520" height="62" contents="الترخيص لي بإرضاع مولودي" script="typed" function_1="text_section" language="arabic"> </DL_ZONE>
			<DL_ZONE gedi_type="TextRegion" id="33" nextZoneID="35" col="173" row="1516" width="801" height="74" contents="البالغ من العمر ثلاثة أشهر وذلك خلال نصف" script="typed" function_1="text_section" language="arabic"> </DL_ZONE>
			<DL_ZONE gedi_type="TextRegion" id="35" col="338" row="1630" width="1171" height="356" contents="ساعة في الصباح و نصف ساعة بعد الظهر إلى حين بلوغه سنة&#10;.تقبلوا،سيدي، فائق احترامي و تقديري لكم.&#10;و السلام عليكم و رحمة الله وبركاته" script="typed" function_1="text_section" language="arabic"> </DL_ZONE>
		</DL_PAGE>
	</DL_DOCUMENT>
</GEDI>