<?xml version="1.0" encoding="UTF-8"?>
<!--GEDI was developed at Language and Media Processing Laboratory, University of Maryland.-->

<GEDI xmlns="http://lamp.cfar.umd.edu/media/projects/GEDI/" GEDI_version="2.3.19" GEDI_date="12/23/2011">
	<USER name="Adil" date="3/6/2012 16:36" dateFormat="mm/dd/yyyy hh:mm">	</USER>
	<USER name="Laure" date="4/4/2012 11:28" dateFormat="mm/dd/yyyy hh:mm">	</USER>
	<USER name="MDR-P8" date="10/31/2012 15:31" dateFormat="mm/dd/yyyy hh:mm">	</USER>
	<USER name="Mailys" date="3/8/2012 18:11" dateFormat="mm/dd/yyyy hh:mm">	</USER>
	<USER name="Manuela" date="2/1/2012 11:18" dateFormat="mm/dd/yyyy hh:mm">	</USER>
	<USER name="Mdr-P5" date="5/28/2013 10:56" dateFormat="mm/dd/yyyy hh:mm">	</USER>
	<USER name="Nadia" date="3/6/2012 12:42" dateFormat="mm/dd/yyyy hh:mm">	</USER>
	<DL_DOCUMENT src="DFXJKQ.tif" docTag="xml" NrOfPages="1">
		<DL_PAGE gedi_type="DL_PAGE" src="DFXJKQ.tif" pageID="1" width="1700" height="2338" NumPage="1" Language_2="" Language_4="" Language_3="" Receiver_Company="" Receiver_Fax="" Receiver_Phone="" Sender_Fax="" Category="C4" Document_Location="MARSEILLE" Language_1="french" Receiver_Address="" Script_1="hand" Script_2="typed" Sender_Phone="+33(0)6.57.36.14.25" Sender_Address="45 RUE DES FLEURS 13008 MARSEILLE" Sender_Company="CABINET MÉDICAL" Document_Object="ORDONNANCE" Document_Date="21/01/2012" Sender_Name="CHAUVIER" Receiver_Name="Rebecca ROBIN">
			<DL_ZONE gedi_type="TextRegion" id="1" col="238" row="196" width="388" height="150" contents="Cabinet médical du&#10;Dr CHAUVIER&#10;Médecine Générale" script="typed" language="french"> </DL_ZONE>
			<DL_ZONE gedi_type="TextRegion" id="2" col="1167" row="189" width="321" height="100" contents="45 rue des fleurs&#10;13008 Marseille" script="typed" function_1="coordinates" language="french"> </DL_ZONE>
			<DL_ZONE gedi_type="TextRegion" id="3" col="1139" row="350" width="279" height="44" contents="Tel : 06.57.36.14.25" script="typed" language="french"> </DL_ZONE>
			<DL_ZONE gedi_type="TextRegion" id="4" col="241" row="401" width="180" height="34" contents="Réf : 314587" script="typed" function_1="reference" language="french"> </DL_ZONE>
			<DL_ZONE gedi_type="TextRegion" id="6" col="900" row="418" width="304" height="63" contents="21.01.2012" script="hand" function_1="date" language="french"> </DL_ZONE>
			<DL_ZONE gedi_type="TextRegion" id="9" nextZoneID="10" col="246" row="521" width="82" height="31" contents="Nom :" script="typed" language="french"> </DL_ZONE>
			<DL_ZONE gedi_type="TextRegion" id="10" col="341" row="513" width="127" height="59" contents="Robi¤n¤" script="hand" language="french"> </DL_ZONE>
			<DL_ZONE gedi_type="TextRegion" id="11" nextZoneID="43" col="540" row="517" width="124" height="32" contents="Prénom :" script="typed" language="french"> </DL_ZONE>
			<DL_ZONE gedi_type="TextRegion" id="13" nextZoneID="14" col="931" row="518" width="81" height="31" contents="Age :" script="hand" language="french"> </DL_ZONE>
			<DL_ZONE gedi_type="TextRegion" id="14" col="1039" row="515" width="173" height="51" contents="25 ans" script="hand" language="french"> </DL_ZONE>
			<DL_ZONE gedi_type="TextRegion" id="26" col="306" row="755" width="1110" height="523" contents="Doliprane comprimé 1000 g.&#10;3 par ¤{jours/jour}¤ pendant 6 ¤{jour/jours}¤&#10;Toplexil sirop. 3 cuillères ¤{a/à}¤ soupe&#10;3 x par ¤{jours/jour}¤ pendant 6 jours&#10;Flumicil ¤pulv¤ 3 ¤pulv¤. 3 ¤pulv¤. 3 x par jour&#10;pendant 6 jours" script="hand" language="french"> </DL_ZONE>
			<DL_ZONE gedi_type="GraphicRegion" id="30" function="signature" polygon="(1476,1632);(1492,1693);(567,1896);(564,1812);(819,1711);(843,1617);(1030,1690);(1295,1637)"> </DL_ZONE>
			<DL_ZONE gedi_type="SeparatorRegion" id="32" col="242" row="370" width="395" height="14"> </DL_ZONE>
			<DL_ZONE gedi_type="SeparatorRegion" id="33" col="238" row="503" width="1256" height="14"> </DL_ZONE>
			<DL_ZONE gedi_type="LineDrawingRegion" id="34" col="248" row="780" width="41" height="39"> </DL_ZONE>
			<DL_ZONE gedi_type="LineDrawingRegion" id="35" col="243" row="976" width="46" height="39"> </DL_ZONE>
			<DL_ZONE gedi_type="LineDrawingRegion" id="36" col="256" row="1144" width="53" height="44"> </DL_ZONE>
			<DL_ZONE gedi_type="TextRegion" id="43" col="684" row="516" width="209" height="50" contents="Rebecca" script="hand" language="french"> </DL_ZONE>
			<DL_ZONE gedi_type="TextRegion" id="44" col="927" row="1731" width="342" height="64" orientationD="13.736" contents="Chauvier" script="hand" language="french"> </DL_ZONE>
			<DL_ZONE gedi_type="NoiseRegion" id="45" polygon="(0,1866);(2,2332);(41,2335);(46,2048);(46,1761);(45,1449);(43,971);(48,695);(48,417);(50,313);(49,211);(47,4);(1,1);(0,316)"> </DL_ZONE>
			<DL_ZONE gedi_type="NoiseRegion" id="46" polygon="(51,255);(300,15);(1694,15);(1686,1);(1679,4);(1051,0);(603,1);(235,4);(51,5)"> </DL_ZONE>
			<DL_ZONE gedi_type="TextRegion" id="48" col="736" row="414" width="160" height="62" contents="Marseille le" script="typed" function_1="location" language="french"> </DL_ZONE>
		</DL_PAGE>
	</DL_DOCUMENT>
</GEDI>