<?xml version="1.0" encoding="UTF-8"?>
<!--GEDI was developed at Language and Media Processing Laboratory, University of Maryland.-->

<GEDI xmlns="http://lamp.cfar.umd.edu/media/projects/GEDI/" GEDI_version="2.3.19" GEDI_date="12/23/2011">
	<USER name="Laure" date="5/30/2012 18:23" dateFormat="mm/dd/yyyy hh:mm">	</USER>
	<USER name="MDR-P8" date="10/31/2012 15:32" dateFormat="mm/dd/yyyy hh:mm">	</USER>
	<USER name="Mdr-P5" date="5/28/2013 10:34" dateFormat="mm/dd/yyyy hh:mm">	</USER>
	<DL_DOCUMENT src="DFZOLT.tif" docTag="xml" NrOfPages="1">
		<DL_PAGE gedi_type="DL_PAGE" src="DFZOLT.tif" pageID="1" width="1651" height="2335" Language_2="" Document_Date="" Language_4="" Receiver_Name="" Language_3="" Receiver_Company="" Receiver_Address="" Receiver_Fax="" Script_2="" Document_Location="" Receiver_Phone="" Category="C4" Document_Object="A NOTE TO THE SPORTS CLUB MEMBERSHIP" Language_1="english" NumPage="1" Script_1="typed" Sender_Company="OUR HEALTH MATTERS" Sender_Address="66 BARRETT ROAD, WALTHAMSTOW LONDON, E17 9" Sender_Phone="+44(0)84.58.55.09.40" Sender_Fax="+44(0)84.58.55.09.00" Sender_Name="Zach ASHLEY">
			<DL_ZONE gedi_type="TextRegion" id="1" col="826" row="116" width="429" height="240" contents="66 Barrett Road, Walthamstow&#10;London, E17 9&#10;Voice: 845-855-0940&#10;Fax: 845-855-0900&#10;zach@ourhealthmatters.com&#10;www.ourhealthmatters.com" script="typed" function_1="coordinates" language="english"> </DL_ZONE>
			<DL_ZONE gedi_type="TextRegion" id="2" nextZoneID="3" col="183" row="504" width="1296" height="771" contents="Dear Members,&#10;I commend you all for your dedication this year in maintaining your health and keeping your&#10;exercise goals and resolutions. I am sure you are all aware from the focus on health in the&#10;news and everywhere else how critical it is for you to maintain your health. Now more than&#10;ever, obesity is being recognized as a rising problem in our country, one adding tremendously&#10;to health care costs. As insurance companies and employers continue to pass on many of&#10;these costs directly to you, maintaining your health will become more and more critical not&#10;only to your sense of well-being and happiness, but also to your bottom line.&#10;I would like to highlight the improvements we have made to our health center this past year,&#10;in replacing our old equipment, expanding the selection of exercise programs and classes, and&#10;increasing the hours when our trainers are available. Naturally, all these improvements&#10;require additional investment, and I am writing to inform you that we are forced to increase&#10;our rates slightly. Next year’s annual subscription will increase by about 5% from last year’s&#10;rates. Further details are available in the enclosed schedule, and of course are also available&#10;on our website, www.ourhealthmatters.com.&#10;Thank you again to your dedication to your health. It is an investment that will pay rich&#10;dividends in years to come." script="typed" function_1="text_section" language="english"> </DL_ZONE>
			<DL_ZONE gedi_type="TextRegion" id="3" col="874" row="1304" width="282" height="160" contents="Sincerely,&#10;Zach Ashley&#10;Owner&#10;Our Health Matters" script="typed" language="english"> </DL_ZONE>
			<DL_ZONE gedi_type="TextRegion" id="4" col="538" row="2179" width="592" height="87" contents="Phone: 845-855-0940 Fax: 845-855-0900&#10;zach@ourhealthmatters.com" script="typed" function_1="footer" language="english"> </DL_ZONE>
			<DL_ZONE gedi_type="TextRegion" id="8" col="182" row="357" width="467" height="35" contents="Investing Together in Our Health" script="typed" language="english"> </DL_ZONE>
			<DL_ZONE gedi_type="GraphicRegion" id="9" col="194" row="138" width="203" height="202" function="logo"> </DL_ZONE>
			<DL_ZONE gedi_type="NoiseRegion" id="10" col="736" row="218" width="20" height="18"> </DL_ZONE>
			<DL_ZONE gedi_type="NoiseRegion" id="11" col="779" row="159" width="10" height="20"> </DL_ZONE>
		</DL_PAGE>
	</DL_DOCUMENT>
</GEDI>