<?xml version="1.0" encoding="UTF-8"?>
<!--GEDI was developed at Language and Media Processing Laboratory, University of Maryland.-->

<GEDI xmlns="http://lamp.cfar.umd.edu/media/projects/GEDI/" GEDI_version="2.3" GEDI_date="01/21/2010">
	<USER name="Adil" date="3/23/2012 14:27" dateFormat="mm/dd/yyyy hh:mm">	</USER>
	<USER name="MDR-R1" date="10/23/2012 8:51" dateFormat="mm/dd/yyyy hh:mm">	</USER>
	<USER name="MDR-R2" date="11/5/2012 15:25" dateFormat="mm/dd/yyyy hh:mm">	</USER>
	<USER name="MDR-R3" date="2/5/2013 17:24" dateFormat="mm/dd/yyyy hh:mm">	</USER>
	<USER name="mohamed salah" date="5/11/2012 21:58" dateFormat="mm/dd/yyyy hh:mm">	</USER>
	<DL_DOCUMENT src="DGZJKQ.tif" docTag="xml" NrOfPages="1">
		<DL_PAGE gedi_type="DL_PAGE" src="DGZJKQ.tif" pageID="1" width="1623" height="2166" Language_2="" Language_4="" Receiver_Name="" Language_3="" Sender_Phone="" Receiver_Fax="" Receiver_Phone="" Sender_Fax="" Category="C4" Document_Date="30/05/2007" Document_Location="طنجة" Document_Object="طلب رخصة رضاعة" Language_1="arabic" NumPage="1" Receiver_Address="" Receiver_Company="نيابة إقليم طنجة تطوان" Script_1="typed" Script_2="hand" Sender_Address="" Sender_Company="مدرسة يوسف بن تاشفين" Sender_Name="بشرى الحجار">
			<DL_ZONE gedi_type="TextRegion" id="1" col="130" row="144" width="284" height="53" contents="طنجة:30/05/2007" script="typed" function_2="date" function_1="location" language="arabic"> </DL_ZONE>
			<DL_ZONE gedi_type="TextRegion" id="2" col="985" row="174" width="467" height="233" contents="من : الحجار بشرى&#10;ر.ت.: 17/2568&#10;الإطار : أستاذ التعليم الابتدائي&#10;الدرجة :3 الرتبة : 10&#10;مقر العمل: مدرسة يوسف بن تاشفين" script="typed" function_2="reference" function_1="coordinates" language="arabic"> </DL_ZONE>
			<DL_ZONE gedi_type="TextRegion" id="3" col="319" row="533" width="360" height="198" contents="-إلى السيد النائب الإقليمي&#10;لوزارة التربية الوطنية.&#10;نيابة إقليم..طنجة تطوان&#10;-مصلحة الموارد البشرية." script="typed" language="arabic"> </DL_ZONE>
			<DL_ZONE gedi_type="TextRegion" id="4" col="1000" row="876" width="469" height="64" contents="الموضوع: طلب رخصة رضاعة" script="typed" function_1="object" language="arabic"> </DL_ZONE>
			<DL_ZONE gedi_type="TextRegion" id="6" col="680" row="1376" width="801" height="101" contents="تاريخ ازدياد المولود 2007/02/05" script="hand" function_1="annotation" language="arabic"> </DL_ZONE>
			<DL_ZONE gedi_type="TextRegion" id="8" col="747" row="1727" width="143" height="70" contents="التوقيع :" script="typed" language="arabic"> </DL_ZONE>
			<DL_ZONE gedi_type="TextRegion" id="9" col="388" row="1762" width="320" height="113" contents="الحجار بشرى" script="hand" language="arabic"> </DL_ZONE>
			<DL_ZONE gedi_type="TextRegion" id="10" col="527" row="1928" width="93" height="114" contents="بش" script="hand" language="arabic"> </DL_ZONE>
			<DL_ZONE gedi_type="GraphicRegion" id="11" function="signature" polygon="(472,1885);(348,1932);(255,2019);(237,2098);(347,2113);(556,2069);(637,2007);(619,1964);(616,1904)"> </DL_ZONE>
			<DL_ZONE gedi_type="NoiseRegion" id="12" col="624" row="1952" width="19" height="26"> </DL_ZONE>
			<DL_ZONE gedi_type="Group" id="20" col="227" row="1752" width="491" height="371" elements="9;10;11;12"> </DL_ZONE>
			<DL_ZONE gedi_type="TextRegion" id="21" polygon="(725,1024);(1014,1024);(1457,1116);(1470,1347);(657,1357);(661,1560);(873,1557);(873,1618);(609,1614);(191,1249);(218,1160);(656,1026)" contents="سلام تام بوجود مولانا الإمام.&#10;وبعد،&#10;يشرفني أن أتقدم إليكم سيدي بهذا الطلب من أجل السماح لي بإرضاع ¤{مولدتي/مولودتي}¤، كما هو منصوص عليه&#10;قانونا ساعة في اليوم وذلك بتقسيمها نصف ساعة في الصباح ونصف ساعة بعد الظهر وذلك إلى أن تبلغ&#10;سنة كاملة.&#10;وفي انتظار ردكم الكريم لكم مني جزيل الشكر والسلام&#10;والسلام." script="typed" function_1="text_section" language="arabic"> </DL_ZONE>
		</DL_PAGE>
	</DL_DOCUMENT>
</GEDI>