<?xml version="1.0" encoding="UTF-8"?>
<!--GEDI was developed at Language and Media Processing Laboratory, University of Maryland.-->

<GEDI xmlns="http://lamp.cfar.umd.edu/media/projects/GEDI/" GEDI_version="2.3.19" GEDI_date="12/23/2011">
	<USER name="Khizrane" date="7/23/2012 8:26" dateFormat="mm/dd/yyyy hh:mm">	</USER>
	<USER name="MDR-P1" date="3/22/2013 12:42" dateFormat="mm/dd/yyyy hh:mm">	</USER>
	<USER name="MDR-P4" date="8/10/2012 16:04" dateFormat="mm/dd/yyyy hh:mm">	</USER>
	<USER name="MDR-R1" date="2/6/2013 19:30" dateFormat="mm/dd/yyyy hh:mm">	</USER>
	<USER name="MDR-R2" date="11/5/2012 15:25" dateFormat="mm/dd/yyyy hh:mm">	</USER>
	<USER name="Soukaina" date="7/24/2012 13:15" dateFormat="mm/dd/yyyy hh:mm">	</USER>
	<DL_DOCUMENT src="DHGAKY.tif" docTag="xml" NrOfPages="1">
		<DL_PAGE gedi_type="DL_PAGE" src="DHGAKY.tif" pageID="1" width="1700" height="2338" Language_4="" Language_3="" Receiver_Company="" Sender_Company="" Sender_Phone="" Receiver_Fax="" Script_2="" Document_Location="" Receiver_Phone="" Sender_Fax="" Category="C4" Language_1="arabic" Script_1="typed" Receiver_Name="حنان الإدريسي" Sender_Name=" اسماعيل الفقير" Document_Date="18/06/2012" Language_2="english" NumPage="1" Receiver_Address="" Sender_Address="" Document_Object="رسالة إلى صديقة">
			<DL_ZONE gedi_type="TextRegion" id="1" col="181" row="98" width="1260" height="38" contents="Be Mail http://fr.lzer40.immail.com/noer/launch???rand=78yue" script="typed" function_1="header" language="english"> </DL_ZONE>
			<DL_ZONE gedi_type="GraphicRegion" id="4" function="logo" polygon="(219,208);(342,242);(290,355);(245,353);(197,251)"> </DL_ZONE>
			<DL_ZONE gedi_type="TextRegion" id="5" col="182" row="439" width="294" height="39" contents="&lt; حنان الإدريسي &gt;  مرحبا" script="typed" language="arabic"> </DL_ZONE>
			<DL_ZONE gedi_type="TextRegion" id="8" col="1323" row="433" width="82" height="33" contents="مساعدة" script="typed" language="arabic"> </DL_ZONE>
			<DL_ZONE gedi_type="TextRegion" id="9" col="1165" row="432" width="87" height="36" contents="تعليمات" script="typed" language="arabic"> </DL_ZONE>
			<DL_ZONE gedi_type="TextRegion" id="10" col="1026" row="440" width="72" height="34" contents="خروج" script="typed" language="arabic"> </DL_ZONE>
			<DL_ZONE gedi_type="GraphicRegion" id="11" col="161" row="545" width="1307" height="73" function="other" orientationD="0.044"> </DL_ZONE>
			<DL_ZONE gedi_type="SeparatorRegion" id="12" col="10" row="479" width="1587" height="26" orientationD="0.217"> </DL_ZONE>
			<DL_ZONE gedi_type="TextRegion" id="13" col="332" row="566" width="258" height="37" contents="hananeidrissi@live.fr" script="typed" language="arabic"> </DL_ZONE>
			<DL_ZONE gedi_type="TextRegion" id="14" col="1015" row="562" width="167" height="36" contents="جهات الاتصال" script="typed" language="arabic"> </DL_ZONE>
			<DL_ZONE gedi_type="TextRegion" id="15" col="183" row="667" width="58" height="30" contents="مسح" script="typed" language="arabic"> </DL_ZONE>
			<DL_ZONE gedi_type="TextRegion" id="16" col="428" row="660" width="32" height="32" contents="رد" script="typed" language="arabic"> </DL_ZONE>
			<DL_ZONE gedi_type="TextRegion" id="17" col="716" row="655" width="131" height="35" contents="إعادة توجيه" script="typed" language="arabic"> </DL_ZONE>
			<DL_ZONE gedi_type="TextRegion" id="19" col="1014" row="649" width="267" height="41" contents="رسائل غير مرغوب فيها" script="typed" language="arabic"> </DL_ZONE>
			<DL_ZONE gedi_type="TextRegion" id="20" col="690" row="767" width="264" height="82" contents="&lt;آخر خبر&gt;" script="typed" function_2="object" function_1="title" language="arabic"> </DL_ZONE>
			<DL_ZONE gedi_type="SeparatorRegion" id="21" col="12" row="864" width="1587" height="28" orientationD="0.253"> </DL_ZONE>
			<DL_ZONE gedi_type="GraphicRegion" id="22" col="168" row="929" width="1303" height="53" function="other" orientationD="0.528"> </DL_ZONE>
			<DL_ZONE gedi_type="GraphicRegion" id="24" col="169" row="1009" width="1293" height="51" function="other" orientationD="0.354"> </DL_ZONE>
			<DL_ZONE gedi_type="GraphicRegion" id="25" col="167" row="1121" width="1336" height="909" function="other" orientationD="0.129"> </DL_ZONE>
			<DL_ZONE gedi_type="TextRegion" id="28" col="192" row="2190" width="1270" height="46" contents="&lt;18/06/2012 08 :25&gt; &lt;08 :25&gt;" script="typed" function_2="date" function_1="footer" language="arabic"> </DL_ZONE>
			<DL_ZONE gedi_type="NoiseRegion" id="30" col="855" row="2327" width="822" height="11"> </DL_ZONE>
			<DL_ZONE gedi_type="TextRegion" id="32" col="1408" row="929" width="34" height="32" contents="من" script="typed" language="arabic"> </DL_ZONE>
			<DL_ZONE gedi_type="TextRegion" id="33" col="1402" row="1007" width="44" height="34" contents="غلى" script="typed" language="arabic"> </DL_ZONE>
			<DL_ZONE gedi_type="TextRegion" id="34" col="1151" row="927" width="190" height="36" contents="&lt; اسماعيل الفقير&gt;" script="typed" language="arabic"> </DL_ZONE>
			<DL_ZONE gedi_type="TextRegion" id="35" col="248" row="937" width="270" height="35" contents="&lt; 18/06/2012 08 :25&gt;" script="typed" function_1="date" language="arabic"> </DL_ZONE>
			<DL_ZONE gedi_type="TextRegion" id="36" col="648" row="931" width="366" height="39" contents="&lt;alfakir.Ismail@hotmail.com&gt;" script="typed" language="arabic"> </DL_ZONE>
			<DL_ZONE gedi_type="TextRegion" id="37" col="1112" row="1012" width="201" height="35" contents="&lt;حنان الإدريسي&gt;" script="typed" language="arabic"> </DL_ZONE>
			<DL_ZONE gedi_type="TextRegion" id="41" polygon="(887,1164);(1488,1161);(1491,1833);(1221,1833);(1211,1793);(617,1794);(615,1715);(276,1708);(276,1620);(222,1612);(242,1274);(190,1259);(192,1215);(873,1215)" contents="صديقتي الفاضلة الدكتورة حنان الإدريسي،&#10;فحسب ما اتفقنا عليه ليلة أمس، لقد حضرت حفل توزيع الشواهد للدفعة الأولى لحاملي الشهادة&#10;الجامعية  تخصص السريري الذي أقيم بمدينة الرباط .&#10;لقد عرف هذا الحفل حضور ممثلين عن شركاء برنامج تكوين أطباء الأنكولوجيا وجمعية&#10;الأمل لمحاربة داء السرطان وجامعة ابن سينا الدار البيضاء وكلية الطب والصيدلة&#10;بالسطات،وقد عرف هذا الحفل حضور ممثلين من وزارة الصحة ، ورئيس هيئة الأطباء،&#10;إضافة إلى العديد من الشخصيات المنتمية إلى الوسط العلمي و الجامعي.&#10;وقد تمثل هدف البرنامج في تكوين الأطباء والصيادلة في الممارسات السريرية الجيدة وتحسين التكفل&#10;بالأمراض الخطيرة. هذا وقد امتد هذا التكوين على 104 ساعات، أي 6 دورات تكوينية على مدى يومين&#10;(وثلاث دورات للمراجعة)، كما جمع سلك التكوين بين الدروس النظرية والتطبيقية..&#10;وقد تكفل بشرح الأوجه العلمية والمنهجية والتنظيمية والأخلاقية المتعلقة بالبحث السريري العديد من&#10;المتدخلين المغاربة والأجانب المتخصصين في هذا المجال.&#10;أتمنى صديقتي أن يروقك هذا الخبر وبالتالي نشره في جريدتك الموقرة.&#10;مع احترامي ومودتي." script="typed" function_1="text_section" language="arabic"> </DL_ZONE>
			<DL_ZONE gedi_type="NoiseRegion" id="42" col="907" row="732" width="20" height="11"> </DL_ZONE>
			<DL_ZONE gedi_type="NoiseRegion" id="44" col="1" row="1106" width="10" height="1220"> </DL_ZONE>
			<DL_ZONE gedi_type="NoiseRegion" id="46" polygon="(1530,2226);(1626,2215);(1621,2247);(1570,2247);(1605,2303);(1578,2313)"> </DL_ZONE>
			<DL_ZONE gedi_type="GraphicRegion" id="48" col="174" row="563" width="561" height="46" function="other"> </DL_ZONE>
			<DL_ZONE gedi_type="GraphicRegion" id="49" col="740" row="560" width="713" height="43" function="other"> </DL_ZONE>
		</DL_PAGE>
	</DL_DOCUMENT>
</GEDI>