<?xml version="1.0" encoding="UTF-8"?>
<!--GEDI was developed at Language and Media Processing Laboratory, University of Maryland.-->

<GEDI xmlns="http://lamp.cfar.umd.edu/media/projects/GEDI/" GEDI_version="2.3.19" GEDI_date="12/23/2011">
	<USER name="Khizrane" date="7/21/2012 12:39" dateFormat="mm/dd/yyyy hh:mm">	</USER>
	<USER name="MDR-P1" date="3/22/2013 12:52" dateFormat="mm/dd/yyyy hh:mm">	</USER>
	<USER name="MDR-P4" date="8/10/2012 16:17" dateFormat="mm/dd/yyyy hh:mm">	</USER>
	<USER name="MDR-P6" date="5/28/2013 17:11" dateFormat="mm/dd/yyyy hh:mm">	</USER>
	<USER name="MDR-R1" date="2/6/2013 19:42" dateFormat="mm/dd/yyyy hh:mm">	</USER>
	<USER name="MDR-R2" date="11/5/2012 15:25" dateFormat="mm/dd/yyyy hh:mm">	</USER>
	<USER name="MDR-R7" date="10/23/2012 15:57" dateFormat="mm/dd/yyyy hh:mm">	</USER>
	<USER name="Soukaina" date="7/24/2012 13:17" dateFormat="mm/dd/yyyy hh:mm">	</USER>
	<DL_DOCUMENT src="DHSAKY.tif" docTag="xml" NrOfPages="1">
		<DL_PAGE gedi_type="DL_PAGE" src="DHSAKY.tif" pageID="1" width="1700" height="2338" Language_4="" Language_3="" Receiver_Company="" Sender_Company="" Sender_Phone="" Receiver_Fax="" Script_2="" Document_Location="" Receiver_Phone="" Sender_Fax="" Category="C4" Language_1="arabic" Script_1="typed" NumPage="1" Document_Date="10/07/2012" Language_2="english" Receiver_Address="" Sender_Address="" Sender_Name="هبة ملص" Document_Object="رسالة تهنئة" Receiver_Name="كيوان نوال">
			<DL_ZONE gedi_type="TextRegion" id="2" col="197" row="100" width="1259" height="37" contents="Be Mail http://fr.lzer40.immail.com/noer/launch???rand=78yue" script="typed" function_1="header" language="english"> </DL_ZONE>
			<DL_ZONE gedi_type="TextRegion" id="4" col="198" row="437" width="195" height="40" contents="مرحبا كيوان نوال" script="typed" language="arabic"> </DL_ZONE>
			<DL_ZONE gedi_type="TextRegion" id="5" col="403" row="563" width="137" height="42" contents="البريد الوارد" script="typed" language="arabic"> </DL_ZONE>
			<DL_ZONE gedi_type="TextRegion" id="6" col="1030" row="558" width="167" height="40" contents="جهات الاتصال" script="typed" language="arabic"> </DL_ZONE>
			<DL_ZONE gedi_type="TextRegion" id="7" col="196" row="660" width="59" height="37" contents="مسح" script="typed" language="arabic"> </DL_ZONE>
			<DL_ZONE gedi_type="TextRegion" id="8" col="440" row="661" width="35" height="32" contents="رد" script="typed" language="arabic"> </DL_ZONE>
			<DL_ZONE gedi_type="TextRegion" id="9" col="731" row="656" width="131" height="36" contents="إعادة توجيه" script="typed" language="arabic"> </DL_ZONE>
			<DL_ZONE gedi_type="TextRegion" id="10" col="1027" row="649" width="271" height="42" contents="رسائل غير مرغوب فيها" script="typed" language="arabic"> </DL_ZONE>
			<DL_ZONE gedi_type="TextRegion" id="11" col="633" row="775" width="403" height="73" contents="&lt;موضوع البريد&gt;" script="typed" function_2="object" function_1="title" language="arabic"> </DL_ZONE>
			<DL_ZONE gedi_type="GraphicRegion" id="12" function="logo" polygon="(234,205);(357,240);(303,356);(258,352);(210,250)"> </DL_ZONE>
			<DL_ZONE gedi_type="SeparatorRegion" id="13" col="23" row="480" width="1590" height="22" orientationD="0.252"> </DL_ZONE>
			<DL_ZONE gedi_type="TextRegion" id="15" col="941" row="436" width="81" height="39" contents="خروج" script="typed" language="arabic"> </DL_ZONE>
			<DL_ZONE gedi_type="TextRegion" id="16" col="1082" row="433" width="95" height="36" contents="تعليمات" script="typed" language="arabic"> </DL_ZONE>
			<DL_ZONE gedi_type="TextRegion" id="17" col="1242" row="437" width="85" height="29" contents="مساعدة" script="typed" language="arabic"> </DL_ZONE>
			<DL_ZONE gedi_type="TextRegion" id="18" col="354" row="930" width="206" height="41" contents="الثلاثاء 14:30" script="typed" language="arabic"> </DL_ZONE>
			<DL_ZONE gedi_type="TextRegion" id="19" col="744" row="930" width="258" height="37" contents="mals-hiba@gmail.com" script="typed" language="arabic"> </DL_ZONE>
			<DL_ZONE gedi_type="TextRegion" id="20" col="1148" row="924" width="114" height="41" contents="ملص هبة" script="typed" language="arabic"> </DL_ZONE>
			<DL_ZONE gedi_type="TextRegion" id="21" col="1420" row="929" width="37" height="33" contents="من" script="typed" language="arabic"> </DL_ZONE>
			<DL_ZONE gedi_type="TextRegion" id="22" col="1420" row="1006" width="41" height="36" contents="الى" script="typed" language="arabic"> </DL_ZONE>
			<DL_ZONE gedi_type="TextRegion" id="23" col="652" row="1010" width="308" height="35" contents="kacimi-salma@gmail.com" script="typed" language="arabic"> </DL_ZONE>
			<DL_ZONE gedi_type="TextRegion" id="26" col="204" row="2195" width="1269" height="37" contents="14:30 الثلاثاء 10/07/2012" script="typed" function_2="footer" function_1="date" language="arabic"> </DL_ZONE>
			<DL_ZONE gedi_type="GraphicRegion" id="30" col="174" row="547" width="1309" height="78" function="other" orientationD="0.306"> </DL_ZONE>
			<DL_ZONE gedi_type="GraphicRegion" id="31" col="182" row="923" width="1302" height="55" function="other" orientationD="0.175"> </DL_ZONE>
			<DL_ZONE gedi_type="GraphicRegion" id="32" col="182" row="1007" width="1297" height="48" function="other" orientationD="0.266"> </DL_ZONE>
			<DL_ZONE gedi_type="GraphicRegion" id="33" col="182" row="1120" width="1335" height="842" function="other" orientationD="0.3"> </DL_ZONE>
			<DL_ZONE gedi_type="TextRegion" id="35" col="608" row="1674" width="61" height="47" contents="هبة" script="typed" language="arabic"> </DL_ZONE>
			<DL_ZONE gedi_type="TextRegion" id="36" polygon="(894,1210);(1501,1204);(1501,1559);(1179,1553);(1170,1507);(248,1503);(264,1414);(300,1397);(312,1271);(884,1264)" contents="السلام عليكم ورحمة الله وبركاته وبعد،&#10;إنه لمن دواعي سروري أن أعلم بترقيتك في الشركة وحصولك على الوظيفة&#10;الجديدة.&#10;وبهذه المناسبة العظيمة أقدم إليك أخلص التهاني القلبية على هذا الشرف الكبير،&#10;وأسأل الله تعالى التوفيق وأن تكوني أهلا للمهمة الجديدة الموكلة إليك، وأتمنى لك&#10;النجاح والتقدم الدائم." script="typed" function_1="text_section" language="arabic"> </DL_ZONE>
			<DL_ZONE gedi_type="SeparatorRegion" id="37" col="23" row="863" width="1585" height="22"> </DL_ZONE>
			<DL_ZONE gedi_type="NoiseRegion" id="41" col="138" row="2323" width="1558" height="15"> </DL_ZONE>
			<DL_ZONE gedi_type="NoiseRegion" id="42" col="0" row="0" width="11" height="2334"> </DL_ZONE>
			<DL_ZONE gedi_type="GraphicRegion" id="43" col="188" row="562" width="562" height="43" function="other"> </DL_ZONE>
			<DL_ZONE gedi_type="GraphicRegion" id="44" col="755" row="558" width="715" height="45" function="other"> </DL_ZONE>
			<DL_ZONE gedi_type="SeparatorRegion" id="45" col="1378" row="435" width="10" height="40"> </DL_ZONE>
			<DL_ZONE gedi_type="SeparatorRegion" id="46" col="1227" row="435" width="6" height="41"> </DL_ZONE>
		</DL_PAGE>
	</DL_DOCUMENT>
</GEDI>