<?xml version="1.0" encoding="UTF-8"?>
<!--GEDI was developed at Language and Media Processing Laboratory, University of Maryland.-->

<GEDI xmlns="http://lamp.cfar.umd.edu/media/projects/GEDI/" GEDI_version="2.3.19" GEDI_date="12/23/2011">
	<USER name="Amina" date="4/22/2012 13:35" dateFormat="mm/dd/yyyy hh:mm">	</USER>
	<USER name="Khizrane" date="4/22/2012 17:12" dateFormat="mm/dd/yyyy hh:mm">	</USER>
	<USER name="Laure" date="4/26/2012 10:51" dateFormat="mm/dd/yyyy hh:mm">	</USER>
	<USER name="MDR-P2" date="10/23/2012 16:39" dateFormat="mm/dd/yyyy hh:mm">	</USER>
	<USER name="Mdr-P5" date="5/28/2013 12:49" dateFormat="mm/dd/yyyy hh:mm">	</USER>
	<DL_DOCUMENT src="DHYZTM.tif" docTag="xml" NrOfPages="1">
		<DL_PAGE gedi_type="DL_PAGE" src="DHYZTM.tif" pageID="1" width="1700" height="2338" Language_2="" Document_Date="" Language_4="" Language_3="" Receiver_Company="" Sender_Phone="" Receiver_Fax="" Document_Location="" Receiver_Phone="" Sender_Fax="" Category="C4" Language_1="french" NumPage="1" Sender_Company="CTR FRANCE" Sender_Address="13 RUE LA SAFT 524875998 RCS MOYRAZES" Receiver_Address="13 RUE MACHER 15455 MOYRAZES" Script_1="typed" Document_Object="MODIFICATION DU CONTRAT DE TRAVAIL" Script_2="" Receiver_Name="Patrick NICOL" Sender_Name="Remy ABDELKADER">
			<DL_ZONE gedi_type="TextRegion" id="1" col="194" row="184" width="1242" height="81" contents="LETTRE ANNONCANT UNE MODIFICATION DU CONTRAT DE TRAVAIL POUR MOTIF&#10;ECONOMIQUE" script="typed" function_2="object" function_1="title" language="french"> </DL_ZONE>
			<DL_ZONE gedi_type="SeparatorRegion" id="4" col="173" row="365" width="1268" height="34"> </DL_ZONE>
			<DL_ZONE gedi_type="TextRegion" id="5" col="180" row="407" width="423" height="109" contents="CTR France&#10;13 Rue la saft&#10;524875998 RCS MOYRAZES" script="typed" function_1="coordinates" language="french"> </DL_ZONE>
			<DL_ZONE gedi_type="TextRegion" id="9" col="1087" row="539" width="271" height="111" contents="Patrick Nicol&#10;13 Rue macher&#10;15455 MOYRAZES" script="typed" function_1="coordinates" language="french"> </DL_ZONE>
			<DL_ZONE gedi_type="TextRegion" id="11" polygon="(177,744);(329,748);(339,810);(1445,808);(1454,1317);(1356,1449);(1119,1568);(182,1566);(169,784)" contents="Monsieur,&#10;Notre société se trouve dans une situation où nous connaissons des difficultés économiques et&#10;nous nous trouvons dans l’obligation de vous proposer une modification de votre contrat de&#10;travail.&#10;En effet, notre décision se fonde sur les motifs économiques suivants : la concurrence, le&#10;manque des données…..&#10;Aussi, nous vous proposons la modification suivante de votre contrat de travail, cette&#10;modification porte sur la rémunération et la durée du travail.&#10;Conformément à l’article L. 321-1-2 du Code du travail, vous disposez d’un délai de un mois,&#10;à compter de la réception de cette lettre, pour nous faire connaître votre refus ou votre&#10;acceptation de la modification proposée. En l’absence de réponse dans le délai précédemment&#10;imparti, vous seriez considéré avoir accepté cette modification.&#10;Par ailleurs, au cas où vous décideriez de refuser cette proposition, nous pourrions être&#10;amenés à envisager votre licenciement.&#10;Veuillez agréer, Monsieur l’expression de nos salutations distinguées." script="typed" function_1="text_section" language="french"> </DL_ZONE>
			<DL_ZONE gedi_type="GraphicRegion" id="14" function="signature" polygon="(949,1995);(1070,1903);(1174,1890);(1193,1914);(1172,1958);(1100,1997);(1013,2022);(949,2031)"> </DL_ZONE>
			<DL_ZONE gedi_type="TextRegion" id="15" col="846" row="1760" width="477" height="100" contents="Remy Abdelkader&#10;Le représentant de « CTR France »" script="typed" language="french"> </DL_ZONE>
			<DL_ZONE gedi_type="Group" id="17" col="836" row="1750" width="497" height="291" elements="14;15"> </DL_ZONE>
		</DL_PAGE>
	</DL_DOCUMENT>
</GEDI>