<?xml version="1.0" encoding="UTF-8"?>
<!--GEDI was developed at Language and Media Processing Laboratory, University of Maryland.-->

<GEDI xmlns="http://lamp.cfar.umd.edu/media/projects/GEDI/" GEDI_version="2.3.19" GEDI_date="12/23/2011">
	<USER name="Khizrane" date="5/14/2012 17:31" dateFormat="mm/dd/yyyy hh:mm">	</USER>
	<USER name="Laure" date="5/22/2012 18:32" dateFormat="mm/dd/yyyy hh:mm">	</USER>
	<USER name="MDR-P2" date="10/23/2012 18:30" dateFormat="mm/dd/yyyy hh:mm">	</USER>
	<USER name="Mdr-P5" date="5/28/2013 12:49" dateFormat="mm/dd/yyyy hh:mm">	</USER>
	<DL_DOCUMENT src="DHZLTM.tif" docTag="xml" NrOfPages="1">
		<DL_PAGE gedi_type="DL_PAGE" src="DHZLTM.tif" pageID="1" width="1651" height="2335" Language_2="" Language_4="" Language_3="" Receiver_Company="" Sender_Company="" Receiver_Fax="" Receiver_Phone="" Category="C4" Document_Date="03/03/2011" Document_Location="PROVINS" Document_Object="CANDIDATURE PROFESSEUR DE PHYSIQUE" Language_1="french" NumPage="1" Script_1="typed" Sender_Name="Sandrine GARNIER" Receiver_Address="LYCÉE THIBAULT DE CHAMPAGNE 3 RUE COLLÈGE 77160 PROVINS" Sender_Address="25 AVENUE T. GAUTIER 77160 PROVINS" Script_2="hand" Sender_Fax="+33(0)1.09.67.88.02.03" Sender_Phone="+33(0)1.09.67.88.02.02" Receiver_Name="Catherine GUSON">
			<DL_ZONE gedi_type="GraphicRegion" id="1" function="logo" polygon="(214,168);(317,98);(436,138);(474,208);(432,215);(425,256);(451,273);(455,302);(431,322);(373,335);(311,337);(261,323);(221,303);(212,280);(230,255);(267,240);(266,215);(215,177)"> </DL_ZONE>
			<DL_ZONE gedi_type="TextRegion" id="2" polygon="(821,98);(1093,99);(1308,145);(1313,179);(1054,192);(1030,263);(819,263)" contents="Sandrine GARNIER&#10;25 AVENUE T. Gautier 77160 Provins&#10;010967880202&#10;010967880203" script="typed" function_1="coordinates" language="french"> </DL_ZONE>
			<DL_ZONE gedi_type="TextRegion" id="3" polygon="(188,390);(744,392);(744,441);(429,595);(188,591)" contents="A l'attention de Mme GUSON Catherine&#10;Proviseur&#10;Lycée Thibault de Champagne&#10;3 rue Collège&#10;77160 PROVINS" script="typed" function_1="coordinates" language="french"> </DL_ZONE>
			<DL_ZONE gedi_type="TextRegion" id="4" polygon="(175,774);(487,781);(504,855);(1318,864);(1434,934);(1390,1106);(448,1107);(447,1206);(178,1209)" contents="Madame le Proviseur,&#10;Par cette lettre, je me porte candidat au poste d'enseignant de Physique de votre&#10;établissement. En effet, après avoir enseigné pendant 5 années en tant de professeur de&#10;physique au Collège Jean Moulin à Tours, aux classes de la 6éme à la 3éme, j'aspire à enseigner&#10;désormais au lycée. J’espère pouvoir mettre au profit dès la rentrée prochaine de vos classes&#10;mes fortes qualités pédagogiques. Je vous propose de nous rencontrer très prochainement&#10;selon vos disponibilités afin que l'on discute de ma candidature au poste de professeur de&#10;Physique.&#10;Bien cordialement," script="typed" function_1="text_section" language="french"> </DL_ZONE>
			<DL_ZONE gedi_type="TextRegion" id="5" col="670" row="1243" width="283" height="37" contents="Sandrine GARNIER" script="typed" language="french"> </DL_ZONE>
			<DL_ZONE gedi_type="TextRegion" id="6" col="1119" row="631" width="317" height="41" contents="Provins le 3 Mars 2011," script="typed" function_2="date" function_1="location" language="french"> </DL_ZONE>
			<DL_ZONE gedi_type="TextRegion" id="7" polygon="(698,1338);(919,1395);(882,1453);(674,1517);(644,1477);(662,1395)" contents="¤garnier¤" script="hand" language="french"> </DL_ZONE>
			<DL_ZONE gedi_type="GraphicRegion" id="18" function="signature" polygon="(689,1338);(710,1336);(930,1393);(883,1460);(675,1520);(636,1479);(654,1402)"> </DL_ZONE>
			<DL_ZONE gedi_type="TextRegion" id="19" col="594" row="2121" width="427" height="122" contents="Sandrine GARNIER&#10;010967880202 / 010967880203&#10;Sandrine.garnier@hotmail.fr" script="typed" function_1="coordinates" language="french"> </DL_ZONE>
			<DL_ZONE gedi_type="Group" id="20" col="626" row="1233" width="337" height="297" elements="5;7;18"> </DL_ZONE>
		</DL_PAGE>
	</DL_DOCUMENT>
</GEDI>