<?xml version="1.0" encoding="UTF-8"?>
<!--GEDI was developed at Language and Media Processing Laboratory, University of Maryland.-->

<GEDI xmlns="http://lamp.cfar.umd.edu/media/projects/GEDI/" GEDI_version="2.3.19" GEDI_date="12/23/2011">
	<USER name="Amina" date="8/11/2012 14:06" dateFormat="mm/dd/yyyy hh:mm">	</USER>
	<USER name="Khizrane" date="8/13/2012 16:09" dateFormat="mm/dd/yyyy hh:mm">	</USER>
	<USER name="MDR-P4" date="8/16/2012 18:44" dateFormat="mm/dd/yyyy hh:mm">	</USER>
	<USER name="MDR-P6" date="10/25/2012 14:21" dateFormat="mm/dd/yyyy hh:mm">	</USER>
	<DL_DOCUMENT src="DJSYEA.tif" docTag="xml" NrOfPages="1">
		<DL_PAGE gedi_type="DL_PAGE" src="DJSYEA.tif" pageID="1" width="1651" height="2335" Language_2="" Receiver_Name="" Language_4="" Language_3="" Receiver_Address="" Sender_Company="" Receiver_Fax="" Receiver_Phone="" Sender_Fax="" Document_Object="DEMANDE DE CONSTRUCTION D’UN TERRAIN DE FOOTBALL ." Category="C4" NumPage="1" Language_1="french" Script_1="typed" Script_2="hand" Sender_Phone="+33(0)3.09.93.54.15" Sender_Address="21 RUE BELMACH 57480 APACH" Receiver_Company="MAIRIE DE APACH" Document_Location="Apach" Document_Date="24/07/2012" Sender_Name="Lucienne DENIS">
			<DL_ZONE gedi_type="TextRegion" id="1" col="186" row="198" width="263" height="251" contents="Mme Denis&#10;21 rue Belmach&#10;57480 Apach&#10;Tel : 03 09 93 54 15" script="typed" function_1="coordinates" language="french"> </DL_ZONE>
			<DL_ZONE gedi_type="TextRegion" id="2" col="1099" row="197" width="306" height="36" contents="A Apach, le 24 /07/2012" script="typed" function_2="date" function_1="location" language="french"> </DL_ZONE>
			<DL_ZONE gedi_type="TextRegion" id="3" col="188" row="692" width="1259" height="454" contents="Monsieur le Maire&#10;Je réside au 21 rue de Belmach 57480 Apach votre commune , je souhaite construire un terrain de&#10;football .&#10;Il y a un besoin certain de faire cet  aménagement, étant donné que nous ne possédant aucun terrain&#10;de football digne de ce nom dans  notre commune . Ce pourquoi nous ne pouvons accueillir les&#10;équipes adverses pour faire des tournois .&#10;J’espère que ce dossier aura retenu votre attention .&#10;Nous vous prions Monsieur de recevoir nos respectueuses salutations ." script="typed" function_1="text_section" language="french"> </DL_ZONE>
			<DL_ZONE gedi_type="TextRegion" id="4" col="192" row="1244" width="189" height="34" contents="Denis Lucienne" script="typed" language="french"> </DL_ZONE>
			<DL_ZONE gedi_type="TextRegion" id="5" polygon="(412,1290);(529,1346);(512,1401);(386,1394);(345,1383);(348,1357)" contents="Lucienne" script="hand" language="french"> </DL_ZONE>
			<DL_ZONE gedi_type="GraphicRegion" id="6" function="signature" polygon="(418,1284);(550,1334);(520,1411);(303,1423);(336,1356)"> </DL_ZONE>
			<DL_ZONE gedi_type="Group" id="8" col="182" row="1234" width="378" height="199" elements="4;5;6"> </DL_ZONE>
			<DL_ZONE gedi_type="TextRegion" id="10" col="191" row="619" width="719" height="41" contents="Objet : Demande de construction d’un terrain de football ." script="typed" function_1="object" language="french"> </DL_ZONE>
			<DL_ZONE gedi_type="NoiseRegion" id="17" col="1627" row="3" width="20" height="2328"> </DL_ZONE>
			<DL_ZONE gedi_type="TextRegion" id="18" col="1096" row="269" width="229" height="103" contents="Mairie de Apach&#10;Monsieur le maire" script="typed" language="french"> </DL_ZONE>
			<DL_ZONE gedi_type="NoiseRegion" id="23" col="4" row="0" width="1634" height="6"> </DL_ZONE>
		</DL_PAGE>
	</DL_DOCUMENT>
</GEDI>