<?xml version="1.0" encoding="UTF-8"?>
<!--GEDI was developed at Language and Media Processing Laboratory, University of Maryland.-->

<GEDI xmlns="http://lamp.cfar.umd.edu/media/projects/GEDI/" GEDI_version="2.3.19" GEDI_date="12/23/2011">
	<USER name="Laure" date="3/27/2012 20:11" dateFormat="mm/dd/yyyy hh:mm">	</USER>
	<USER name="MDR-P4" date="10/19/2012 12:01" dateFormat="mm/dd/yyyy hh:mm">	</USER>
	<USER name="MDR-P8" date="10/31/2012 13:31" dateFormat="mm/dd/yyyy hh:mm">	</USER>
	<USER name="Manuela" date="5/18/2012 14:21" dateFormat="mm/dd/yyyy hh:mm">	</USER>
	<USER name="Mdr-P5" date="5/28/2013 11:14" dateFormat="mm/dd/yyyy hh:mm">	</USER>
	<DL_DOCUMENT src="DMUWRL.tif" docTag="xml" NrOfPages="1">
		<DL_PAGE gedi_type="DL_PAGE" src="DMUWRL.tif" pageID="1" width="825" height="1167" Language_4="" Language_3="" Receiver_Company="" Receiver_Address="" Sender_Company="" Receiver_Fax="" Receiver_Phone="" Sender_Fax="" NumPage="1" Document_Location="DERBY" Document_Object="TRANSFER" Sender_Address="500, LONDON ROADDERBY DE24 8BQ DERBY" Sender_Phone="+44(0)13.32.26.84.40" Document_Date="26/03/2012" Language_2="" Category="C4" Language_1="english" Script_2="hand" Script_1="typed" Receiver_Name="ROBINSON" Sender_Name="Anthony BENNET">
			<DL_ZONE gedi_type="TextRegion" id="1" col="93" row="67" width="171" height="96" contents="Anthony BENNET&#10;500, London RoadDerby&#10;DE24 8BQ DERBY&#10;01332268440&#10;abennet@kmail.com" script="typed" function_1="coordinates" language="english"> </DL_ZONE>
			<DL_ZONE gedi_type="TextRegion" id="2" col="590" row="165" width="168" height="19" contents="Derby, March, 26th 2012" script="typed" function_2="date" function_1="location" language="english"> </DL_ZONE>
			<DL_ZONE gedi_type="TextRegion" id="3" col="94" row="201" width="140" height="20" contents="Object: TRANSFER" script="typed" function_1="object" language="english"> </DL_ZONE>
			<DL_ZONE gedi_type="TextRegion" id="4" col="93" row="223" width="114" height="17" contents="To: Senior Head" script="typed" language="english"> </DL_ZONE>
			<DL_ZONE gedi_type="TextRegion" id="5" col="91" row="260" width="663" height="290" contents="Mr Robinson,&#10;As you already know, I would like to be transferred to our Nottingham's branch, since my wife was&#10;offered a good opportunity there.&#10;We have been working for many years together and asking for this transfer is heartbreaking. But it&#10;has to be done.&#10;I will personally take care of all the details concerning the procurement of my current&#10;responsibilities to Mr. Robbins, since he is one of my closest colleague and match the requirements&#10;of the job.&#10;I hope that my transfer will be possible ASAP and that we will keep in touch, whatever happens.&#10;Kindest regards," script="typed" function_1="text_section" language="english"> </DL_ZONE>
			<DL_ZONE gedi_type="TextRegion" id="6" col="646" row="564" width="115" height="22" contents="Anthony Bennet" script="typed" language="english"> </DL_ZONE>
			<DL_ZONE gedi_type="GraphicRegion" id="9" col="538" row="601" width="192" height="108" function="signature"> </DL_ZONE>
			<DL_ZONE gedi_type="Group" id="10" col="528" row="554" width="243" height="165" elements="6;9"> </DL_ZONE>
			<DL_ZONE gedi_type="NoiseRegion" id="11" col="814" row="2" width="8" height="1164"> </DL_ZONE>
			<DL_ZONE gedi_type="TextRegion" id="14" col="553" row="604" width="50" height="83" contents="A" script="hand" language="english"> </DL_ZONE>
		</DL_PAGE>
	</DL_DOCUMENT>
</GEDI>