<?xml version="1.0" encoding="UTF-8"?>
<!--GEDI was developed at Language and Media Processing Laboratory, University of Maryland.-->

<GEDI xmlns="http://lamp.cfar.umd.edu/media/projects/GEDI/" GEDI_version="2.3" GEDI_date="01/21/2010">
	<USER name="Adil" date="4/20/2012 11:39" dateFormat="mm/dd/yyyy hh:mm">	</USER>
	<USER name="MDR-R2" date="11/5/2012 15:25" dateFormat="mm/dd/yyyy hh:mm">	</USER>
	<USER name="MDR-R4" date="10/22/2012 19:24" dateFormat="mm/dd/yyyy hh:mm">	</USER>
	<USER name="MDR-R6" date="2/4/2013 15:47" dateFormat="mm/dd/yyyy hh:mm">	</USER>
	<USER name="mohamed salah" date="5/11/2012 21:39" dateFormat="mm/dd/yyyy hh:mm">	</USER>
	<DL_DOCUMENT src="DNUTRL.tif" docTag="xml" NrOfPages="1">
		<DL_PAGE gedi_type="DL_PAGE" src="DNUTRL.tif" pageID="1" width="1700" height="2338" Language_2="" Language_4="" Language_3="" Receiver_Company="" Sender_Company="" Sender_Phone="" Receiver_Fax="" Script_2="" Document_Location="" Receiver_Phone="" Sender_Fax="" Category="C4" Document_Date="12/02/2012" Document_Object="عرض أسعار جوالات" Language_1="arabic" NumPage="1" Script_1="typed" Sender_Address="مجمع الحرية 80000 أغادير" Receiver_Address="" Receiver_Name="" Sender_Name=" خالد قويدر">
			<DL_ZONE gedi_type="TextRegion" id="1" col="1159" row="186" width="289" height="44" contents="التاريخ : 2012/02/12" script="typed" function_1="date" language="arabic"> </DL_ZONE>
			<DL_ZONE gedi_type="TextRegion" id="3" col="1015" row="304" width="433" height="83" contents="السيد / قويدر خليد&#10;عنوان : مجمع الحرية 80000 أغادير" script="typed" function_1="coordinates" language="arabic"> </DL_ZONE>
			<DL_ZONE gedi_type="TextRegion" id="7" col="1077" row="421" width="378" height="42" contents="الموضوع : عرض أسعار جوالات" script="typed" function_1="object" language="arabic"> </DL_ZONE>
			<DL_ZONE gedi_type="TextRegion" id="10" col="195" row="561" width="1267" height="457" contents="نفيدكم بوصول خطابكم رقم : 1240&#10;ونود أن نشكر لكم ثقتكم بشركتنا وإنه ليسعدنا تلبية كافة متطلباتكم ، ونفيدكم بخصوص طلبكم لأسعار الجوالات&#10;الخاص بشركتكم هو 9000 درهم ، وفي حالة الدفع نقدا يتم خصم 40 % من سعر القطعة الواحدة ، علما بأن هذا&#10;العرض سار المفعول لمدة أسبوع من تاريخه.&#10;هذا ويسعدنا أن نتلقى ردكم بالكمية المطلوبة ليتسنى لنا توريدها لكم علما بأن مدة النوريد خلال 10 أيام من تاريخ استلام&#10;الطلبية.&#10;آملين أن تجدوا في منتجاتنا ما يلبي كافة احتياجاتكم وتطلعاتكم.&#10;وتفضلوا بقبول فائق الاحترام والتقدير" script="typed" function_2="reference" function_1="text_section" language="arabic"> </DL_ZONE>
			<DL_ZONE gedi_type="TextRegion" id="12" col="1192" row="1146" width="266" height="42" contents="مدير المبيعات والترويج" script="typed" language="arabic"> </DL_ZONE>
			<DL_ZONE gedi_type="GraphicRegion" id="13" function="signature" polygon="(1139,1358);(1147,1315);(1147,1272);(1163,1266);(1192,1322);(1264,1284);(1259,1246);(1287,1223);(1370,1229);(1352,1254);(1227,1375);(1180,1384)"> </DL_ZONE>
			<DL_ZONE gedi_type="GraphicRegion" id="15" col="1310" row="213" width="60" height="13" function="underlined-field"> </DL_ZONE>
			<DL_ZONE gedi_type="GraphicRegion" id="16" col="1092" row="214" width="68" height="12" function="underlined-field"> </DL_ZONE>
			<DL_ZONE gedi_type="GraphicRegion" id="17" col="1340" row="326" width="36" height="17" function="underlined-field"> </DL_ZONE>
			<DL_ZONE gedi_type="GraphicRegion" id="18" col="1107" row="328" width="114" height="12" function="underlined-field"> </DL_ZONE>
			<DL_ZONE gedi_type="GraphicRegion" id="19" col="1320" row="363" width="43" height="17" function="underlined-field"> </DL_ZONE>
			<DL_ZONE gedi_type="GraphicRegion" id="20" col="866" row="364" width="150" height="17" function="underlined-field"> </DL_ZONE>
			<DL_ZONE gedi_type="GraphicRegion" id="21" col="1087" row="596" width="66" height="15" function="underlined-field"> </DL_ZONE>
			<DL_ZONE gedi_type="GraphicRegion" id="22" col="937" row="599" width="84" height="12" function="underlined-field"> </DL_ZONE>
			<DL_ZONE gedi_type="GraphicRegion" id="23" col="1045" row="747" width="183" height="17" function="underlined-field"> </DL_ZONE>
			<DL_ZONE gedi_type="GraphicRegion" id="24" col="639" row="752" width="75" height="12" function="underlined-field"> </DL_ZONE>
			<DL_ZONE gedi_type="SeparatorRegion" id="25" col="1201" row="1116" width="252" height="25"> </DL_ZONE>
		</DL_PAGE>
	</DL_DOCUMENT>
</GEDI>