<?xml version="1.0" encoding="UTF-8"?>
<!--GEDI was developed at Language and Media Processing Laboratory, University of Maryland.-->

<GEDI xmlns="http://lamp.cfar.umd.edu/media/projects/GEDI/" GEDI_version="2.3" GEDI_date="01/21/2010">
	<USER name="Khizrane" date="5/23/2012 12:50" dateFormat="mm/dd/yyyy hh:mm">	</USER>
	<USER name="MDR-R2" date="11/5/2012 15:25" dateFormat="mm/dd/yyyy hh:mm">	</USER>
	<USER name="MDR-R4" date="10/22/2012 19:28" dateFormat="mm/dd/yyyy hh:mm">	</USER>
	<USER name="MDR-R6" date="2/5/2013 16:18" dateFormat="mm/dd/yyyy hh:mm">	</USER>
	<USER name="mohamed salah" date="5/27/2012 13:56" dateFormat="mm/dd/yyyy hh:mm">	</USER>
	<DL_DOCUMENT src="DNUVRL.tif" docTag="xml" NrOfPages="1">
		<DL_PAGE gedi_type="DL_PAGE" src="DNUVRL.tif" pageID="1" width="1700" height="2338" Language_2="" Language_4="" Language_3="" Receiver_Address="" Receiver_Fax="" Sender_Address="" Sender_Fax="" Document_Location="الرباط" Sender_Phone="+212(0)5.22.94.89.31" Sender_Company="شركة نوكيا" Script_1="typed" Receiver_Phone="+212(0)5.22.17.47.74" Receiver_Company="شركة مبايلكوم" Receiver_Name=" أحمد العمراني" Language_1="arabic" Category="C4" Document_Object="عرض أسعار جوالات" NumPage="1" Script_2="" Document_Date="28/03/2012" Sender_Name=" سليمة دركشلي">
			<DL_ZONE gedi_type="TextRegion" id="1" col="1071" row="202" width="377" height="51" contents="الرباط في 28-03-2012" script="typed" function_2="date" function_1="location" language="arabic"> </DL_ZONE>
			<DL_ZONE gedi_type="TextRegion" id="3" col="970" row="354" width="477" height="168" contents="من السيدة دركشلي سليمة&#10;الممثل التجاري لشركة نوكيا&#10;05 22 94 89 31" script="typed" function_1="coordinates" language="arabic"> </DL_ZONE>
			<DL_ZONE gedi_type="GraphicRegion" id="7" function="signature" polygon="(811,1645);(851,1627);(916,1637);(965,1690);(863,1782);(797,1755);(737,1680);(766,1649)"> </DL_ZONE>
			<DL_ZONE gedi_type="TextRegion" id="8" col="723" row="1552" width="225" height="50" contents="دركشلي سليمة" script="typed" language="arabic"> </DL_ZONE>
			<DL_ZONE gedi_type="TextRegion" id="9" col="171" row="618" width="426" height="172" contents="إلى السيد أحمد العمراني&#10;مدير شركة مبايلكوم&#10;05 22 17 47 74" script="typed" function_1="coordinates" language="arabic"> </DL_ZONE>
			<DL_ZONE gedi_type="TextRegion" id="13" col="955" row="837" width="472" height="55" contents="الموضوع : عرض أسعار جوالات" script="typed" function_1="object" language="arabic"> </DL_ZONE>
			<DL_ZONE gedi_type="TextRegion" id="16" polygon="(953,953);(1450,940);(1455,1305);(1451,1454);(246,1458);(242,1109);(395,1018);(880,954)" contents="لقد توصلت شركتنا بخطابكم رقم 1725&#10;ونود أن نشكر لكم ثقتكم بشركتنا وإنه ليسعدنا تلبية كافة متطلباتكم.&#10;ونفيدكم بخصوص طلبكم لأسعار الجوالات الخاص بشركتكم هو 93 ألف درهم،&#10;وفي حالة الدفع نقدا يتم خصم 7 % من سعر القطعة الواحدة ، علما ب¤{ا/أ}¤ن هذا&#10;العرض سار المفعول لمدة أسبوع من تاريخه.&#10;هذا ويسعدنا أن نتلقى ردكم بالكمية المطلوبة ليتسنى لنا توريدها لكم علما ب¤{ا/أ}¤ن مدة&#10;التوريد خلال 7 أيام من تاريخ استلام الطلبية.&#10;آملين أن تجدوا في منتجاتنا ما يلبي كافة احتياجاتكم وتطلعاتكم." script="typed" function_2="reference" function_1="text_section" language="arabic"> </DL_ZONE>
			<DL_ZONE gedi_type="Group" id="17" col="713" row="1542" width="262" height="250" elements="7;8"> </DL_ZONE>
		</DL_PAGE>
	</DL_DOCUMENT>
</GEDI>