<?xml version="1.0" encoding="UTF-8"?>
<!--GEDI was developed at Language and Media Processing Laboratory, University of Maryland.-->

<GEDI xmlns="http://lamp.cfar.umd.edu/media/projects/GEDI/" GEDI_version="2.3.19" GEDI_date="12/23/2011">
	<USER name="MDR-P4" date="4/18/2013 18:01" dateFormat="mm/dd/yyyy hh:mm">	</USER>
	<USER name="MDR-P6" date="4/30/2013 11:31" dateFormat="mm/dd/yyyy hh:mm">	</USER>
	<USER name="MDR-P8" date="4/30/2013 15:58" dateFormat="mm/dd/yyyy hh:mm">	</USER>
	<DL_DOCUMENT src="DPHGCE.tif" docTag="xml" NrOfPages="1">
		<DL_PAGE gedi_type="DL_PAGE" src="DPHGCE.tif" pageID="1" width="1651" height="2335" Language_2="" Language_4="" Document_Date="" Language_3="" Receiver_Company="" Receiver_Address="" Receiver_Fax="" Document_Location="" Receiver_Phone="" Receiver_Name="SMITH" Category="C4" Language_1="english" Document_Object="FINISHED CAR REPAIRS" NumPage="1" Sender_Company="CARS CLINIC" Sender_Name="Elton GIBERT" Sender_Address="PETER STREET M125" Sender_Fax="+44(0)12.34.53.21.89" Sender_Phone="+44(0)12.34.53.21.88" Script_1="typed" Script_2="hand">
			<DL_ZONE gedi_type="TextRegion" id="1" col="428" row="146" width="173" height="35" contents="Cars Clinic" script="typed" language="english"> </DL_ZONE>
			<DL_ZONE gedi_type="GraphicRegion" id="2" col="379" row="236" width="267" height="224" function="logo"> </DL_ZONE>
			<DL_ZONE gedi_type="TextRegion" id="3" col="827" row="143" width="490" height="149" contents="Cars Clinic, Peter Street M12 5&#10;Phone: 1 2345 32188&#10;Fax: 1 2345 32189&#10;www.carsclinic.com" script="typed" function_1="coordinates" language="english"> </DL_ZONE>
			<DL_ZONE gedi_type="TextRegion" id="4" col="321" row="721" width="287" height="46" contents="Dear Mr. Smith" script="typed" language="english"> </DL_ZONE>
			<DL_ZONE gedi_type="TextRegion" id="5" col="302" row="880" width="1109" height="841" contents="We would like to inform you that we have finished the&#10;reparation of your car ( Mercedes class E white) and it is&#10;now in our garage.&#10;If it's impossible for you to come and take back your&#10;car, we are pleased to inform you also that we offer the&#10;possibility for our customers to drive their cars to their&#10;home or other locations.&#10;Please, feel free to contact us on our mail address." script="typed" function_2="reference" function_1="text_section" language="english"> </DL_ZONE>
			<DL_ZONE gedi_type="NoiseRegion" id="7" col="1635" row="6" width="16" height="2325"> </DL_ZONE>
			<DL_ZONE gedi_type="TextRegion" id="8" col="1201" row="1845" width="238" height="105" contents="Yours,&#10;Elton Gibert," script="typed" language="english"> </DL_ZONE>
			<DL_ZONE gedi_type="TextRegion" id="10" polygon="(1215,1981);(1367,1953);(1423,1953);(1456,1943);(1459,1922);(1498,1924);(1507,1984);(1237,2063)" contents="E. Gibert" script="hand" language="english"> </DL_ZONE>
			<DL_ZONE gedi_type="LineDrawingRegion" id="12" polygon="(1194,2078);(1442,2008);(1454,2018);(1203,2095)"> </DL_ZONE>
			<DL_ZONE gedi_type="TextRegion" id="13" col="452" row="2081" width="740" height="116" contents="contact@carsclinic.com - www.carsclinic.com&#10;Phone: 1 2345 32188 Fax: 1 2345 32189&#10;Cars Clinic" script="typed" function_1="footer" language="english"> </DL_ZONE>
		</DL_PAGE>
	</DL_DOCUMENT>
</GEDI>