<?xml version="1.0" encoding="UTF-8"?>
<!--GEDI was developed at Language and Media Processing Laboratory, University of Maryland.-->

<GEDI xmlns="http://lamp.cfar.umd.edu/media/projects/GEDI/" GEDI_version="2.3.19" GEDI_date="12/23/2011">
	<USER name="Adil" date="7/27/2012 15:48" dateFormat="mm/dd/yyyy hh:mm">	</USER>
	<USER name="Khizrane" date="7/27/2012 15:11" dateFormat="mm/dd/yyyy hh:mm">	</USER>
	<USER name="MDR-P1" date="3/22/2013 10:07" dateFormat="mm/dd/yyyy hh:mm">	</USER>
	<USER name="MDR-P4" date="8/9/2012 14:36" dateFormat="mm/dd/yyyy hh:mm">	</USER>
	<USER name="MDR-R2" date="11/5/2012 15:25" dateFormat="mm/dd/yyyy hh:mm">	</USER>
	<USER name="MDR-R4" date="10/29/2012 21:55" dateFormat="mm/dd/yyyy hh:mm">	</USER>
	<USER name="MDR-R6" date="2/7/2013 9:41" dateFormat="mm/dd/yyyy hh:mm">	</USER>
	<USER name="MDR_R8" date="10/22/2012 12:31" dateFormat="mm/dd/yyyy hh:mm">	</USER>
	<DL_DOCUMENT src="DSCAEK.tif" docTag="xml" NrOfPages="1">
		<DL_PAGE gedi_type="DL_PAGE" src="DSCAEK.tif" pageID="1" width="1700" height="2338" Sender_Name="" Document_Date="" Language_4="" Receiver_Name="" Language_3="" Receiver_Address="" Receiver_Fax="" Document_Location="" Receiver_Phone="" Script_1="typed" NumPage="1" Language_1="arabic" Category="C4" Sender_Address="شارع بئر انزران 20100 الدار البيضاء" Sender_Company="شركة الفنجال للشاي" Receiver_Company="شركة تأمين السلامة" Document_Object="طلب تصليح" Script_2="" Sender_Phone="¤{+212(0)5.22.98.05.88|+212(0)5.22.98.05.89}¤" Sender_Fax="¤{+212(0)5.22.98.05.88|+212(0)5.22.98.05.89}¤" Language_2="">
			<DL_ZONE gedi_type="GraphicRegion" id="1" function="logo" polygon="(1318,94);(1214,225);(1222,284);(1298,321);(1380,309);(1424,278);(1402,147);(1354,98)"> </DL_ZONE>
			<DL_ZONE gedi_type="TextRegion" id="4" col="378" row="93" width="424" height="196" contents="شركة الفنجال للشاي&#10;شارع بئر انزران 20100 الدار البيضاء&#10;05 22 98 05 88&#10;05 22 98 05 89&#10;www.finjalthé.com" script="typed" function_1="coordinates" language="arabic"> </DL_ZONE>
			<DL_ZONE gedi_type="TextRegion" id="5" col="493" row="2154" width="666" height="85" contents="000 100 درهم رأس مال شركة مساهمة شركة الفنجال للشاي&#10;www.finjalthé.com finjalthé@hotmail.fr" script="typed" function_1="footer" language="arabic"> </DL_ZONE>
			<DL_ZONE gedi_type="TextRegion" id="9" col="604" row="685" width="414" height="111" contents="إلى السيد&#10;مدير شركة تأمين السلامة" script="typed" language="arabic"> </DL_ZONE>
			<DL_ZONE gedi_type="TextRegion" id="10" col="195" row="945" width="1269" height="362" contents="وبعد،أبلغكم سيدي أنني زبون عندكم منذ ثلاث سنوات وأن هناك إتفاق بين شركتنا ووكالتكم&#10;المحترمة بخصوص تأمين شركتنا (شركة الفنجال للشاي) الواقعة ببناية في شارع بئر&#10;انزران 20100 الدار البيضاء،وهذه الأخيرة عرفت منذ يومين تسرب في أنابيب المياه مما&#10;أدى إلى التسبب في أضرار مادية.&#10;لذا نطلب من سعادتكم أن تقوموا بالواجب وذلك بالصيانة وأداء اللوازم لإصلاح هذه&#10;الأنابيب.&#10;وشكرا." script="typed" function_1="text_section" language="arabic"> </DL_ZONE>
			<DL_ZONE gedi_type="NoiseRegion" id="20" col="816" row="2326" width="696" height="8"> </DL_ZONE>
			<DL_ZONE gedi_type="GraphicRegion" id="21" function="signature" polygon="(393,1606);(417,1606);(463,1605);(526,1605);(526,1588);(526,1570);(538,1564);(549,1574);(549,1593);(555,1609);(604,1618);(648,1624);(709,1645);(731,1666);(731,1686);(710,1711);(661,1719);(623,1718);(610,1738);(581,1753);(527,1763);(489,1763);(454,1748);(466,1732);(489,1724);(502,1708);(492,1695);(470,1680);(474,1669);(493,1664);(541,1663);(581,1660);(585,1638);(563,1630);(505,1626);(452,1623);(417,1621);(383,1618)"> </DL_ZONE>
		</DL_PAGE>
	</DL_DOCUMENT>
</GEDI>