<?xml version="1.0" encoding="UTF-8"?>
<!--GEDI was developed at Language and Media Processing Laboratory, University of Maryland.-->

<GEDI xmlns="http://lamp.cfar.umd.edu/media/projects/GEDI/" GEDI_version="2.3.19" GEDI_date="12/23/2011">
	<USER name="Laure" date="5/31/2012 12:43" dateFormat="mm/dd/yyyy hh:mm">	</USER>
	<USER name="MDR-P8" date="10/31/2012 13:00" dateFormat="mm/dd/yyyy hh:mm">	</USER>
	<USER name="Mdr-P5" date="5/28/2013 12:16" dateFormat="mm/dd/yyyy hh:mm">	</USER>
	<DL_DOCUMENT src="DSZOLT.tif" docTag="xml" NrOfPages="1">
		<DL_PAGE gedi_type="DL_PAGE" src="DSZOLT.tif" pageID="1" width="1651" height="2335" Language_2="" Receiver_Name="" Language_4="" Language_3="" Sender_Company="" Script_2="" Receiver_Fax="" Document_Location="" Receiver_Phone="" Category="C4" Document_Date="23/05/2012" Document_Object="APPLICATION" Sender_Address="PEARLY STREET 12TH VENUE, ENGLAND, G4568" Script_1="typed" Sender_Phone="+44(0)46.98.16.78.03" Sender_Fax="+44(0)67.56.37.48.03" Receiver_Address="COWLEY PLACE, OXFORD OX4 1DZ, ENGLAND" Language_1="english" NumPage="1" Receiver_Company="MAGDALEN COLLEGE SCHOOL" Sender_Name="Blair ROMAN">
			<DL_ZONE gedi_type="TextRegion" id="1" col="858" row="300" width="402" height="188" contents="Magdalen College School&#10;Cowley Place,&#10;Oxford OX4 1DZ,&#10;England" script="typed" function_1="coordinates" language="english"> </DL_ZONE>
			<DL_ZONE gedi_type="TextRegion" id="2" col="1063" row="580" width="190" height="42" contents="23/05/2012" script="typed" function_1="date" language="english"> </DL_ZONE>
			<DL_ZONE gedi_type="TextRegion" id="3" nextZoneID="4" col="377" row="868" width="374" height="49" contents="Hello I am Blair Roman;" script="typed" language="english"> </DL_ZONE>
			<DL_ZONE gedi_type="TextRegion" id="4" nextZoneID="5" col="375" row="1027" width="853" height="262" contents="I graduated from Oxford University last year from&#10;English department as an English teacher. I found a job&#10;in this school as a teacher. To introduce myself, I like&#10;talking with children and I like helping people also I am&#10;very calm person. I would like to work in this school." script="typed" function_1="text_section" language="english"> </DL_ZONE>
			<DL_ZONE gedi_type="TextRegion" id="5" col="376" row="1398" width="349" height="49" contents="With my best regards." script="typed" language="english"> </DL_ZONE>
			<DL_ZONE gedi_type="TextRegion" id="6" col="375" row="1637" width="653" height="292" contents="Blair Roman&#10;Pearly street 12th venue, England, G4568&#10;Phone 46 98 16 78 03 Fax 67 56 37 48 03&#10;Gizzy@newmail.com" script="typed" function_1="coordinates" language="english"> </DL_ZONE>
		</DL_PAGE>
	</DL_DOCUMENT>
</GEDI>