<?xml version="1.0" encoding="UTF-8"?>
<!--GEDI was developed at Language and Media Processing Laboratory, University of Maryland.-->

<GEDI xmlns="http://lamp.cfar.umd.edu/media/projects/GEDI/" GEDI_version="2.3.19" GEDI_date="12/23/2011">
	<USER name="Adil" date="4/12/2012 15:29" dateFormat="mm/dd/yyyy hh:mm">	</USER>
	<USER name="Laure" date="4/25/2012 17:53" dateFormat="mm/dd/yyyy hh:mm">	</USER>
	<USER name="Mdr-P5" date="5/28/2013 14:21" dateFormat="mm/dd/yyyy hh:mm">	</USER>
	<DL_DOCUMENT src="DUVTRI.tif" docTag="xml" NrOfPages="1">
		<DL_PAGE gedi_type="DL_PAGE" src="DUVTRI.tif" pageID="1" width="1651" height="2335" Language_2="" Language_4="" Language_3="" Receiver_Company="" Sender_Phone="" Script_2="" Receiver_Fax="" Receiver_Phone="" Sender_Fax="" Category="C4" Document_Location="MITTELSCHAEFFOLSHEIM" Document_Object="LETTRE MUTATION" Language_1="french" NumPage="1" Sender_Company="MERCOLIES SA" Script_1="typed" Document_Date="11/02/2011" Receiver_Address="22 RUE DE GROCHON 67100 NEUHOF" Sender_Address="14 RUE DES TERRES 67170 MITTELSHAEFFOLSHEIM" Sender_Name="Philippe MORIN" Receiver_Name="Abdel BOUMELELA">
			<DL_ZONE gedi_type="TextRegion" id="1" col="187" row="189" width="390" height="183" contents="Mercolies SA&#10;14 rue des terres&#10;67170 Mittelshaeffolsheim" script="typed" function_1="coordinates" language="french"> </DL_ZONE>
			<DL_ZONE gedi_type="TextRegion" id="2" col="956" row="184" width="394" height="188" contents="Monsieur Boumelela Abdel&#10;22 rue de grochon&#10;67100 Neuhof" script="typed" function_1="coordinates" language="french"> </DL_ZONE>
			<DL_ZONE gedi_type="TextRegion" id="3" col="774" row="607" width="484" height="41" contents="A Mittelschaeffolsheim, le 11/02/11" script="typed" function_2="date" function_1="location" language="french"> </DL_ZONE>
			<DL_ZONE gedi_type="TextRegion" id="4" col="189" row="734" width="1188" height="47" contents="Objet : Notification de votre mutation au sein de notre établissement de Nanterre (92000)" script="typed" function_1="object" language="french"> </DL_ZONE>
			<DL_ZONE gedi_type="TextRegion" id="5" col="175" row="906" width="1299" height="769" contents="Monsieur Boumelela,&#10;Nous vous proposons, par la présente, une mutation au sein de notre établissement de&#10;Nanterre situé au 55 avenue Pablo picasso.&#10;Ce projet de mutation est motivé par les raisons suivantes : Etant donné l'expérience&#10;acquise au sein de la société et votre connaissance du marché parisien, ainsi que le manque&#10;d'effectif sur place.&#10;Nous vous informons que cette mutation emportant modification de votre contrat de travail,&#10;nous sollicitons votre accord préalable.&#10;Vous bénéficiez d'un délai allant jusqu'au 12/03/11 pour nous faire connaître votre décision.&#10;A défaut de réponse de votre part, passé ce délai, nous considérons que vous refusez notre&#10;proposition et devrons en déduire toutes les conséquences qui s'imposent.&#10;Nous vous informons que les autres éléments de votre contrat de travail demeurent inchangés.&#10;Nous vous prions d'agréer, Madame/Monsieur, l'expression de notre considération&#10;distinguée." script="typed" function_1="text_section" language="french"> </DL_ZONE>
			<DL_ZONE gedi_type="GraphicRegion" id="11" function="signature" polygon="(320,1823);(446,1823);(444,1838);(298,1905);(163,1946);(145,1928);(252,1855)"> </DL_ZONE>
			<DL_ZONE gedi_type="TextRegion" id="13" col="185" row="1717" width="218" height="47" contents="Morin Philippe" script="typed" language="french"> </DL_ZONE>
			<DL_ZONE gedi_type="Group" id="15" col="135" row="1707" width="321" height="249" elements="11;13"> </DL_ZONE>
		</DL_PAGE>
	</DL_DOCUMENT>
</GEDI>