<?xml version="1.0" encoding="UTF-8"?>
<!--GEDI was developed at Language and Media Processing Laboratory, University of Maryland.-->

<GEDI xmlns="http://lamp.cfar.umd.edu/media/projects/GEDI/" GEDI_version="2.3.19" GEDI_date="12/23/2011">
	<USER name="Adil" date="5/14/2012 15:55" dateFormat="mm/dd/yyyy hh:mm">	</USER>
	<USER name="Laure" date="5/16/2012 18:03" dateFormat="mm/dd/yyyy hh:mm">	</USER>
	<USER name="Mdr-P5" date="5/28/2013 14:25" dateFormat="mm/dd/yyyy hh:mm">	</USER>
	<DL_DOCUMENT src="DYSFZI.tif" docTag="xml" NrOfPages="1">
		<DL_PAGE gedi_type="DL_PAGE" src="DYSFZI.tif" pageID="1" width="3537" height="4875" Language_2="" Language_4="" Language_3="" Receiver_Company="" Receiver_Fax="" Receiver_Phone="" Category="C4" Document_Date="03/05/2012" Document_Location="CUCUGNAN" Language_1="french" NumPage="1" Document_Object="ATTESTATION DE STAGE" Receiver_Address="" Script_1="typed" Script_2="hand" Sender_Address="MOULIN DE CUCUGNAN, 11350 CUCUGNAN" Sender_Company="LES MAÎTRES DE MON MOULIN" Sender_Fax="¤{+33(0)4.29.51.62.94|+33(0)4.29.51.62.93}¤" Sender_Phone="¤{+33(0)4.29.51.62.94|+33(0)4.29.51.62.93}¤" Sender_Name="Pascale KLEIN" Receiver_Name="Christophe ZARPELLO">
			<DL_ZONE gedi_type="TextRegion" id="1" col="403" row="206" width="1203" height="444" contents="Les maîtres de Mon Moulin&#10;Moulin de Cucugnan, 11350 Cucugnan&#10;04 29 51 62 94&#10;04 29 51 62 93&#10;L'exigence meunière et boulangère" script="typed" function_1="coordinates" language="french"> </DL_ZONE>
			<DL_ZONE gedi_type="TextRegion" id="2" col="434" row="1109" width="514" height="204" contents="A Cucugnan,&#10;Le 03/05/2012" script="typed" function_2="date" function_1="location" language="french"> </DL_ZONE>
			<DL_ZONE gedi_type="TextRegion" id="3" polygon="(3090,1507);(393,1558);(444,3308);(3184,3222);(3152,1507)" contents="Je soussignée Pascale Klein, directrice de l'entreprise « Les Maîtres de&#10;Mon Moulin », entreprise récemment lancée dans la meunerie à partir de&#10;céréales cultivées en agriculture biologique et dans la boulangerie/pâtisserie&#10;selon des méthodes traditionnelles,&#10;Atteste que Christophe Zarpello, compagnon-boulanger, a travaillé dans&#10;cette entreprise pendant deux ans, durant la période du 01/03/2012 au&#10;28/02/2012.&#10;Le travail fourni par monsieur Zarpello durant cette période en tant que&#10;boulanger et assistant pâtissier a été plus que satisfaisant, et l'on peut considérer&#10;maintenant que sa formation est terminée.&#10;Monsieur Zarpello a durant cette période exercé son travail chez les&#10;Maîtres de mon Moulin à temps plein, faisant preuve d'assiduité, d'implication&#10;et de persévérance dans son activité, tout en laissant entrevoir la passion qui&#10;l'anime dans ce secteur.&#10;Sa formation étant terminée, nous devons maintenant nous séparer de lui,&#10;mais c'est avec les meilleures recommandations pour son prochain emploi que&#10;nous le quittons." script="typed" function_1="text_section" language="french"> </DL_ZONE>
			<DL_ZONE gedi_type="GraphicRegion" id="4" col="2206" row="228" width="348" height="374" function="logo"> </DL_ZONE>
			<DL_ZONE gedi_type="GraphicRegion" id="5" col="1997" row="3328" width="377" height="403" function="signature"> </DL_ZONE>
			<DL_ZONE gedi_type="TextRegion" id="6" polygon="(2619,4384);(1061,4415);(1073,4687);(2624,4653)" contents="Les Maitres de Mon Moulin, meunerie et boulangerie&#10;L'exigence meunière et boulangère&#10;www.lesmaitresdemon moulin.fr" script="typed" function_1="footer" language="french"> </DL_ZONE>
			<DL_ZONE gedi_type="NoiseRegion" id="7" col="50" row="0" width="3487" height="62"> </DL_ZONE>
			<DL_ZONE gedi_type="NoiseRegion" id="8" col="3498" row="912" width="39" height="252"> </DL_ZONE>
			<DL_ZONE gedi_type="NoiseRegion" id="9" col="2" row="1114" width="103" height="60"> </DL_ZONE>
			<DL_ZONE gedi_type="TextRegion" id="15" col="2108" row="3445" width="86" height="113" contents="P" script="hand" language="french"> </DL_ZONE>
			<DL_ZONE gedi_type="TextRegion" id="21" polygon="(2365,1399);(530,3277);(1106,3844);(3003,1959)" contents="EXE¤MPLE¤" script="typed" language="french"> </DL_ZONE>
		</DL_PAGE>
	</DL_DOCUMENT>
</GEDI>