<?xml version="1.0" encoding="UTF-8"?>
<!--GEDI was developed at Language and Media Processing Laboratory, University of Maryland.-->

<GEDI xmlns="http://lamp.cfar.umd.edu/media/projects/GEDI/" GEDI_version="2.3.19" GEDI_date="12/23/2011">
	<USER name="MDR-P2" date="10/26/2012 0:34" dateFormat="mm/dd/yyyy hh:mm">	</USER>
	<USER name="MDR-P8" date="3/20/2013 14:59" dateFormat="mm/dd/yyyy hh:mm">	</USER>
	<USER name="Manuela" date="7/16/2012 15:09" dateFormat="mm/dd/yyyy hh:mm">	</USER>
	<USER name="aboubekeur" date="6/18/2012 15:59" dateFormat="mm/dd/yyyy hh:mm">	</USER>
	<USER name="mailys" date="7/13/2012 15:54" dateFormat="mm/dd/yyyy hh:mm">	</USER>
	<DL_DOCUMENT src="DZOLTM.tif" docTag="xml" NrOfPages="1">
		<DL_PAGE gedi_type="DL_PAGE" src="DZOLTM.tif" pageID="1" width="594" height="837" Language_2="" Language_4="" Language_3="" Receiver_Fax="" Sender_Fax="" Category="C4" Document_Date="15/05/2012" Document_Location="OBERENTZEN" Document_Object="DEMANDE D'UN INSPECTEUR DU TRAVAIL" Language_1="french" NumPage="1" Script_1="typed" Script_2="hand" Sender_Company="" Sender_Name="Agnès LEGRAND" Receiver_Phone="" Sender_Phone="+33(0)3.17.12.12.29" Sender_Address="20 RUE ST NICOLAS 68127 OBERENTZEN" Receiver_Address="4 RUE JEAN JAURES 68127 OBERENTZEN" Receiver_Company="SOCIÉTÉ D'INSPECTION DU TRAVAIL" Receiver_Name="">
			<DL_ZONE gedi_type="TextRegion" id="1" col="64" row="64" width="140" height="69" contents="Madame Agnès Legrand,&#10;Employé de la société X&#10;Résidant au 20 rue St Nicolas&#10;68127 Oberentzen" script="typed" function_1="coordinates" language="french"> </DL_ZONE>
			<DL_ZONE gedi_type="TextRegion" id="3" col="385" row="80" width="142" height="50" contents="Société d'inspection du travail&#10;4 rue Jean ¤J¤aur¤es¤&#10;68127 Oberentzen" script="typed" function_1="coordinates" language="french"> </DL_ZONE>
			<DL_ZONE gedi_type="TextRegion" id="5" col="394" row="170" width="131" height="23" contents="Oberentzen, le 15 Mai 2012" script="typed" function_2="location" function_1="date" language="french"> </DL_ZONE>
			<DL_ZONE gedi_type="TextRegion" id="7" col="194" row="204" width="210" height="19" contents="Objet: Demande d'un inspecteur du travail" script="typed" function_1="object" language="french"> </DL_ZONE>
			<DL_ZONE gedi_type="TextRegion" id="9" col="65" row="248" width="465" height="189" contents="Madame, Monsieur,&#10;En tant qu'employé de l'entreprise x, je souhaiterais l'intervention d'un inspecteur du travail&#10;au sein de mon service.&#10;Je fais cette demande suite à de nombreuses remarques envers un employé qui aurait selon certains,&#10;enfreint plusieurs règles internes assez graves. C'est donc dans un objectif de constater des&#10;infractions que je vous sollicite aujourd'hui.&#10;Voici mes coordonnées téléphoniques qui vous permettront d'entrer directement en contact avec&#10;moi pour organiser une inspection: 03.17.12.12.29.&#10;En attendant votre venue dans notre entreprise, je vous souhaite une bonne journée." script="typed" function_1="text_section" language="french"> </DL_ZONE>
			<DL_ZONE gedi_type="GraphicRegion" id="11" col="76" row="486" width="74" height="38" function="signature"> </DL_ZONE>
			<DL_ZONE gedi_type="TextRegion" id="12" col="78" row="492" width="67" height="28" contents="Legrand" script="hand" language="french"> </DL_ZONE>
			<DL_ZONE gedi_type="TextRegion" id="18" col="61" row="455" width="86" height="23" contents="Agnès Legrand" script="typed" language="french"> </DL_ZONE>
			<DL_ZONE gedi_type="Group" id="20" col="51" row="445" width="109" height="89" elements="11;12;18"> </DL_ZONE>
		</DL_PAGE>
	</DL_DOCUMENT>
</GEDI>