<?xml version="1.0" encoding="UTF-8"?>
<!--GEDI was developed at Language and Media Processing Laboratory, University of Maryland.-->

<GEDI xmlns="http://lamp.cfar.umd.edu/media/projects/GEDI/" GEDI_version="2.3.19" GEDI_date="12/23/2011">
	<USER name="MDR-P1" date="11/30/2012 10:03" dateFormat="mm/dd/yyyy hh:mm">	</USER>
	<USER name="MDR-P4" date="2/25/2013 17:54" dateFormat="mm/dd/yyyy hh:mm">	</USER>
	<USER name="Mdr-P5" date="11/27/2012 20:38" dateFormat="mm/dd/yyyy hh:mm">	</USER>
	<DL_DOCUMENT src="EAWRZI.tif" docTag="xml" NrOfPages="1">
		<DL_PAGE gedi_type="DL_PAGE" src="EAWRZI.tif" pageID="1" width="600" height="1261" Language_2="" Sender_Name="" Document_Date="" Language_4="" Receiver_Name="" Language_3="" Receiver_Company="" Receiver_Address="" Sender_Company="" Sender_Phone="" Receiver_Fax="" Script_2="" Document_Location="" Receiver_Phone="" Sender_Address="" Sender_Fax="" Category="C2" Language_1="english" NumPage="1" Script_1="typed" Document_Object="LEAFLET">
			<DL_ZONE gedi_type="TextRegion" id="1" col="205" row="26" width="361" height="770" contents="THE&#10;POST&#10;OFFICE&#10;TOWER&#10;LONDON" script="typed" function_1="title" language="english"> </DL_ZONE>
			<DL_ZONE gedi_type="GraphicRegion" id="2" function="drawing" polygon="(18,526);(16,208);(97,10);(134,18);(192,246);(180,524);(170,909);(177,1062);(364,1068);(448,1140);(420,1237);(1,1234);(1,777);(33,734)"> </DL_ZONE>
			<DL_ZONE gedi_type="GraphicRegion" id="3" col="0" row="0" width="598" height="1260" function="other"> </DL_ZONE>
		</DL_PAGE>
	</DL_DOCUMENT>
</GEDI>