<?xml version="1.0" encoding="UTF-8"?>
<!--GEDI was developed at Language and Media Processing Laboratory, University of Maryland.-->

<GEDI xmlns="http://lamp.cfar.umd.edu/media/projects/GEDI/" GEDI_version="2.3.19" GEDI_date="12/23/2011">
	<USER name="Catherine MAUPLOT" date="4/24/2013 14:27" dateFormat="mm/dd/yyyy hh:mm">	</USER>
	<USER name="MDR-P4" date="4/22/2013 18:01" dateFormat="mm/dd/yyyy hh:mm">	</USER>
	<USER name="MDR-P8" date="4/30/2013 15:58" dateFormat="mm/dd/yyyy hh:mm">	</USER>
	<DL_DOCUMENT src="EBDLTX.tif" docTag="xml" NrOfPages="1">
		<DL_PAGE gedi_type="DL_PAGE" src="EBDLTX.tif" pageID="1" width="1651" height="2335" Language_2="" Sender_Name="" Document_Date="" Language_4="" Language_3="" Receiver_Company="" Receiver_Address="" Receiver_Fax="" Script_2="" Document_Location="" Receiver_Phone="" Category="C2" Document_Object="INVOICE" Language_1="english" NumPage="1" Receiver_Name="Ginny COLINS" Script_1="typed" Sender_Fax="+44(0)54.21.36.63.26" Sender_Phone="+44(0)54.21.36.63.25" Sender_Address="568 ALPINE HILL ROAD, MANCHESTER LANCASHIRE M320QH" Sender_Company="C5N">
			<DL_ZONE gedi_type="TextRegion" id="1" col="188" row="137" width="699" height="111" contents="568 Alpine Hill Road Phone : 05421366325&#10;Manchester, Lancashire Fax : 05421366326&#10;M32 0QH Web : www.c5n.com" script="typed" language="english"> </DL_ZONE>
			<DL_ZONE gedi_type="TextRegion" id="2" col="1079" row="89" width="362" height="164" contents="C5N" script="typed" language="english"> </DL_ZONE>
			<DL_ZONE gedi_type="TextRegion" id="3" col="631" row="310" width="340" height="73" contents="INVOICE" script="typed" function_2="object" function_1="title" language="english"> </DL_ZONE>
			<DL_ZONE gedi_type="TextRegion" id="4" col="192" row="461" width="262" height="41" contents="Bill to : Ginny Colins" script="typed" language="english"> </DL_ZONE>
			<DL_ZONE gedi_type="TextRegion" id="5" col="871" row="465" width="280" height="37" contents="Ship to : Ginny Colins" script="typed" language="english"> </DL_ZONE>
			<DL_ZONE gedi_type="SeparatorRegion" id="6" col="175" row="496" width="1379" height="12"> </DL_ZONE>
			<DL_ZONE gedi_type="TextRegion" id="7" col="206" row="774" width="73" height="32" contents="Code" script="typed" language="english"> </DL_ZONE>
			<DL_ZONE gedi_type="TextRegion" id="8" col="574" row="776" width="149" height="34" contents="description" script="typed" language="english"> </DL_ZONE>
			<DL_ZONE gedi_type="TextRegion" id="9" col="1009" row="777" width="60" height="36" contents="Qty" script="typed" language="english"> </DL_ZONE>
			<DL_ZONE gedi_type="TextRegion" id="10" col="1134" row="774" width="73" height="34" contents="Price" script="typed" language="english"> </DL_ZONE>
			<DL_ZONE gedi_type="TextRegion" id="11" col="1281" row="778" width="133" height="30" contents="Line total" script="typed" language="english"> </DL_ZONE>
			<DL_ZONE gedi_type="TextRegion" id="12" col="190" row="815" width="66" height="33" contents="FK7" script="typed" function_1="reference" language="english"> </DL_ZONE>
			<DL_ZONE gedi_type="TextRegion" id="13" col="188" row="853" width="86" height="31" contents="MK41" script="typed" function_1="reference" language="english"> </DL_ZONE>
			<DL_ZONE gedi_type="TextRegion" id="15" col="317" row="815" width="267" height="35" contents="Memory foam pillow" script="typed" language="english"> </DL_ZONE>
			<DL_ZONE gedi_type="TextRegion" id="16" col="318" row="852" width="309" height="37" contents="Striped Comforter Cover" script="typed" language="english"> </DL_ZONE>
			<DL_ZONE gedi_type="TextRegion" id="18" col="999" row="817" width="20" height="31" contents="1" script="typed" language="english"> </DL_ZONE>
			<DL_ZONE gedi_type="TextRegion" id="19" col="999" row="854" width="22" height="32" contents="1" script="typed" language="english"> </DL_ZONE>
			<DL_ZONE gedi_type="TextRegion" id="21" col="1092" row="817" width="77" height="32" contents="76.00" script="typed" language="english"> </DL_ZONE>
			<DL_ZONE gedi_type="TextRegion" id="22" col="1096" row="855" width="89" height="33" contents="130.30" script="typed" language="english"> </DL_ZONE>
			<DL_ZONE gedi_type="TextRegion" id="24" col="1267" row="817" width="78" height="32" contents="76.00" script="typed" language="english"> </DL_ZONE>
			<DL_ZONE gedi_type="TextRegion" id="25" col="1270" row="854" width="86" height="35" contents="130.30" script="typed" language="english"> </DL_ZONE>
			<DL_ZONE gedi_type="TextRegion" id="27" col="1093" row="1576" width="91" height="30" contents="Subtotal" script="typed" language="english"> </DL_ZONE>
			<DL_ZONE gedi_type="TextRegion" id="28" col="1095" row="1614" width="61" height="29" contents="Total" script="typed" language="english"> </DL_ZONE>
			<DL_ZONE gedi_type="TextRegion" id="29" col="1094" row="1652" width="104" height="31" contents="Payments" script="typed" language="english"> </DL_ZONE>
			<DL_ZONE gedi_type="TextRegion" id="30" col="1094" row="1689" width="134" height="30" contents="Balance Due" script="typed" language="english"> </DL_ZONE>
			<DL_ZONE gedi_type="TextRegion" id="31" col="1267" row="1573" width="90" height="32" contents="120.65" script="typed" language="english"> </DL_ZONE>
			<DL_ZONE gedi_type="TextRegion" id="32" col="1266" row="1608" width="91" height="35" contents="120.65" script="typed" language="english"> </DL_ZONE>
			<DL_ZONE gedi_type="TextRegion" id="33" col="1265" row="1648" width="75" height="32" contents="00.00" script="typed" language="english"> </DL_ZONE>
			<DL_ZONE gedi_type="TextRegion" id="34" col="1268" row="1686" width="94" height="34" contents="120.65" script="typed" language="english"> </DL_ZONE>
			<DL_ZONE gedi_type="NoiseRegion" id="35" col="1628" row="3" width="21" height="2332"> </DL_ZONE>
			<DL_ZONE gedi_type="TableRegion" id="36" col="172" row="767" width="1273" height="961"> </DL_ZONE>
			<DL_ZONE gedi_type="GraphicRegion" id="37" col="1076" row="86" width="369" height="169" function="logo"> </DL_ZONE>
		</DL_PAGE>
	</DL_DOCUMENT>
</GEDI>