<?xml version="1.0" encoding="UTF-8"?>
<!--GEDI was developed at Language and Media Processing Laboratory, University of Maryland.-->

<GEDI xmlns="http://lamp.cfar.umd.edu/media/projects/GEDI/" GEDI_version="2.3.19" GEDI_date="12/23/2011">
	<USER name="Laure" date="4/30/2012 13:07" dateFormat="mm/dd/yyyy hh:mm">	</USER>
	<USER name="MDR-P6" date="10/17/2012 0:09" dateFormat="mm/dd/yyyy hh:mm">	</USER>
	<USER name="MDR-P8" date="10/31/2012 15:31" dateFormat="mm/dd/yyyy hh:mm">	</USER>
	<USER name="asmae" date="4/14/2012 10:36" dateFormat="mm/dd/yyyy hh:mm">	</USER>
	<DL_DOCUMENT src="ELXZPQ.tif" docTag="xml" NrOfPages="1">
		<DL_PAGE gedi_type="DL_PAGE" src="ELXZPQ.tif" pageID="1" width="1728" height="2359" Sender_Name="" Language_4="" Receiver_Name="" Receiver_Company="" Receiver_Address="" Sender_Company="" Sender_Phone="" Receiver_Fax="" Receiver_Phone="" Sender_Address="" Category="C5" Document_Location="" Document_Object="PLAN D'APPARTEMENT" Language_1="french" NumPage="1" Language_2="" Language_3="" Script_1="hand" Script_2="typed" Document_Date="10/04/2012" Sender_Fax="+33(0)1.43.13.33.30">
			<DL_ZONE gedi_type="TextRegion" id="1" col="77" row="1" width="1564" height="30" contents="10/04 2012 MAR 17:46 FAX 01 43 13 33 30 ELDA 001 / 001" script="typed" function_2="date" function_1="header" language="french"> </DL_ZONE>
			<DL_ZONE gedi_type="TextRegion" id="9" col="522" row="825" width="202" height="74" contents="Cuisine" script="hand" language="french"> </DL_ZONE>
			<DL_ZONE gedi_type="TextRegion" id="10" polygon="(238,864);(253,776);(300,784);(296,876);(240,876)" rotation="-90" contents="Bar" script="hand" language="french"> </DL_ZONE>
			<DL_ZONE gedi_type="TextRegion" id="11" polygon="(796,908);(796,828);(879,834);(889,875);(989,838);(1013,866);(968,893);(968,928);(957,931);(939,910);(881,925);(813,924)" contents="SdB vasques" script="hand" language="french"> </DL_ZONE>
			<DL_ZONE gedi_type="LineDrawingRegion" id="12" polygon="(962,895);(1004,879);(1012,899);(986,916);(1016,928);(1016,951);(987,955);(951,913)"> </DL_ZONE>
			<DL_ZONE gedi_type="TextRegion" id="13" polygon="(829,775);(827,724);(937,747);(936,793)" contents="bain" script="hand" language="french"> </DL_ZONE>
			<DL_ZONE gedi_type="TextRegion" id="14" polygon="(978,775);(986,735);(1057,737);(1085,762);(1082,794);(981,793)" contents="douche" script="hand" language="french"> </DL_ZONE>
			<DL_ZONE gedi_type="LineDrawingRegion" id="15" polygon="(854,729);(934,731);(951,743);(957,764);(954,782);(896,791);(838,784);(805,781);(801,753)"> </DL_ZONE>
			<DL_ZONE gedi_type="LineDrawingRegion" id="16" polygon="(993,737);(1006,731);(1051,735);(1059,759);(1060,787);(1039,800);(1003,799);(984,784)"> </DL_ZONE>
			<DL_ZONE gedi_type="TextRegion" id="17" polygon="(1114,1072);(1120,1012);(1147,1001);(1285,1022);(1281,1085);(1176,1100)" contents="Ch n°1" script="hand" language="french"> </DL_ZONE>
			<DL_ZONE gedi_type="TextRegion" id="18" polygon="(1083,1284);(1091,1239);(1206,1245);(1244,1255);(1255,1312);(1100,1309)" contents="Ch n°2" script="hand" language="french"> </DL_ZONE>
			<DL_ZONE gedi_type="TextRegion" id="19" polygon="(1244,1173);(1244,1129);(1262,1126);(1267,1107);(1395,1107);(1392,1152);(1390,1168);(1293,1173);(1246,1185)" contents="placard" script="hand" language="french"> </DL_ZONE>
			<DL_ZONE gedi_type="TextRegion" id="20" polygon="(1232,1229);(1234,1199);(1264,1185);(1395,1182);(1398,1232);(1256,1234);(1241,1249);(1231,1244)" contents="placard" script="hand" language="french"> </DL_ZONE>
			<DL_ZONE gedi_type="TextRegion" id="21" polygon="(664,1176);(679,1083);(773,1112);(758,1148);(828,1165);(819,1206);(682,1189)" contents="Salon" script="hand" language="french"> </DL_ZONE>
			<DL_ZONE gedi_type="TextRegion" id="22" polygon="(659,1317);(661,1276);(759,1279);(787,1323);(790,1338);(679,1334)" contents="Table" script="hand" language="french"> </DL_ZONE>
			<DL_ZONE gedi_type="TextRegion" id="23" polygon="(647,1550);(653,1507);(790,1501);(796,1527);(790,1550);(753,1547);(749,1577);(729,1574);(729,1548)" contents="canapé" script="hand" language="french"> </DL_ZONE>
			<DL_ZONE gedi_type="TextRegion" id="24" polygon="(296,1521);(297,1457);(323,1454);(323,1349);(338,1319);(378,1322);(363,1509);(323,1510);(317,1541);(296,1541)" rotation="-90" contents="Terrasse" script="hand" language="french"> </DL_ZONE>
			<DL_ZONE gedi_type="TextRegion" id="25" polygon="(281,1221);(284,1189);(348,1176);(363,1197);(379,1215);(376,1243);(299,1244)" contents="Table" script="hand" language="french"> </DL_ZONE>
			<DL_ZONE gedi_type="TextRegion" id="26" polygon="(787,1004);(785,816);(747,816);(741,898);(722,898);(736,933);(743,1015)" rotation="+90" contents="Rangement" script="hand" language="french"> </DL_ZONE>
			<DL_ZONE gedi_type="TextRegion" id="27" polygon="(987,1524);(987,1515);(968,1509);(968,1496);(1004,1487);(995,1352);(1042,1355);(1039,1510);(1036,1512)" rotation="+90" contents="Bibliothèq." script="hand" language="french"> </DL_ZONE>
			<DL_ZONE gedi_type="TextRegion" id="28" polygon="(1034,1507);(1047,1334);(1110,1337);(1112,1367);(1091,1366);(1069,1516)" rotation="-90" contents="Bibliothèq." script="hand" language="french"> </DL_ZONE>
			<DL_ZONE gedi_type="TextRegion" id="29" polygon="(221,2086);(212,2006);(282,2010);(285,1972);(299,1977);(319,2007);(352,2010);(363,2051);(306,2056);(273,2051);(243,2051);(243,2107);(226,2107)" contents="porte" script="hand" language="french"> </DL_ZONE>
			<DL_ZONE gedi_type="TextRegion" id="30" polygon="(235,2106);(238,2059);(273,2056);(322,2069);(357,2065);(370,2063);(366,2041);(381,2041);(392,2076);(434,2076);(466,2127);(264,2129)" contents="fenêtre" script="hand" language="french"> </DL_ZONE>
			<DL_ZONE gedi_type="TextRegion" id="31" polygon="(244,2187);(237,2145);(278,2138);(341,2133);(475,2152);(483,2194)" contents="ve¤r¤du¤r¤e" script="hand" language="french"> </DL_ZONE>
			<DL_ZONE gedi_type="TextRegion" id="35" polygon="(1059,1041);(1079,907);(1115,907);(1099,1057)" contents="Biblio." script="hand" language="french"> </DL_ZONE>
			<DL_ZONE gedi_type="NoiseRegion" id="42" col="1665" row="1391" width="40" height="17"> </DL_ZONE>
			<DL_ZONE gedi_type="NoiseRegion" id="43" col="1670" row="159" width="19" height="40"> </DL_ZONE>
			<DL_ZONE gedi_type="NoiseRegion" id="46" col="1681" row="1495" width="18" height="21"> </DL_ZONE>
			<DL_ZONE gedi_type="GraphicRegion" id="47" col="1505" row="0" width="21" height="22" function="drawing"> </DL_ZONE>
			<DL_ZONE gedi_type="GraphicRegion" id="48" function="drawing" polygon="(204,1600);(177,1465);(228,688);(1460,702);(1417,1632);(488,1610)"> </DL_ZONE>
			<DL_ZONE gedi_type="GraphicRegion" id="49" col="96" row="2000" width="110" height="192" function="drawing"> </DL_ZONE>
		</DL_PAGE>
	</DL_DOCUMENT>
</GEDI>