<?xml version="1.0" encoding="UTF-8"?>
<!--GEDI was developed at Language and Media Processing Laboratory, University of Maryland.-->

<GEDI xmlns="http://lamp.cfar.umd.edu/media/projects/GEDI/" GEDI_version="2.3.19" GEDI_date="12/23/2011">
	<USER name="Laure" date="3/27/2012 18:24" dateFormat="mm/dd/yyyy hh:mm">	</USER>
	<USER name="MDR-P4" date="10/19/2012 17:24" dateFormat="mm/dd/yyyy hh:mm">	</USER>
	<USER name="MDR-P8" date="10/31/2012 13:31" dateFormat="mm/dd/yyyy hh:mm">	</USER>
	<USER name="Manuela" date="5/18/2012 14:35" dateFormat="mm/dd/yyyy hh:mm">	</USER>
	<USER name="test" date="3/23/2012 9:24" dateFormat="mm/dd/yyyy hh:mm">	</USER>
	<DL_DOCUMENT src="ELYGUQ.tif" docTag="xml" NrOfPages="1">
		<DL_PAGE gedi_type="DL_PAGE" src="ELYGUQ.tif" pageID="1" width="3507" height="2480" Document_Date="" Language_4="" Receiver_Name="" Language_3="" Receiver_Company="" Receiver_Address="" Sender_Company="" Receiver_Fax="" Document_Location="" Receiver_Phone="" Sender_Fax="" Language_1="english" Language_2="french" Category="C5" Script_1="hand" Document_Object="MAP" Sender_Phone="+33(0)4.95.00.99.09" Sender_Name="Delphine DESCHAMPS" Sender_Address="06190 ROQUEBRUNE-CAP-MARTIN" Script_2="" NumPage="1">
			<DL_ZONE gedi_type="TextRegion" id="2" col="937" row="406" width="542" height="403" contents="3A (third door)&#10;code 81181&#10;2nd ¤f¤loor" script="hand" language="english"> </DL_ZONE>
			<DL_ZONE gedi_type="TextRegion" id="3" col="1591" row="422" width="287" height="274" contents="Domaine&#10;de&#10;Bellevue" script="hand" language="french"> </DL_ZONE>
			<DL_ZONE gedi_type="TextRegion" id="4" col="2519" row="1274" width="205" height="185" contents="TOWN&#10;HALL" script="hand" language="english"> </DL_ZONE>
			<DL_ZONE gedi_type="TextRegion" id="5" col="1776" row="2186" width="274" height="72" contents="Church ." script="hand" language="english"> </DL_ZONE>
			<DL_ZONE gedi_type="TextRegion" id="6" col="601" row="2113" width="409" height="152" contents="FROM TOWN&#10;CENTRE ." script="hand" language="english"> </DL_ZONE>
			<DL_ZONE gedi_type="TextRegion" id="7" col="220" row="147" width="1556" height="194" contents="Delphine DESCHAMPS 0495009909 .&#10;06190 ROQUEBRUNE-CAP-MARTIN ." script="hand" function_1="coordinates" language="french"> </DL_ZONE>
			<DL_ZONE gedi_type="GraphicRegion" id="10" col="234" row="270" width="2549" height="2077" function="drawing"> </DL_ZONE>
			<DL_ZONE gedi_type="NoiseRegion" id="16" col="116" row="34" width="3139" height="2374"> </DL_ZONE>
		</DL_PAGE>
	</DL_DOCUMENT>
</GEDI>