<?xml version="1.0" encoding="UTF-8"?>
<!--GEDI was developed at Language and Media Processing Laboratory, University of Maryland.-->

<GEDI xmlns="http://lamp.cfar.umd.edu/media/projects/GEDI/" GEDI_version="2.3.19" GEDI_date="12/23/2011">
	<USER name="Adil" date="3/6/2012 16:11" dateFormat="mm/dd/yyyy hh:mm">	</USER>
	<USER name="Laure" date="4/4/2012 11:15" dateFormat="mm/dd/yyyy hh:mm">	</USER>
	<USER name="MC-linux" date="2/24/2012 3:41" dateFormat="mm/dd/yyyy hh:mm">	</USER>
	<USER name="Mailys" date="3/8/2012 17:18" dateFormat="mm/dd/yyyy hh:mm">	</USER>
	<USER name="Nadia" date="3/6/2012 13:45" dateFormat="mm/dd/yyyy hh:mm">	</USER>
	<USER name="nadia" date="1/24/2012 14:20" dateFormat="mm/dd/yyyy hh:mm">	</USER>
	<DL_DOCUMENT src="ELYGXT.tif" docTag="xml" NrOfPages="1">
		<DL_PAGE gedi_type="DL_PAGE" src="ELYGXT.tif" pageID="1" width="1700" height="2338" Language_2="" Sender_Name="" Language_4="" Language_3="" Receiver_Company="" Receiver_Address="" Sender_Company="" Sender_Phone="" Script_2="" Receiver_Fax="" Document_Location="" Sender_Address="" Receiver_Phone="" Sender_Fax="" Category="C5" Document_Date="" Language_1="french" NumPage="1" Script_1="hand" Document_Object="PLAN" Receiver_Name="Claire">
			<DL_ZONE gedi_type="TextRegion" id="1" col="144" row="40" width="1380" height="149" contents="Salut Claire , je t'ai ¤{fais/fait}¤ le plan" script="hand" language="french"> </DL_ZONE>
			<DL_ZONE gedi_type="LineDrawingRegion" id="2" col="1533" row="91" width="51" height="98"> </DL_ZONE>
			<DL_ZONE gedi_type="TextRegion" id="6" col="1465" row="605" width="171" height="49" contents="Monaco" script="hand" language="french"> </DL_ZONE>
			<DL_ZONE gedi_type="TextRegion" id="12" col="567" row="666" width="178" height="53" contents="A 550" script="hand" language="french"> </DL_ZONE>
			<DL_ZONE gedi_type="TextRegion" id="19" col="701" row="781" width="229" height="45" contents="Sortie 26" script="hand" language="french"> </DL_ZONE>
			<DL_ZONE gedi_type="TextRegion" id="20" col="412" row="984" width="225" height="60" contents="centre ville" script="hand" language="french"> </DL_ZONE>
			<DL_ZONE gedi_type="TextRegion" id="21" col="576" row="1329" width="354" height="48" contents="Rue Jean Fraise" script="hand" language="french"> </DL_ZONE>
			<DL_ZONE gedi_type="TextRegion" id="24" col="65" row="629" width="184" height="68" contents="Marseille" script="hand" language="french"> </DL_ZONE>
			<DL_ZONE gedi_type="TextRegion" id="25" col="589" row="1681" width="47" height="128" orientationD="-53.707" contents="ICI" script="hand" language="french"> </DL_ZONE>
			<DL_ZONE gedi_type="TextRegion" id="26" col="577" row="1767" width="25" height="37" orientationD="-50.711" contents="10" script="hand" language="french"> </DL_ZONE>
			<DL_ZONE gedi_type="TextRegion" id="27" col="738" row="1682" width="42" height="351" orientationD="-52.001" contents="Bd Gen de Gaulle" script="hand" language="french"> </DL_ZONE>
			<DL_ZONE gedi_type="TextRegion" id="28" col="901" row="1663" width="44" height="293" rotation="-90" orientationD="-2.862" contents="Rue Paul Haut" script="hand" language="french"> </DL_ZONE>
			<DL_ZONE gedi_type="GraphicRegion" id="36" col="46" row="590" width="1610" height="1459" function="drawing"> </DL_ZONE>
			<DL_ZONE gedi_type="TextRegion" id="38" col="459" row="1208" width="64" height="417" orientationD="-33.014" contents="Rue Ernest Ruben" script="hand" language="french"> </DL_ZONE>
			<DL_ZONE gedi_type="LineDrawingRegion" id="47" polygon="(502,1293);(477,1343);(509,1357);(520,1352);(525,1364);(555,1345);(527,1327);(520,1339);(491,1342);(514,1293)"> </DL_ZONE>
			<DL_ZONE gedi_type="LineDrawingRegion" id="52" col="89" row="708" width="146" height="32"> </DL_ZONE>
			<DL_ZONE gedi_type="LineDrawingRegion" id="53" col="690" row="850" width="55" height="24" orientationD="25.641"> </DL_ZONE>
			<DL_ZONE gedi_type="LineDrawingRegion" id="54" col="1450" row="660" width="142" height="41"> </DL_ZONE>
			<DL_ZONE gedi_type="LineDrawingRegion" id="55" col="520" row="1129" width="83" height="36" orientationD="52.722"> </DL_ZONE>
			<DL_ZONE gedi_type="LineDrawingRegion" id="56" col="818" row="1389" width="86" height="24"> </DL_ZONE>
			<DL_ZONE gedi_type="LineDrawingRegion" id="57" col="908" row="1381" width="37" height="118"> </DL_ZONE>
			<DL_ZONE gedi_type="LineDrawingRegion" id="58" col="958" row="1558" width="26" height="80"> </DL_ZONE>
			<DL_ZONE gedi_type="LineDrawingRegion" id="59" col="830" row="1629" width="110" height="32" orientationD="38.741"> </DL_ZONE>
			<DL_ZONE gedi_type="NoiseRegion" id="64" col="1047" row="678" width="25" height="24"> </DL_ZONE>
			<DL_ZONE gedi_type="NoiseRegion" id="65" col="692" row="1487" width="35" height="24"> </DL_ZONE>
			<DL_ZONE gedi_type="NoiseRegion" id="66" col="1272" row="1413" width="34" height="30"> </DL_ZONE>
			<DL_ZONE gedi_type="NoiseRegion" id="67" col="1349" row="1504" width="35" height="19"> </DL_ZONE>
			<DL_ZONE gedi_type="NoiseRegion" id="68" col="1450" row="1132" width="44" height="25"> </DL_ZONE>
			<DL_ZONE gedi_type="NoiseRegion" id="69" col="1331" row="982" width="74" height="41"> </DL_ZONE>
			<DL_ZONE gedi_type="NoiseRegion" id="70" col="1480" row="835" width="35" height="25"> </DL_ZONE>
			<DL_ZONE gedi_type="NoiseRegion" id="71" col="86" row="1486" width="30" height="28"> </DL_ZONE>
			<DL_ZONE gedi_type="NoiseRegion" id="72" col="762" row="2002" width="35" height="25"> </DL_ZONE>
			<DL_ZONE gedi_type="NoiseRegion" id="73" col="336" row="2090" width="27" height="22"> </DL_ZONE>
		</DL_PAGE>
	</DL_DOCUMENT>
</GEDI>