<?xml version="1.0" encoding="UTF-8"?>
<!--GEDI was developed at Language and Media Processing Laboratory, University of Maryland.-->

<GEDI xmlns="http://lamp.cfar.umd.edu/media/projects/GEDI/" GEDI_version="2.3.19" GEDI_date="12/23/2011">
	<USER name="Adil" date="3/22/2012 17:07" dateFormat="mm/dd/yyyy hh:mm">	</USER>
	<USER name="MDR-P4" date="12/4/2012 15:29" dateFormat="mm/dd/yyyy hh:mm">	</USER>
	<USER name="MDR-P8" date="12/3/2012 18:15" dateFormat="mm/dd/yyyy hh:mm">	</USER>
	<USER name="MDR-R2" date="11/5/2012 15:25" dateFormat="mm/dd/yyyy hh:mm">	</USER>
	<USER name="MDR-R4" date="10/24/2012 15:47" dateFormat="mm/dd/yyyy hh:mm">	</USER>
	<USER name="MDR-R7" date="11/1/2012 11:25" dateFormat="mm/dd/yyyy hh:mm">	</USER>
	<USER name="MDR_R8" date="10/29/2012 15:38" dateFormat="mm/dd/yyyy hh:mm">	</USER>
	<USER name="mohamed salah" date="5/11/2012 22:13" dateFormat="mm/dd/yyyy hh:mm">	</USER>
	<DL_DOCUMENT src="ELYXTQ.tif" docTag="xml" NrOfPages="1">
		<DL_PAGE gedi_type="DL_PAGE" src="ELYXTQ.tif" pageID="1" width="1642" height="2300" Sender_Name="" Document_Date="" Language_4="" Receiver_Name="" Language_3="" Receiver_Company="" Receiver_Address="" Sender_Company="" Sender_Phone="" Receiver_Fax="" Document_Location="" Receiver_Phone="" Sender_Address="" Sender_Fax="" Category="C5" Document_Object="جدول" Language_2="" Language_1="arabic" NumPage="1" Script_1="typed" Script_2="hand" GEDI_orientation="270">
			<DL_ZONE gedi_type="TextRegion" id="1" col="1499" row="843" width="78" height="176" contents="الأحكام1" script="typed" language="arabic"> </DL_ZONE>
			<DL_ZONE gedi_type="TextRegion" id="2" col="1415" row="1983" width="84" height="175" contents="التاريخ" script="typed" language="arabic"> </DL_ZONE>
			<DL_ZONE gedi_type="TextRegion" id="3" col="1414" row="1569" width="78" height="220" contents="المتهمون" script="typed" language="arabic"> </DL_ZONE>
			<DL_ZONE gedi_type="TextRegion" id="4" col="1412" row="1293" width="79" height="167" contents="الإعدام" script="typed" language="arabic"> </DL_ZONE>
			<DL_ZONE gedi_type="TextRegion" id="5" col="1420" row="1099" width="75" height="145" contents="المؤبد" script="typed" language="arabic"> </DL_ZONE>
			<DL_ZONE gedi_type="TextRegion" id="6" col="1343" row="694" width="155" height="344" contents="مجموع سنوات&#10;السجن" script="typed" language="arabic"> </DL_ZONE>
			<DL_ZONE gedi_type="TextRegion" id="12" col="1254" row="1961" width="88" height="292" contents="جانفي 1957" script="typed" language="arabic"> </DL_ZONE>
			<DL_ZONE gedi_type="TextRegion" id="13" col="1246" row="1639" width="59" height="86" contents="54" script="typed" language="arabic"> </DL_ZONE>
			<DL_ZONE gedi_type="TextRegion" id="14" col="1265" row="1351" width="69" height="50" contents="7" script="typed" language="arabic"> </DL_ZONE>
			<DL_ZONE gedi_type="TextRegion" id="15" col="1256" row="1149" width="63" height="44" contents="0" script="typed" language="arabic"> </DL_ZONE>
			<DL_ZONE gedi_type="TextRegion" id="16" col="1266" row="818" width="64" height="115" contents="252" script="typed" language="arabic"> </DL_ZONE>
			<DL_ZONE gedi_type="TextRegion" id="20" col="1074" row="1648" width="73" height="83" contents="55" script="typed" language="arabic"> </DL_ZONE>
			<DL_ZONE gedi_type="TextRegion" id="21" col="1103" row="1344" width="71" height="56" contents="9" script="typed" language="arabic"> </DL_ZONE>
			<DL_ZONE gedi_type="TextRegion" id="22" col="1104" row="1147" width="69" height="55" contents="3" script="typed" language="arabic"> </DL_ZONE>
			<DL_ZONE gedi_type="TextRegion" id="23" col="1101" row="808" width="77" height="128" contents="436" script="typed" language="arabic"> </DL_ZONE>
			<DL_ZONE gedi_type="TextRegion" id="26" col="869" row="1974" width="150" height="274" contents="أوت_أكتوبر&#10;1959" script="typed" language="arabic"> </DL_ZONE>
			<DL_ZONE gedi_type="TextRegion" id="28" col="922" row="1647" width="57" height="105" contents="123" script="typed" language="arabic"> </DL_ZONE>
			<DL_ZONE gedi_type="TextRegion" id="29" col="868" row="1656" width="55" height="89" contents="67" script="hand" function_1="annotation" language="arabic"> </DL_ZONE>
			<DL_ZONE gedi_type="LineDrawingRegion" id="30" col="921" row="1641" width="49" height="112"> </DL_ZONE>
			<DL_ZONE gedi_type="TextRegion" id="31" col="948" row="1337" width="64" height="72" contents="15" script="typed" language="arabic"> </DL_ZONE>
			<DL_ZONE gedi_type="TextRegion" id="32" col="951" row="1146" width="65" height="69" contents="19" script="typed" language="arabic"> </DL_ZONE>
			<DL_ZONE gedi_type="TextRegion" id="33" col="941" row="812" width="70" height="122" contents="870" script="typed" language="arabic"> </DL_ZONE>
			<DL_ZONE gedi_type="TextRegion" id="35" col="948" row="172" width="67" height="103" contents="9.5" script="typed" language="arabic"> </DL_ZONE>
			<DL_ZONE gedi_type="TextRegion" id="36" col="780" row="1951" width="81" height="301" contents="جويلية 1961" script="typed" language="arabic"> </DL_ZONE>
			<DL_ZONE gedi_type="TextRegion" id="37" col="765" row="1639" width="68" height="111" contents="137" script="typed" language="arabic"> </DL_ZONE>
			<DL_ZONE gedi_type="TextRegion" id="38" col="791" row="1354" width="61" height="50" contents="0" script="typed" language="arabic"> </DL_ZONE>
			<DL_ZONE gedi_type="TextRegion" id="39" col="790" row="1143" width="63" height="53" contents="2" script="typed" language="arabic"> </DL_ZONE>
			<DL_ZONE gedi_type="TextRegion" id="40" col="791" row="801" width="63" height="143" contents="1132" script="typed" language="arabic"> </DL_ZONE>
			<DL_ZONE gedi_type="TextRegion" id="41" col="712" row="811" width="74" height="158" contents="618" script="hand" function_1="annotation" language="arabic"> </DL_ZONE>
			<DL_ZONE gedi_type="LineDrawingRegion" id="42" col="799" row="803" width="40" height="147"> </DL_ZONE>
			<DL_ZONE gedi_type="TextRegion" id="43" col="781" row="516" width="70" height="42" contents="5" script="typed" language="arabic"> </DL_ZONE>
			<DL_ZONE gedi_type="TextRegion" id="44" col="796" row="179" width="72" height="98" contents="8.5" script="typed" language="arabic"> </DL_ZONE>
			<DL_ZONE gedi_type="TextRegion" id="45" col="631" row="1961" width="75" height="292" contents="فيفري 1969" script="typed" language="arabic"> </DL_ZONE>
			<DL_ZONE gedi_type="TextRegion" id="46" col="636" row="1665" width="56" height="79" contents="30" script="typed" language="arabic"> </DL_ZONE>
			<DL_ZONE gedi_type="TextRegion" id="47" col="637" row="1354" width="60" height="54" contents="0" script="typed" language="arabic"> </DL_ZONE>
			<DL_ZONE gedi_type="TextRegion" id="48" col="636" row="1158" width="58" height="44" contents="0" script="typed" language="arabic"> </DL_ZONE>
			<DL_ZONE gedi_type="TextRegion" id="49" col="637" row="819" width="65" height="114" contents="104" script="hand" language="arabic"> </DL_ZONE>
			<DL_ZONE gedi_type="TextRegion" id="50" col="630" row="529" width="62" height="37" contents="1" script="typed" language="arabic"> </DL_ZONE>
			<DL_ZONE gedi_type="TextRegion" id="51" col="637" row="184" width="58" height="97" contents="3.5" script="typed" language="arabic"> </DL_ZONE>
			<DL_ZONE gedi_type="TextRegion" id="52" col="533" row="1952" width="87" height="301" contents="أكتوبر 1975" script="typed" language="arabic"> </DL_ZONE>
			<DL_ZONE gedi_type="TextRegion" id="53" col="516" row="1645" width="65" height="98" contents="101" script="typed" language="arabic"> </DL_ZONE>
			<DL_ZONE gedi_type="TextRegion" id="54" col="550" row="1352" width="64" height="47" contents="0" script="typed" language="arabic"> </DL_ZONE>
			<DL_ZONE gedi_type="TextRegion" id="55" col="547" row="1148" width="65" height="44" contents="0" script="typed" language="arabic"> </DL_ZONE>
			<DL_ZONE gedi_type="TextRegion" id="56" col="536" row="815" width="90" height="117" contents="320" script="typed" language="arabic"> </DL_ZONE>
			<DL_ZONE gedi_type="TextRegion" id="57" col="555" row="518" width="59" height="47" contents="9" script="typed" language="arabic"> </DL_ZONE>
			<DL_ZONE gedi_type="TextRegion" id="58" col="551" row="197" width="61" height="53" contents="4" script="typed" language="arabic"> </DL_ZONE>
			<DL_ZONE gedi_type="TextRegion" id="59" col="392" row="1942" width="77" height="299" contents="أكتوبر 1978" script="typed" language="arabic"> </DL_ZONE>
			<DL_ZONE gedi_type="TextRegion" id="60" col="361" row="1650" width="70" height="88" contents="30" script="typed" language="arabic"> </DL_ZONE>
			<DL_ZONE gedi_type="TextRegion" id="61" col="400" row="1356" width="58" height="45" contents="0" script="typed" language="arabic"> </DL_ZONE>
			<DL_ZONE gedi_type="TextRegion" id="62" col="396" row="1145" width="59" height="53" contents="0" script="typed" language="arabic"> </DL_ZONE>
			<DL_ZONE gedi_type="TextRegion" id="63" col="396" row="819" width="66" height="119" contents="108" script="typed" language="arabic"> </DL_ZONE>
			<DL_ZONE gedi_type="TextRegion" id="64" col="397" row="519" width="55" height="50" contents="6" script="typed" language="arabic"> </DL_ZONE>
			<DL_ZONE gedi_type="TextRegion" id="65" col="404" row="183" width="66" height="94" contents="4.5" script="typed" language="arabic"> </DL_ZONE>
			<DL_ZONE gedi_type="TextRegion" id="66" col="320" row="198" width="72" height="139" contents="7,5" script="hand" function_1="annotation" language="arabic"> </DL_ZONE>
			<DL_ZONE gedi_type="LineDrawingRegion" id="67" col="400" row="182" width="51" height="92"> </DL_ZONE>
			<DL_ZONE gedi_type="TextRegion" id="68" col="232" row="1945" width="72" height="311" contents="سبتمبر 1981" script="typed" language="arabic"> </DL_ZONE>
			<DL_ZONE gedi_type="TextRegion" id="69" col="204" row="1655" width="72" height="75" contents="91" script="typed" language="arabic"> </DL_ZONE>
			<DL_ZONE gedi_type="TextRegion" id="70" col="227" row="1350" width="69" height="47" contents="0" script="typed" language="arabic"> </DL_ZONE>
			<DL_ZONE gedi_type="TextRegion" id="71" col="228" row="1140" width="63" height="57" contents="0" script="typed" language="arabic"> </DL_ZONE>
			<DL_ZONE gedi_type="TextRegion" id="72" col="231" row="818" width="68" height="117" contents="458" script="typed" language="arabic"> </DL_ZONE>
			<DL_ZONE gedi_type="TextRegion" id="73" col="236" row="508" width="62" height="55" contents="2" script="typed" language="arabic"> </DL_ZONE>
			<DL_ZONE gedi_type="TextRegion" id="74" col="236" row="184" width="62" height="88" contents="5.5" script="typed" language="arabic"> </DL_ZONE>
			<DL_ZONE gedi_type="TextRegion" id="75" col="75" row="1945" width="74" height="307" contents="سبتمبر 1987" script="typed" language="arabic"> </DL_ZONE>
			<DL_ZONE gedi_type="TextRegion" id="76" col="38" row="1654" width="68" height="88" contents="90" script="typed" language="arabic"> </DL_ZONE>
			<DL_ZONE gedi_type="TextRegion" id="77" col="71" row="1359" width="69" height="50" contents="7" script="typed" language="arabic"> </DL_ZONE>
			<DL_ZONE gedi_type="TextRegion" id="78" col="70" row="1150" width="66" height="45" contents="2" script="typed" language="arabic"> </DL_ZONE>
			<DL_ZONE gedi_type="TextRegion" id="79" col="72" row="818" width="70" height="117" contents="785" script="typed" language="arabic"> </DL_ZONE>
			<DL_ZONE gedi_type="TextRegion" id="80" col="75" row="508" width="71" height="83" contents="14" script="typed" language="arabic"> </DL_ZONE>
			<DL_ZONE gedi_type="TextRegion" id="81" col="75" row="184" width="73" height="83" contents="12" script="typed" language="arabic"> </DL_ZONE>
			<DL_ZONE gedi_type="NoiseRegion" id="82" polygon="(786,744);(870,748);(962,776);(1038,818);(1003,965);(946,936);(886,928);(842,936);(766,852);(792,703)"> </DL_ZONE>
			<DL_ZONE gedi_type="NoiseRegion" id="83" polygon="(596,1061);(629,1072);(665,1150);(678,1280);(626,1333);(488,1417);(437,1376);(382,1323);(355,1284);(351,1239);(366,1145);(399,1103);(402,1097)"> </DL_ZONE>
			<DL_ZONE gedi_type="NoiseRegion" id="84" polygon="(815,1893);(629,1950);(507,1821);(296,1462);(330,1413);(452,1529);(863,1697)"> </DL_ZONE>
			<DL_ZONE gedi_type="TableRegion" id="86" col="2" row="0" width="1590" height="2261"> </DL_ZONE>
			<DL_ZONE gedi_type="TextRegion" id="87" col="954" row="500" width="68" height="64" contents="5" script="typed" language="arabic"> </DL_ZONE>
			<DL_ZONE gedi_type="TextRegion" id="88" col="1110" row="500" width="68" height="76" contents="10" script="typed" language="arabic"> </DL_ZONE>
			<DL_ZONE gedi_type="TextRegion" id="89" col="1270" row="508" width="64" height="52" contents="8" script="typed" language="arabic"> </DL_ZONE>
			<DL_ZONE gedi_type="TextRegion" id="90" col="1098" row="172" width="88" height="100" contents="13" script="typed" language="arabic"> </DL_ZONE>
			<DL_ZONE gedi_type="TextRegion" id="91" col="1266" row="176" width="60" height="96" contents="6.5" script="typed" language="arabic"> </DL_ZONE>
			<DL_ZONE gedi_type="TextRegion" id="93" col="1350" row="408" width="132" height="252" contents="عدم سماع&#10;الدعوى" script="typed" language="arabic"> </DL_ZONE>
			<DL_ZONE gedi_type="TextRegion" id="95" col="1346" row="78" width="174" height="308" contents="معدل الأحكام&#10;(سنة)*" script="typed" language="arabic"> </DL_ZONE>
		</DL_PAGE>
	</DL_DOCUMENT>
</GEDI>