<?xml version="1.0" encoding="UTF-8"?>
<!--GEDI was developed at Language and Media Processing Laboratory, University of Maryland.-->

<GEDI xmlns="http://lamp.cfar.umd.edu/media/projects/GEDI/" GEDI_version="2.3.19" GEDI_date="12/23/2011">
	<USER name="Laure" date="5/4/2012 16:17" dateFormat="mm/dd/yyyy hh:mm">	</USER>
	<USER name="asmae" date="4/19/2012 12:51" dateFormat="mm/dd/yyyy hh:mm">	</USER>
	<DL_DOCUMENT src="ELZUTP.tif" docTag="xml" NrOfPages="1">
		<DL_PAGE gedi_type="DL_PAGE" src="ELZUTP.tif" pageID="1" width="1728" height="2359" Language_2="" Sender_Name="" Language_4="" Receiver_Name="" Language_3="" Receiver_Company="" Receiver_Address="" Sender_Company="" Sender_Phone="" Receiver_Fax="" Receiver_Phone="" Sender_Address="" Category="C5" Document_Location="" Document_Object="PLAN D'APPARTEMENT" Language_1="french" NumPage="1" Document_Date="16/04/2012" Sender_Fax="+33(0)1.43.13.33.30" Script_1="typed" Script_2="hand">
			<DL_ZONE gedi_type="TextRegion" id="1" col="76" row="0" width="1565" height="25" contents="16/04 2012 LUN 19:39 FAX 01 43 13 33 30 ELDA 001 / 001" script="typed" function_2="date" function_1="header" language="french"> </DL_ZONE>
			<DL_ZONE gedi_type="TextRegion" id="11" polygon="(267,643);(271,584);(403,582);(438,596);(439,637);(439,691);(395,681);(398,644)" contents="Chambre&#10;1" script="hand" language="french"> </DL_ZONE>
			<DL_ZONE gedi_type="TextRegion" id="12" polygon="(691,602);(697,575);(830,574);(856,585);(861,622);(694,625)" contents="Clic-Clac" script="hand" language="french"> </DL_ZONE>
			<DL_ZONE gedi_type="TextRegion" id="13" polygon="(588,779);(639,728);(724,719);(716,766);(749,773);(755,820);(654,815);(578,828);(558,803)" contents="Salon" script="hand" language="french"> </DL_ZONE>
			<DL_ZONE gedi_type="TextRegion" id="14" col="189" row="974" width="149" height="54" contents="Placards" script="hand" language="french"> </DL_ZONE>
			<DL_ZONE gedi_type="TextRegion" id="15" polygon="(275,1102);(292,1052);(404,1050);(438,1069);(436,1111);(442,1172);(407,1168);(404,1127);(281,1119)" contents="Chambre&#10;2" script="hand" language="french"> </DL_ZONE>
			<DL_ZONE gedi_type="TextRegion" id="16" polygon="(944,1373);(961,1323);(1002,1323);(1003,1343);(1091,1344);(1117,1364);(1114,1387);(957,1397)" contents="Cuisine" script="hand" language="french"> </DL_ZONE>
			<DL_ZONE gedi_type="TextRegion" id="17" polygon="(708,1363);(729,1353);(811,1340);(832,1354);(839,1408);(828,1551);(687,1548)" contents="Salle&#10;de&#10;bains" script="hand" language="french"> </DL_ZONE>
			<DL_ZONE gedi_type="TextRegion" id="18" col="564" row="1479" width="89" height="70" contents="WC" script="hand" language="french"> </DL_ZONE>
			<DL_ZONE gedi_type="TextRegion" id="19" polygon="(1209,1448);(1200,1336);(1223,1339);(1242,1421);(1302,1432);(1324,1211);(1391,1223);(1365,1484);(1238,1449);(1223,1498);(1200,1500)" contents="Terrasse" script="hand" language="french"> </DL_ZONE>
			<DL_ZONE gedi_type="GraphicRegion" id="29" function="drawing" polygon="(128,1537);(139,1363);(165,1001);(171,719);(173,588);(173,557);(634,550);(1481,581);(1548,591);(1524,851);(1503,1016);(1480,1192);(1479,1411);(1477,1582);(666,1585);(131,1562)"> </DL_ZONE>
			<DL_ZONE gedi_type="NoiseRegion" id="30" polygon="(1687,83);(1701,94);(1690,139);(1701,184);(1696,497);(1677,497);(1681,185);(1665,154);(1669,131)"> </DL_ZONE>
			<DL_ZONE gedi_type="GraphicRegion" id="32" col="1504" row="0" width="21" height="24" function="drawing"> </DL_ZONE>
		</DL_PAGE>
	</DL_DOCUMENT>
</GEDI>