<?xml version="1.0" encoding="UTF-8"?>
<!--GEDI was developed at Language and Media Processing Laboratory, University of Maryland.-->

<GEDI xmlns="http://lamp.cfar.umd.edu/media/projects/GEDI/" GEDI_version="2.3.19" GEDI_date="12/23/2011">
	<USER name="MDR-P6" date="4/23/2013 11:28" dateFormat="mm/dd/yyyy hh:mm">	</USER>
	<USER name="Mdr-P5" date="4/10/2013 17:28" dateFormat="mm/dd/yyyy hh:mm">	</USER>
	<DL_DOCUMENT src="EMPHRR.tif" docTag="xml" NrOfPages="1">
		<DL_PAGE gedi_type="DL_PAGE" src="EMPHRR.tif" pageID="1" width="1728" height="2242" Language_2="" Receiver_Name="" Language_4="" Language_3="" Sender_Company="" Script_2="" Receiver_Fax="" Receiver_Phone="" Sender_Fax="" Category="C3" Document_Date="27/02/2013" Document_Location="BORDEAUX" Document_Object="COMMANDE" Language_1="french" NumPage="1" Script_1="hand" Receiver_Address="BP 70112 75002 PARIS CEDEX" Receiver_Company="MON SHOPPING" Sender_Address="11 RUE DES CESTAS 33000 BORDEAUX" Sender_Name="Claudine GOMES" Sender_Phone="+33(0)5.96.65.01.25">
			<DL_ZONE gedi_type="TextRegion" id="1" col="55" row="20" width="523" height="326" contents="Claudine Gomes&#10;11 rue des Cestas&#10;33 000 Bordeaux&#10;¤{Tel/Tél.}¤ : 05 96 65 01 25" script="hand" function_1="coordinates" language="french"> </DL_ZONE>
			<DL_ZONE gedi_type="TextRegion" id="2" col="1037" row="367" width="556" height="288" contents="Mon Shopping&#10;Service client&#10;BP 70112&#10;75 002 PARIS Cedex" script="hand" function_1="coordinates" language="french"> </DL_ZONE>
			<DL_ZONE gedi_type="TextRegion" id="3" col="1003" row="675" width="677" height="127" contents="Bordeaux , le 27 ¤{fevrier/février}¤ 2013" script="hand" function_2="location" function_1="date" language="french"> </DL_ZONE>
			<DL_ZONE gedi_type="TextRegion" id="4" col="61" row="799" width="1595" height="1266" contents="¤{Ref/Réf}¤ : commande B2211333&#10;Madame, Monsieur,&#10;Je vous écris ce jour concernant la commande ¤référencée¤&#10;ci-¤dessus¤ . En effet, malgré tous les soins que vous avez&#10;pris pour emballer l'article, celui-ci est arrivé&#10;cassé . Je vous demanderais dons de bien vouloir me&#10;donner la procédure à suivre pour vous le renvoyer&#10;et pour obtenir un remboursement .&#10;Dans cette attente , je suis à votre disposition pour&#10;toute information complémentaire.&#10;Cordialement&#10;Gomes" script="hand" function_2="reference" function_1="text_section" language="french"> </DL_ZONE>
			<DL_ZONE gedi_type="NoiseRegion" id="5" col="701" row="83" width="24" height="2157"> </DL_ZONE>
		</DL_PAGE>
	</DL_DOCUMENT>
</GEDI>