<?xml version="1.0" encoding="UTF-8"?>
<!--GEDI was developed at Language and Media Processing Laboratory, University of Maryland.-->

<GEDI xmlns="http://lamp.cfar.umd.edu/media/projects/GEDI/" GEDI_version="2.3.19" GEDI_date="12/23/2011">
	<USER name="MDR-P4" date="12/26/2012 15:03" dateFormat="mm/dd/yyyy hh:mm">	</USER>
	<USER name="MDR-P8" date="5/28/2013 16:26" dateFormat="mm/dd/yyyy hh:mm">	</USER>
	<USER name="Mdr-P5" date="1/29/2013 12:21" dateFormat="mm/dd/yyyy hh:mm">	</USER>
	<DL_DOCUMENT src="EQBIKE.tif" docTag="xml" NrOfPages="1">
		<DL_PAGE gedi_type="DL_PAGE" src="EQBIKE.tif" pageID="1" width="2480" height="3507" Language_2="" Language_4="" Receiver_Name="" Language_3="" Sender_Company="" Sender_Phone="" Receiver_Fax="" Receiver_Phone="" Sender_Fax="" Category="C2" Document_Date="28/02/1978" Document_Location="" Document_Object="FACTURE" Language_1="french" NumPage="1" Receiver_Address="42 AVENUE GÉNÉRAL LECLERC, 38000 GRENOBLE" Receiver_Company="VERDURE ET JARDIN" Script_1="typed" Script_2="hand" Sender_Address="89 CAHIN LOU RAMPIN VILLA LES ROSEAUX, 06440 PEILLON" Sender_Name="Christophe MILLET">
			<DL_ZONE gedi_type="TextRegion" id="2" nextZoneID="16" col="1446" row="282" width="190" height="54" contents="Client :" script="typed" language="french"> </DL_ZONE>
			<DL_ZONE gedi_type="TextRegion" id="3" col="289" row="716" width="977" height="156" contents="Dispensé d'immatriculation au registre du commerce&#10;et des sociétés (RCS) et au répertoire des métiers (RM)" script="typed" language="french"> </DL_ZONE>
			<DL_ZONE gedi_type="TextRegion" id="4" nextZoneID="47" col="1384" row="722" width="136" height="54" contents="Date :" script="typed" language="french"> </DL_ZONE>
			<DL_ZONE gedi_type="TextRegion" id="5" nextZoneID="17" col="327" row="896" width="449" height="72" contents="FACTURE N°" script="typed" function_2="object" function_1="title" language="french"> </DL_ZONE>
			<DL_ZONE gedi_type="TextRegion" id="6" col="282" row="1071" width="628" height="151" contents="Désignation des produits&#10;ou prestations" script="typed" language="french"> </DL_ZONE>
			<DL_ZONE gedi_type="TextRegion" id="7" col="1267" row="1070" width="223" height="74" contents="Quantité" script="typed" language="french"> </DL_ZONE>
			<DL_ZONE gedi_type="TextRegion" id="8" col="1587" row="1076" width="399" height="66" contents="Prix unitaire HT" script="typed" language="french"> </DL_ZONE>
			<DL_ZONE gedi_type="TextRegion" id="9" col="2091" row="1070" width="207" height="80" contents="Total HT" script="typed" language="french"> </DL_ZONE>
			<DL_ZONE gedi_type="TextRegion" id="10" nextZoneID="27" col="276" row="2682" width="424" height="72" contents="Date de règlement :" script="typed" language="french"> </DL_ZONE>
			<DL_ZONE gedi_type="TextRegion" id="11" nextZoneID="12" col="281" row="2759" width="603" height="59" contents="Date d'exécution de la vente" script="typed" language="french"> </DL_ZONE>
			<DL_ZONE gedi_type="TextRegion" id="12" nextZoneID="28" col="276" row="2820" width="438" height="63" contents="ou de la prestation :" script="typed" language="french"> </DL_ZONE>
			<DL_ZONE gedi_type="TextRegion" id="13" col="1540" row="2662" width="362" height="86" contents="TOTAL HT" script="typed" language="french"> </DL_ZONE>
			<DL_ZONE gedi_type="TextRegion" id="14" col="1536" row="2794" width="402" height="76" contents="TVA non applicable" script="typed" language="french"> </DL_ZONE>
			<DL_ZONE gedi_type="TextRegion" id="16" col="1421" row="338" width="923" height="338" contents="Verdure et jardin&#10;42, avenue du général ¤Leclerc¤&#10;38 000 Grenoble." script="hand" function_1="coordinates" language="french"> </DL_ZONE>
			<DL_ZONE gedi_type="TextRegion" id="17" col="781" row="896" width="135" height="62" contents="475" script="hand" function_1="reference" language="french"> </DL_ZONE>
			<DL_ZONE gedi_type="TextRegion" id="18" col="305" row="1265" width="849" height="127" contents="Pompe à vide primaire" script="hand" language="french"> </DL_ZONE>
			<DL_ZONE gedi_type="TextRegion" id="19" col="1303" row="1266" width="103" height="94" contents="1" script="hand" language="french"> </DL_ZONE>
			<DL_ZONE gedi_type="TextRegion" id="20" col="1629" row="1271" width="265" height="117" contents="250,00" script="hand" language="french"> </DL_ZONE>
			<DL_ZONE gedi_type="TextRegion" id="21" col="2112" row="1279" width="224" height="123" contents="250,00" script="hand" language="french"> </DL_ZONE>
			<DL_ZONE gedi_type="TextRegion" id="23" col="1294" row="1392" width="76" height="116" contents="3" script="hand" language="french"> </DL_ZONE>
			<DL_ZONE gedi_type="TextRegion" id="24" col="1648" row="1400" width="240" height="108" contents="50,00" script="hand" language="french"> </DL_ZONE>
			<DL_ZONE gedi_type="TextRegion" id="25" col="2064" row="1408" width="287" height="98" contents="150,00" script="hand" language="french"> </DL_ZONE>
			<DL_ZONE gedi_type="TextRegion" id="27" col="729" row="2666" width="413" height="74" contents="03.03.1978" script="hand" language="french"> </DL_ZONE>
			<DL_ZONE gedi_type="TextRegion" id="28" col="725" row="2814" width="439" height="76" contents="28.03.1978" script="hand" language="french"> </DL_ZONE>
			<DL_ZONE gedi_type="TextRegion" id="29" col="1960" row="2677" width="290" height="135" contents="550,00" script="hand" language="french"> </DL_ZONE>
			<DL_ZONE gedi_type="GraphicRegion" id="31" col="290" row="213" width="970" height="487" function="other"> </DL_ZONE>
			<DL_ZONE gedi_type="GraphicRegion" id="32" col="1380" row="211" width="980" height="485" function="other"> </DL_ZONE>
			<DL_ZONE gedi_type="GraphicRegion" id="33" col="291" row="880" width="973" height="114" function="other"> </DL_ZONE>
			<DL_ZONE gedi_type="GraphicRegion" id="35" col="722" row="2860" width="572" height="24" function="underlined-field"> </DL_ZONE>
			<DL_ZONE gedi_type="GraphicRegion" id="38" col="768" row="940" width="116" height="26" function="underlined-field"> </DL_ZONE>
			<DL_ZONE gedi_type="TextRegion" id="39" col="1277" row="1526" width="89" height="74" contents="1" script="hand" language="french"> </DL_ZONE>
			<DL_ZONE gedi_type="TextRegion" id="40" col="1578" row="1535" width="300" height="109" contents="150,00" script="hand" language="french"> </DL_ZONE>
			<DL_ZONE gedi_type="TextRegion" id="41" col="2046" row="1528" width="295" height="116" contents="150,00" script="hand" language="french"> </DL_ZONE>
			<DL_ZONE gedi_type="TableRegion" id="43" polygon="(262,1055);(2362,1052);(2354,2896);(1526,2888);(1526,2592);(272,2590)"> </DL_ZONE>
			<DL_ZONE gedi_type="GraphicRegion" id="44" col="68" row="44" width="2348" height="120" function="other"> </DL_ZONE>
			<DL_ZONE gedi_type="TextRegion" id="45" nextZoneID="46" polygon="(352,294);(724,296);(722,348);(514,346);(516,356);(492,354);(486,346);(354,338)" contents="Entrepreneur :" script="typed" language="french"> </DL_ZONE>
			<DL_ZONE gedi_type="TextRegion" id="46" polygon="(304,366);(348,338);(376,342);(384,372);(544,372);(558,352);(580,356);(744,358);(747,324);(801,334);(802,350);(1026,354);(1030,454);(1182,470);(1186,554);(992,578);(988,682);(440,694);(308,702);(298,454)" contents="Christophe MILLET&#10;89, Cahin Lou Rampin&#10;Villa les Roseaux&#10;06440 Peillon" script="hand" function_1="coordinates" language="french"> </DL_ZONE>
			<DL_ZONE gedi_type="TextRegion" id="47" col="1534" row="704" width="414" height="98" contents="28.02.1978" script="hand" function_1="date" language="french"> </DL_ZONE>
			<DL_ZONE gedi_type="TextRegion" id="48" polygon="(298,1404);(362,1400);(630,1402);(642,1392);(662,1392);(662,1414);(916,1448);(910,1486);(582,1490);(544,1550);(514,1528);(524,1504);(310,1494)" contents="Pistons Ø 30mm" script="hand" language="french"> </DL_ZONE>
			<DL_ZONE gedi_type="TextRegion" id="49" polygon="(284,1526);(508,1530);(518,1554);(580,1550);(672,1552);(690,1522);(814,1520);(816,1610);(450,1608);(450,1636);(378,1640);(358,1606);(274,1604)" contents="Support mobile" script="hand" language="french"> </DL_ZONE>
			<DL_ZONE gedi_type="NoiseRegion" id="50" col="1358" row="2814" width="56" height="50"> </DL_ZONE>
			<DL_ZONE gedi_type="GraphicRegion" id="51" col="712" row="2728" width="586" height="26" function="underlined-field"> </DL_ZONE>
			<DL_ZONE gedi_type="NoiseRegion" id="52" col="2436" row="4" width="36" height="3492"> </DL_ZONE>
		</DL_PAGE>
	</DL_DOCUMENT>
</GEDI>