<?xml version="1.0" encoding="UTF-8"?>
<!--GEDI was developed at Language and Media Processing Laboratory, University of Maryland.-->

<GEDI xmlns="http://lamp.cfar.umd.edu/media/projects/GEDI/" GEDI_version="2.3.19" GEDI_date="12/23/2011">
	<USER name="MDR-P4" date="3/29/2013 10:53" dateFormat="mm/dd/yyyy hh:mm">	</USER>
	<USER name="Mdr-P5" date="3/20/2013 15:16" dateFormat="mm/dd/yyyy hh:mm">	</USER>
	<DL_DOCUMENT src="EUVDXV.tif" docTag="xml" NrOfPages="1">
		<DL_PAGE gedi_type="DL_PAGE" src="EUVDXV.tif" pageID="1" width="2544" height="3472" Language_2="" Receiver_Name="" Language_4="" Language_3="" Receiver_Fax="" Sender_Address="" Receiver_Phone="" Sender_Company="E.U.R.L. CHARPENTIER" Sender_Fax="¤{+33(0)3.15.87.17.19|+33(0)3.15.87.17.20}¤" Sender_Phone="¤{+33(0)3.15.87.17.19|+33(0)3.15.87.17.20}¤" Category="C3" Document_Location="CHIEULLES" Document_Date="18/01/2013" Document_Object="LETTRE CONCERNANT UNE AMENDE" Language_1="french" NumPage="1" Script_1="hand" Script_2="typed" Sender_Name="Sarah CHARPENTIER" Receiver_Address="28 RUE DES ARNAQUES, 50120 CHIEULLES CEDEX" Receiver_Company="CHRONO' EXPRESS">
			<DL_ZONE gedi_type="GraphicRegion" id="1" function="logo" polygon="(581,42);(778,25);(995,70);(1187,219);(1314,318);(1272,392);(874,355);(848,315);(722,287);(643,228);(518,276);(394,177)"> </DL_ZONE>
			<DL_ZONE gedi_type="TextRegion" id="2" polygon="(541,403);(1102,431);(1099,476);(987,476);(984,595);(634,578);(637,465);(544,462)" contents="E.U.R.L. CHARPENTIER&#10;03.15.87.17.19&#10;03.15.87.17.20" script="typed" language="french"> </DL_ZONE>
			<DL_ZONE gedi_type="TextRegion" id="3" polygon="(1568,741);(2214,750);(2239,894);(2352,902);(2360,998);(2473,1035);(2487,1322);(2008,1328);(1277,1283);(1311,1193);(1393,1142);(1542,1142);(1548,854)" contents="CHRONO' EXPRESS&#10;28, rue des Arnaques&#10;50120 Chieulles Cedex&#10;A Chieulles, le 18 janvier 2013" script="hand" function_2="location" function_1="coordinates" function_3="date" language="french"> </DL_ZONE>
			<DL_ZONE gedi_type="TextRegion" id="6" polygon="(253,1336);(671,1356);(674,1548);(2434,1596);(2473,1923);(2250,1926);(2273,2242);(2197,2397);(817,2366);(795,2496);(738,2490);(214,2425)" contents="Monsieur,&#10;Bien que votre conducteur transportait nos produits&#10;lorsque les services de police l'ont verbalisé, il n'en&#10;reste pas moins votre employé et vous comprendrez&#10;qu'il est sous votre responsabilité lorsqu'il&#10;effectue un transport.&#10;Le paiement de l'amende pour le trop-plein de&#10;chargement reste dû par votre entreprise.&#10;Cordialement," script="hand" function_1="text_section" language="french"> </DL_ZONE>
			<DL_ZONE gedi_type="TextRegion" id="7" polygon="(1542,2682);(1850,2685);(2245,2693);(2191,2845);(1948,2845);(1898,2803);(1539,2797)" contents="Sarah ¤Charpentier¤" script="hand" language="french"> </DL_ZONE>
			<DL_ZONE gedi_type="TextRegion" id="8" polygon="(623,3164);(1754,3203);(1754,3268);(1799,3280);(1790,3330);(572,3297);(575,3234);(626,3229)" contents="CHARPENTIER S. - 03.15.87.17.19 - 03.15.87.17.20&#10;charpentiers@loulou.com - www.charpentiervatelaver.com" script="typed" function_1="footer" language="french"> </DL_ZONE>
			<DL_ZONE gedi_type="NoiseRegion" id="15" polygon="(14,3409);(1627,3466);(1616,3471);(11,3432)"> </DL_ZONE>
			<DL_ZONE gedi_type="GraphicRegion" id="16" function="signature" polygon="(1799,2820);(1940,2857);(1960,2969);(2053,2952);(2047,2927);(2064,2924);(2106,2941);(2098,2978);(1965,3054);(1644,3051);(1576,3009);(1590,2969);(1751,2944)"> </DL_ZONE>
			<DL_ZONE gedi_type="Group" id="17" col="1529" row="2672" width="726" height="392" elements="7;16"> </DL_ZONE>
			<DL_ZONE gedi_type="TextRegion" id="18" polygon="(1782,2823);(1830,2820);(1954,2871);(1988,3040);(1948,3054);(1745,3015)" contents="M" script="hand" language="french"> </DL_ZONE>
		</DL_PAGE>
	</DL_DOCUMENT>
</GEDI>