<?xml version="1.0" encoding="UTF-8"?>
<!--GEDI was developed at Language and Media Processing Laboratory, University of Maryland.-->

<GEDI xmlns="http://lamp.cfar.umd.edu/media/projects/GEDI/" GEDI_version="2.3.19" GEDI_date="12/23/2011">
	<USER name="Khizrane" date="8/11/2012 15:11" dateFormat="mm/dd/yyyy hh:mm">	</USER>
	<USER name="MDR-P2" date="10/26/2012 18:21" dateFormat="mm/dd/yyyy hh:mm">	</USER>
	<USER name="MDR-P4" date="8/16/2012 19:17" dateFormat="mm/dd/yyyy hh:mm">	</USER>
	<USER name="MDR-P8" date="10/29/2012 19:04" dateFormat="mm/dd/yyyy hh:mm">	</USER>
	<USER name="asmae" date="8/13/2012 16:16" dateFormat="mm/dd/yyyy hh:mm">	</USER>
	<DL_DOCUMENT src="EVWQLB.tif" docTag="xml" NrOfPages="1">
		<DL_PAGE gedi_type="DL_PAGE" src="EVWQLB.tif" pageID="1" width="1651" height="2335" Language_2="" Receiver_Name="" Language_4="" Language_3="" Sender_Phone="" Receiver_Fax="" Receiver_Phone="" Sender_Fax="" Category="C4" Sender_Name="LEVEQUE Genevieve" Sender_Address="CHEMIN DE LA MARQUISE 83320 CARQUEIRANNE" Document_Date="12/08/2012" Document_Location="Carqueiranne" Receiver_Address="12 RUE DU MOULIN DES PRÉS 83320 CARQUEIRANNE" Language_1="french" Sender_Company="" Receiver_Company="CENTRE MUTUALISTE REPSE" Document_Object="RÉSILIATION DU CONTRAT" NumPage="1" Script_1="typed" Script_2="">
			<DL_ZONE gedi_type="TextRegion" id="1" col="147" row="196" width="324" height="123" contents="LEVEQUE Genevieve&#10;Chemin de la Marquise&#10;83320 Carqueiranne" script="typed" function_1="coordinates" language="french"> </DL_ZONE>
			<DL_ZONE gedi_type="TextRegion" id="2" col="807" row="160" width="412" height="47" contents="Carqueiranne, le 12 août 2012" script="typed" function_2="date" function_1="location" language="french"> </DL_ZONE>
			<DL_ZONE gedi_type="TextRegion" id="3" col="763" row="231" width="382" height="134" contents="Centre Mutualiste REPSE&#10;12 rue du moulin des prés&#10;83320 CARQUEIRANNE" script="typed" function_1="coordinates" language="french"> </DL_ZONE>
			<DL_ZONE gedi_type="TextRegion" id="4" col="147" row="499" width="627" height="59" contents="Lettre Recommandée accusée de réception." script="typed" language="french"> </DL_ZONE>
			<DL_ZONE gedi_type="TextRegion" id="5" col="147" row="618" width="412" height="44" contents="Vos réf : adhérent : 2612823" script="typed" function_1="reference" language="french"> </DL_ZONE>
			<DL_ZONE gedi_type="TextRegion" id="6" col="147" row="700" width="467" height="44" contents="Objet : Résiliation de mon contrat" script="typed" function_1="object" language="french"> </DL_ZONE>
			<DL_ZONE gedi_type="TextRegion" id="7" col="144" row="919" width="1310" height="408" contents="Madame, Monsieur&#10;Mon contrat mutualiste référencé ci-dessus, arrive à échéance, le  12 novembre 2012. J'ai le regret&#10;de vous informer que je résilie ce contrat à la date échéance, comme le ¤{stipule/stipulent}¤ vos conditions&#10;générales.&#10;Je vous remercie pour l'attention que vous porterez à ma demande, et vous prie d'agréer, Madame,&#10;Monsieur, l'expression de mes sincères salutations." script="typed" function_1="text_section" language="french"> </DL_ZONE>
			<DL_ZONE gedi_type="TextRegion" id="8" col="148" row="1496" width="325" height="47" contents="LEVEQUE Genevieve" script="typed" language="french"> </DL_ZONE>
			<DL_ZONE gedi_type="GraphicRegion" id="17" function="signature" polygon="(1174,1575);(1114,1734);(1138,1778);(1212,1752);(1370,1648);(1358,1599);(1244,1569)"> </DL_ZONE>
			<DL_ZONE gedi_type="NoiseRegion" id="18" col="1633" row="1457" width="18" height="26"> </DL_ZONE>
			<DL_ZONE gedi_type="NoiseRegion" id="19" col="1642" row="157" width="9" height="29"> </DL_ZONE>
			<DL_ZONE gedi_type="Group" id="27" col="138" row="1486" width="1242" height="302" elements="8;17"> </DL_ZONE>
		</DL_PAGE>
	</DL_DOCUMENT>
</GEDI>