<?xml version="1.0" encoding="UTF-8"?>
<!--GEDI was developed at Language and Media Processing Laboratory, University of Maryland.-->

<GEDI xmlns="http://lamp.cfar.umd.edu/media/projects/GEDI/" GEDI_version="2.3.19" GEDI_date="12/23/2011">
	<USER name="Laure" date="5/31/2012 19:27" dateFormat="mm/dd/yyyy hh:mm">	</USER>
	<USER name="MDR-P8" date="3/18/2013 12:46" dateFormat="mm/dd/yyyy hh:mm">	</USER>
	<USER name="MDR_P4" date="10/23/2012 17:47" dateFormat="mm/dd/yyyy hh:mm">	</USER>
	<USER name="aboubekeur" date="5/31/2012 12:11" dateFormat="mm/dd/yyyy hh:mm">	</USER>
	<DL_DOCUMENT src="EYZUTQ.tif" docTag="xml" NrOfPages="1">
		<DL_PAGE gedi_type="DL_PAGE" src="EYZUTQ.tif" pageID="1" width="1651" height="2335" Sender_Name="" Receiver_Name="" Document_Date="" Receiver_Company="" Receiver_Address="" Sender_Company="" Sender_Phone="" Receiver_Fax="" Document_Location="" Sender_Address="" Receiver_Phone="" Sender_Fax="" Language_1="english" NumPage="1" Script_1="typed" Script_2="hand" Document_Object="HARVEST TIME" Category="C5" Language_2="" Language_3="" Language_4="" GEDI_orientation="270">
			<DL_ZONE gedi_type="TextRegion" id="1" col="1341" row="312" width="32" height="120" contents="CROPS" script="typed" language="english"> </DL_ZONE>
			<DL_ZONE gedi_type="TextRegion" id="2" col="1113" row="303" width="40" height="170" contents="TOMATOES" script="typed" language="english"> </DL_ZONE>
			<DL_ZONE gedi_type="TextRegion" id="3" col="892" row="301" width="40" height="163" contents="LETTUCE" script="typed" language="english"> </DL_ZONE>
			<DL_ZONE gedi_type="TextRegion" id="4" col="731" row="309" width="42" height="166" contents="HONEYDEW" script="typed" language="english"> </DL_ZONE>
			<DL_ZONE gedi_type="TextRegion" id="5" col="512" row="312" width="40" height="115" contents="ROSES" script="typed" language="english"> </DL_ZONE>
			<DL_ZONE gedi_type="TextRegion" id="6" col="336" row="319" width="44" height="186" contents="SEEDLINGS" script="typed" language="english"> </DL_ZONE>
			<DL_ZONE gedi_type="TextRegion" id="8" col="1422" row="722" width="54" height="308" contents="------Planting" script="typed" language="english"> </DL_ZONE>
			<DL_ZONE gedi_type="TextRegion" id="9" col="1348" row="1165" width="38" height="134" contents="MONTHS" script="typed" language="english"> </DL_ZONE>
			<DL_ZONE gedi_type="TextRegion" id="10" col="1442" row="1782" width="46" height="211" contents="Harvesting" script="typed" language="english"> </DL_ZONE>
			<DL_ZONE gedi_type="TextRegion" id="11" col="1233" row="685" width="39" height="80" contents="Aug." script="typed" language="english"> </DL_ZONE>
			<DL_ZONE gedi_type="TextRegion" id="12" col="1233" row="801" width="40" height="102" contents="Sept." script="typed" language="english"> </DL_ZONE>
			<DL_ZONE gedi_type="TextRegion" id="13" col="1240" row="932" width="42" height="77" contents="Oct." script="typed" language="english"> </DL_ZONE>
			<DL_ZONE gedi_type="TextRegion" id="14" col="1244" row="1046" width="35" height="87" contents="Nov." script="typed" language="english"> </DL_ZONE>
			<DL_ZONE gedi_type="TextRegion" id="15" col="1237" row="1164" width="42" height="79" contents="Dec." script="typed" language="english"> </DL_ZONE>
			<DL_ZONE gedi_type="TextRegion" id="16" col="1241" row="1252" width="38" height="90" contents="Jan." script="typed" language="english"> </DL_ZONE>
			<DL_ZONE gedi_type="TextRegion" id="17" col="1244" row="1365" width="42" height="85" contents="Feb." script="typed" language="english"> </DL_ZONE>
			<DL_ZONE gedi_type="TextRegion" id="18" col="1250" row="1478" width="40" height="83" contents="Mar" script="typed" language="english"> </DL_ZONE>
			<DL_ZONE gedi_type="TextRegion" id="19" col="1249" row="1602" width="39" height="81" contents="Apr." script="typed" language="english"> </DL_ZONE>
			<DL_ZONE gedi_type="TextRegion" id="21" col="1254" row="1824" width="36" height="82" contents="Jun." script="typed" language="english"> </DL_ZONE>
			<DL_ZONE gedi_type="TextRegion" id="22" col="1252" row="1928" width="48" height="90" contents="July" script="typed" language="english"> </DL_ZONE>
			<DL_ZONE gedi_type="GraphicRegion" id="24" col="1123" row="805" width="41" height="241" function="drawing"> </DL_ZONE>
			<DL_ZONE gedi_type="GraphicRegion" id="25" col="948" row="701" width="34" height="85" function="drawing"> </DL_ZONE>
			<DL_ZONE gedi_type="GraphicRegion" id="26" col="679" row="740" width="39" height="74" function="drawing"> </DL_ZONE>
			<DL_ZONE gedi_type="GraphicRegion" id="27" col="564" row="703" width="48" height="58" function="drawing"> </DL_ZONE>
			<DL_ZONE gedi_type="GraphicRegion" id="28" col="500" row="937" width="52" height="182" function="drawing"> </DL_ZONE>
			<DL_ZONE gedi_type="GraphicRegion" id="29" col="226" row="1188" width="37" height="77" function="drawing"> </DL_ZONE>
			<DL_ZONE gedi_type="GraphicRegion" id="30" col="948" row="931" width="46" height="80" function="drawing"> </DL_ZONE>
			<DL_ZONE gedi_type="GraphicRegion" id="31" col="886" row="925" width="48" height="93" function="drawing"> </DL_ZONE>
			<DL_ZONE gedi_type="GraphicRegion" id="32" col="1061" row="1150" width="50" height="321" function="drawing"> </DL_ZONE>
			<DL_ZONE gedi_type="GraphicRegion" id="33" col="1127" row="1245" width="39" height="132" function="drawing"> </DL_ZONE>
			<DL_ZONE gedi_type="GraphicRegion" id="34" col="1066" row="1607" width="57" height="191" function="drawing"> </DL_ZONE>
			<DL_ZONE gedi_type="GraphicRegion" id="35" col="950" row="1156" width="44" height="90" function="drawing"> </DL_ZONE>
			<DL_ZONE gedi_type="GraphicRegion" id="36" col="578" row="1490" width="48" height="141" function="drawing"> </DL_ZONE>
			<DL_ZONE gedi_type="GraphicRegion" id="37" col="890" row="1162" width="42" height="93" function="drawing"> </DL_ZONE>
			<DL_ZONE gedi_type="GraphicRegion" id="38" col="587" row="1754" width="39" height="67" function="drawing"> </DL_ZONE>
			<DL_ZONE gedi_type="GraphicRegion" id="39" col="895" row="1598" width="46" height="87" function="drawing"> </DL_ZONE>
			<DL_ZONE gedi_type="GraphicRegion" id="40" col="385" row="1492" width="45" height="103" function="drawing"> </DL_ZONE>
			<DL_ZONE gedi_type="GraphicRegion" id="41" col="888" row="1389" width="53" height="80" function="drawing"> </DL_ZONE>
			<DL_ZONE gedi_type="GraphicRegion" id="42" col="953" row="1390" width="45" height="81" function="drawing"> </DL_ZONE>
			<DL_ZONE gedi_type="GraphicRegion" id="43" col="684" row="1796" width="62" height="100" function="drawing"> </DL_ZONE>
			<DL_ZONE gedi_type="GraphicRegion" id="44" col="770" row="1754" width="47" height="69" function="drawing"> </DL_ZONE>
			<DL_ZONE gedi_type="GraphicRegion" id="45" col="769" row="1850" width="52" height="79" function="drawing"> </DL_ZONE>
			<DL_ZONE gedi_type="GraphicRegion" id="46" col="345" row="1602" width="41" height="222" function="drawing"> </DL_ZONE>
			<DL_ZONE gedi_type="GraphicRegion" id="47" col="205" row="1275" width="37" height="203" function="drawing"> </DL_ZONE>
			<DL_ZONE gedi_type="GraphicRegion" id="48" col="194" row="935" width="46" height="217" function="drawing"> </DL_ZONE>
			<DL_ZONE gedi_type="GraphicRegion" id="53" col="204" row="703" width="52" height="99" function="drawing"> </DL_ZONE>
			<DL_ZONE gedi_type="TextRegion" id="58" col="1244" row="1709" width="42" height="77" contents="May" script="hand" language="english"> </DL_ZONE>
			<DL_ZONE gedi_type="TextRegion" id="59" col="80" row="1117" width="52" height="692" contents="Figure 7: Planting and Harvesting" script="typed" function_1="legend" language="english"> </DL_ZONE>
			<DL_ZONE gedi_type="TextRegion" id="62" col="474" row="1175" width="55" height="519" contents="INVEST IN EQUIPMENT" script="hand" function_1="annotation" language="english"> </DL_ZONE>
			<DL_ZONE gedi_type="TextRegion" id="65" polygon="(603,961);(642,958);(654,1050);(665,1439);(619,1450);(612,1280);(612,1029)" contents="ASK GEORGE FOR HELP" script="hand" function_1="annotation" language="english"> </DL_ZONE>
			<DL_ZONE gedi_type="TextRegion" id="68" col="180" row="324" width="34" height="193" contents="MUSHROOMS" script="typed" language="english"> </DL_ZONE>
			<DL_ZONE gedi_type="LineDrawingRegion" id="69" polygon="(56,1984);(26,2014);(189,2126);(210,2115)"> </DL_ZONE>
			<DL_ZONE gedi_type="GraphicRegion" id="70" col="679" row="836" width="46" height="74" function="drawing"> </DL_ZONE>
			<DL_ZONE gedi_type="GraphicRegion" id="71" col="771" row="1485" width="44" height="103" function="drawing"> </DL_ZONE>
			<DL_ZONE gedi_type="GraphicRegion" id="72" col="585" row="1931" width="43" height="48" function="drawing"> </DL_ZONE>
			<DL_ZONE gedi_type="TextRegion" id="73" polygon="(711,549);(824,448);(883,579);(801,648);(769,639)" contents="next&#10;year" script="hand" function_1="annotation" language="english"> </DL_ZONE>
			<DL_ZONE gedi_type="TextRegion" id="75" polygon="(1153,1147);(1217,1138);(1235,1363);(1222,1972);(1185,1984);(1185,1243)" contents="FIX WATER SYSTEM IN GREEN HOUSE" script="hand" function_1="annotation" language="english"> </DL_ZONE>
			<DL_ZONE gedi_type="TableRegion" id="77" col="143" row="225" width="1449" height="1938"> </DL_ZONE>
			<DL_ZONE gedi_type="Group" id="78" col="16" row="215" width="1586" height="1958" elements="1;2;3;4;5;6;8;9;10;11;12;13;14;15;16;17;18;19;21;22;24;25;26;27;28;29;30;31;32;33;34;35;36;37;38;39;40;41;42;43;44;45;46;47;48;53;58;59;62;65;68;69;70;71;72;73;75;77"> </DL_ZONE>
			<DL_ZONE gedi_type="LineDrawingRegion" id="79" polygon="(688,371);(678,390);(733,427);(688,486);(702,500);(747,441);(807,502);(823,476);(770,425);(819,384);(811,345);(751,392)"> </DL_ZONE>
		</DL_PAGE>
	</DL_DOCUMENT>
</GEDI>