<?xml version="1.0" encoding="UTF-8"?>
<!--GEDI was developed at Language and Media Processing Laboratory, University of Maryland.-->

<GEDI xmlns="http://lamp.cfar.umd.edu/media/projects/GEDI/" GEDI_version="2.3.19" GEDI_date="12/23/2011">
	<USER name="Manuela" date="7/16/2012 15:09" dateFormat="mm/dd/yyyy hh:mm">	</USER>
	<USER name="Nataly" date="7/12/2012 12:45" dateFormat="mm/dd/yyyy hh:mm">	</USER>
	<USER name="aboubekeur" date="7/11/2012 13:27" dateFormat="mm/dd/yyyy hh:mm">	</USER>
	<USER name="mailys" date="7/13/2012 15:54" dateFormat="mm/dd/yyyy hh:mm">	</USER>
	<USER name="zik" date="7/16/2012 0:22" dateFormat="mm/dd/yyyy hh:mm">	</USER>
	<DL_DOCUMENT src="FGHINP.tif" docTag="xml" NrOfPages="1">
		<DL_PAGE gedi_type="DL_PAGE" src="FGHINP.tif" pageID="1" width="2480" height="1920" NumPage="1" Language_2="" Sender_Name="" Receiver_Name="" Document_Date="" Language_3="" Receiver_Company="" Receiver_Address="" Sender_Company="" Sender_Phone="" Receiver_Fax="" Document_Location="" Sender_Address="" Receiver_Phone="" Sender_Fax="" Category="C2" Document_Object="CATALOGUE" Language_1="french" Language_4="" Script_1="typed" Script_2="hand" GEDI_orientation="90">
			<DL_ZONE gedi_type="TextRegion" id="1" col="235" row="802" width="86" height="856" contents="CHAUSSURES SKI" script="typed" language="french"> </DL_ZONE>
			<DL_ZONE gedi_type="GraphicRegion" id="4" col="236" row="1602" width="154" height="133" function="logo"> </DL_ZONE>
			<DL_ZONE gedi_type="TextRegion" id="12" col="1100" row="1542" width="46" height="123" contents="¤NORDICA¤" script="typed" language="french"> </DL_ZONE>
			<DL_ZONE gedi_type="TextRegion" id="18" col="1143" row="1269" width="148" height="264" contents="Pas mal&#10;T. 39" script="hand" function_1="annotation" language="french"> </DL_ZONE>
			<DL_ZONE gedi_type="LineDrawingRegion" id="21" col="1211" row="659" width="289" height="216"> </DL_ZONE>
			<DL_ZONE gedi_type="LineDrawingRegion" id="22" col="1717" row="1277" width="73" height="48"> </DL_ZONE>
			<DL_ZONE gedi_type="TextRegion" id="30" col="1532" row="1693" width="390" height="63" rotation="+90" contents="Chaussures Ski" script="typed" language="french"> </DL_ZONE>
			<DL_ZONE gedi_type="TextRegion" id="40" col="1727" row="1119" width="155" height="326" contents="trop jouet !" script="hand" function_1="annotation" language="french"> </DL_ZONE>
			<DL_ZONE gedi_type="TextRegion" id="43" col="1145" row="323" width="329" height="420" contents="Pas de noir et&#10;Pas de gris&#10;trop masculin" script="hand" function_1="annotation" language="french"> </DL_ZONE>
			<DL_ZONE gedi_type="LineDrawingRegion" id="45" col="1448" row="655" width="44" height="56"> </DL_ZONE>
			<DL_ZONE gedi_type="TextRegion" id="48" col="2286" row="1562" width="24" height="97" contents="¤SALOMON¤" script="typed" language="french"> </DL_ZONE>
			<DL_ZONE gedi_type="GraphicRegion" id="50" col="2286" row="1518" width="23" height="137" function="logo"> </DL_ZONE>
			<DL_ZONE gedi_type="GraphicRegion" id="53" col="2268" row="598" width="45" height="89" function="logo"> </DL_ZONE>
			<DL_ZONE gedi_type="TextRegion" id="55" col="2297" row="602" width="17" height="76" contents="¤**********¤" script="typed" language="french"> </DL_ZONE>
			<DL_ZONE gedi_type="GraphicRegion" id="57" col="2286" row="1039" width="27" height="124" function="logo"> </DL_ZONE>
			<DL_ZONE gedi_type="GraphicRegion" id="58" col="2286" row="1039" width="28" height="126" function="logo"> </DL_ZONE>
			<DL_ZONE gedi_type="TextRegion" id="61" col="2291" row="1043" width="21" height="77" contents="¤******¤" script="typed" language="french"> </DL_ZONE>
			<DL_ZONE gedi_type="GraphicRegion" id="63" col="1700" row="551" width="27" height="128" function="logo"> </DL_ZONE>
			<DL_ZONE gedi_type="TextRegion" id="64" col="1702" row="555" width="25" height="76" contents="¤*******¤" script="typed" language="french"> </DL_ZONE>
			<DL_ZONE gedi_type="GraphicRegion" id="66" col="1684" row="1578" width="46" height="87" function="logo"> </DL_ZONE>
			<DL_ZONE gedi_type="TextRegion" id="69" col="1713" row="1583" width="15" height="80" contents="¤**********¤" script="typed" language="french"> </DL_ZONE>
			<DL_ZONE gedi_type="ImageRegion" id="74" col="769" row="1195" width="374" height="311"> </DL_ZONE>
			<DL_ZONE gedi_type="ImageRegion" id="75" col="555" row="700" width="366" height="330"> </DL_ZONE>
			<DL_ZONE gedi_type="ImageRegion" id="76" col="774" row="207" width="367" height="328"> </DL_ZONE>
			<DL_ZONE gedi_type="ImageRegion" id="77" col="1363" row="205" width="367" height="330"> </DL_ZONE>
			<DL_ZONE gedi_type="ImageRegion" id="78" col="1370" row="1185" width="355" height="298"> </DL_ZONE>
			<DL_ZONE gedi_type="ImageRegion" id="79" col="1201" row="888" width="329" height="277"> </DL_ZONE>
			<DL_ZONE gedi_type="ImageRegion" id="80" col="1185" row="718" width="315" height="255"> </DL_ZONE>
			<DL_ZONE gedi_type="ImageRegion" id="81" col="1954" row="192" width="364" height="359"> </DL_ZONE>
			<DL_ZONE gedi_type="ImageRegion" id="82" col="1953" row="688" width="364" height="341"> </DL_ZONE>
			<DL_ZONE gedi_type="ImageRegion" id="83" col="1949" row="1186" width="364" height="321"> </DL_ZONE>
			<DL_ZONE gedi_type="GraphicRegion" id="84" col="1116" row="555" width="28" height="124" function="logo"> </DL_ZONE>
			<DL_ZONE gedi_type="TextRegion" id="85" col="1120" row="557" width="24" height="77" contents="¤*****¤" script="typed" language="french"> </DL_ZONE>
			<DL_ZONE gedi_type="GraphicRegion" id="87" col="901" row="1040" width="21" height="135" function="logo"> </DL_ZONE>
			<DL_ZONE gedi_type="TextRegion" id="89" col="901" row="1079" width="20" height="94" contents="¤******¤" script="typed" language="french"> </DL_ZONE>
			<DL_ZONE gedi_type="TextRegion" id="91" col="612" row="1314" width="415" height="361" contents="¤HOT ROD¤&#10;¤**************************************&#10;***************************************&#10;***************************************&#10;***************************************&#10;***************************************&#10;***************************************&#10;***************************************&#10;***************************************&#10;***************************************&#10;***************************************&#10;***************************************&#10;***************************************&#10;***** ** ***&#10;*** ******¤" script="typed" language="french"> </DL_ZONE>
			<DL_ZONE gedi_type="TextRegion" id="93" col="397" row="877" width="459" height="296" contents="¤Mission CF¤&#10;¤****************************************&#10;*****************************************&#10;*****************************************&#10;*****************************************&#10;*****************************************&#10;*****************************************&#10;*****************************************&#10;*****************************************&#10;*****************************************&#10;*****************************************&#10;*****************************************&#10;*****************************************&#10;*****************************************&#10;*****************************************&#10;*****************************************&#10;*****************************************&#10;****** * *****&#10;*** * ******¤" script="typed" language="french"> </DL_ZONE>
			<DL_ZONE gedi_type="TextRegion" id="96" col="615" row="327" width="412" height="362" contents="¤Vento¤&#10;¤****************************************&#10;*****************************************&#10;*****************************************&#10;*****************************************&#10;*****************************************&#10;*****************************************&#10;*****************************************&#10;*****************************************&#10;*****************************************&#10;*****************************************&#10;*****************************************&#10;*****************************************&#10;*****************************************&#10;*****************************************&#10;****** * *****&#10;*** * ******¤" script="typed" language="french"> </DL_ZONE>
			<DL_ZONE gedi_type="TextRegion" id="99" col="1202" row="1355" width="456" height="304" contents="Bandit&#10;¤****************************************&#10;*****************************************&#10;*****************************************&#10;**********&#10;*****************************************&#10;*****************************************&#10;*****************************************&#10;*****************************************&#10;*****************************************&#10;*****************************************&#10;*********&#10;*****************************************&#10;*****************************************&#10;*****************************************&#10;*****************************************&#10;*************&#10;****** * *****&#10;*** * ******¤" script="typed" language="french"> </DL_ZONE>
			<DL_ZONE gedi_type="TextRegion" id="101" col="1194" row="318" width="424" height="365" contents="Vento&#10;¤****************************************&#10;*****************************************&#10;*****************************************&#10;*****&#10;*****************************************&#10;*****************************************&#10;*****************************************&#10;*****************************************&#10;*****************************************&#10;*****************************************&#10;*****************************************&#10;*****************************************&#10;*****************************************&#10;*************&#10;****** * *****&#10;*** * ******¤" script="typed" language="french"> </DL_ZONE>
			<DL_ZONE gedi_type="TextRegion" id="103" col="1504" row="694" width="280" height="397" contents="¤LANGE¤&#10;¤***********************************&#10;**************************************&#10;****************************************&#10;******************************************&#10;*******************************&#10;********************************************&#10;*******************&#10;*****************************************&#10;*******************&#10;******** *******&#10;*** ********&#10;*** * ******¤" script="typed" language="french"> </DL_ZONE>
			<DL_ZONE gedi_type="TextRegion" id="105" col="1781" row="1287" width="467" height="379" contents="¤Performa 7 CF¤&#10;¤****************************************&#10;*****************************************&#10;*****************************************&#10;*****************************************&#10;*****************************************&#10;***************&#10;*****************************************&#10;*****************************************&#10;*****************************************&#10;*****************************************&#10;*************&#10;*****************************************&#10;*****************************************&#10;*****************************************&#10;*****************************************&#10;***************&#10;****** * *****&#10;*** * ******¤" script="typed" language="french"> </DL_ZONE>
			<DL_ZONE gedi_type="TextRegion" id="106" col="1789" row="846" width="444" height="321" contents="¤Entryx¤&#10;¤****************************************&#10;*****************************************&#10;*****************************************&#10;*****************&#10;*****************************************&#10;*****************************************&#10;*****************************************&#10;*****************************************&#10;*****************************************&#10;*****************************************&#10;*************&#10;*****************************************&#10;*****************************************&#10;*****************************************&#10;****************&#10;****** * *****&#10;*** * ******¤" script="typed" language="french"> </DL_ZONE>
			<DL_ZONE gedi_type="TextRegion" id="108" col="1783" row="382" width="458" height="302" contents="¤Exalt X6 blue¤&#10;¤****************************************&#10;*****************************************&#10;*****&#10;*****************************************&#10;*********&#10;*****************************************&#10;*****************************************&#10;*****************************************&#10;*****************************************&#10;*******&#10;*****************************************&#10;*****************************************&#10;***************&#10;*****************************************&#10;*****************************************&#10;******&#10;****** * *****&#10;*** * ******¤" script="typed" language="french"> </DL_ZONE>
			<DL_ZONE gedi_type="TextRegion" id="110" col="950" row="814" width="249" height="348" contents="FreeStyle 80/FreeStyle 90&#10;¤*****************************************&#10;*****************************************&#10;*****************************************&#10;*****************************************&#10;*****************************************&#10;*****************************************&#10;*****************************************&#10;*****************************************¤" script="typed" language="french"> </DL_ZONE>
			<DL_ZONE gedi_type="LineDrawingRegion" id="111" polygon="(756,721);(1002,881);(995,832);(979,850);(758,703)"> </DL_ZONE>
			<DL_ZONE gedi_type="LineDrawingRegion" id="112" polygon="(1057,318);(1155,380);(1161,362);(966,209);(977,242)"> </DL_ZONE>
			<DL_ZONE gedi_type="LineDrawingRegion" id="113" polygon="(2046,1247);(2254,1337);(2248,1313);(2177,1280);(2050,1233)"> </DL_ZONE>
			<DL_ZONE gedi_type="LineDrawingRegion" id="114" polygon="(2256,816);(2354,878);(2381,901);(2394,885);(2241,776)"> </DL_ZONE>
			<DL_ZONE gedi_type="LineDrawingRegion" id="115" polygon="(2172,298);(2319,395);(2325,380);(2179,278)"> </DL_ZONE>
			<DL_ZONE gedi_type="LineDrawingRegion" id="116" polygon="(1148,1242);(1186,1271);(1188,1251);(1219,1273);(1232,1291);(1252,1289);(1332,1180);(1336,1211);(1356,1209);(1350,1153);(1288,1164);(1296,1180);(1239,1260);(1190,1227);(1186,1200)"> </DL_ZONE>
			<DL_ZONE gedi_type="LineDrawingRegion" id="117" polygon="(1538,269);(1616,342);(1700,388);(1704,366);(1629,324);(1549,249)"> </DL_ZONE>
			<DL_ZONE gedi_type="GraphicRegion" id="118" col="428" row="178" width="1920" height="1574" function="other"> </DL_ZONE>
		</DL_PAGE>
	</DL_DOCUMENT>
</GEDI>
