<?xml version="1.0" encoding="UTF-8"?>
<!--GEDI was developed at Language and Media Processing Laboratory, University of Maryland.-->

<GEDI xmlns="http://lamp.cfar.umd.edu/media/projects/GEDI/" GEDI_version="2.3.19" GEDI_date="12/23/2011">
	<USER name="MDR-P2" date="10/25/2012 18:23" dateFormat="mm/dd/yyyy hh:mm">	</USER>
	<USER name="MDR-P8" date="3/20/2013 12:39" dateFormat="mm/dd/yyyy hh:mm">	</USER>
	<USER name="Manuela" date="7/16/2012 15:30" dateFormat="mm/dd/yyyy hh:mm">	</USER>
	<USER name="Mdr-P5" date="5/28/2013 16:14" dateFormat="mm/dd/yyyy hh:mm">	</USER>
	<USER name="Nataly" date="7/12/2012 12:07" dateFormat="mm/dd/yyyy hh:mm">	</USER>
	<USER name="aboubekeur" date="7/13/2012 17:34" dateFormat="mm/dd/yyyy hh:mm">	</USER>
	<USER name="mailys" date="7/13/2012 15:54" dateFormat="mm/dd/yyyy hh:mm">	</USER>
	<DL_DOCUMENT src="FGIJLP.tif" docTag="xml" NrOfPages="2">
		<DL_PAGE gedi_type="DL_PAGE" src="FGIJLP.tif" pageID="1" width="2550" height="3510" Language_2="" Language_4="" Language_3="" Sender_Phone="" Receiver_Fax="" Receiver_Phone="" Category="C2" Document_Date="19/06/2012" Document_Location="NANCY" Document_Object="CONTRAT DE TRAVAIL À DURÉE INDÉTERMINÉE" Language_1="french" Script_1="typed" Script_2="hand" NumPage="2" Sender_Address="5 GRANDE RUE 54385 MINOVILLE" Receiver_Address="ZONE D'ACTIVITÉ FLAYOSC 54000 NANCY" Sender_Company="" Receiver_Company="ORIZON" Sender_Fax="" Sender_Name="François MARIE" Receiver_Name="Antoine FRANCESCOLLI">
			<DL_ZONE gedi_type="TextRegion" id="1" col="409" row="201" width="1822" height="85" contents="MODELE DE CONTRAT DE TRAVAIL A DURÉE INDÉTERMINÉE" script="typed" function_2="object" function_1="title" language="french"> </DL_ZONE>
			<DL_ZONE gedi_type="TextRegion" id="2" nextZoneID="8" col="380" row="327" width="1912" height="2740" contents="Entre :&#10;- La société ORIZON dont le siège est à Zone d'activité flayosc 54000 Nancy&#10;représentée par M/Mme FRANCESCOLI agissant en qualité de D.R.H&#10;d'une part&#10;et&#10;Monsieur (Madame) MARIE François résident 5 grande rue 54385 Minorville&#10;d'autre part,&#10;IL A ÉTÉ CONVENU ET ARRÉTÉ CE QUI SUIT :&#10;1/ ENGAGEMENT :&#10;M/Mme MARIE François qui se déclare libre de tout engagement, est engagé en qualité de&#10;responsable de quai sous réserve des résultats de la visite médicale d'embauche, à compter&#10;du 20/06/2012&#10;Le présent contrat est conclu pour une durée indéterminée.&#10;Le présent contrat est régi par les lois et règlements en vigueur et pas la convention&#10;collective nationale de son travail.&#10;Conformément à la législation en vigueur, la Société Fest'even a déclaré préalablement à&#10;son embauche M/Mme MARIE François auprès de l'URSSAF de MEURTHE ET&#10;MOSELLE&#10;M/Mme MARIE François est informé(e) qu'il (elle) peut en application de la loi de 1978&#10;obtenir communication et effectuer les éventuelles rectifications des informations&#10;transmises.&#10;2/ ATTRIBUTIONS :&#10;M/Mme MARIE François exercera l'emploi, de Responsable de quai niveau&#10;correspondant au coefficient 2 de la convention collective&#10;A ce poste, il (elle) sera notamment chargé de :veiller à la sécurité lors des chargements et&#10;des déchargements des véhicules de transport ainsi qu'à la propreté du quai&#10;Les missions et attributions indiquées ci-dessus ne présentent ni un caractère exhaustif ni un&#10;caractère définitif.&#10;3/ LIEU DE TRAVAIL :&#10;M/Mme MARIE François exercera ses fonctions dans la société ORIZEN sise à Nancy&#10;(éventuellement : en fonction des nécessités de service, la société ORIZON se réserve le&#10;droit de demander à M/Mme MARIE François d'effectuer des déplacements temporaires&#10;de courte durée ne nécessitant pas de changement de résidence)" script="typed" function_1="text_section" language="french"> </DL_ZONE>
			<DL_ZONE gedi_type="TextRegion" id="5" polygon="(2052,3427);(2017,3313);(2143,3216);(2161,3324)" contents="Marie" script="hand" language="french"> </DL_ZONE>
			<DL_ZONE gedi_type="GraphicRegion" id="6" function="signature" polygon="(2000,3304);(2055,3424);(2172,3327);(2102,3219);(2114,3237)"> </DL_ZONE>
		</DL_PAGE>
		<DL_PAGE gedi_type="DL_PAGE" src="FGIJLP.tif" pageID="2" width="2550" height="3510" Language_2="" Sender_Name="" Language_1="" Document_Date="" Language_4="" Receiver_Name="" Language_3="" Receiver_Company="" Receiver_Address="" Sender_Company="" Script_1="" Sender_Phone="" Category="" Receiver_Fax="" Script_2="" Document_Location="" Receiver_Phone="" Sender_Address="" Sender_Fax="" Document_Object="" NumPage="2">
			<DL_ZONE gedi_type="TextRegion" id="8" col="371" row="365" width="1898" height="1644" contents="4/ HORAIRES DE TRAVAIL :&#10;M/Mme MARIE François travaillera selon les horaires de travail applicables dans l'entreprise&#10;ORIZON&#10;Ses horaires de travail selon les suivantes : 37.5 heures hebdomadaires répartis comme suit&#10;4H-12H dont 05h de pause du lundi au vendredi&#10;En application de l'accord de réduction du temps de travail en vigueur, M/Mme MARIE&#10;François bénéficiera de 6 jours de repos supplémentaires en sus des congés payés.&#10;5/ REMUNERATION :&#10;En rémunération de son activité, M/Mme MARIE François percevra une rémunération brute&#10;mensuelle de 1980 euros pour 170 heures mensuelles.&#10;6/ CONGES PAYES :&#10;M/Mme MARIE François bénéficiera des congés payés institués en faveur des salariés de la&#10;société soit 32 jours par an.&#10;La période de ces congés est déterminée par accord entre la direction et M/Mme Marie&#10;François après consultation des délégués du personnel.&#10;7/ PERIODE D'ESSAI, VISITE MEDICALE :&#10;Le présent contrat ne deviendra ferme qu'à l'issue d'une période d'essai de 3 semaines&#10;(aucune période d'essai ne peut être supérieure à ce que prévoit la convention collective)&#10;et sous réserve des résultats de la visite médicale décidant de l'aptitude de M/Mme MARIE&#10;François&#10;Au cours de la période d'essai, le présent contrat pourra être résilié à tout moment, sans&#10;motif ni préavis, ni indemnités par l'une ou l'autre des parties." script="typed" language="french"> </DL_ZONE>
			<DL_ZONE gedi_type="TextRegion" id="10" col="1558" row="2035" width="657" height="124" contents="Fait à NANCY le 19/06/2012&#10;En deux exemplaires originaux" script="typed" function_2="location" function_1="date" language="french"> </DL_ZONE>
			<DL_ZONE gedi_type="TextRegion" id="15" col="368" row="2210" width="716" height="114" contents="Pour la Société,&#10;M/Mme FRANCESCOLLI Antoine" script="typed" language="french"> </DL_ZONE>
			<DL_ZONE gedi_type="TextRegion" id="18" col="1558" row="2210" width="550" height="120" contents="Le Salarié,&#10;M/Mme MARIE François" script="typed" language="french"> </DL_ZONE>
			<DL_ZONE gedi_type="GraphicRegion" id="23" function="signature" polygon="(432,2491);(459,2412);(695,2395);(643,2509);(631,2564)"> </DL_ZONE>
			<DL_ZONE gedi_type="TextRegion" id="26" polygon="(1851,2392);(1932,2514);(1763,2593);(1760,2432)" contents="Marie" script="hand" language="french"> </DL_ZONE>
			<DL_ZONE gedi_type="GraphicRegion" id="27" function="signature" polygon="(1752,2426);(1760,2590);(1932,2514);(1848,2390)"> </DL_ZONE>
			<DL_ZONE gedi_type="Group" id="29" col="1548" row="2200" width="570" height="403" elements="18;26;27"> </DL_ZONE>
			<DL_ZONE gedi_type="Group" id="30" col="358" row="2200" width="736" height="374" elements="15;23"> </DL_ZONE>
		</DL_PAGE>
	</DL_DOCUMENT>
</GEDI>