<?xml version="1.0" encoding="UTF-8"?>
<!--GEDI was developed at Language and Media Processing Laboratory, University of Maryland.-->

<GEDI xmlns="http://lamp.cfar.umd.edu/media/projects/GEDI/" GEDI_version="2.3.19" GEDI_date="12/23/2011">
	<USER name="Catherine MAUPLOT" date="10/24/2012 16:35" dateFormat="mm/dd/yyyy hh:mm">	</USER>
	<USER name="MDR-P4" date="3/18/2013 18:10" dateFormat="mm/dd/yyyy hh:mm">	</USER>
	<USER name="MDR-P8" date="10/31/2012 13:29" dateFormat="mm/dd/yyyy hh:mm">	</USER>
	<USER name="Manuela" date="7/12/2012 11:39" dateFormat="mm/dd/yyyy hh:mm">	</USER>
	<USER name="Mdr-P5" date="5/28/2013 15:23" dateFormat="mm/dd/yyyy hh:mm">	</USER>
	<USER name="Nataly" date="7/16/2012 10:15" dateFormat="mm/dd/yyyy hh:mm">	</USER>
	<DL_DOCUMENT src="FGILMP.tif" docTag="xml" NrOfPages="2">
		<DL_PAGE gedi_type="DL_PAGE" src="FGILMP.tif" pageID="1" width="1651" height="2335" Receiver_Company="" Sender_Company="" Sender_Phone="" Receiver_Fax="" Receiver_Phone="" Sender_Fax="" Category="C2" Document_Date="15/07/2012" Document_Object="ARBITRATION AGREEMENT" Language_1="english" Language_2="" Language_3="" Language_4="" Script_1="typed" Receiver_Address="¤{5, TELESYN ROAD|7, PORCUPINE STREET}¤" Script_2="" Document_Location="" NumPage="2" Sender_Address="¤{5, TELESYN ROAD|7, PORCUPINE STREET}¤" Sender_Name="¤{MOU|Josephsen AMBER}¤" Receiver_Name="¤{MOU|Josephsen AMBER}¤">
			<DL_ZONE gedi_type="TextRegion" id="1" col="544" row="238" width="559" height="43" contents="ARBITRATION AGREEMENT" script="typed" language="english"> </DL_ZONE>
			<DL_ZONE gedi_type="SeparatorRegion" id="3" col="219" row="279" width="1206" height="17"> </DL_ZONE>
			<DL_ZONE gedi_type="TextRegion" id="5" nextZoneID="6" col="208" row="336" width="1215" height="1746" contents="This Arbitration Agreement (the &quot;Agreement&quot;) is effective 15/07/2012,&#10;BETWEEN:&#10;Mrs. Mou (the &quot;Attorney&quot;), a corporation organized and existing under the laws of Virginia,&#10;with its head office located at: 5, Telesyn road&#10;AND:&#10;Josephsen Amber (the &quot;Attorney&quot;), a corporation organized and existing under the laws of&#10;Virginia, with its head office located at: 7, Porcupine street&#10;In consideration of the ¤terms¤ and covenants of this agreement, and other valuable&#10;consideration, the parties agree as follows:&#10;1. MATTERS TO BE SUBMITTED TO ARBITRATION&#10;All dispu¤t¤es and controversies of every kind and nature between parties to this agreement&#10;arising out of or in connection with the agreement as to the existence, construction,&#10;validity, interpretation or meaning, performance, non performance, enforcement, operation,&#10;breach, continuance, or ¤t¤ermination of the agreement shall be submitted to ¤arbitration¤&#10;pursuant to the procedure set forth in this agr¤ee¤ment.&#10;2. PROCEDURE&#10;¤E¤ither party may demand such arbitration in writing within 30 days after the controversy&#10;arises, which demand shall include the name of the arbitrator appointed by the party&#10;demanding arbitration, together with a statement of the matter in controversy.&#10;a. Within 30 days after such demand, the other party shall name her arbitrator, or in &#10;default of such naming, such arbitrator shall be named immediately by the Arbitration&#10;Committee, and the two arbitrators so selected shall name a third arbitrator within 31 days or,&#10;in lieu of such agreement on a third arbitrator by the two arbitrators so appointed, a third&#10;arbitrator shall be appointed by the Arbitration Commi¤ttee¤.&#10;b. The arbitration hearing shall be held at City Hall on 7 days' notice to the parties.&#10;c. The arbitration rules and procedures of the Mou Corporation shall be used in the arbitration&#10;hearing and the law of evidence of England shall govern the presentation of&#10;evidence at such&#10;hearing.&#10;d. The arbitration hearing shall be concluded within 14 days unless otherwise ordered by&#10;the arbitrators and the award on the hearing shall be made within 21 days after the close of the&#10;submission of evidence.&#10;3. AGREEMENT AS BAR TO SUIT&#10;The provisions of this agreement shall be a complete defence to any suit, action, or&#10;proc¤ee¤ding ¤instituted¤ in any federal, state, or local court or before any administrative tribunal&#10;with respect to any controversy or dispute arising during the period of this agreement and&#10;which is arbi¤tra¤ble as set forth in this agreement. The arbi¤tra¤tion provisions of this agreement&#10;shall, with respect ¤to¤ such controversy or dispute, survive the termination or expiration of the&#10;agreement contract." script="typed" function_1="text_section" language="english"> </DL_ZONE>
			<DL_ZONE gedi_type="NoiseRegion" id="26" col="1634" row="555" width="17" height="902"> </DL_ZONE>
		</DL_PAGE>
		<DL_PAGE gedi_type="DL_PAGE" src="FGILMP.tif" pageID="2" width="1651" height="2335" Language_2="" Sender_Name="" Language_1="" Document_Date="" Language_4="" Receiver_Name="" Language_3="" Receiver_Company="" Receiver_Address="" Sender_Company="" Script_1="" Sender_Phone="" Receiver_Fax="" Script_2="" Receiver_Phone="" Sender_Address="" Sender_Fax="" Document_Object="" Document_Location="" Category="" NumPage="2">
			<DL_ZONE gedi_type="TextRegion" id="6" col="212" row="268" width="1234" height="972" contents="4. LACK OF ARBITRATORS' AUTHORITY TO MODIFY AGREEMENT&#10;Nothing contained in this agreement shall be deemed to give the arbitrators any authority,&#10;power, or right to alter, change, amend, modify, ¤add¤ to, or subtract from any of the provisions&#10;of agreement contract.&#10;5. GOVERNING LAW&#10;It is agreed that this agreement shall be governed by, construed, and enforced in accordance&#10;with the laws of Virginia.&#10;6. ENTIRE AGREEMENT&#10;This agreement constitutes the entire agreement between the parties and any prior&#10;understanding or representation of any kind preceding the date of this agreement shall not be&#10;binding upon either party except to the extent incorporated in this agreement.&#10;7. NOTICES&#10;Any notice provided for or concerning this agreement shall be in writing and be deemed&#10;sufficiently given when sent by certified or registered mail if sent to the respective address of&#10;each party as set forth at the beginning of this agreement.&#10;8. PARAGRAPH HEADINGS&#10;The titles to the paragraphs of this agreement are solely for the convenience of the parties and&#10;shall not be used to explain, modify, simplify, or aid in the interpretation of the provisions of&#10;this agreement.&#10;IN ¤{WITNESSWHEREOF/WITNESS WHERE OF}¤, each party to this agreement has caused it to be executed at Canton&#10;Hall on the date indicated below." script="typed" function_1="text_section" language="english"> </DL_ZONE>
			<DL_ZONE gedi_type="TextRegion" id="7" col="213" row="1303" width="800" height="40" contents="Signed, sealed and delivered to both parties in the presence of:" script="typed" language="english"> </DL_ZONE>
			<DL_ZONE gedi_type="TextRegion" id="9" col="215" row="1452" width="304" height="32" contents="SERVICE PROV¤ID¤ER" script="typed" language="english"> </DL_ZONE>
			<DL_ZONE gedi_type="TextRegion" id="11" col="212" row="1489" width="238" height="32" contents="Josephsen Amber" script="typed" language="english"> </DL_ZONE>
			<DL_ZONE gedi_type="TextRegion" id="13" col="1204" row="1450" width="118" height="34" contents="CLIENT" script="typed" language="english"> </DL_ZONE>
			<DL_ZONE gedi_type="TextRegion" id="15" col="1189" row="1491" width="152" height="32" contents="Mou Laura" script="typed" language="english"> </DL_ZONE>
			<DL_ZONE gedi_type="GraphicRegion" id="17" col="215" row="1590" width="1203" height="14" function="underlined-field"> </DL_ZONE>
			<DL_ZONE gedi_type="GraphicRegion" id="18" col="213" row="1780" width="1207" height="15" function="underlined-field"> </DL_ZONE>
			<DL_ZONE gedi_type="TextRegion" id="19" col="217" row="1605" width="276" height="34" contents="Authorized Signature" script="typed" language="english"> </DL_ZONE>
			<DL_ZONE gedi_type="TextRegion" id="21" col="1127" row="1604" width="281" height="33" contents="Authorized Signature" script="typed" language="english"> </DL_ZONE>
			<DL_ZONE gedi_type="TextRegion" id="23" col="210" row="1793" width="285" height="34" contents="Print Name and Title" script="typed" language="english"> </DL_ZONE>
			<DL_ZONE gedi_type="TextRegion" id="25" col="1140" row="1793" width="272" height="30" contents="Print Name and Title" script="typed" language="english"> </DL_ZONE>
		</DL_PAGE>
	</DL_DOCUMENT>
</GEDI>