<?xml version="1.0" encoding="UTF-8"?>
<!--GEDI was developed at Language and Media Processing Laboratory, University of Maryland.-->

<GEDI xmlns="http://lamp.cfar.umd.edu/media/projects/GEDI/" GEDI_version="2.3.19" GEDI_date="12/23/2011">
	<USER name="Adil" date="7/19/2012 16:33" dateFormat="mm/dd/yyyy hh:mm">	</USER>
	<USER name="MDR-P4" date="8/13/2012 18:09" dateFormat="mm/dd/yyyy hh:mm">	</USER>
	<USER name="MDR-P6" date="5/28/2013 17:17" dateFormat="mm/dd/yyyy hh:mm">	</USER>
	<USER name="MDR-R2" date="11/5/2012 15:25" dateFormat="mm/dd/yyyy hh:mm">	</USER>
	<USER name="MDR-R4" date="10/29/2012 21:41" dateFormat="mm/dd/yyyy hh:mm">	</USER>
	<USER name="MDR-R6" date="2/6/2013 14:35" dateFormat="mm/dd/yyyy hh:mm">	</USER>
	<USER name="MDR_R8" date="2/6/2013 8:49" dateFormat="mm/dd/yyyy hh:mm">	</USER>
	<USER name="Mohamed" date="8/6/2012 14:25" dateFormat="mm/dd/yyyy hh:mm">	</USER>
	<USER name="Soukaina" date="7/24/2012 10:43" dateFormat="mm/dd/yyyy hh:mm">	</USER>
	<USER name="asmae" date="7/23/2012 15:31" dateFormat="mm/dd/yyyy hh:mm">	</USER>
	<DL_DOCUMENT src="FHIKOP.tif" docTag="xml" NrOfPages="1">
		<DL_PAGE gedi_type="DL_PAGE" src="FHIKOP.tif" pageID="1" width="1728" height="2312" Language_4="" Language_3="" Receiver_Company="" Sender_Company="" Sender_Phone="" Receiver_Fax="" Document_Location="" Receiver_Phone="" Category="C2" Document_Object="فاتورة نقدية" Language_1="arabic" Language_2="french" NumPage="1" Receiver_Address="شارع ترفاية 50000 مكناس" Script_1="typed" Script_2="hand" Sender_Address="26 زنقة بادو شارع الصباغة مكناس" Sender_Name="حفيضة علقوم" Receiver_Name="نبيلة الهبل" Document_Date="¤{21/04/2012|16/07/2012}¤" Sender_Fax="+212(0)5.37.68.00.32">
			<DL_ZONE gedi_type="TextRegion" id="6" col="659" row="360" width="311" height="83" contents="فاتورة نقدية" script="typed" function_2="object" function_1="title" language="arabic"> </DL_ZONE>
			<DL_ZONE gedi_type="TextRegion" id="7" col="611" row="483" width="865" height="244" contents="التاريخ: 21/04/2012&#10;اسم الزبون : الهبل نبيلة&#10;العناون : شارع ترفاية 50000 مكناس&#10;(26 زنقة بادو شارع الصباغة مكناس)" script="typed" function_2="coordinates" function_1="date" language="arabic"> </DL_ZONE>
			<DL_ZONE gedi_type="TextRegion" id="14" col="1278" row="885" width="169" height="38" contents="القمية الإجمالية" script="typed" language="arabic"> </DL_ZONE>
			<DL_ZONE gedi_type="TextRegion" id="15" col="1140" row="888" width="74" height="34" contents="الكمية" script="typed" language="arabic"> </DL_ZONE>
			<DL_ZONE gedi_type="TextRegion" id="16" col="681" row="893" width="69" height="32" contents="البيان" script="typed" language="arabic"> </DL_ZONE>
			<DL_ZONE gedi_type="TextRegion" id="17" col="177" row="895" width="124" height="36" contents="رقم القطعة" script="typed" language="arabic"> </DL_ZONE>
			<DL_ZONE gedi_type="TextRegion" id="18" col="1365" row="930" width="94" height="31" contents="50000" script="typed" language="arabic"> </DL_ZONE>
			<DL_ZONE gedi_type="TextRegion" id="19" col="1385" row="968" width="79" height="29" contents="4800" script="typed" language="arabic"> </DL_ZONE>
			<DL_ZONE gedi_type="TextRegion" id="20" col="1359" row="1004" width="105" height="34" contents="10600" script="typed" language="arabic"> </DL_ZONE>
			<DL_ZONE gedi_type="TextRegion" id="21" col="1174" row="933" width="60" height="26" contents="500" script="typed" language="arabic"> </DL_ZONE>
			<DL_ZONE gedi_type="TextRegion" id="22" col="1194" row="972" width="40" height="26" contents="60" script="typed" language="arabic"> </DL_ZONE>
			<DL_ZONE gedi_type="TextRegion" id="23" col="1193" row="1010" width="41" height="27" contents="53" script="typed" language="arabic"> </DL_ZONE>
			<DL_ZONE gedi_type="TextRegion" id="24" col="959" row="932" width="140" height="34" contents="سروال جينز" script="typed" language="arabic"> </DL_ZONE>
			<DL_ZONE gedi_type="TextRegion" id="25" col="1018" row="971" width="78" height="27" contents="قميص" script="typed" language="arabic"> </DL_ZONE>
			<DL_ZONE gedi_type="TextRegion" id="26" col="1025" row="1005" width="69" height="33" contents="جلباب" script="typed" language="arabic"> </DL_ZONE>
			<DL_ZONE gedi_type="TextRegion" id="27" col="249" row="943" width="67" height="25" contents="254" script="typed" function_1="reference" language="arabic"> </DL_ZONE>
			<DL_ZONE gedi_type="TextRegion" id="28" col="253" row="977" width="59" height="29" contents="301" script="typed" function_1="reference" language="arabic"> </DL_ZONE>
			<DL_ZONE gedi_type="TextRegion" id="29" col="255" row="1015" width="60" height="32" contents="524" script="typed" function_1="reference" language="arabic"> </DL_ZONE>
			<DL_ZONE gedi_type="TextRegion" id="30" col="1139" row="1281" width="102" height="32" contents="الإجمالي" script="typed" language="arabic"> </DL_ZONE>
			<DL_ZONE gedi_type="TextRegion" id="31" col="639" row="1281" width="166" height="39" contents="65400 درهم" script="typed" language="arabic"> </DL_ZONE>
			<DL_ZONE gedi_type="TextRegion" id="32" nextZoneID="33" col="858" row="1492" width="82" height="35" contents="البائع :" script="typed" language="arabic"> </DL_ZONE>
			<DL_ZONE gedi_type="TextRegion" id="33" col="714" row="1487" width="143" height="41" contents="حفيضة علقوم" script="typed" language="arabic"> </DL_ZONE>
			<DL_ZONE gedi_type="TextRegion" id="34" polygon="(1580,1622);(232,1636);(231,1778);(1584,1772)" contents="البضاعة لا ترد ولا تستبدل في حالة ظهور عيب تصنيع يتم استبدالها خلال شهر من تاريخ الفاتورة بعد ذلك يتم تصليحها خلال فترة&#10;الضمان&#10;الضمان لا يشمل سوء الاستخدام" script="typed" function_1="text_section" language="arabic"> </DL_ZONE>
			<DL_ZONE gedi_type="TextRegion" id="37" polygon="(546,1466);(619,1457);(654,1486);(667,1552);(512,1553)" contents="Alkm" script="hand" language="french"> </DL_ZONE>
			<DL_ZONE gedi_type="GraphicRegion" id="38" function="signature" polygon="(497,1381);(369,1506);(366,1542);(478,1552);(490,1604);(507,1609);(516,1561);(635,1556);(626,1603);(647,1608);(663,1543);(640,1472);(612,1451);(533,1448)"> </DL_ZONE>
			<DL_ZONE gedi_type="TableRegion" id="40" polygon="(149,883);(1481,879);(1487,1360);(152,1365)"> </DL_ZONE>
			<DL_ZONE gedi_type="NoiseRegion" id="41" polygon="(629,2058);(599,2057);(602,2037);(624,2036)"> </DL_ZONE>
			<DL_ZONE gedi_type="NoiseRegion" id="42" col="18" row="2297" width="1512" height="15"> </DL_ZONE>
			<DL_ZONE gedi_type="SeparatorRegion" id="43" polygon="(1584,1609);(148,1629);(148,1644);(1587,1629)"> </DL_ZONE>
			<DL_ZONE gedi_type="SeparatorRegion" id="44" polygon="(1588,1783);(146,1803);(150,1817);(1594,1806)"> </DL_ZONE>
			<DL_ZONE gedi_type="GraphicRegion" id="45" function="logo" polygon="(167,178);(199,174);(218,163);(324,164);(354,157);(393,127);(456,280);(442,317);(389,337);(313,328);(286,328);(258,348);(232,346)"> </DL_ZONE>
			<DL_ZONE gedi_type="Group" id="46" col="356" row="1371" width="511" height="248" elements="33;37;38"> </DL_ZONE>
			<DL_ZONE gedi_type="TextRegion" id="47" col="47" row="0" width="1469" height="40" contents="16 07 12 09:56 MLTC 00212537680032 p.1" script="typed" function_2="date" function_1="header" language="french"> </DL_ZONE>
		</DL_PAGE>
	</DL_DOCUMENT>
</GEDI>