<?xml version="1.0" encoding="UTF-8"?>
<!--GEDI was developed at Language and Media Processing Laboratory, University of Maryland.-->

<GEDI xmlns="http://lamp.cfar.umd.edu/media/projects/GEDI/" GEDI_version="2.3" GEDI_date="01/21/2010">
	<USER name="Khizrane" date="7/20/2012 13:12" dateFormat="mm/dd/yyyy hh:mm">	</USER>
	<USER name="MDR-P4" date="8/13/2012 18:08" dateFormat="mm/dd/yyyy hh:mm">	</USER>
	<USER name="MDR-R1" date="2/6/2013 17:09" dateFormat="mm/dd/yyyy hh:mm">	</USER>
	<USER name="MDR-R2" date="11/5/2012 15:25" dateFormat="mm/dd/yyyy hh:mm">	</USER>
	<USER name="MDR-R7" date="10/23/2012 12:59" dateFormat="mm/dd/yyyy hh:mm">	</USER>
	<USER name="Mohamed" date="8/6/2012 15:07" dateFormat="mm/dd/yyyy hh:mm">	</USER>
	<USER name="asmae" date="7/24/2012 13:30" dateFormat="mm/dd/yyyy hh:mm">	</USER>
	<DL_DOCUMENT src="FHIKMN.tif" docTag="xml" NrOfPages="1">
		<DL_PAGE gedi_type="DL_PAGE" src="FHIKMN.tif" pageID="1" width="1700" height="2338" Language_4="" Language_3="" Receiver_Company="" Sender_Company="" Receiver_Fax="" Document_Location="" Sender_Fax="" Category="C2" Document_Object="قسيمة بيع" Language_1="arabic" NumPage="1" Script_1="typed" Receiver_Address="حي سيدي ابراهيم 30000 فاس" Receiver_Phone="+212(0)6.35.64.10.70" Receiver_Name="إسماعيل الفقير" Document_Date="18/06/2012" Sender_Phone="+212(0)5.35.15.54.32" Sender_Name="خديجة الناجي" Language_2="" Script_2="" Sender_Address="24 زنقة الدرابكة حي الياسمين30100  فاس">
			<DL_ZONE gedi_type="GraphicRegion" id="1" function="logo" polygon="(770,217);(842,210);(900,243);(931,281);(946,328);(944,380);(922,422);(900,447);(865,467);(815,474);(770,459);(723,430);(697,394);(684,349);(689,295);(721,248)"> </DL_ZONE>
			<DL_ZONE gedi_type="TextRegion" id="2" col="663" row="540" width="312" height="108" contents="قسيمة بيع" script="typed" function_2="object" function_1="title" language="arabic"> </DL_ZONE>
			<DL_ZONE gedi_type="TextRegion" id="3" col="1096" row="690" width="73" height="31" contents="الزبون" script="typed" language="arabic"> </DL_ZONE>
			<DL_ZONE gedi_type="TextRegion" id="4" col="450" row="693" width="78" height="34" contents="الشركة" script="typed" language="arabic"> </DL_ZONE>
			<DL_ZONE gedi_type="TextRegion" id="5" polygon="(1345,751);(1444,755);(1443,895);(1146,896);(1146,872);(1029,864);(1036,828);(1276,824);(1298,757)" contents="الإسم إسماعيل&#10;اللقب الفقير&#10;العنوان حي سيدي ابراهيم 30000 فاس&#10;الهاتف 70 10 64 35 06" script="typed" function_1="coordinates" language="arabic"> </DL_ZONE>
			<DL_ZONE gedi_type="TextRegion" id="6" col="248" row="758" width="556" height="116" contents="العنوان 24 زنقة الدرابكة حي الياسمين 30100  فاس&#10;الهاتف 32 54 15 35 05&#10;infotv@gmail.com البريد الإلكتروني" script="typed" language="arabic"> </DL_ZONE>
			<DL_ZONE gedi_type="GraphicRegion" id="7" col="164" row="685" width="1293" height="271" function="other" orientationD="0.309"> </DL_ZONE>
			<DL_ZONE gedi_type="TextRegion" id="9" col="727" row="1010" width="253" height="41" contents="التاريخ :...2012/06/18" script="typed" function_1="date" language="arabic"> </DL_ZONE>
			<DL_ZONE gedi_type="TextRegion" id="11" col="974" row="1810" width="487" height="48" contents="البائع : خديجة الناجي    (مسؤولة قسم المبيعات)" script="typed" language="arabic"> </DL_ZONE>
			<DL_ZONE gedi_type="GraphicRegion" id="12" function="signature" polygon="(978,1875);(1024,1881);(1197,1952);(974,1991);(860,1996);(752,1955);(757,1934);(835,1899);(927,1877)"> </DL_ZONE>
			<DL_ZONE gedi_type="Group" id="13" col="742" row="1800" width="729" height="206" elements="11;12"> </DL_ZONE>
			<DL_ZONE gedi_type="NoiseRegion" id="14" col="608" row="2063" width="16" height="22"> </DL_ZONE>
			<DL_ZONE gedi_type="NoiseRegion" id="15" col="600" row="2151" width="12" height="21"> </DL_ZONE>
			<DL_ZONE gedi_type="TableRegion" id="16" col="167" row="1151" width="1296" height="549" orientationD="0.486"> </DL_ZONE>
			<DL_ZONE gedi_type="TextRegion" id="18" col="206" row="1159" width="129" height="36" contents="الرقم الكودي" script="typed" language="arabic"> </DL_ZONE>
			<DL_ZONE gedi_type="TextRegion" id="19" col="652" row="1152" width="82" height="33" contents="الصنف" script="typed" language="arabic"> </DL_ZONE>
			<DL_ZONE gedi_type="TextRegion" id="20" col="1051" row="1152" width="54" height="30" contents="العدد" script="typed" language="arabic"> </DL_ZONE>
			<DL_ZONE gedi_type="TextRegion" id="21" col="1182" row="1154" width="63" height="31" contents="السعر" script="typed" language="arabic"> </DL_ZONE>
			<DL_ZONE gedi_type="TextRegion" id="22" col="1329" row="1148" width="90" height="38" contents="الإجمالي" script="typed" language="arabic"> </DL_ZONE>
			<DL_ZONE gedi_type="TextRegion" id="23" col="229" row="1204" width="75" height="30" contents="8465" script="typed" function_1="reference" language="arabic"> </DL_ZONE>
			<DL_ZONE gedi_type="TextRegion" id="24" col="231" row="1247" width="77" height="27" contents="5848" script="typed" function_1="reference" language="arabic"> </DL_ZONE>
			<DL_ZONE gedi_type="TextRegion" id="25" col="230" row="1287" width="78" height="28" contents="2213" script="typed" function_1="reference" language="arabic"> </DL_ZONE>
			<DL_ZONE gedi_type="TextRegion" id="26" col="658" row="1197" width="81" height="33" contents="كمبيوتر" script="typed" language="arabic"> </DL_ZONE>
			<DL_ZONE gedi_type="TextRegion" id="27" col="632" row="1238" width="115" height="28" contents="آلة حاسبة" script="typed" language="arabic"> </DL_ZONE>
			<DL_ZONE gedi_type="TextRegion" id="28" col="650" row="1277" width="87" height="34" contents="محفظة" script="typed" language="arabic"> </DL_ZONE>
			<DL_ZONE gedi_type="TextRegion" id="29" col="1058" row="1196" width="31" height="29" contents="5" script="typed" language="arabic"> </DL_ZONE>
			<DL_ZONE gedi_type="TextRegion" id="30" col="1049" row="1239" width="53" height="27" contents="200" script="typed" language="arabic"> </DL_ZONE>
			<DL_ZONE gedi_type="TextRegion" id="31" col="1060" row="1278" width="37" height="29" contents="24" script="typed" language="arabic"> </DL_ZONE>
			<DL_ZONE gedi_type="TextRegion" id="32" col="1181" row="1197" width="68" height="26" contents="4000" script="typed" language="arabic"> </DL_ZONE>
			<DL_ZONE gedi_type="TextRegion" id="33" col="1197" row="1236" width="34" height="31" contents="20" script="typed" language="arabic"> </DL_ZONE>
			<DL_ZONE gedi_type="TextRegion" id="34" col="1196" row="1275" width="34" height="31" contents="50" script="typed" language="arabic"> </DL_ZONE>
			<DL_ZONE gedi_type="TextRegion" id="35" col="1334" row="1196" width="80" height="28" contents="20000" script="typed" language="arabic"> </DL_ZONE>
			<DL_ZONE gedi_type="TextRegion" id="36" col="1339" row="1238" width="70" height="24" contents="4000" script="typed" language="arabic"> </DL_ZONE>
			<DL_ZONE gedi_type="TextRegion" id="37" col="1339" row="1276" width="74" height="29" contents="1200" script="typed" language="arabic"> </DL_ZONE>
			<DL_ZONE gedi_type="TextRegion" id="38" col="655" row="1638" width="155" height="31" contents="25200 درهم" script="typed" language="arabic"> </DL_ZONE>
			<DL_ZONE gedi_type="TextRegion" id="39" col="1193" row="1634" width="90" height="33" contents="الاجمالي" script="typed" language="arabic"> </DL_ZONE>
			<DL_ZONE gedi_type="GraphicRegion" id="40" col="865" row="1032" width="34" height="14" function="underlined-field"> </DL_ZONE>
			<DL_ZONE gedi_type="GraphicRegion" id="43" col="656" row="1037" width="76" height="9" function="underlined-field"> </DL_ZONE>
			<DL_ZONE gedi_type="NoiseRegion" id="44" col="746" row="2326" width="954" height="12"> </DL_ZONE>
			<DL_ZONE gedi_type="NoiseRegion" id="45" col="1576" row="2289" width="22" height="16"> </DL_ZONE>
			<DL_ZONE gedi_type="NoiseRegion" id="46" col="1545" row="2229" width="16" height="16"> </DL_ZONE>
			<DL_ZONE gedi_type="NoiseRegion" id="47" col="825" row="2276" width="13" height="13"> </DL_ZONE>
			<DL_ZONE gedi_type="NoiseRegion" id="48" col="1294" row="2273" width="18" height="15"> </DL_ZONE>
			<DL_ZONE gedi_type="NoiseRegion" id="49" col="1145" row="2261" width="15" height="16"> </DL_ZONE>
			<DL_ZONE gedi_type="NoiseRegion" id="50" col="0" row="0" width="10" height="305"> </DL_ZONE>
			<DL_ZONE gedi_type="NoiseRegion" id="51" col="30" row="10" width="11" height="20"> </DL_ZONE>
			<DL_ZONE gedi_type="NoiseRegion" id="52" col="569" row="35" width="19" height="15"> </DL_ZONE>
			<DL_ZONE gedi_type="NoiseRegion" id="53" col="16" row="455" width="13" height="10"> </DL_ZONE>
			<DL_ZONE gedi_type="NoiseRegion" id="54" col="23" row="868" width="21" height="21"> </DL_ZONE>
			<DL_ZONE gedi_type="NoiseRegion" id="55" col="1" row="1524" width="9" height="814"> </DL_ZONE>
		</DL_PAGE>
	</DL_DOCUMENT>
</GEDI>