<?xml version="1.0" encoding="UTF-8"?>
<!--GEDI was developed at Language and Media Processing Laboratory, University of Maryland.-->

<GEDI xmlns="http://lamp.cfar.umd.edu/media/projects/GEDI/" GEDI_version="2.3" GEDI_date="01/21/2010">
	<USER name="Adil" date="7/24/2012 11:24" dateFormat="mm/dd/yyyy hh:mm">	</USER>
	<USER name="MDR-P4" date="8/13/2012 18:08" dateFormat="mm/dd/yyyy hh:mm">	</USER>
	<USER name="MDR-R1" date="2/6/2013 17:10" dateFormat="mm/dd/yyyy hh:mm">	</USER>
	<USER name="MDR-R2" date="11/5/2012 15:25" dateFormat="mm/dd/yyyy hh:mm">	</USER>
	<USER name="MDR-R6" date="11/1/2012 11:11" dateFormat="mm/dd/yyyy hh:mm">	</USER>
	<USER name="MDR-R7" date="10/23/2012 12:59" dateFormat="mm/dd/yyyy hh:mm">	</USER>
	<USER name="Mohamed" date="8/2/2012 17:12" dateFormat="mm/dd/yyyy hh:mm">	</USER>
	<USER name="asmae" date="7/19/2012 9:59" dateFormat="mm/dd/yyyy hh:mm">	</USER>
	<DL_DOCUMENT src="FHIKMO.tif" docTag="xml" NrOfPages="1">
		<DL_PAGE gedi_type="DL_PAGE" src="FHIKMO.tif" pageID="1" width="1700" height="2338" Language_2="" Language_4="" Language_3="" Receiver_Address="" Sender_Phone="" Receiver_Fax="" Document_Location="" Receiver_Phone="" Sender_Address="" Sender_Fax="" Category="C2" Language_1="arabic" NumPage="1" Script_1="typed" Receiver_Name="بوبكر العبادي" Document_Date="23/06/2012" Script_2="" Sender_Company="الشركة الهندسية  لتطوير النظم الرقمية ش.م.م" Document_Object="إذن إستلام" Sender_Name="إسماعيل الفقير" Receiver_Company="شركة الحسين للمبيعات">
			<DL_ZONE gedi_type="TextRegion" id="1" col="550" row="204" width="526" height="161" contents="الشركة الهندسية  لتطوير النظم الرقمية&#10;ش.م.م" script="typed" language="arabic"> </DL_ZONE>
			<DL_ZONE gedi_type="TextRegion" id="2" col="611" row="588" width="415" height="56" contents="إذن إستلام نقدية / شيكات" script="typed" function_1="object" language="arabic"> </DL_ZONE>
			<DL_ZONE gedi_type="TextRegion" id="3" col="1329" row="678" width="96" height="57" contents="المبلغ" script="typed" language="arabic"> </DL_ZONE>
			<DL_ZONE gedi_type="TextRegion" id="4" col="1216" row="740" width="208" height="51" contents="37000 درهم" script="typed" language="arabic"> </DL_ZONE>
			<DL_ZONE gedi_type="TextRegion" id="5" col="421" row="927" width="1035" height="400" contents="استلمنا من السيد بوبكر العبادي&#10;شركة الحسين للمبيعات&#10;مبلغ و قدره 37000 درهم&#10;نقدا / شيك رقم 0541032 مسحوب على بنك التجاري الاقتصادي&#10;وذلك قيمة قطعة أرضية" script="typed" function_1="reference" language="arabic"> </DL_ZONE>
			<DL_ZONE gedi_type="GraphicRegion" id="9" function="logo" polygon="(184,516);(203,427);(299,436);(501,433);(648,427);(731,439);(722,536);(533,538);(411,532);(314,538);(266,545);(187,526)"> </DL_ZONE>
			<DL_ZONE gedi_type="GraphicRegion" id="10" col="1137" row="731" width="303" height="68" function="other"> </DL_ZONE>
			<DL_ZONE gedi_type="TextRegion" id="23" col="1048" row="1539" width="411" height="56" contents="تحريرا في 23/06/2012" script="typed" function_1="date" language="arabic"> </DL_ZONE>
			<DL_ZONE gedi_type="TextRegion" id="25" col="225" row="1630" width="425" height="54" contents="أمين الخزينة إسماعيل الفقير" script="typed" language="arabic"> </DL_ZONE>
			<DL_ZONE gedi_type="GraphicRegion" id="29" function="signature" polygon="(232,1894);(266,1869);(280,1875);(432,1758);(440,1730);(471,1692);(489,1707);(468,1742);(476,1753);(504,1730);(516,1739);(619,1717);(633,1735);(585,1776);(492,1817);(474,1815);(429,1871);(429,1885);(479,1856);(488,1872);(461,1904);(418,1916);(318,2006);(311,1991);(406,1894);(406,1863);(477,1776);(443,1766);(328,1875);(227,1921)"> </DL_ZONE>
			<DL_ZONE gedi_type="NoiseRegion" id="39" col="7" row="2328" width="1691" height="10"> </DL_ZONE>
			<DL_ZONE gedi_type="NoiseRegion" id="40" polygon="(524,2277);(513,2188);(603,2046);(728,2095);(687,2242);(813,2241);(915,2298);(908,2320);(676,2320)"> </DL_ZONE>
			<DL_ZONE gedi_type="NoiseRegion" id="41" col="1061" row="2266" width="13" height="13"> </DL_ZONE>
			<DL_ZONE gedi_type="NoiseRegion" id="42" col="1542" row="2229" width="28" height="22"> </DL_ZONE>
			<DL_ZONE gedi_type="NoiseRegion" id="43" col="1579" row="2288" width="13" height="16"> </DL_ZONE>
			<DL_ZONE gedi_type="NoiseRegion" id="44" col="1632" row="2242" width="14" height="18"> </DL_ZONE>
			<DL_ZONE gedi_type="NoiseRegion" id="45" col="573" row="33" width="16" height="18"> </DL_ZONE>
			<DL_ZONE gedi_type="NoiseRegion" id="46" col="28" row="10" width="16" height="18"> </DL_ZONE>
			<DL_ZONE gedi_type="NoiseRegion" id="47" col="1" row="1" width="9" height="2337"> </DL_ZONE>
			<DL_ZONE gedi_type="NoiseRegion" id="48" col="28" row="862" width="10" height="16"> </DL_ZONE>
			<DL_ZONE gedi_type="NoiseRegion" id="49" col="147" row="744" width="15" height="9"> </DL_ZONE>
			<DL_ZONE gedi_type="NoiseRegion" id="50" col="157" row="395" width="103" height="29"> </DL_ZONE>
			<DL_ZONE gedi_type="NoiseRegion" id="51" col="16" row="452" width="17" height="22"> </DL_ZONE>
			<DL_ZONE gedi_type="GraphicRegion" id="52" col="1142" row="955" width="72" height="20" function="underlined-field"> </DL_ZONE>
			<DL_ZONE gedi_type="GraphicRegion" id="53" col="285" row="962" width="661" height="18" function="underlined-field"> </DL_ZONE>
			<DL_ZONE gedi_type="GraphicRegion" id="54" col="1135" row="1042" width="236" height="18" function="underlined-field"> </DL_ZONE>
			<DL_ZONE gedi_type="GraphicRegion" id="55" col="306" row="1047" width="593" height="19" function="underlined-field"> </DL_ZONE>
			<DL_ZONE gedi_type="GraphicRegion" id="56" col="1028" row="1131" width="259" height="23" function="underlined-field"> </DL_ZONE>
			<DL_ZONE gedi_type="GraphicRegion" id="57" col="864" row="1134" width="55" height="17" function="underlined-field"> </DL_ZONE>
			<DL_ZONE gedi_type="GraphicRegion" id="58" col="246" row="1134" width="550" height="24" function="underlined-field"> </DL_ZONE>
			<DL_ZONE gedi_type="GraphicRegion" id="59" col="1195" row="1218" width="37" height="21" function="underlined-field"> </DL_ZONE>
			<DL_ZONE gedi_type="GraphicRegion" id="60" col="986" row="1223" width="53" height="19" function="underlined-field"> </DL_ZONE>
			<DL_ZONE gedi_type="GraphicRegion" id="61" col="690" row="1222" width="52" height="22" function="underlined-field"> </DL_ZONE>
			<DL_ZONE gedi_type="GraphicRegion" id="62" col="216" row="1227" width="202" height="21" function="underlined-field"> </DL_ZONE>
			<DL_ZONE gedi_type="GraphicRegion" id="63" col="1125" row="1308" width="177" height="16" function="underlined-field"> </DL_ZONE>
			<DL_ZONE gedi_type="GraphicRegion" id="64" col="275" row="1312" width="671" height="24" function="underlined-field"> </DL_ZONE>
			<DL_ZONE gedi_type="GraphicRegion" id="65" col="1253" row="1569" width="40" height="17" function="underlined-field"> </DL_ZONE>
			<DL_ZONE gedi_type="GraphicRegion" id="66" col="1001" row="1571" width="51" height="19" function="underlined-field"> </DL_ZONE>
			<DL_ZONE gedi_type="GraphicRegion" id="67" col="444" row="1665" width="25" height="16" function="underlined-field"> </DL_ZONE>
			<DL_ZONE gedi_type="GraphicRegion" id="68" col="189" row="1667" width="46" height="14" function="underlined-field"> </DL_ZONE>
			<DL_ZONE gedi_type="Group" id="69" col="179" row="1620" width="481" height="396" elements="25;29;67;68"> </DL_ZONE>
		</DL_PAGE>
	</DL_DOCUMENT>
</GEDI>