<?xml version="1.0" encoding="UTF-8"?>
<!--GEDI was developed at Language and Media Processing Laboratory, University of Maryland.-->

<GEDI xmlns="http://lamp.cfar.umd.edu/media/projects/GEDI/" GEDI_version="2.3.19" GEDI_date="12/23/2011">
	<USER name="Catherine MAUPLOT" date="10/25/2012 15:51" dateFormat="mm/dd/yyyy hh:mm">	</USER>
	<USER name="MDR-P1" date="8/14/2012 12:12" dateFormat="mm/dd/yyyy hh:mm">	</USER>
	<USER name="MDR-P6" date="5/28/2013 9:21" dateFormat="mm/dd/yyyy hh:mm">	</USER>
	<USER name="MDR-P8" date="10/31/2012 12:29" dateFormat="mm/dd/yyyy hh:mm">	</USER>
	<DL_DOCUMENT src="FJKRHT.tif" docTag="xml" NrOfPages="1">
		<DL_PAGE gedi_type="DL_PAGE" src="FJKRHT.tif" pageID="1" width="2550" height="3457" Language_2="" Sender_Name="" Language_3="" Sender_Company="" Sender_Phone="" Receiver_Fax="" Document_Location="" Sender_Address="" Sender_Fax="" Category="C2" Document_Object="WORK ORDER/INVOICE" Language_1="english" Language_4="" NumPage="1" Script_1="typed" Script_2="hand" Receiver_Address="WALTER STREET DRAYCOTTDERBY DERBYSHIRE DE72" Receiver_Company="DMX LTD" Document_Date="14/07/2012" Receiver_Phone="+44(0)13.32.87.47.97" Receiver_Name="Becky GREGGSON">
			<DL_ZONE gedi_type="TextRegion" id="1" col="1277" row="383" width="1182" height="122" contents="WORK ORDER/INVOICE" script="typed" function_2="object" function_1="title" language="english"> </DL_ZONE>
			<DL_ZONE gedi_type="TextRegion" id="2" col="304" row="76" width="713" height="330" contents="aia" script="typed" language="english"> </DL_ZONE>
			<DL_ZONE gedi_type="GraphicRegion" id="3" col="1318" row="26" width="1088" height="362" function="other"> </DL_ZONE>
			<DL_ZONE gedi_type="TextRegion" id="4" nextZoneID="7" col="1356" row="52" width="392" height="67" contents="Customer P.O.#" script="typed" language="english"> </DL_ZONE>
			<DL_ZONE gedi_type="GraphicRegion" id="6" col="1734" row="111" width="637" height="17" function="underlined-field"> </DL_ZONE>
			<DL_ZONE gedi_type="TextRegion" id="7" col="1780" row="52" width="176" height="62" contents="A163" script="hand" function_1="reference" language="english"> </DL_ZONE>
			<DL_ZONE gedi_type="TextRegion" id="8" nextZoneID="11" col="1359" row="137" width="225" height="61" contents="Invoice #" script="typed" language="english"> </DL_ZONE>
			<DL_ZONE gedi_type="GraphicRegion" id="10" col="1573" row="181" width="801" height="32" function="underlined-field"> </DL_ZONE>
			<DL_ZONE gedi_type="TextRegion" id="11" col="1614" row="131" width="412" height="70" contents="2012 - 668" script="hand" function_1="reference" language="english"> </DL_ZONE>
			<DL_ZONE gedi_type="TextRegion" id="12" nextZoneID="13" col="1356" row="213" width="272" height="64" contents="Order Date" script="typed" language="english"> </DL_ZONE>
			<DL_ZONE gedi_type="TextRegion" id="13" col="1652" row="204" width="453" height="67" contents="14/07/2012" script="hand" language="english"> </DL_ZONE>
			<DL_ZONE gedi_type="TextRegion" id="14" nextZoneID="15" col="1356" row="289" width="234" height="58" contents="Due Date" script="typed" language="english"> </DL_ZONE>
			<DL_ZONE gedi_type="TextRegion" id="15" col="1652" row="283" width="479" height="73" contents="21/07/2012" script="hand" language="english"> </DL_ZONE>
			<DL_ZONE gedi_type="GraphicRegion" id="16" col="298" row="70" width="722" height="333" function="logo"> </DL_ZONE>
			<DL_ZONE gedi_type="GraphicRegion" id="17" col="175" row="444" width="977" height="170" function="other"> </DL_ZONE>
			<DL_ZONE gedi_type="TextRegion" id="18" col="195" row="459" width="345" height="52" contents="Yellow pages" script="typed" language="english"> </DL_ZONE>
			<DL_ZONE gedi_type="GraphicRegion" id="19" col="532" row="490" width="568" height="18" function="underlined-field"> </DL_ZONE>
			<DL_ZONE gedi_type="TextRegion" id="20" col="308" row="520" width="180" height="44" contents="Goggle" script="typed" language="english"> </DL_ZONE>
			<DL_ZONE gedi_type="TextRegion" id="21" col="204" row="556" width="142" height="34" contents="Other" script="typed" language="english"> </DL_ZONE>
			<DL_ZONE gedi_type="TextRegion" id="22" col="730" row="514" width="162" height="40" contents="Yahoo" script="typed" language="english"> </DL_ZONE>
			<DL_ZONE gedi_type="GraphicRegion" id="23" col="496" row="510" width="62" height="44" function="form-field"> </DL_ZONE>
			<DL_ZONE gedi_type="GraphicRegion" id="24" col="896" row="514" width="58" height="44" function="form-field"> </DL_ZONE>
			<DL_ZONE gedi_type="LineDrawingRegion" id="26" polygon="(908,530);(982,502);(992,534);(894,576);(890,534)"> </DL_ZONE>
			<DL_ZONE gedi_type="Group" id="27" col="720" row="492" width="282" height="94" elements="22;24;26"> </DL_ZONE>
			<DL_ZONE gedi_type="GraphicRegion" id="28" col="1630" row="262" width="738" height="20" function="underlined-field"> </DL_ZONE>
			<DL_ZONE gedi_type="GraphicRegion" id="29" col="1596" row="338" width="772" height="24" function="underlined-field"> </DL_ZONE>
			<DL_ZONE gedi_type="TextRegion" id="30" nextZoneID="33" col="1354" row="508" width="210" height="62" contents="Phone #" script="typed" language="english"> </DL_ZONE>
			<DL_ZONE gedi_type="TextRegion" id="33" col="1606" row="506" width="498" height="58" contents="1332874797" script="hand" language="english"> </DL_ZONE>
			<DL_ZONE gedi_type="GraphicRegion" id="34" col="1552" row="552" width="848" height="24" function="underlined-field"> </DL_ZONE>
			<DL_ZONE gedi_type="TextRegion" id="35" col="1358" row="586" width="144" height="52" contents="Cell #" script="typed" language="english"> </DL_ZONE>
			<DL_ZONE gedi_type="TextRegion" id="37" col="1364" row="676" width="140" height="62" contents="Fax #" script="typed" language="english"> </DL_ZONE>
			<DL_ZONE gedi_type="TextRegion" id="39" nextZoneID="65" col="1356" row="772" width="158" height="56" contents="E mail" script="typed" language="english"> </DL_ZONE>
			<DL_ZONE gedi_type="GraphicRegion" id="40" col="1496" row="636" width="906" height="24" function="underlined-field"> </DL_ZONE>
			<DL_ZONE gedi_type="GraphicRegion" id="41" col="1488" row="732" width="914" height="18" function="underlined-field"> </DL_ZONE>
			<DL_ZONE gedi_type="GraphicRegion" id="42" col="1504" row="822" width="908" height="20" function="underlined-field"> </DL_ZONE>
			<DL_ZONE gedi_type="GraphicRegion" id="43" col="114" row="694" width="1160" height="20" function="underlined-field"> </DL_ZONE>
			<DL_ZONE gedi_type="GraphicRegion" id="44" col="362" row="772" width="892" height="22" function="underlined-field"> </DL_ZONE>
			<DL_ZONE gedi_type="TextRegion" id="45" nextZoneID="46" col="110" row="616" width="486" height="50" contents="Customer's Web Site" script="typed" language="english"> </DL_ZONE>
			<DL_ZONE gedi_type="TextRegion" id="46" col="372" row="648" width="592" height="50" contents="www.dmx.co.uk" script="hand" language="english"> </DL_ZONE>
			<DL_ZONE gedi_type="TextRegion" id="47" nextZoneID="49" col="112" row="732" width="252" height="52" contents="Contact #1" script="typed" language="english"> </DL_ZONE>
			<DL_ZONE gedi_type="TextRegion" id="49" col="436" row="722" width="492" height="94" contents="Greggson Becky" script="hand" language="english"> </DL_ZONE>
			<DL_ZONE gedi_type="TextRegion" id="50" nextZoneID="57" col="110" row="814" width="260" height="56" contents="Contact #2" script="typed" language="english"> </DL_ZONE>
			<DL_ZONE gedi_type="TextRegion" id="52" nextZoneID="58" col="106" row="888" width="164" height="60" contents="Bill To:" script="typed" language="english"> </DL_ZONE>
			<DL_ZONE gedi_type="TextRegion" id="53" nextZoneID="68" col="108" row="976" width="204" height="60" contents="Address" script="typed" language="english"> </DL_ZONE>
			<DL_ZONE gedi_type="TextRegion" id="54" nextZoneID="69" col="112" row="1068" width="98" height="66" contents="City" script="typed" language="english"> </DL_ZONE>
			<DL_ZONE gedi_type="GraphicRegion" id="55" col="358" row="856" width="898" height="22" function="underlined-field"> </DL_ZONE>
			<DL_ZONE gedi_type="GraphicRegion" id="56" col="272" row="936" width="994" height="24" function="underlined-field"> </DL_ZONE>
			<DL_ZONE gedi_type="TextRegion" id="57" col="430" row="810" width="554" height="48" contents="Peter Jackson" script="hand" language="english"> </DL_ZONE>
			<DL_ZONE gedi_type="TextRegion" id="58" col="280" row="880" width="932" height="76" contents="Walter Street , DraycottDerby," script="hand" language="english"> </DL_ZONE>
			<DL_ZONE gedi_type="TextRegion" id="59" nextZoneID="60" col="1316" row="886" width="196" height="62" contents="Ship To:" script="typed" language="english"> </DL_ZONE>
			<DL_ZONE gedi_type="TextRegion" id="60" col="1552" row="880" width="364" height="72" contents="DMX LTD" script="hand" language="english"> </DL_ZONE>
			<DL_ZONE gedi_type="GraphicRegion" id="61" col="1504" row="934" width="966" height="26" function="underlined-field"> </DL_ZONE>
			<DL_ZONE gedi_type="TextRegion" id="62" nextZoneID="64" col="1312" row="980" width="202" height="52" contents="Address" script="typed" language="english"> </DL_ZONE>
			<DL_ZONE gedi_type="GraphicRegion" id="63" col="1506" row="1028" width="968" height="26" function="underlined-field"> </DL_ZONE>
			<DL_ZONE gedi_type="TextRegion" id="64" col="1516" row="974" width="904" height="84" contents="WalterStreet, DraycottDerby," script="hand" language="english"> </DL_ZONE>
			<DL_ZONE gedi_type="TextRegion" id="65" col="1548" row="760" width="650" height="60" contents="dmx@dmx.co.uk" script="hand" language="english"> </DL_ZONE>
			<DL_ZONE gedi_type="GraphicRegion" id="67" col="306" row="1026" width="970" height="18" function="underlined-field"> </DL_ZONE>
			<DL_ZONE gedi_type="TextRegion" id="68" col="332" row="970" width="378" height="66" contents="Derbyshire" script="hand" language="english"> </DL_ZONE>
			<DL_ZONE gedi_type="TextRegion" id="69" col="226" row="1050" width="370" height="80" contents="Derbyshire" script="hand" language="english"> </DL_ZONE>
			<DL_ZONE gedi_type="GraphicRegion" id="70" col="202" row="1116" width="452" height="20" function="underlined-field"> </DL_ZONE>
			<DL_ZONE gedi_type="TextRegion" id="71" col="648" row="1070" width="128" height="52" contents="State" script="typed" language="english"> </DL_ZONE>
			<DL_ZONE gedi_type="GraphicRegion" id="72" col="776" row="1114" width="126" height="18" function="underlined-field"> </DL_ZONE>
			<DL_ZONE gedi_type="TextRegion" id="73" nextZoneID="74" col="920" row="1066" width="78" height="64" contents="Zip" script="typed" language="english"> </DL_ZONE>
			<DL_ZONE gedi_type="TextRegion" id="74" col="1004" row="1054" width="246" height="54" contents="DE72" script="hand" language="english"> </DL_ZONE>
			<DL_ZONE gedi_type="TextRegion" id="75" nextZoneID="76" col="1312" row="1070" width="98" height="62" contents="City" script="typed" language="english"> </DL_ZONE>
			<DL_ZONE gedi_type="TextRegion" id="76" col="1430" row="1070" width="360" height="52" contents="Derbyshire" script="hand" language="english"> </DL_ZONE>
			<DL_ZONE gedi_type="TextRegion" id="77" col="1858" row="1074" width="124" height="50" contents="State" script="typed" language="english"> </DL_ZONE>
			<DL_ZONE gedi_type="TextRegion" id="78" nextZoneID="79" col="2124" row="1070" width="74" height="70" contents="Zip" script="typed" language="english"> </DL_ZONE>
			<DL_ZONE gedi_type="TextRegion" id="79" col="2216" row="1072" width="212" height="48" contents="D272" script="hand" language="english"> </DL_ZONE>
			<DL_ZONE gedi_type="GraphicRegion" id="80" col="2194" row="1124" width="268" height="16" function="underlined-field"> </DL_ZONE>
			<DL_ZONE gedi_type="GraphicRegion" id="81" col="1974" row="1122" width="128" height="16" function="underlined-field"> </DL_ZONE>
			<DL_ZONE gedi_type="GraphicRegion" id="82" col="1404" row="1120" width="450" height="16" function="underlined-field"> </DL_ZONE>
			<DL_ZONE gedi_type="GraphicRegion" id="83" col="994" row="1114" width="276" height="14" function="underlined-field"> </DL_ZONE>
			<DL_ZONE gedi_type="GraphicRegion" id="84" col="234" row="1156" width="50" height="46" function="form-field"> </DL_ZONE>
			<DL_ZONE gedi_type="TextRegion" id="85" col="294" row="1160" width="868" height="44" contents="See Page 2 for art/additional instructions" script="typed" language="english"> </DL_ZONE>
			<DL_ZONE gedi_type="TextRegion" id="86" col="1308" row="1146" width="480" height="80" contents="Place the amount# of each size&#10;in the appropriate box." script="typed" language="english"> </DL_ZONE>
			<DL_ZONE gedi_type="TableRegion" id="87" polygon="(100,1220);(2472,1228);(2472,3180);(1924,3172);(1912,3168);(1900,2568);(100,2556)"> </DL_ZONE>
			<DL_ZONE gedi_type="TextRegion" id="88" col="108" row="1236" width="112" height="68" contents="Line&#10;Totals" script="typed" language="english"> </DL_ZONE>
			<DL_ZONE gedi_type="TextRegion" id="90" col="314" row="1254" width="604" height="56" contents="Item Catalog #, Brand and Style" script="typed" language="english"> </DL_ZONE>
			<DL_ZONE gedi_type="TextRegion" id="92" col="1052" row="1260" width="106" height="46" contents="Color" script="typed" language="english"> </DL_ZONE>
			<DL_ZONE gedi_type="TextRegion" id="93" col="1208" row="1262" width="58" height="36" contents="XS" script="typed" language="english"> </DL_ZONE>
			<DL_ZONE gedi_type="TextRegion" id="94" col="1328" row="1264" width="32" height="38" contents="S" script="typed" language="english"> </DL_ZONE>
			<DL_ZONE gedi_type="TextRegion" id="95" col="1416" row="1262" width="36" height="42" contents="M" script="typed" language="english"> </DL_ZONE>
			<DL_ZONE gedi_type="TextRegion" id="96" col="1520" row="1260" width="26" height="46" contents="L" script="typed" language="english"> </DL_ZONE>
			<DL_ZONE gedi_type="TextRegion" id="97" col="1612" row="1262" width="58" height="44" contents="XL" script="typed" language="english"> </DL_ZONE>
			<DL_ZONE gedi_type="TextRegion" id="98" col="1706" row="1264" width="74" height="42" contents="2XL" script="typed" language="english"> </DL_ZONE>
			<DL_ZONE gedi_type="TextRegion" id="99" col="1810" row="1266" width="80" height="40" contents="3XL" script="typed" language="english"> </DL_ZONE>
			<DL_ZONE gedi_type="TextRegion" id="100" col="2018" row="1266" width="182" height="44" contents="Unit Price" script="typed" language="english"> </DL_ZONE>
			<DL_ZONE gedi_type="TextRegion" id="101" col="2276" row="1260" width="88" height="46" contents="EXT." script="typed" language="english"> </DL_ZONE>
			<DL_ZONE gedi_type="TextRegion" id="102" col="148" row="1320" width="32" height="52" contents="1" script="hand" language="english"> </DL_ZONE>
			<DL_ZONE gedi_type="TextRegion" id="103" col="148" row="1400" width="42" height="52" contents="2" script="hand" language="english"> </DL_ZONE>
			<DL_ZONE gedi_type="TextRegion" id="104" col="152" row="1480" width="44" height="48" contents="3" script="hand" language="english"> </DL_ZONE>
			<DL_ZONE gedi_type="TextRegion" id="105" col="240" row="1316" width="766" height="78" contents="L'oreal Professionel Shampoo" script="hand" language="english"> </DL_ZONE>
			<DL_ZONE gedi_type="TextRegion" id="106" col="242" row="1394" width="760" height="74" contents="L'oreal Hair Color-Brown" script="hand" language="english"> </DL_ZONE>
			<DL_ZONE gedi_type="TextRegion" id="108" col="236" row="1470" width="728" height="64" contents="L'oreal Hair Color-Black" script="hand" language="english"> </DL_ZONE>
			<DL_ZONE gedi_type="TextRegion" id="110" col="1036" row="1404" width="134" height="60" contents="Brown" script="hand" language="english"> </DL_ZONE>
			<DL_ZONE gedi_type="TextRegion" id="111" col="1032" row="1486" width="144" height="54" contents="Black" script="hand" language="english"> </DL_ZONE>
			<DL_ZONE gedi_type="LineDrawingRegion" id="112" col="1404" row="1330" width="46" height="28"> </DL_ZONE>
			<DL_ZONE gedi_type="LineDrawingRegion" id="113" col="1410" row="1414" width="46" height="24"> </DL_ZONE>
			<DL_ZONE gedi_type="LineDrawingRegion" id="114" col="1408" row="1486" width="56" height="32"> </DL_ZONE>
			<DL_ZONE gedi_type="TextRegion" id="115" col="2070" row="1326" width="88" height="54" contents="35" script="hand" language="english"> </DL_ZONE>
			<DL_ZONE gedi_type="TextRegion" id="116" col="2074" row="1412" width="82" height="48" contents="30" script="hand" language="english"> </DL_ZONE>
			<DL_ZONE gedi_type="TextRegion" id="117" col="2080" row="1494" width="88" height="42" contents="30" script="hand" language="english"> </DL_ZONE>
			<DL_ZONE gedi_type="TextRegion" id="118" nextZoneID="121" col="152" row="2560" width="384" height="60" contents="Special Instructions:" script="typed" language="english"> </DL_ZONE>
			<DL_ZONE gedi_type="GraphicRegion" id="120" col="144" row="2608" width="1700" height="308" function="other"> </DL_ZONE>
			<DL_ZONE gedi_type="TextRegion" id="121" col="276" row="2620" width="748" height="96" contents="Ship by A1 Transport ." script="hand" language="english"> </DL_ZONE>
			<DL_ZONE gedi_type="TextRegion" id="122" col="1916" row="2560" width="252" height="64" contents="Screen Prep." script="typed" language="english"> </DL_ZONE>
			<DL_ZONE gedi_type="TextRegion" id="123" col="1916" row="2640" width="152" height="52" contents="Artwork" script="typed" language="english"> </DL_ZONE>
			<DL_ZONE gedi_type="TextRegion" id="124" col="1916" row="2716" width="256" height="52" contents="Ink color chg." script="typed" language="english"> </DL_ZONE>
			<DL_ZONE gedi_type="TextRegion" id="125" col="1916" row="2794" width="182" height="50" contents="Sub Total" script="typed" language="english"> </DL_ZONE>
			<DL_ZONE gedi_type="TextRegion" id="126" col="1922" row="2868" width="64" height="44" contents="Tax" script="typed" language="english"> </DL_ZONE>
			<DL_ZONE gedi_type="TextRegion" id="127" col="1918" row="2944" width="156" height="56" contents="Total" script="typed" language="english"> </DL_ZONE>
			<DL_ZONE gedi_type="TextRegion" id="128" col="1920" row="3030" width="144" height="52" contents="Deposit" script="typed" language="english"> </DL_ZONE>
			<DL_ZONE gedi_type="TextRegion" id="129" col="1918" row="3108" width="152" height="44" contents="Balance" script="typed" language="english"> </DL_ZONE>
			<DL_ZONE gedi_type="TextRegion" id="130" col="2286" row="2948" width="104" height="56" contents="95" script="hand" language="english"> </DL_ZONE>
			<DL_ZONE gedi_type="TextRegion" id="131" col="2292" row="3038" width="94" height="46" contents="40" script="hand" language="english"> </DL_ZONE>
			<DL_ZONE gedi_type="TextRegion" id="132" col="2286" row="3104" width="114" height="52" contents="55" script="hand" language="english"> </DL_ZONE>
			<DL_ZONE gedi_type="TextRegion" id="133" col="112" row="2996" width="1758" height="102" contents="Customer approves above order including sizes, styles, pricing and spelling on artwork.&#10;and has read, understands &amp; agrees to the terms and conditions and industry trade standards." script="typed" language="english"> </DL_ZONE>
			<DL_ZONE gedi_type="TextRegion" id="136" nextZoneID="140" col="118" row="3102" width="442" height="58" contents="Order Acceptance:" script="typed" language="english"> </DL_ZONE>
			<DL_ZONE gedi_type="GraphicRegion" id="137" col="560" row="3142" width="944" height="30" function="underlined-field"> </DL_ZONE>
			<DL_ZONE gedi_type="GraphicRegion" id="138" col="1632" row="3146" width="212" height="22" function="underlined-field"> </DL_ZONE>
			<DL_ZONE gedi_type="GraphicRegion" id="139" col="630" row="3096" width="336" height="70" function="signature"> </DL_ZONE>
			<DL_ZONE gedi_type="TextRegion" id="140" col="632" row="3104" width="236" height="58" contents="Becky G" script="hand" language="english"> </DL_ZONE>
			<DL_ZONE gedi_type="TextRegion" id="142" nextZoneID="143" col="1508" row="3106" width="124" height="50" contents="Date:" script="typed" language="english"> </DL_ZONE>
			<DL_ZONE gedi_type="TextRegion" id="143" col="1646" row="3096" width="240" height="58" contents="14/07/12" script="hand" function_1="date" language="english"> </DL_ZONE>
			<DL_ZONE gedi_type="NoiseRegion" id="144" col="436" row="0" width="18" height="3456"> </DL_ZONE>
		</DL_PAGE>
	</DL_DOCUMENT>
</GEDI>