<?xml version="1.0" encoding="UTF-8"?>
<!--GEDI was developed at Language and Media Processing Laboratory, University of Maryland.-->

<GEDI xmlns="http://lamp.cfar.umd.edu/media/projects/GEDI/" GEDI_version="2.3.19" GEDI_date="12/23/2011">
	<USER name="MDR-P1" date="10/29/2012 9:52" dateFormat="mm/dd/yyyy hh:mm">	</USER>
	<USER name="MDR-P6" date="5/29/2013 10:59" dateFormat="mm/dd/yyyy hh:mm">	</USER>
	<USER name="MDR-P8" date="1/31/2013 19:07" dateFormat="mm/dd/yyyy hh:mm">	</USER>
	<USER name="Mdr-P5" date="10/8/2012 9:57" dateFormat="mm/dd/yyyy hh:mm">	</USER>
	<DL_DOCUMENT src="FLPMQQ.tif" docTag="xml" NrOfPages="2">
		<DL_PAGE gedi_type="DL_PAGE" src="FLPMQQ.tif" pageID="1" width="2477" height="3503" Language_2="" Receiver_Name="" Language_4="" Language_3="" Receiver_Company="" Receiver_Address="" Sender_Company="" Receiver_Fax="" Document_Location="" Receiver_Phone="" Sender_Fax="" Category="C1" Document_Date="14/01/2012" Language_1="english" NumPage="2" Script_1="typed" Script_2="hand" Sender_Address="TRENT LANE , CASTLE DONINGTON DERBY,DERBYSHIRE DE74 2PY DERBY" Sender_Phone="+44(0)13.32.81.05.04" Document_Object="APPLICATION TO DETERMINE RETURNING RESIDENT STATUS" Sender_Name="Allyson GARRISSON">
			<DL_ZONE gedi_type="TextRegion" id="1" polygon="(226,1004);(220,1068);(344,1092);(370,1072);(500,1070);(502,1026)" contents="Allyson" script="hand" language="english"> </DL_ZONE>
			<DL_ZONE gedi_type="TextRegion" id="2" col="844" row="1010" width="332" height="70" contents="Garrison" script="hand" language="english"> </DL_ZONE>
			<DL_ZONE gedi_type="TextRegion" id="3" polygon="(904,1192);(880,1238);(160,1242);(162,1328);(1900,1386);(2158,1430);(2308,1246);(1386,1260);(1322,1198)" contents="1332810504&#10;Trent Lane , Castle Donington Derby,Derbyshire DE74 2PY&#10;derby" script="hand" function_1="coordinates" language="english"> </DL_ZONE>
			<DL_ZONE gedi_type="TextRegion" id="4" polygon="(536,1500);(692,1512);(1308,1506);(1234,1422);(532,1428)" contents="Derbyshire . U.K." script="hand" language="english"> </DL_ZONE>
			<DL_ZONE gedi_type="TextRegion" id="5" col="1672" row="1444" width="432" height="62" contents="08 - 02 -1980" script="hand" language="english"> </DL_ZONE>
			<DL_ZONE gedi_type="TextRegion" id="6" col="958" row="2056" width="234" height="62" contents="Brother" script="hand" language="english"> </DL_ZONE>
			<DL_ZONE gedi_type="TextRegion" id="7" col="214" row="2046" width="588" height="108" contents="Brendan Baptist" script="hand" language="english"> </DL_ZONE>
			<DL_ZONE gedi_type="TextRegion" id="8" col="1752" row="2066" width="532" height="78" contents="SW7 2QA London" script="hand" language="english"> </DL_ZONE>
			<DL_ZONE gedi_type="TextRegion" id="9" col="250" row="2504" width="388" height="68" contents="02-07-1999" script="hand" language="english"> </DL_ZONE>
			<DL_ZONE gedi_type="TextRegion" id="10" col="722" row="2488" width="374" height="110" contents="Warrington" script="hand" language="english"> </DL_ZONE>
			<DL_ZONE gedi_type="TextRegion" id="11" col="1452" row="2796" width="160" height="76" contents="U.K" script="hand" language="english"> </DL_ZONE>
			<DL_ZONE gedi_type="TextRegion" id="13" polygon="(726,2806);(724,2848);(1082,2860);(1084,2818)" contents="10 - 07 - 2011" script="hand" language="english"> </DL_ZONE>
			<DL_ZONE gedi_type="TextRegion" id="22" col="1844" row="352" width="416" height="100" contents="OMB APPROVAL NO. 1405-0091&#10;EXPIRATION DATE 11/30/2013&#10;ESTIMATED BURDEN: 30 MINUTES*" script="typed" function_1="reference" language="english"> </DL_ZONE>
			<DL_ZONE gedi_type="TextRegion" id="23" col="338" row="328" width="1456" height="108" contents="U.S. Department of State&#10;APPLICATION TO DETERMINE RETURNING RESIDENT STATUS" script="typed" function_2="object" function_1="title" language="english"> </DL_ZONE>
			<DL_ZONE gedi_type="TextRegion" id="24" polygon="(152,440);(156,950);(2310,958);(2300,472)" contents="INSTRUCTIONS&#10;This is an application for Special Immigrant Status under Section 101 (a)(27)(A) of the Immigration and Nationality Act, for lawfully admitted permanent&#10;residents who are returning from a temporary visit abroad. To qualify you must submit with this ¤{appllcation/application}¤ evidence that:&#10;(1) You had the status of an alien lawfully admitted for permanent residence at the time of departure from the United States;&#10;(2) You departed from the United States with the intention of returning and you have not abandoned this intention; and&#10;(3) You are returning to the United States from a tempory visit abroad and, if the stay abroad was protracted, this was caused by reasons&#10;beyond your control and for which you are not responsible.&#10;Applicants must submit evidence with this application to support the above requirements, including proof of lawful permanent residence&#10;(Examples: Form [-151, I-551, Reentry Permit etc.), dates of travel outside of the United States (Examples: airline tickets, passport stamps, etc.), proof of.&#10;ties to the United States and intention to return (Examples: tax returns, and evidence of economic, family and social ties to the United States), and proof a&#10;protracted stay was for reasons beyond the applicant's control (Examples: medical incapacitation, employment with a U.S. company, accompanying a U.S.&#10;citizen spouse, etc.) All documents will be returned to you." script="typed" function_2="reference" function_1="text_section" language="english"> </DL_ZONE>
			<DL_ZONE gedi_type="TextRegion" id="25" col="1678" row="986" width="200" height="42" contents="Middle Name" script="typed" language="english"> </DL_ZONE>
			<DL_ZONE gedi_type="TextRegion" id="26" nextZoneID="2" col="934" row="980" width="172" height="32" contents="First Name" script="typed" language="english"> </DL_ZONE>
			<DL_ZONE gedi_type="TextRegion" id="27" nextZoneID="1" col="160" row="970" width="238" height="36" contents="1. Family Name" script="typed" language="english"> </DL_ZONE>
			<DL_ZONE gedi_type="TextRegion" id="28" polygon="(154,1060);(160,1106);(1162,1122);(1160,1080);(378,1072);(362,1080);(306,1070);(226,1068)" contents="2. Other Names Used, Aliases (If Married Woman, Give Maiden Name)" script="typed" language="english"> </DL_ZONE>
			<DL_ZONE gedi_type="TextRegion" id="29" nextZoneID="3" polygon="(150,1178);(150,1214);(856,1224);(856,1192)" contents="3. Current Home Address and Telephone Number" script="typed" language="english"> </DL_ZONE>
			<DL_ZONE gedi_type="TextRegion" id="30" nextZoneID="4" polygon="(148,1372);(150,1414);(746,1426);(744,1392)" contents="4. Place of Birth (City, Province, Country)" script="typed" language="english"> </DL_ZONE>
			<DL_ZONE gedi_type="TextRegion" id="31" nextZoneID="5" col="1538" row="1396" width="430" height="44" contents="5. Date of Birth (mm-dd-yyyy)" script="typed" language="english"> </DL_ZONE>
			<DL_ZONE gedi_type="TextRegion" id="32" col="1500" row="1552" width="132" height="38" contents="Divorced" script="typed" language="english"> </DL_ZONE>
			<DL_ZONE gedi_type="TextRegion" id="33" col="1174" row="1544" width="144" height="38" contents="Widowed" script="typed" language="english"> </DL_ZONE>
			<DL_ZONE gedi_type="TextRegion" id="34" col="664" row="1546" width="322" height="42" contents="Single (Never Married)" script="typed" language="english"> </DL_ZONE>
			<DL_ZONE gedi_type="TextRegion" id="35" col="154" row="1494" width="244" height="32" contents="6. Marital Status" script="typed" language="english"> </DL_ZONE>
			<DL_ZONE gedi_type="TextRegion" id="36" col="358" row="1536" width="114" height="34" contents="Married" script="typed" language="english"> </DL_ZONE>
			<DL_ZONE gedi_type="TextRegion" id="37" col="278" row="1584" width="510" height="42" contents="If married, information about spouse" script="typed" language="english"> </DL_ZONE>
			<DL_ZONE gedi_type="TextRegion" id="38" col="204" row="1634" width="362" height="44" contents="a. Name (Last, First, MI.)" script="typed" language="english"> </DL_ZONE>
			<DL_ZONE gedi_type="TextRegion" id="39" col="202" row="1688" width="174" height="38" contents="b. Address" script="typed" language="english"> </DL_ZONE>
			<DL_ZONE gedi_type="TextRegion" id="40" col="202" row="1744" width="240" height="36" contents="c. Place of Birth" script="typed" language="english"> </DL_ZONE>
			<DL_ZONE gedi_type="TextRegion" id="41" col="202" row="1800" width="426" height="48" contents="d. Date of Birth (mm-dd-yyyy)" script="typed" language="english"> </DL_ZONE>
			<DL_ZONE gedi_type="TextRegion" id="42" col="200" row="1854" width="1116" height="58" contents="e. U.S. Residence Status, if any (U.S. Citizen, Legal Permanent Resident, Etc.)" script="typed" language="english"> </DL_ZONE>
			<DL_ZONE gedi_type="TextRegion" id="43" col="202" row="1914" width="574" height="46" contents="f. Date of Marriage to You (mm-dd-yyyy)" script="typed" language="english"> </DL_ZONE>
			<DL_ZONE gedi_type="TextRegion" id="44" nextZoneID="6" col="946" row="2010" width="188" height="42" contents="Relationship" script="typed" language="english"> </DL_ZONE>
			<DL_ZONE gedi_type="TextRegion" id="45" nextZoneID="7" col="186" row="2004" width="146" height="40" contents="Full Name" script="typed" language="english"> </DL_ZONE>
			<DL_ZONE gedi_type="TextRegion" id="46" col="1288" row="2016" width="238" height="40" contents="Resident Status" script="typed" language="english"> </DL_ZONE>
			<DL_ZONE gedi_type="TextRegion" id="47" polygon="(144,1956);(146,1992);(1608,2012);(1612,1978)" contents="7. List Below All Close Family Members in the United states (Continue on Separate Page if Necessary.)" script="typed" language="english"> </DL_ZONE>
			<DL_ZONE gedi_type="TextRegion" id="48" nextZoneID="8" col="1798" row="2018" width="280" height="44" contents="Place of Residence" script="typed" language="english"> </DL_ZONE>
			<DL_ZONE gedi_type="TextRegion" id="49" col="148" row="2316" width="462" height="40" contents="8.Previous Immigration Record" script="typed" language="english"> </DL_ZONE>
			<DL_ZONE gedi_type="TextRegion" id="50" col="218" row="2362" width="292" height="32" contents="a. DHS &quot;A&quot; Number" script="typed" language="english"> </DL_ZONE>
			<DL_ZONE gedi_type="TextRegion" id="51" col="218" row="2404" width="394" height="34" contents="c. Previous Immigrant Visa" script="typed" language="english"> </DL_ZONE>
			<DL_ZONE gedi_type="TextRegion" id="52" nextZoneID="9" col="224" row="2448" width="344" height="46" contents="Date of Issue (mm-dd-yyyy)" script="typed" language="english"> </DL_ZONE>
			<DL_ZONE gedi_type="TextRegion" id="53" nextZoneID="10" col="814" row="2454" width="184" height="34" contents="Place of Issue" script="typed" language="english"> </DL_ZONE>
			<DL_ZONE gedi_type="TextRegion" id="54" col="1262" row="2368" width="352" height="42" contents="b. Immigration Category" script="typed" language="english"> </DL_ZONE>
			<DL_ZONE gedi_type="TextRegion" id="55" col="1264" row="2418" width="344" height="34" contents="d. Adjustment of Status" script="typed" language="english"> </DL_ZONE>
			<DL_ZONE gedi_type="TextRegion" id="56" col="1262" row="2460" width="410" height="68" contents="Date of Adjustment of Status&#10;with DHS (IF ANY) (mm-dd-yyyy)" script="typed" language="english"> </DL_ZONE>
			<DL_ZONE gedi_type="TextRegion" id="57" col="224" row="2658" width="344" height="44" contents="Date of Entry (mm-dd-yyyy)" script="typed" language="english"> </DL_ZONE>
			<DL_ZONE gedi_type="TextRegion" id="58" col="222" row="2604" width="946" height="44" contents="e. Initial Entry into the United States as Lawful Permanent Resident" script="typed" language="english"> </DL_ZONE>
			<DL_ZONE gedi_type="TextRegion" id="59" col="856" row="2666" width="164" height="30" contents="Port of Entry" script="typed" language="english"> </DL_ZONE>
			<DL_ZONE gedi_type="TextRegion" id="60" col="1924" row="2680" width="160" height="40" contents="Port of Entry" script="typed" language="english"> </DL_ZONE>
			<DL_ZONE gedi_type="TextRegion" id="61" col="1262" row="2616" width="930" height="50" contents="f. Last Entry into the United States as Lawful Permanent Resident" script="typed" language="english"> </DL_ZONE>
			<DL_ZONE gedi_type="TextRegion" id="62" nextZoneID="108" polygon="(1262,2668);(1260,2698);(1612,2712);(1610,2678)" contents="Date of Entry (mm-dd-yyyy)" script="typed" language="english"> </DL_ZONE>
			<DL_ZONE gedi_type="TextRegion" id="63" nextZoneID="11" col="1108" row="2828" width="166" height="34" contents="Destination" script="typed" language="english"> </DL_ZONE>
			<DL_ZONE gedi_type="TextRegion" id="64" col="150" row="2758" width="692" height="38" contents="9. Most Recent Departure from the United States" script="typed" language="english"> </DL_ZONE>
			<DL_ZONE gedi_type="TextRegion" id="65" nextZoneID="13" polygon="(192,2818);(196,2848);(652,2864);(656,2824)" contents="Date of Departure (mm-dd-yyyy)" script="typed" language="english"> </DL_ZONE>
			<DL_ZONE gedi_type="TextRegion" id="66" polygon="(194,2854);(200,2888);(308,2884);(308,2856)" contents="Reason" script="typed" language="english"> </DL_ZONE>
			<DL_ZONE gedi_type="TextRegion" id="67" col="142" row="3146" width="2146" height="69" contents="DS-117 PREVIOUS EDITIONS OBSOLETE Page 1 of 2&#10;12-2010" script="typed" function_2="footer" function_1="reference" language="english"> </DL_ZONE>
			<DL_ZONE gedi_type="TextRegion" id="70" col="140" row="2940" width="2152" height="208" contents="Privacy Act and Paperwork Reduction Act Statements&#10;This information asked for on this form Is requested pursuant to Sections 101 and 222 of the Immigration and Nationality Act. The U.S. Department of State uses the facts you provide on this form to&#10;determine your eligibility for returning resident status. Individuals who fail to submit this form or who do not provide all the requested information may be denied returning resident status. Upon you return to&#10;the United States in Immigrant status, the information collected will be protected from disclosure under the Privacy Act.&#10;*Public reporting burden for this collection of information is estimated to average 30 minutes per response, including time required for searching existing data sources, gathering the necessary&#10;documentation, providing the information and/or documents required, and reviewing the final collection. You do not have to supply this information unless this collection displays a currently valid OMB control&#10;number. If you have comments on the accuracy of this burden estimate and/or recommendations for reducing it, please send them to: A/GIS/DIR, Room 2400 SA-22, U.S. Department of State, Washington,&#10;DC 20522-2202." script="typed" function_2="reference" function_1="text_section" language="english"> </DL_ZONE>
			<DL_ZONE gedi_type="TextRegion" id="107" col="1880" row="2464" width="336" height="86" contents="Place of Adjustment of&#10;Status with DHS (IF ANY)" script="typed" language="english"> </DL_ZONE>
			<DL_ZONE gedi_type="TextRegion" id="108" polygon="(1270,2698);(1280,2754);(1738,2764);(1722,2722)" contents="02 - 08 - 2000" script="hand" language="english"> </DL_ZONE>
			<DL_ZONE gedi_type="GraphicRegion" id="111" col="152" row="292" width="128" height="136" function="logo"> </DL_ZONE>
			<DL_ZONE gedi_type="GraphicRegion" id="112" col="276" row="1522" width="68" height="60" function="form-field"> </DL_ZONE>
			<DL_ZONE gedi_type="GraphicRegion" id="113" col="594" row="1526" width="58" height="58" function="form-field"> </DL_ZONE>
			<DL_ZONE gedi_type="GraphicRegion" id="114" col="1098" row="1534" width="68" height="58" function="form-field"> </DL_ZONE>
			<DL_ZONE gedi_type="GraphicRegion" id="115" col="1416" row="1540" width="68" height="58" function="form-field"> </DL_ZONE>
			<DL_ZONE gedi_type="LineDrawingRegion" id="116" polygon="(598,1534);(612,1576);(704,1520);(698,1506)"> </DL_ZONE>
			<DL_ZONE gedi_type="Group" id="117" col="584" row="1496" width="412" height="102" elements="34;113;116"> </DL_ZONE>
			<DL_ZONE gedi_type="GraphicRegion" id="118" col="2246" row="1702" width="1670" height="13" function="underlined-field" orientationD="179.382"> </DL_ZONE>
			<DL_ZONE gedi_type="GraphicRegion" id="119" col="2242" row="1758" width="1852" height="17" function="underlined-field" orientationD="179.196"> </DL_ZONE>
			<DL_ZONE gedi_type="GraphicRegion" id="120" col="2242" row="1814" width="1748" height="14" function="underlined-field" orientationD="179.213"> </DL_ZONE>
			<DL_ZONE gedi_type="GraphicRegion" id="121" col="2242" row="1870" width="1542" height="19" function="underlined-field" orientationD="179.257"> </DL_ZONE>
			<DL_ZONE gedi_type="GraphicRegion" id="122" col="2240" row="1928" width="884" height="15" function="underlined-field" orientationD="179.093"> </DL_ZONE>
			<DL_ZONE gedi_type="GraphicRegion" id="123" col="2234" row="1978" width="1386" height="13" function="underlined-field" orientationD="179.256"> </DL_ZONE>
			<DL_ZONE gedi_type="GraphicRegion" id="124" col="2312" row="2080" width="2148" height="18" function="underlined-field" orientationD="179.253"> </DL_ZONE>
			<DL_ZONE gedi_type="GraphicRegion" id="125" col="2312" row="2136" width="2144" height="19" function="underlined-field" orientationD="179.466"> </DL_ZONE>
			<DL_ZONE gedi_type="GraphicRegion" id="126" col="2316" row="2194" width="2148" height="21" function="underlined-field" orientationD="179.36"> </DL_ZONE>
			<DL_ZONE gedi_type="GraphicRegion" id="127" col="2312" row="2239" width="2142" height="25" function="underlined-field" orientationD="179.463"> </DL_ZONE>
			<DL_ZONE gedi_type="GraphicRegion" id="128" col="2312" row="2288" width="2152" height="24" function="underlined-field" orientationD="179.468"> </DL_ZONE>
			<DL_ZONE gedi_type="GraphicRegion" id="129" col="2304" row="2340" width="2152" height="23" function="underlined-field" orientationD="179.361"> </DL_ZONE>
			<DL_ZONE gedi_type="GraphicRegion" id="130" col="944" row="2406" width="410" height="16" function="underlined-field" orientationD="-180.0"> </DL_ZONE>
			<DL_ZONE gedi_type="GraphicRegion" id="131" col="1190" row="2584" width="556" height="15" function="underlined-field" orientationD="179.382"> </DL_ZONE>
			<DL_ZONE gedi_type="GraphicRegion" id="132" col="616" row="2576" width="404" height="17" function="underlined-field" orientationD="179.433"> </DL_ZONE>
			<DL_ZONE gedi_type="GraphicRegion" id="133" col="630" row="2756" width="416" height="22" function="underlined-field" orientationD="-180.0"> </DL_ZONE>
			<DL_ZONE gedi_type="GraphicRegion" id="134" col="1214" row="2764" width="558" height="17" function="underlined-field" orientationD="179.179"> </DL_ZONE>
			<DL_ZONE gedi_type="GraphicRegion" id="135" col="1754" row="2596" width="498" height="19" function="underlined-field" orientationD="178.85"> </DL_ZONE>
			<DL_ZONE gedi_type="GraphicRegion" id="136" col="2306" row="2424" width="664" height="13" function="underlined-field" orientationD="179.31"> </DL_ZONE>
			<DL_ZONE gedi_type="GraphicRegion" id="137" col="2300" row="2604" width="492" height="15" function="underlined-field" orientationD="178.836"> </DL_ZONE>
			<DL_ZONE gedi_type="GraphicRegion" id="138" col="2300" row="2780" width="1044" height="13" function="underlined-field" orientationD="179.341"> </DL_ZONE>
			<DL_ZONE gedi_type="GraphicRegion" id="139" col="2262" row="2884" width="972" height="19" function="underlined-field" orientationD="179.528"> </DL_ZONE>
			<DL_ZONE gedi_type="GraphicRegion" id="140" col="1085" row="2873" width="401" height="15" function="underlined-field" orientationD="179.642"> </DL_ZONE>
			<DL_ZONE gedi_type="GraphicRegion" id="141" function="other" polygon="(2339,452);(128,432);(116,2932);(2327,2960)"> </DL_ZONE>
			<DL_ZONE gedi_type="NoiseRegion" id="176" col="346" row="6" width="239" height="271"> </DL_ZONE>
			<DL_ZONE gedi_type="NoiseRegion" id="178" col="680" row="22" width="452" height="43"> </DL_ZONE>
			<DL_ZONE gedi_type="NoiseRegion" id="181" col="518" row="314" width="20" height="16"> </DL_ZONE>
			<DL_ZONE gedi_type="NoiseRegion" id="182" col="402" row="352" width="52" height="18"> </DL_ZONE>
			<DL_ZONE gedi_type="NoiseRegion" id="183" col="116" row="98" width="14" height="22"> </DL_ZONE>
			<DL_ZONE gedi_type="NoiseRegion" id="184" col="177" row="132" width="16" height="14"> </DL_ZONE>
		</DL_PAGE>
		<DL_PAGE gedi_type="DL_PAGE" src="FLPMQQ.tif" pageID="2" width="2477" height="3503" Language_2="" Sender_Name="" Receiver_Name="" Language_4="" Document_Date="" Language_3="" Receiver_Company="" Receiver_Address="" Sender_Company="" Sender_Phone="" Receiver_Fax="" Document_Location="" Sender_Address="" Receiver_Phone="" Sender_Fax="" Category="" NumPage="2" Document_Object="" Language_1="" Script_1="" Script_2="">
			<DL_ZONE gedi_type="TextRegion" id="14" polygon="(444,516);(444,606);(566,638);(684,642);(1302,654);(1300,574);(1242,536)" contents="paying tax regularly" script="hand" language="english"> </DL_ZONE>
			<DL_ZONE gedi_type="TextRegion" id="15" polygon="(346,778);(388,898);(774,932);(1680,884);(1664,830);(1586,784)" contents="visiting friends and relatives" script="hand" language="english"> </DL_ZONE>
			<DL_ZONE gedi_type="TextRegion" id="16" polygon="(184,1116);(178,1186);(618,1194);(610,1146);(334,1126)" contents="05 - 03 - 2001" script="hand" language="english"> </DL_ZONE>
			<DL_ZONE gedi_type="TextRegion" id="17" polygon="(940,1146);(942,1204);(1350,1218);(1342,1168)" contents="10 - 16 - 2001" script="hand" language="english"> </DL_ZONE>
			<DL_ZONE gedi_type="TextRegion" id="18" col="1656" row="1168" width="192" height="62" contents="U.K." script="hand" language="english"> </DL_ZONE>
			<DL_ZONE gedi_type="TextRegion" id="19" col="1202" row="1958" width="442" height="62" contents="02 - 11 - 2012" script="hand" language="english"> </DL_ZONE>
			<DL_ZONE gedi_type="TextRegion" id="20" polygon="(422,2198);(408,2274);(448,2312);(576,2318);(578,2288);(698,2284);(696,2252)" contents="GAllyson" script="hand" language="english"> </DL_ZONE>
			<DL_ZONE gedi_type="TextRegion" id="21" polygon="(1482,2234);(1488,2302);(1998,2324);(1984,2264)" contents="01 - 14 - 2012" script="hand" function_1="date" language="english"> </DL_ZONE>
			<DL_ZONE gedi_type="TextRegion" id="71" nextZoneID="14" col="194" row="308" width="1920" height="95" orientationD="-1.623" contents="10. what continuing ties have you maintained with the United States? What efforts have you made to avoid abandoning your permanent&#10;resident status in the United States?" script="typed" language="english"> </DL_ZONE>
			<DL_ZONE gedi_type="TextRegion" id="72" nextZoneID="15" col="1280" row="704" width="1096" height="47" orientationD="178.955" contents="11. Reasons for returning to the United States Until time of this application." script="typed" language="english"> </DL_ZONE>
			<DL_ZONE gedi_type="TextRegion" id="73" col="171" row="941" width="2062" height="87" orientationD="-1.354" contents="12. List below all periods that you have lived outside of the United States for six months or longer since your initial entry into the United States as a&#10;permanent resident." script="typed" language="english"> </DL_ZONE>
			<DL_ZONE gedi_type="TextRegion" id="74" col="399" row="1031" width="296" height="37" orientationD="-1.631" contents="Dates (mm-dd-yyyy)" script="typed" language="english"> </DL_ZONE>
			<DL_ZONE gedi_type="TextRegion" id="75" nextZoneID="16" col="358" row="1066" width="82" height="40" contents="From" script="typed" language="english"> </DL_ZONE>
			<DL_ZONE gedi_type="TextRegion" id="76" nextZoneID="17" col="690" row="1076" width="48" height="34" contents="To" script="typed" language="english"> </DL_ZONE>
			<DL_ZONE gedi_type="TextRegion" id="77" nextZoneID="18" col="1652" row="1082" width="114" height="42" contents="Country" script="typed" language="english"> </DL_ZONE>
			<DL_ZONE gedi_type="TextRegion" id="78" col="2218" row="1648" width="48" height="32" contents="No" script="typed" language="english"> </DL_ZONE>
			<DL_ZONE gedi_type="TextRegion" id="79" col="1980" row="1642" width="64" height="36" contents="Yes" script="typed" language="english"> </DL_ZONE>
			<DL_ZONE gedi_type="TextRegion" id="80" col="2048" row="1734" width="242" height="52" contents="To (mm-dd-yyyy)" script="typed" language="english"> </DL_ZONE>
			<DL_ZONE gedi_type="TextRegion" id="81" col="1706" row="1726" width="288" height="50" contents="From (mm-dd-yyyy)" script="typed" language="english"> </DL_ZONE>
			<DL_ZONE gedi_type="TextRegion" id="82" col="168" row="1593" width="1298" height="41" orientationD="-1.529" contents="13. Have you been employed outside of the United States since your most recent departure?" script="typed" language="english"> </DL_ZONE>
			<DL_ZONE gedi_type="TextRegion" id="83" col="906" row="1754" width="692" height="90" orientationD="178.51" contents="If &quot;Yes&quot; complete the following:&#10;Name of Employer Address" script="typed" language="english"> </DL_ZONE>
			<DL_ZONE gedi_type="TextRegion" id="84" col="876" row="2006" width="720" height="42" orientationD="178.409" contents="14. I wish to return to the United States on or about" script="typed" language="english"> </DL_ZONE>
			<DL_ZONE gedi_type="TextRegion" id="85" nextZoneID="19" col="1596" row="2070" width="280" height="34" orientationD="178.363" contents="Date (mm-dd-yyyy)" script="typed" language="english"> </DL_ZONE>
			<DL_ZONE gedi_type="TextRegion" id="86" polygon="(150,2040);(148,2084);(206,2088);(202,2194);(422,2200);(692,2212);(694,2178);(2144,2216);(2144,2088)" contents="15. I swear or affirm that all statements which appear on this application are true and complete to the best of my knowledge and belief. I&#10;understand that any false or misleading statement or willful concealment of a material fact subject me to permanent exclusion from the&#10;United States. I understand that if this application for special immigrant status is approved, I must apply for an immigrant visa within six&#10;months from the date of approval." script="typed" function_1="text_section" language="english"> </DL_ZONE>
			<DL_ZONE gedi_type="TextRegion" id="87" polygon="(580,2286);(576,2322);(884,2328);(884,2290)" contents="Signature of Applicant" script="typed" language="english"> </DL_ZONE>
			<DL_ZONE gedi_type="TextRegion" id="88" nextZoneID="21" polygon="(1618,2312);(1622,2348);(1896,2356);(1894,2320);(1740,2318)" contents="Date (mm-dd-yyyy)" script="typed" language="english"> </DL_ZONE>
			<DL_ZONE gedi_type="TextRegion" id="89" polygon="(770,2328);(772,2362);(1682,2388);(1682,2354)" contents="DO NOT WRITE BELOW THIS SPACE - OFFICIAL USE ONLY" script="typed" language="english"> </DL_ZONE>
			<DL_ZONE gedi_type="TextRegion" id="90" polygon="(262,2372);(262,2414);(596,2426);(592,2382)" contents="Approved 101(a)(27)(A)" script="typed" language="english"> </DL_ZONE>
			<DL_ZONE gedi_type="TextRegion" id="91" polygon="(862,2386);(866,2424);(1050,2436);(1050,2396)" contents="Disapproved" script="typed" language="english"> </DL_ZONE>
			<DL_ZONE gedi_type="TextRegion" id="92" polygon="(192,2428);(196,2458);(314,2460);(310,2438)" contents="Reason" script="typed" language="english"> </DL_ZONE>
			<DL_ZONE gedi_type="TextRegion" id="93" col="188" row="2794" width="150" height="42" contents="Reviewed" script="typed" language="english"> </DL_ZONE>
			<DL_ZONE gedi_type="TextRegion" id="94" col="464" row="2802" width="106" height="36" contents="Concur" script="typed" language="english"> </DL_ZONE>
			<DL_ZONE gedi_type="TextRegion" id="95" col="816" row="2810" width="230" height="38" contents="Do NOT Concur" script="typed" language="english"> </DL_ZONE>
			<DL_ZONE gedi_type="TextRegion" id="96" polygon="(280,2722);(280,2762);(724,2768);(720,2738)" contents="Type Name of Consular Officer" script="typed" language="english"> </DL_ZONE>
			<DL_ZONE gedi_type="TextRegion" id="97" polygon="(986,2744);(984,2782);(1400,2790);(1400,2754)" contents="Signature of Consular Officer" script="typed" language="english"> </DL_ZONE>
			<DL_ZONE gedi_type="TextRegion" id="98" polygon="(1556,2758);(1556,2794);(1832,2806);(1834,2764)" contents="Date (mm-dd-yyyy)" script="typed" language="english"> </DL_ZONE>
			<DL_ZONE gedi_type="TextRegion" id="99" polygon="(2058,2772);(2060,2812);(2136,2812);(2134,2780)" contents="Post" script="typed" language="english"> </DL_ZONE>
			<DL_ZONE gedi_type="TextRegion" id="100" col="1850" row="2726" width="34" height="36" contents="at" script="typed" language="english"> </DL_ZONE>
			<DL_ZONE gedi_type="TextRegion" id="102" polygon="(1952,3036);(1956,3070);(2236,3084);(2228,3044)" contents="Date (mm-dd-yyyy)" script="typed" language="english"> </DL_ZONE>
			<DL_ZONE gedi_type="TextRegion" id="103" polygon="(1254,3012);(1258,3052);(1694,3066);(1688,3026)" contents="Signature of Reviewing Officer" script="typed" language="english"> </DL_ZONE>
			<DL_ZONE gedi_type="TextRegion" id="104" polygon="(362,2994);(360,3034);(826,3034);(822,3002)" contents="Type Name of Reviewing Officer" script="typed" language="english"> </DL_ZONE>
			<DL_ZONE gedi_type="LineDrawingRegion" id="142" col="662" row="1156" width="88" height="24"> </DL_ZONE>
			<DL_ZONE gedi_type="NoiseRegion" id="143" col="1014" row="1022" width="108" height="18"> </DL_ZONE>
			<DL_ZONE gedi_type="NoiseRegion" id="144" col="848" row="1090" width="54" height="20"> </DL_ZONE>
			<DL_ZONE gedi_type="GraphicRegion" id="145" col="2312" row="1176" width="2144" height="24" function="underlined-field" orientationD="178.717"> </DL_ZONE>
			<DL_ZONE gedi_type="GraphicRegion" id="146" col="2312" row="1252" width="2144" height="24" function="underlined-field" orientationD="178.397"> </DL_ZONE>
			<DL_ZONE gedi_type="GraphicRegion" id="147" col="2260" row="1307" width="2090" height="19" function="underlined-field" orientationD="178.571"> </DL_ZONE>
			<DL_ZONE gedi_type="GraphicRegion" id="148" col="2308" row="1377" width="2148" height="27" function="underlined-field" orientationD="178.72"> </DL_ZONE>
			<DL_ZONE gedi_type="GraphicRegion" id="149" col="2304" row="1448" width="2140" height="23" function="underlined-field" orientationD="178.608"> </DL_ZONE>
			<DL_ZONE gedi_type="GraphicRegion" id="150" col="2312" row="1508" width="2152" height="20" function="underlined-field" orientationD="178.403"> </DL_ZONE>
			<DL_ZONE gedi_type="GraphicRegion" id="151" col="2306" row="1573" width="2150" height="23" function="underlined-field" orientationD="178.484"> </DL_ZONE>
			<DL_ZONE gedi_type="GraphicRegion" id="152" col="2296" row="1632" width="2132" height="19" function="underlined-field" orientationD="178.603"> </DL_ZONE>
			<DL_ZONE gedi_type="GraphicRegion" id="153" col="1898" row="1630" width="62" height="56" function="form-field"> </DL_ZONE>
			<DL_ZONE gedi_type="GraphicRegion" id="154" col="2142" row="1636" width="58" height="60" function="form-field"> </DL_ZONE>
			<DL_ZONE gedi_type="LineDrawingRegion" id="155" polygon="(2126,1654);(2126,1694);(2292,1642);(2278,1630);(2150,1664)"> </DL_ZONE>
			<DL_ZONE gedi_type="Group" id="156" col="2116" row="1620" width="186" height="86" elements="78;154;155"> </DL_ZONE>
			<DL_ZONE gedi_type="GraphicRegion" id="157" col="1766" row="2042" width="620" height="17" function="underlined-field" orientationD="178.522"> </DL_ZONE>
			<DL_ZONE gedi_type="GraphicRegion" id="158" col="2068" row="2334" width="622" height="13" function="underlined-field" orientationD="178.342"> </DL_ZONE>
			<DL_ZONE gedi_type="GraphicRegion" id="159" col="1256" row="2306" width="1062" height="15" function="underlined-field" orientationD="178.598"> </DL_ZONE>
			<DL_ZONE gedi_type="GraphicRegion" id="160" col="788" row="2366" width="72" height="72" function="form-field"> </DL_ZONE>
			<DL_ZONE gedi_type="GraphicRegion" id="161" col="186" row="2360" width="74" height="56" function="form-field"> </DL_ZONE>
			<DL_ZONE gedi_type="GraphicRegion" id="162" col="388" row="2792" width="68" height="56" function="form-field"> </DL_ZONE>
			<DL_ZONE gedi_type="GraphicRegion" id="163" col="738" row="2796" width="60" height="62" function="form-field"> </DL_ZONE>
			<DL_ZONE gedi_type="GraphicRegion" id="164" col="834" row="2742" width="672" height="15" function="underlined-field" orientationD="178.807"> </DL_ZONE>
			<DL_ZONE gedi_type="GraphicRegion" id="165" col="1010" row="3012" width="850" height="12" function="underlined-field" orientationD="178.652"> </DL_ZONE>
			<DL_ZONE gedi_type="GraphicRegion" id="166" col="1530" row="2762" width="682" height="13" function="underlined-field" orientationD="178.656"> </DL_ZONE>
			<DL_ZONE gedi_type="GraphicRegion" id="167" col="1904" row="3038" width="856" height="9" function="underlined-field" orientationD="178.26"> </DL_ZONE>
			<DL_ZONE gedi_type="GraphicRegion" id="168" col="1842" row="2770" width="290" height="14" function="underlined-field" orientationD="178.42"> </DL_ZONE>
			<DL_ZONE gedi_type="GraphicRegion" id="169" col="2286" row="2781" width="384" height="13" function="underlined-field" orientationD="179.692"> </DL_ZONE>
			<DL_ZONE gedi_type="GraphicRegion" id="170" col="2266" row="3044" width="348" height="10" function="underlined-field" orientationD="178.683"> </DL_ZONE>
			<DL_ZONE gedi_type="GraphicRegion" id="171" function="other" polygon="(2368,340);(172,296);(100,3092);(2304,3148)"> </DL_ZONE>
			<DL_ZONE gedi_type="NoiseRegion" id="173" col="20" row="20" width="24" height="640"> </DL_ZONE>
			<DL_ZONE gedi_type="NoiseRegion" id="174" col="426" row="80" width="20" height="20"> </DL_ZONE>
			<DL_ZONE gedi_type="GraphicRegion" id="188" col="2306" row="2407" width="2165" height="41" function="other" orientationD="178.598"> </DL_ZONE>
			<DL_ZONE gedi_type="TextRegion" id="189" col="135" row="3104" width="2153" height="44" orientationD="-1.793" contents="DS-117 Page 2 of 2" script="typed" function_2="reference" function_1="footer" language="english"> </DL_ZONE>
		</DL_PAGE>
	</DL_DOCUMENT>
</GEDI>