<?xml version="1.0" encoding="UTF-8"?>
<!--GEDI was developed at Language and Media Processing Laboratory, University of Maryland.-->

<GEDI xmlns="http://lamp.cfar.umd.edu/media/projects/GEDI/" GEDI_version="2.3.19" GEDI_date="12/23/2011">
	<USER name="MDR-P1" date="11/30/2012 10:12" dateFormat="mm/dd/yyyy hh:mm">	</USER>
	<USER name="MDR-P4" date="2/25/2013 17:56" dateFormat="mm/dd/yyyy hh:mm">	</USER>
	<USER name="Mdr-P5" date="11/28/2012 14:59" dateFormat="mm/dd/yyyy hh:mm">	</USER>
	<DL_DOCUMENT src="FWPYJH.tif" docTag="xml" NrOfPages="1">
		<DL_PAGE gedi_type="DL_PAGE" src="FWPYJH.tif" pageID="1" width="317" height="660" Language_2="" Sender_Name="" Receiver_Name="" Language_4="" Document_Date="" Language_3="" Receiver_Company="" Receiver_Address="" Sender_Company="" Sender_Phone="" Script_2="" Receiver_Fax="" Document_Location="" Sender_Address="" Receiver_Phone="" Sender_Fax="" Category="C2" Language_1="english" NumPage="1" Script_1="typed" Document_Object="LEAFLET">
			<DL_ZONE gedi_type="TextRegion" id="1" col="116" row="136" width="170" height="57" contents="INDUSTRY:&#10;Europe's Future" script="typed" function_1="title" language="english"> </DL_ZONE>
			<DL_ZONE gedi_type="TextRegion" id="2" col="92" row="540" width="204" height="87" contents="Industry plays a crucial role in securing Europe's&#10;future prosperity and well-being.&#10;It forms the backbone of the European economy,&#10;contributing to employment, growth and wealth.&#10;The right policy action can strengthen industry's&#10;potential to reinvigorate Europe's economy." script="typed" function_1="text_section" language="english"> </DL_ZONE>
			<DL_ZONE gedi_type="ImageRegion" id="3" polygon="(1,0);(84,0);(84,206);(316,206);(316,406);(1,406)"> </DL_ZONE>
			<DL_ZONE gedi_type="ImageRegion" id="4" col="1" row="423" width="83" height="237"> </DL_ZONE>
			<DL_ZONE gedi_type="GraphicRegion" id="5" col="0" row="0" width="316" height="658" function="other"> </DL_ZONE>
		</DL_PAGE>
	</DL_DOCUMENT>
</GEDI>