<?xml version="1.0" encoding="UTF-8"?>
<!--GEDI was developed at Language and Media Processing Laboratory, University of Maryland.-->

<GEDI xmlns="http://lamp.cfar.umd.edu/media/projects/GEDI/" GEDI_version="2.3.19" GEDI_date="12/23/2011">
	<USER name="Laure" date="5/23/2012 10:49" dateFormat="mm/dd/yyyy hh:mm">	</USER>
	<USER name="MDR-P8" date="10/30/2012 12:21" dateFormat="mm/dd/yyyy hh:mm">	</USER>
	<USER name="Marnissi" date="5/14/2012 15:28" dateFormat="mm/dd/yyyy hh:mm">	</USER>
	<USER name="Mdr-P5" date="5/28/2013 13:58" dateFormat="mm/dd/yyyy hh:mm">	</USER>
	<DL_DOCUMENT src="GHIJKN.tif" docTag="xml" NrOfPages="1">
		<DL_PAGE gedi_type="DL_PAGE" src="GHIJKN.tif" pageID="1" width="1651" height="2335" Language_2="" Document_Date="" Language_4="" Language_3="" Receiver_Fax="" Document_Location="" Sender_Fax="" Category="C2" Document_Object="CONVENTION DE STAGE" Language_1="french" NumPage="1" Script_1="typed" Receiver_Company="BANQUE - SOCIÉTÉ GÉNÉRALISTE" Receiver_Address="178 AVENUE DU GÉNÉRAL RICHARD-COEUR-DE-LION 75015 PARIS" Sender_Company="UNIVERSITÉ DE LYON 01 UFR ECONOMIE ET GESTION" Sender_Address="166 AVENUE DE L'UNIVERSITÉ, 69001 LYON LUTTERBACH" Sender_Phone="+33(0)3.26.65.45.78" Receiver_Phone="+33(0)1.46.47.54.17" Script_2="hand" Receiver_Name="Philippe RICHARD" Sender_Name="NAPOLI">
			<DL_ZONE gedi_type="TextRegion" id="1" col="91" row="100" width="320" height="156" contents="Université de Lyon 01&#10;UFR Economie et Gestion&#10;12 avenue de l'université&#10;69001&#10;Lutterbach" script="typed" function_1="coordinates" language="french"> </DL_ZONE>
			<DL_ZONE gedi_type="TextRegion" id="2" col="659" row="279" width="315" height="38" contents="CONVENTION DE STAGE" script="typed" function_2="object" function_1="title" language="french"> </DL_ZONE>
			<DL_ZONE gedi_type="TextRegion" id="3" col="91" row="337" width="1050" height="95" contents="VU la loi n°2006-396 du 31 mars 2006 pour l'égalité des chances, notamment son article 9 modifié :&#10;VU les décrets n°2006-1093 du 29 août 2006 modifié et n° 2009+885 du 21 juillet 2009 ;&#10;La présente convention règle les rapports entre :" script="typed" language="french"> </DL_ZONE>
			<DL_ZONE gedi_type="TextRegion" id="4" col="89" row="445" width="1451" height="154" contents="L'Université de Lyon .représentée par M. Napoli, Directeur de l'UFR Economie et Gestion agissant par délégation du&#10;Président de l'Université ;&#10;166 avenue de l'université, 69001 Lyon&#10;03.26.65.45.78&#10;NapoliG@gérard.com" script="typed" language="french"> </DL_ZONE>
			<DL_ZONE gedi_type="TextRegion" id="5" col="894" row="101" width="487" height="124" contents="Service ¤{reception/réception}¤ convention de stage&#10;03.22.33.66.55&#10;03.22.33.66.99&#10;serviceCS@gérard.com" script="typed" function_1="coordinates" language="french"> </DL_ZONE>
			<DL_ZONE gedi_type="TextRegion" id="6" col="87" row="616" width="971" height="158" contents="l'Etablissement d'accueil (raison sociale) : Banque - Société Généraliste&#10;Représenté par M. Philippe RICHARD Fonction : Directeur Général&#10;Adresse : 178 avenue du général RICHARD-CŒUR-DE-LION&#10;Code Postal : 75015 Commune Paris&#10;Téléphone : 01.46.47.54.17 Courriel RichardP@SG.com" script="typed" language="french"> </DL_ZONE>
			<DL_ZONE gedi_type="TextRegion" id="7" col="88" row="786" width="1262" height="214" contents="et M. NOM : Lemaire Prénom : Gérard&#10;Etudiant régulièrement inscrit à l'université de Lyon pour l'année universitaire 2010/2011 en Economie et Gestion&#10;N° Etudiant : 20907775 N° Sécurité Sociale : 1578945120214 02&#10;Adresse 3 rue des bleuets&#10;Code Postal : 68460 Commune Lutterbach&#10;Téléphone : 03.11.04.64.04 Courriel : LemaireG@gérard.com&#10;ci-après désigné l'étudiant stagiaire." script="typed" function_1="reference" language="french"> </DL_ZONE>
			<DL_ZONE gedi_type="TextRegion" id="8" polygon="(71,1009);(1546,1016);(1546,2097);(1268,2096);(1271,2175);(61,2175)" contents="Article 1 : Objet du stage&#10;Le stage inclus dans la scolarité est une période de formation qui a pour but de sensibilise l'étudiant aux divers aspects&#10;de la vie professionnelle et de lui permettre d'appliquer en situation réelle les connaissances qui lui ont été dispensées&#10;à l'UFR sans que l'établissement d'accueil ne puisse retirer aucun profit direct de sa présence.&#10;Thème du stage : Gestion du système Bancaire&#10;Activités confiées au stagiaire : la stagiaire participera à la mise en place des tâches de la production des données;&#10;Audit des vidéos, annotation (audio, vidéo, entités-nommées), contrôle qualité. il s'agira notamment de formaliser les&#10;procédures choisies et rédiger les guides nécessaires aux équipes de production. Par ailleurs, la stagiaire participera à&#10;l'annotation des vidéos (50% du temps). Selon les compétences démontrées, la stagiaire pourra prendre part à&#10;l'encadrement des annotateurs (formation, validation) en collaboration avec l'assistant chef de projet.&#10;Article 2: Lieu du stage&#10;Le stage se déroule : 178 avenue du général RICHARD-COEUR-DE-LION, 75015 PARIS&#10;Les déplacements ou mission occasionnés du fait du stage à la demande de l'Établissement d'accueil sont autorisés&#10;dans le respect des dispositions des articles 8 et 9 de la présente convention et sous réserve d'être financièrement pris&#10;en charge par celui-ci.&#10;Article 3 : a - Date et durée du stage&#10;Le stage d'une durée initiale de 23,5 semaines se déroule du 01/01/2011 au 26/05/2011. à raison de 35 heures par&#10;semaine.&#10;Dans le cas d'un stage à l'étranger, la durée ne pourra excéder 12 mois.&#10;Pendant la durée du stage, l'étudiant stagiaire est soumis aux horaires propres de l'établissement d'accueil qui&#10;s'engage, le cas échéant, à la libérer pour :&#10;. assister à des enseignements relevant de sa formation sur présentation d'une attestation établie par l'UFR&#10;. passer des examens sur présentation d'une convention.&#10;Le temps de présence du stagiaire ne peut être supérieur à la durée légale ou conventionnelle du travail en vigueur&#10;dans l'entreprise.&#10;b - Modification de la durée du stage&#10;Toute prolongation de la durée initiale du présent stage fera l'objet d'un avenant établi par l'UFR. Formulée&#10;conjointement par l'établissement d'accueil et l'étudiant stagiaire, la demande d'avenant motivera l'objet de la&#10;prolongation et sera transmise à l'UFR dans un délai de 3 semaines au moins avant le terme initial de la convention.&#10;En toute hypothèse, la prolongation du stage ne pourra être obtenue après délibération du jury prononçant l'admission&#10;de l'étudiant stagiaire.&#10;c - Absences&#10;En cas d'absence, l'étudiant stagiaire doit aviser dans les 24 heures ouvrables les responsables du stage,&#10;respectivement dans l'établissement d'accueil et à l'Université.&#10;Article 4 : Suivis et conditions de déroulement du stage&#10;Le suivi des travaux de l'étudiant stagiaire et l'appréciation de la qualité de son activité sont placés sous la&#10;responsabilité de :&#10;. dans l'établissement d'accueil Université Lyon 1 en qualité de Gestionnaire système bancaire&#10;. à l'UFR. Economie et Gestion en qualité de responsable du Gestionnaire système bancaire" script="typed" language="french"> </DL_ZONE>
			<DL_ZONE gedi_type="GraphicRegion" id="9" col="1328" row="2144" width="133" height="186" function="signature"> </DL_ZONE>
			<DL_ZONE gedi_type="NoiseRegion" id="10" col="1614" row="140" width="35" height="2168"> </DL_ZONE>
			<DL_ZONE gedi_type="TextRegion" id="11" polygon="(1386,2155);(1361,2159);(1338,2182);(1336,2250);(1358,2270);(1395,2270);(1413,2249);(1417,2214);(1398,2182)" contents="G" script="hand" language="french"> </DL_ZONE>
		</DL_PAGE>
	</DL_DOCUMENT>
</GEDI>