<?xml version="1.0" encoding="UTF-8"?>
<!--GEDI was developed at Language and Media Processing Laboratory, University of Maryland.-->

<GEDI xmlns="http://lamp.cfar.umd.edu/media/projects/GEDI/" GEDI_version="2.3.19" GEDI_date="12/23/2011">
	<USER name="Khizrane" date="5/14/2012 10:40" dateFormat="mm/dd/yyyy hh:mm">	</USER>
	<USER name="Laure" date="5/25/2012 12:48" dateFormat="mm/dd/yyyy hh:mm">	</USER>
	<USER name="Mdr-P5" date="5/28/2013 14:02" dateFormat="mm/dd/yyyy hh:mm">	</USER>
	<DL_DOCUMENT src="GHIKMN.tif" docTag="xml" NrOfPages="2">
		<DL_PAGE gedi_type="DL_PAGE" src="GHIKMN.tif" pageID="1" width="1651" height="2335" Language_2="" Language_4="" Language_3="" Receiver_Company="" Sender_Company="" Sender_Phone="" Receiver_Fax="" Receiver_Phone="" Sender_Fax="" Category="C2" Document_Date="20/08/2012" Document_Location="CHINON" Document_Object="CONTRAT DE BAIL SAISONNIER" Language_1="french" NumPage="2" Script_1="typed" Script_2="hand" Receiver_Address="151 RUE NOTRE DAME 37500 CHINON" Sender_Address="151 RUE NOTRE DAME 37500 CHINON" Receiver_Name="Jean Pierre DUMONT" Sender_Name="Jeanne MORIN">
			<DL_ZONE gedi_type="TextRegion" id="1" col="574" row="195" width="450" height="38" contents="CONTRAT DE BAIL SAISONNIER" script="typed" function_2="object" function_1="title" language="french"> </DL_ZONE>
			<DL_ZONE gedi_type="TextRegion" id="2" nextZoneID="4" col="620" row="386" width="359" height="42" contents="ENTRE LES SOUSSIGNÉS" script="typed" language="french"> </DL_ZONE>
			<DL_ZONE gedi_type="TextRegion" id="3" col="209" row="266" width="1164" height="44" contents="A Chinon , le 20/08/12 ," script="typed" function_2="date" function_1="location" language="french"> </DL_ZONE>
			<DL_ZONE gedi_type="TextRegion" id="4" nextZoneID="5" col="152" row="524" width="278" height="42" contents="M. Morin Jeanne" script="typed" language="french"> </DL_ZONE>
			<DL_ZONE gedi_type="TextRegion" id="5" nextZoneID="6" col="1222" row="518" width="113" height="41" contents=", majeur," script="typed" language="french"> </DL_ZONE>
			<DL_ZONE gedi_type="TextRegion" id="6" nextZoneID="7" col="147" row="580" width="986" height="49" contents="ayant élu domicile aux fins de notifications à Chinon au 151 rue Notre Dame" script="typed" language="french"> </DL_ZONE>
			<DL_ZONE gedi_type="TextRegion" id="7" nextZoneID="8" col="149" row="745" width="1065" height="44" contents="titulaire du passeport ou document national d'identité (DNI) numéro N43-56564T1" script="typed" function_1="reference" language="french"> </DL_ZONE>
			<DL_ZONE gedi_type="TextRegion" id="8" nextZoneID="9" col="151" row="857" width="396" height="41" contents="(dorénavant &quot;le propriétaire&quot;.)" script="typed" language="french"> </DL_ZONE>
			<DL_ZONE gedi_type="TextRegion" id="9" nextZoneID="10" col="1297" row="914" width="151" height="42" contents="d'une part," script="typed" language="french"> </DL_ZONE>
			<DL_ZONE gedi_type="TextRegion" id="10" nextZoneID="11" col="152" row="1051" width="353" height="43" contents="et M. Dumont Jean Pierre" script="typed" language="french"> </DL_ZONE>
			<DL_ZONE gedi_type="TextRegion" id="11" nextZoneID="12" col="1317" row="1048" width="120" height="40" contents=", majeur," script="typed" language="french"> </DL_ZONE>
			<DL_ZONE gedi_type="TextRegion" id="12" nextZoneID="13" col="151" row="1115" width="1074" height="46" contents="ayant élu domicile aux fins de notifications à Chinon au 151 rue Notre Dame" script="typed" language="french"> </DL_ZONE>
			<DL_ZONE gedi_type="TextRegion" id="13" nextZoneID="14" col="151" row="1218" width="1071" height="53" contents="titulaire du passeport ou document national d'identité (DNI) numéro N432-5466T56" script="typed" function_1="reference" language="french"> </DL_ZONE>
			<DL_ZONE gedi_type="TextRegion" id="14" nextZoneID="15" col="152" row="1336" width="360" height="47" contents="(dorénavant &quot;le locataire&quot;.)" script="typed" language="french"> </DL_ZONE>
			<DL_ZONE gedi_type="TextRegion" id="15" nextZoneID="16" col="1278" row="1398" width="174" height="42" contents="d'autre part," script="typed" language="french"> </DL_ZONE>
			<DL_ZONE gedi_type="TextRegion" id="16" nextZoneID="17" polygon="(148,1528);(1413,1522);(1415,1571);(322,1576);(324,1628);(148,1629)" contents="les deux parties ayant reconnu réciproquement leur capacité légale suffisante pour la passation du&#10;présent acte," script="typed" language="french"> </DL_ZONE>
			<DL_ZONE gedi_type="TextRegion" id="17" nextZoneID="18" col="547" row="1702" width="508" height="46" contents="IL A ÉTÉ PRÉALABLEMENT EXPOSE" script="typed" language="french"> </DL_ZONE>
			<DL_ZONE gedi_type="TextRegion" id="18" nextZoneID="20" col="204" row="1768" width="1256" height="346" contents="1. I. Que le propriétaire est titulaire de la propriété ci-après, qui se trouve en parfait&#10;état d'utilisation:&#10;PROPRIÉTÉ: adresse : 151 Rue Notre Dame 37500 Chinon&#10;Dans les conditions et avec les meubles et services décrits et photographiés, sous la référence&#10;numéro Annexe 1" script="typed" language="french"> </DL_ZONE>
			<DL_ZONE gedi_type="GraphicRegion" id="46" col="208" row="283" width="1165" height="20" function="underlined-field"> </DL_ZONE>
			<DL_ZONE gedi_type="GraphicRegion" id="48" col="194" row="543" width="1032" height="19" function="underlined-field"> </DL_ZONE>
			<DL_ZONE gedi_type="GraphicRegion" id="49" col="684" row="603" width="734" height="19" function="underlined-field"> </DL_ZONE>
			<DL_ZONE gedi_type="GraphicRegion" id="50" col="156" row="658" width="1284" height="16" function="underlined-field"> </DL_ZONE>
			<DL_ZONE gedi_type="GraphicRegion" id="51" col="144" row="710" width="111" height="10" function="underlined-field"> </DL_ZONE>
			<DL_ZONE gedi_type="GraphicRegion" id="52" col="967" row="764" width="451" height="19" function="underlined-field"> </DL_ZONE>
			<DL_ZONE gedi_type="GraphicRegion" id="53" col="148" row="821" width="108" height="13" function="underlined-field"> </DL_ZONE>
			<DL_ZONE gedi_type="GraphicRegion" id="54" col="222" row="1072" width="1101" height="21" function="underlined-field"> </DL_ZONE>
			<DL_ZONE gedi_type="GraphicRegion" id="55" col="687" row="1138" width="734" height="17" function="underlined-field"> </DL_ZONE>
			<DL_ZONE gedi_type="GraphicRegion" id="56" col="151" row="1190" width="1291" height="17" function="underlined-field"> </DL_ZONE>
			<DL_ZONE gedi_type="GraphicRegion" id="57" col="975" row="1251" width="447" height="12" function="underlined-field"> </DL_ZONE>
			<DL_ZONE gedi_type="GraphicRegion" id="58" col="151" row="1303" width="109" height="15" function="underlined-field"> </DL_ZONE>
			<DL_ZONE gedi_type="GraphicRegion" id="59" col="1053" row="1911" width="372" height="16" function="underlined-field"> </DL_ZONE>
			<DL_ZONE gedi_type="GraphicRegion" id="60" col="247" row="1963" width="794" height="16" function="underlined-field"> </DL_ZONE>
			<DL_ZONE gedi_type="GraphicRegion" id="61" col="524" row="2075" width="127" height="20" function="underlined-field"> </DL_ZONE>
			<DL_ZONE gedi_type="NoiseRegion" id="62" col="1630" row="129" width="21" height="145"> </DL_ZONE>
			<DL_ZONE gedi_type="NoiseRegion" id="72" col="1632" row="368" width="19" height="23"> </DL_ZONE>
		</DL_PAGE>
		<DL_PAGE gedi_type="DL_PAGE" src="GHIKMN.tif" pageID="2" width="1651" height="2335" Language_2="" Language_4="" Language_3="" Receiver_Company="" Sender_Company="" Sender_Phone="" Receiver_Fax="" Receiver_Phone="" Sender_Fax="" NumPage="2" Document_Date="" Category="" Document_Location="" Document_Object="" Language_1="" Receiver_Address="" Receiver_Name="" Script_2="" Script_1="" Sender_Address="" Sender_Name="">
			<DL_ZONE gedi_type="TextRegion" id="19" col="198" row="174" width="1266" height="220" nextZoneID="20" contents="Le logement est propre et en parfait état d'utilisation, de conservation et d'habitabilité. Les&#10;services et équipements qui s'y trouvent sont en bon état de fonctionnement.&#10;II. Les deux parties ont décidé de conclure le bail saisonnier de la propriété décrite précédemment,&#10;en vertu de quoi il est arrêté et convenu ce qui suit:" script="typed" language="french"> </DL_ZONE>
			<DL_ZONE gedi_type="TextRegion" id="20" col="730" row="452" width="148" height="41" nextZoneID="21" contents="CLAUSES" script="typed" language="french"> </DL_ZONE>
			<DL_ZONE gedi_type="TextRegion" id="21" col="154" row="530" width="652" height="49" nextZoneID="22" contents="PREMIÉREMENT. LOYER ET CAUTION" script="typed" language="french"> </DL_ZONE>
			<DL_ZONE gedi_type="TextRegion" id="22" col="152" row="601" width="1311" height="405" nextZoneID="23" contents="2.1 Le loyer net pour la période fixée s'élève à la somme de 300 euros, payable comme&#10;suit:&#10;• 25% du prix susmentionné au moment de la réservation, à titre d'arrhes;&#10;• et le solde (75%) à l'entrée dans les lieux du locataire.&#10;2.2 Avant l'entrée dans les lieux, le locataire s'engage à remettre une caution d'un montant de&#10;600 euros, selon les dispositions visées à l'article 36 de la LAU. La&#10;caution sera remboursée à la fin du contrat, après vérification de l'état des lieux." script="typed" language="french"> </DL_ZONE>
			<DL_ZONE gedi_type="TextRegion" id="23" col="155" row="1045" width="444" height="49" nextZoneID="24" contents="DEUXIEMEMENT. DURÉE" script="typed" language="french"> </DL_ZONE>
			<DL_ZONE gedi_type="TextRegion" id="24" col="151" row="1114" width="1313" height="395" nextZoneID="25" contents="Le présent contrat est consenti pour une période 30 jours, à compter du&#10;01/09/12, à 12 heures, et sera réputé automatiquement résilié sans avis&#10;quelconque, le 30/09/12 , à 12 heures. Le locataire s'engage&#10;à restituer les clés avant 12 heures.&#10;Le locataire s'engage à rendre la propriété dans l'état où il l'aura reçue, à retirer ses objets et effets&#10;personnels et à maintenir en parfait état les services mis à disposition, ainsi que les meubles et les effets&#10;décrits dans le point I de l'exposé, sans possibilité de prorogation sauf accord écrit entre les parties." script="typed" language="french"> </DL_ZONE>
			<DL_ZONE gedi_type="TextRegion" id="25" col="151" row="1590" width="1301" height="105" contents="Les deux parties ratifient le contenu du présent contrat et le signe en double exemplaire, à un seul effet,&#10;au lieu et à la date mentionnés en en-tête." script="typed" language="french"> </DL_ZONE>
			<DL_ZONE gedi_type="TextRegion" id="26" col="371" row="1742" width="209" height="40" contents="Le propriétaire" script="typed" language="french"> </DL_ZONE>
			<DL_ZONE gedi_type="TextRegion" id="27" col="1038" row="1737" width="173" height="43" contents="Le locataire" script="typed" language="french"> </DL_ZONE>
			<DL_ZONE gedi_type="TextRegion" id="28" col="410" row="1936" width="135" height="40" nextZoneID="35" contents="Signature" script="typed" language="french"> </DL_ZONE>
			<DL_ZONE gedi_type="TextRegion" id="29" col="1057" row="1929" width="137" height="46" nextZoneID="39" contents="Signature" script="typed" language="french"> </DL_ZONE>
			<DL_ZONE gedi_type="TextRegion" id="35" polygon="(348,1867);(526,1760);(547,1786);(522,1796);(544,1807);(532,1826);(583,1827);(655,1859);(620,1952);(502,1918);(435,1929);(408,1959);(394,1944);(409,1910);(364,1906)" contents="Morin" script="hand" language="french"> </DL_ZONE>
			<DL_ZONE gedi_type="GraphicRegion" id="37" function="signature" polygon="(337,1864);(525,1757);(551,1784);(533,1792);(552,1807);(544,1823);(586,1819);(663,1860);(621,1960);(502,1922);(439,1933);(409,1967);(387,1948);(399,1913);(362,1911)"> </DL_ZONE>
			<DL_ZONE gedi_type="TextRegion" id="39" polygon="(768,1861);(937,1857);(976,1771);(1057,1788);(1118,1825);(1117,1845);(1168,1846);(1207,1782);(1222,1783);(1210,1829);(1267,1827);(1309,1902);(982,1898);(748,1883)" contents="Dumont" script="hand" language="french"> </DL_ZONE>
			<DL_ZONE gedi_type="GraphicRegion" id="41" function="signature" polygon="(762,1853);(930,1852);(974,1760);(1040,1776);(1126,1821);(1126,1836);(1157,1842);(1213,1773);(1230,1779);(1220,1821);(1272,1821);(1317,1909);(975,1902);(736,1888)"> </DL_ZONE>
			<DL_ZONE gedi_type="NoiseRegion" id="63" col="1628" row="1709" width="23" height="31"> </DL_ZONE>
			<DL_ZONE gedi_type="NoiseRegion" id="64" col="1630" row="1349" width="18" height="20"> </DL_ZONE>
			<DL_ZONE gedi_type="GraphicRegion" id="65" col="993" row="632" width="143" height="17" function="underlined-field"> </DL_ZONE>
			<DL_ZONE gedi_type="GraphicRegion" id="66" col="271" row="926" width="1185" height="21" function="underlined-field"> </DL_ZONE>
			<DL_ZONE gedi_type="GraphicRegion" id="67" col="258" row="974" width="973" height="23" function="underlined-field"> </DL_ZONE>
			<DL_ZONE gedi_type="GraphicRegion" id="68" col="774" row="1143" width="359" height="17" function="underlined-field"> </DL_ZONE>
			<DL_ZONE gedi_type="GraphicRegion" id="69" col="155" row="1190" width="1300" height="21" function="underlined-field"> </DL_ZONE>
			<DL_ZONE gedi_type="GraphicRegion" id="70" col="156" row="1241" width="1291" height="18" function="underlined-field"> </DL_ZONE>
			<DL_ZONE gedi_type="GraphicRegion" id="71" col="155" row="1292" width="440" height="14" function="underlined-field"> </DL_ZONE>
		</DL_PAGE>
	</DL_DOCUMENT>
</GEDI>