<?xml version="1.0" encoding="UTF-8"?>
<!--GEDI was developed at Language and Media Processing Laboratory, University of Maryland.-->

<GEDI xmlns="http://lamp.cfar.umd.edu/media/projects/GEDI/" GEDI_version="2.3.19" GEDI_date="12/23/2011">
	<USER name="Amina" date="5/12/2012 16:50" dateFormat="mm/dd/yyyy hh:mm">	</USER>
	<USER name="Laure" date="5/14/2012 12:34" dateFormat="mm/dd/yyyy hh:mm">	</USER>
	<USER name="Mdr-P5" date="5/28/2013 14:03" dateFormat="mm/dd/yyyy hh:mm">	</USER>
	<DL_DOCUMENT src="GHIKOP.tif" docTag="xml" NrOfPages="1">
		<DL_PAGE gedi_type="DL_PAGE" src="GHIKOP.tif" pageID="1" width="1920" height="2172" Language_2="" Sender_Name="" Language_4="" Language_3="" Receiver_Company="" Receiver_Fax="" Document_Location="" Document_Date="25/03/2012" Script_1="typed" Script_2="" Receiver_Address="5 RUE DE L'EGLISE, 57970 BASSE HAM " Receiver_Phone="+33(0)3.91.87.92.83" Document_Object="FACTURE" Category="C2" Language_1="french" NumPage="1" Sender_Address="56 RUE LAFAYETTE 57000 METZ" Sender_Fax="¤{+33(0)3.97.27.94.53|+33(0)3.97.27.94.52}¤" Sender_Phone="¤{+33(0)3.97.27.94.53|+33(0)3.97.27.94.52}¤" Sender_Company="BOUCHERIE-TRAITEUR DUPONT " Receiver_Name="Myriam MARCHAL">
			<DL_ZONE gedi_type="GraphicRegion" id="1" col="630" row="55" width="630" height="501" function="logo" orientationD="5.462"> </DL_ZONE>
			<DL_ZONE gedi_type="GraphicRegion" id="2" col="4" row="564" width="1913" height="470" function="form-field"> </DL_ZONE>
			<DL_ZONE gedi_type="TextRegion" id="3" col="29" row="583" width="511" height="325" contents="Boucherie-traiteur Dupont&#10;56 rue Lafayette&#10;57000 Metz&#10;03.97.27.94.52&#10;03.97.27.94.53&#10;btdupont@gmail.fr" script="typed" function_1="coordinates" language="french"> </DL_ZONE>
			<DL_ZONE gedi_type="TextRegion" id="10" col="1281" row="583" width="338" height="93" contents="Facture" script="typed" function_1="object" language="french"> </DL_ZONE>
			<DL_ZONE gedi_type="TextRegion" id="11" col="987" row="691" width="371" height="168" contents="Facture n° : 791580&#10;Client n° : 5461&#10;Date : 25.03.2012" script="typed" function_2="date" function_1="reference" language="french"> </DL_ZONE>
			<DL_ZONE gedi_type="TextRegion" id="13" col="417" row="908" width="1102" height="117" contents="Mme Marchal Myriam : 5 rue de l'Eglise, 57970 Basse Ham&#10;03.91.87.92.83" script="typed" function_1="coordinates" language="french"> </DL_ZONE>
			<DL_ZONE gedi_type="TableRegion" id="15" col="4" row="1428" width="1913" height="732"> </DL_ZONE>
			<DL_ZONE gedi_type="TextRegion" id="17" col="623" row="1458" width="215" height="51" contents="Description" script="typed" language="french"> </DL_ZONE>
			<DL_ZONE gedi_type="TextRegion" id="18" col="29" row="1517" width="507" height="47" contents="Sachet frites surgelées 5 kg" script="typed" language="french"> </DL_ZONE>
			<DL_ZONE gedi_type="TextRegion" id="19" col="29" row="1570" width="424" height="58" contents="Jambon en croûte 1 kg" script="typed" language="french"> </DL_ZONE>
			<DL_ZONE gedi_type="TextRegion" id="21" col="29" row="1628" width="541" height="53" contents="Saucisse montagnarde unité" script="typed" language="french"> </DL_ZONE>
			<DL_ZONE gedi_type="TextRegion" id="23" col="27" row="1692" width="379" height="55" contents="Saucisse pizza unité" script="typed" language="french"> </DL_ZONE>
			<DL_ZONE gedi_type="TextRegion" id="24" col="34" row="1751" width="404" height="49" contents="Saucisse nature unité" script="typed" language="french"> </DL_ZONE>
			<DL_ZONE gedi_type="TextRegion" id="25" col="31" row="1807" width="358" height="47" contents="Salade taboulé 1 kg" script="typed" language="french"> </DL_ZONE>
			<DL_ZONE gedi_type="TextRegion" id="26" col="34" row="1870" width="368" height="43" contents="Salade carottes 1kg" script="typed" language="french"> </DL_ZONE>
			<DL_ZONE gedi_type="TextRegion" id="28" col="34" row="1926" width="544" height="47" contents="Salade pommes de terre 1kg" script="typed" language="french"> </DL_ZONE>
			<DL_ZONE gedi_type="TextRegion" id="30" col="34" row="1983" width="436" height="54" contents="Salade composée 500g" script="typed" language="french"> </DL_ZONE>
			<DL_ZONE gedi_type="TextRegion" id="32" col="1470" row="1455" width="173" height="47" contents="Quantité" script="typed" language="french"> </DL_ZONE>
			<DL_ZONE gedi_type="TextRegion" id="34" col="1711" row="1447" width="168" height="51" contents="Montant" script="typed" language="french"> </DL_ZONE>
			<DL_ZONE gedi_type="TextRegion" id="35" col="1466" row="1511" width="32" height="47" contents="3" script="typed" language="french"> </DL_ZONE>
			<DL_ZONE gedi_type="TextRegion" id="36" col="1468" row="1573" width="34" height="44" contents="2" script="typed" language="french"> </DL_ZONE>
			<DL_ZONE gedi_type="TextRegion" id="37" col="1466" row="1630" width="30" height="49" contents="5" script="typed" language="french"> </DL_ZONE>
			<DL_ZONE gedi_type="TextRegion" id="38" col="1472" row="1692" width="30" height="38" contents="5" script="typed" language="french"> </DL_ZONE>
			<DL_ZONE gedi_type="TextRegion" id="39" col="1470" row="1745" width="28" height="45" contents="5" script="typed" language="french"> </DL_ZONE>
			<DL_ZONE gedi_type="TextRegion" id="40" col="1477" row="1807" width="19" height="42" contents="2" script="typed" language="french"> </DL_ZONE>
			<DL_ZONE gedi_type="TextRegion" id="41" col="1470" row="1864" width="26" height="41" contents="1" script="typed" language="french"> </DL_ZONE>
			<DL_ZONE gedi_type="TextRegion" id="42" col="1472" row="1917" width="30" height="45" contents="2" script="typed" language="french"> </DL_ZONE>
			<DL_ZONE gedi_type="TextRegion" id="43" col="1468" row="1973" width="30" height="53" contents="2" script="typed" language="french"> </DL_ZONE>
			<DL_ZONE gedi_type="TextRegion" id="44" col="1677" row="1515" width="119" height="41" contents="13,50" script="typed" language="french"> </DL_ZONE>
			<DL_ZONE gedi_type="TextRegion" id="45" col="1679" row="1562" width="113" height="55" contents="25,90" script="typed" language="french"> </DL_ZONE>
			<DL_ZONE gedi_type="TextRegion" id="46" col="1679" row="1630" width="87" height="43" contents="9,80" script="typed" language="french"> </DL_ZONE>
			<DL_ZONE gedi_type="TextRegion" id="47" col="1683" row="1685" width="111" height="51" contents="12,00" script="typed" language="french"> </DL_ZONE>
			<DL_ZONE gedi_type="TextRegion" id="48" col="1681" row="1741" width="85" height="51" contents="8,70" script="typed" language="french"> </DL_ZONE>
			<DL_ZONE gedi_type="TextRegion" id="49" col="1681" row="1802" width="87" height="49" contents="9,90" script="typed" language="french"> </DL_ZONE>
			<DL_ZONE gedi_type="TextRegion" id="50" col="1679" row="1862" width="91" height="47" contents="4,40" script="typed" language="french"> </DL_ZONE>
			<DL_ZONE gedi_type="TextRegion" id="51" col="1677" row="1917" width="89" height="45" contents="7,60" script="typed" language="french"> </DL_ZONE>
			<DL_ZONE gedi_type="TextRegion" id="52" col="1683" row="1977" width="92" height="45" contents="4,50" script="typed" language="french"> </DL_ZONE>
			<DL_ZONE gedi_type="TextRegion" id="53" col="1504" row="2088" width="109" height="55" contents="Total" script="typed" language="french"> </DL_ZONE>
			<DL_ZONE gedi_type="TextRegion" id="54" col="1679" row="2092" width="115" height="45" contents="96,30" script="typed" language="french"> </DL_ZONE>
		</DL_PAGE>
	</DL_DOCUMENT>
</GEDI>