<?xml version="1.0" encoding="UTF-8"?>
<!--GEDI was developed at Language and Media Processing Laboratory, University of Maryland.-->

<GEDI xmlns="http://lamp.cfar.umd.edu/media/projects/GEDI/" GEDI_version="2.3.19" GEDI_date="12/23/2011">
	<USER name="Adil" date="5/18/2012 11:39" dateFormat="mm/dd/yyyy hh:mm">	</USER>
	<USER name="Mdr-P5" date="5/28/2013 14:11" dateFormat="mm/dd/yyyy hh:mm">	</USER>
	<DL_DOCUMENT src="GHJLMQ.tif" docTag="xml" NrOfPages="2">
		<DL_PAGE gedi_type="DL_PAGE" src="GHJLMQ.tif" pageID="1" width="1684" height="2288" Language_2="" Language_4="" Language_3="" Sender_Company="" Sender_Phone="" Receiver_Fax="" Script_2="" Receiver_Phone="" Sender_Fax="" Category="C2" Document_Date="01/03/2012" Document_Location="WESTHOUSE-MARMOUTIER" Document_Object="CONTRAT DE TRAVAIL A TEMPS PARTIEL ET A DURÉE INDÉTERMINÉE" Language_1="french" NumPage="2" Receiver_Address="94 RUE CAMILLE, WESTHOUSE-MARMOUTIER 67440" Receiver_Company="RIZOU" Script_1="typed" Sender_Address="1 RUE DE HIRSHLAND, RAUWILLER 67320" Sender_Name="Christelle OLIVIER" Receiver_Name="Malika BENALI">
			<DL_ZONE gedi_type="TextRegion" id="1" col="312" row="149" width="1185" height="93" contents="MODELE DE CONTRAT DE TRAVAIL A TEMPS PARTIEL ET A&#10;DURÉE INDÉTERMINÉE" script="typed" function_2="object" function_1="title" language="french"> </DL_ZONE>
			<DL_ZONE gedi_type="TextRegion" id="3" col="270" row="316" width="1271" height="388" contents="Entre :&#10;- La Société RIZOU dont le siège est à (adresse) : 94 rue Camille,&#10;Westhouse-marmoutier 67440&#10;représentée par Mme Benali Malika&#10;agissant en qualité de Directrice&#10;d'une part,&#10;et&#10;Madame Olivier Christelle Rauwiller 1 rue de Hirshland, Rauwiller 67320&#10;d'autre part" script="typed" language="french"> </DL_ZONE>
			<DL_ZONE gedi_type="TextRegion" id="12" col="273" row="732" width="614" height="41" contents="IL A ETE CONVENU ET ARRETE CE QUI SUIT :" script="typed" language="french"> </DL_ZONE>
			<DL_ZONE gedi_type="TextRegion" id="14" col="273" row="845" width="255" height="38" contents="1/ ENGAGEMENT :" script="typed" language="french"> </DL_ZONE>
			<DL_ZONE gedi_type="TextRegion" id="15" col="268" row="881" width="1267" height="455" contents="La Société RIZOU engage Mme Olivier Christelle en qualité de Directrice Adjointe à temps&#10;partiel à compter du 05/03/2012&#10;Mme Olivier Christelle déclare être libre de tout engagement, n'être tenu par aucune clause&#10;de non-concurrence, n'être frappé d'aucune incapacité, ni d'aucune inaptitude physique à&#10;l'exercice de son activité.&#10;Le présent contrat est régi par les lois et règlements en vigueur et par la convention&#10;collective nationale de Directrice Adjointe.&#10;Conformément à la législation en vigueur, la Société RIZOU a déclaré préalablement à son&#10;embauche Mme Olivier Christelle auprès de L'URSSAF du Bas-Rhin.&#10;Mme Olivier Christelle est informé(e) qu'il (elle) peut en application de la loi de 1978&#10;obtenir communication et effectuer les éventuelles rectifications des informations&#10;transmises." script="typed" language="french"> </DL_ZONE>
			<DL_ZONE gedi_type="TextRegion" id="17" col="271" row="1408" width="273" height="36" contents="2/ ATTRIBUTIONS :" script="typed" language="french"> </DL_ZONE>
			<DL_ZONE gedi_type="TextRegion" id="18" col="266" row="1445" width="1272" height="226" contents="Mme Olivier Christelle exercera l'emploi, à temps partiel, de Directrice Adjointe, niveau5,&#10;correspondant au coefficient 10 de la convention collective&#10;A ce poste, il (elle) sera notamment chargé de : Prendre en charge cette entreprise et son&#10;évolution&#10;Les missions et attributions indiquées ci-dessus ne présentent ni un caractère exhaustif ni un&#10;caractère définitif." script="typed" language="french"> </DL_ZONE>
			<DL_ZONE gedi_type="TextRegion" id="20" col="275" row="1746" width="331" height="37" contents="3/ DUREE DU TRAVAIL :" script="typed" language="french"> </DL_ZONE>
			<DL_ZONE gedi_type="TextRegion" id="21" col="267" row="1777" width="1269" height="388" contents="Mme Olivier Christelle effectuera 30 heures hebdomadaires (ou heures mensuelles)&#10;La durée hebdomadaire de travail de 30 heures sera répartie comme suit :&#10;- 9h-16h heures le lundi, 9h-16h heures le mardi&#10;- 9h-16h heures le mercredi etc.&#10;(ou la durée mensuelle de travail de 30 heures sera répartie comme suit :&#10;- 30 heures la 1ère semaine, à raison de : 6 heures le lundi, 6 heures le mardi,&#10;etc.&#10;- 30 heures le 2ème semaine, à raison de : 6heures le lundi, etc." script="typed" language="french"> </DL_ZONE>
		</DL_PAGE>
		<DL_PAGE gedi_type="DL_PAGE" src="GHJLMQ.tif" pageID="2" width="1684" height="2288" Language_2="" Sender_Name="" Document_Date="" Language_4="" Receiver_Name="" Language_3="" Receiver_Company="" Receiver_Address="" Sender_Company="" Sender_Phone="" Receiver_Fax="" Script_2="" Document_Location="" Receiver_Phone="" Sender_Address="" Sender_Fax="" Document_Object="" NumPage="2" Language_1="" Category="" Script_1="">
			<DL_ZONE gedi_type="TextRegion" id="23" col="370" row="147" width="130" height="58" contents="- etc.)" script="typed" language="french"> </DL_ZONE>
			<DL_ZONE gedi_type="TextRegion" id="24" col="270" row="226" width="1274" height="318" contents="Les horaires de travail de chaque journée travaillée de Mme Olivier Christelle lui seront&#10;communiqués par écrit selon les modalités suivantes : Horaires fixes&#10;Chaque journée de travail ne pourra comporter plus d'une interruption d'activité supérieure&#10;à 2 heures.&#10;Toutefois, cette répartition pourra être modifiée en fonction des besoins de l'entreprise,&#10;notamment pour les raisons suivantes : évolution et demande de l'entreprise&#10;Une telle modification lui sera notifiée 7 jours au moins avant sa date d'effet en application&#10;de l'article L 212-4-3 du code du travail)." script="typed" language="french"> </DL_ZONE>
			<DL_ZONE gedi_type="TextRegion" id="26" col="276" row="647" width="427" height="35" contents="4/ PRIORITE D'AFFECTATION :" script="typed" language="french"> </DL_ZONE>
			<DL_ZONE gedi_type="TextRegion" id="27" col="270" row="680" width="1265" height="121" contents="Mme Olivier Christelle bénéficiera s'il (elle) le souhaite d'une priorité pour l'attribution&#10;d'un emploi à temps complet de sa catégorie professionnelle ou d'un emploi équivalent qui&#10;serait créé ou deviendrait vacant." script="typed" language="french"> </DL_ZONE>
			<DL_ZONE gedi_type="TextRegion" id="30" col="273" row="870" width="293" height="37" contents="5/ REMUNERATION :" script="typed" language="french"> </DL_ZONE>
			<DL_ZONE gedi_type="TextRegion" id="31" col="271" row="908" width="1263" height="75" contents="En rémunération de son activité, Mme Olivier Christelle percevra une rémunération brute&#10;mensuelle de 3000 euros 30 heures mensuelles." script="typed" language="french"> </DL_ZONE>
			<DL_ZONE gedi_type="TextRegion" id="33" col="274" row="1060" width="559" height="35" contents="6/ PERIODE D'ESSAI, VISITE MEDICALE :" script="typed" language="french"> </DL_ZONE>
			<DL_ZONE gedi_type="TextRegion" id="35" col="271" row="1095" width="1271" height="235" contents="Le présent contrat ne deviendra ferme qu'à l'issue d'une période d'essai de 16 semaines (ou&#10;4 mois), (aucune période d'essai ne peut être supérieure à ce que prévoit la convention&#10;collective) et sous réserve des résultats de la visite médicale décidant de l'aptitude de Mme&#10;Olivier Christelle.&#10;Au cours de la période d'essai, le présent contrat pourra être résilié à tout moment, sans&#10;motif ni préavis, ni indemnités par l'une ou l'autre des parties." script="typed" language="french"> </DL_ZONE>
			<DL_ZONE gedi_type="TextRegion" id="37" col="1124" row="1355" width="420" height="74" contents="Fait à Westhouse-marmoutier&#10;Le 01/03/2012" script="typed" function_2="date" function_1="location" language="french"> </DL_ZONE>
			<DL_ZONE gedi_type="TextRegion" id="39" col="1103" row="1428" width="432" height="55" contents="En deux exemplaires originaux" script="typed" language="french"> </DL_ZONE>
			<DL_ZONE gedi_type="TextRegion" id="40" col="270" row="1505" width="629" height="42" contents="Pour la Société RIZOU, Mme Benali Malika" script="typed" language="french"> </DL_ZONE>
			<DL_ZONE gedi_type="TextRegion" id="42" col="966" row="1502" width="483" height="46" contents="Le Salarié, Mme Olivier Christelle" script="typed" language="french"> </DL_ZONE>
			<DL_ZONE gedi_type="GraphicRegion" id="43" function="signature" polygon="(573,1640);(633,1626);(657,1598);(684,1566);(771,1610);(763,1631);(634,1662);(579,1657)"> </DL_ZONE>
			<DL_ZONE gedi_type="GraphicRegion" id="44" function="signature" polygon="(1124,1617);(1128,1597);(1167,1586);(1237,1591);(1269,1555);(1320,1592);(1416,1595);(1398,1611);(1251,1620);(1214,1641)"> </DL_ZONE>
			<DL_ZONE gedi_type="NoiseRegion" id="51" col="1666" row="6" width="16" height="2279"> </DL_ZONE>
		</DL_PAGE>
	</DL_DOCUMENT>
</GEDI>