<?xml version="1.0" encoding="UTF-8"?>
<!--GEDI was developed at Language and Media Processing Laboratory, University of Maryland.-->

<GEDI xmlns="http://lamp.cfar.umd.edu/media/projects/GEDI/" GEDI_version="2.3.19" GEDI_date="12/23/2011">
	<USER name="MDR-P6" date="4/18/2013 14:42" dateFormat="mm/dd/yyyy hh:mm">	</USER>
	<DL_DOCUMENT src="GILJDH.tif" docTag="xml" NrOfPages="1">
		<DL_PAGE gedi_type="DL_PAGE" src="GILJDH.tif" pageID="1" width="1690" height="2334" Language_2="" Sender_Name="" Document_Date="" Receiver_Name="" Language_3="" Receiver_Company="" Receiver_Address="" Sender_Company="" Sender_Phone="" Receiver_Fax="" Script_2="" Document_Location="" Receiver_Phone="" Sender_Address="" Sender_Fax="" Document_Object="MES VOYAGES" Language_1="french" Language_4="" NumPage="1" Script_1="hand" Category="C2">
			<DL_ZONE gedi_type="LineDrawingRegion" id="1" col="443" row="657" width="880" height="45"> </DL_ZONE>
			<DL_ZONE gedi_type="TextRegion" id="2" col="451" row="565" width="851" height="93" contents="MES VOYAGES (DEPUIS 2009)" script="hand" function_2="object" function_1="title" language="french"> </DL_ZONE>
			<DL_ZONE gedi_type="GraphicRegion" id="3" col="360" row="820" width="854" height="804" function="drawing"> </DL_ZONE>
			<DL_ZONE gedi_type="TextRegion" id="5" col="273" row="1662" width="109" height="54" contents="Date" script="hand" language="french"> </DL_ZONE>
			<DL_ZONE gedi_type="TextRegion" id="6" col="220" row="1760" width="168" height="48" contents="- 2009" script="hand" language="french"> </DL_ZONE>
			<DL_ZONE gedi_type="TextRegion" id="7" col="214" row="1810" width="168" height="50" contents="- 2010" script="hand" language="french"> </DL_ZONE>
			<DL_ZONE gedi_type="TextRegion" id="8" col="214" row="1865" width="167" height="53" contents="- 2011" script="hand" language="french"> </DL_ZONE>
			<DL_ZONE gedi_type="TextRegion" id="9" col="210" row="1921" width="199" height="40" contents="- 2012" script="hand" language="french"> </DL_ZONE>
			<DL_ZONE gedi_type="TextRegion" id="10" col="520" row="1653" width="169" height="87" contents="¤{Departement/Département}¤" script="hand" language="french"> </DL_ZONE>
			<DL_ZONE gedi_type="TextRegion" id="11" col="478" row="1753" width="306" height="51" contents="PAS DE CALAIS (62)" script="hand" language="french"> </DL_ZONE>
			<DL_ZONE gedi_type="TextRegion" id="12" col="480" row="1790" width="264" height="58" contents="MORBIHAN (56)" script="hand" language="french"> </DL_ZONE>
			<DL_ZONE gedi_type="TextRegion" id="13" col="478" row="1850" width="220" height="56" contents="NIEVRE (58)" script="hand" language="french"> </DL_ZONE>
			<DL_ZONE gedi_type="TextRegion" id="14" col="480" row="1901" width="194" height="56" contents="VAR (83)" script="hand" language="french"> </DL_ZONE>
			<DL_ZONE gedi_type="TextRegion" id="15" col="953" row="1673" width="89" height="53" contents="¤{Couts/Coûts}¤" script="hand" language="french"> </DL_ZONE>
			<DL_ZONE gedi_type="TextRegion" id="16" col="897" row="1749" width="359" height="63" contents="Coûts totaux = 499€" script="hand" language="french"> </DL_ZONE>
			<DL_ZONE gedi_type="TextRegion" id="17" col="888" row="1813" width="361" height="55" contents="Coûts totaux = 733€" script="hand" language="french"> </DL_ZONE>
			<DL_ZONE gedi_type="TextRegion" id="18" col="890" row="1866" width="358" height="50" contents="Coûts totaux = 908€" script="hand" language="french"> </DL_ZONE>
			<DL_ZONE gedi_type="TextRegion" id="19" col="880" row="1916" width="369" height="68" contents="Coûts totaux = 617€" script="hand" language="french"> </DL_ZONE>
			<DL_ZONE gedi_type="TextRegion" id="20" col="1265" row="1662" width="80" height="55" contents="Lieu" script="hand" language="french"> </DL_ZONE>
			<DL_ZONE gedi_type="TextRegion" id="21" col="1442" row="1668" width="138" height="60" contents="Durée" script="hand" language="french"> </DL_ZONE>
			<DL_ZONE gedi_type="TextRegion" id="22" col="1266" row="1759" width="110" height="50" contents="Calais" script="hand" language="french"> </DL_ZONE>
			<DL_ZONE gedi_type="TextRegion" id="23" col="1264" row="1810" width="109" height="51" contents="Vannes" script="hand" language="french"> </DL_ZONE>
			<DL_ZONE gedi_type="TextRegion" id="24" col="1278" row="1880" width="102" height="62" contents="Decize" script="hand" language="french"> </DL_ZONE>
			<DL_ZONE gedi_type="TextRegion" id="25" col="1262" row="1920" width="130" height="74" contents="Brignoles" script="hand" language="french"> </DL_ZONE>
			<DL_ZONE gedi_type="TextRegion" id="26" col="1480" row="1764" width="117" height="62" contents="7 jours" script="hand" language="french"> </DL_ZONE>
			<DL_ZONE gedi_type="TextRegion" id="27" col="1488" row="1817" width="106" height="48" contents="9 jours" script="hand" language="french"> </DL_ZONE>
			<DL_ZONE gedi_type="TextRegion" id="28" col="1460" row="1870" width="158" height="82" contents="16 jours" script="hand" language="french"> </DL_ZONE>
			<DL_ZONE gedi_type="TextRegion" id="29" col="1473" row="1952" width="120" height="60" contents="7 jours" script="hand" language="french"> </DL_ZONE>
			<DL_ZONE gedi_type="LineDrawingRegion" id="30" col="268" row="1718" width="157" height="12"> </DL_ZONE>
			<DL_ZONE gedi_type="LineDrawingRegion" id="31" col="465" row="1657" width="13" height="316"> </DL_ZONE>
			<DL_ZONE gedi_type="LineDrawingRegion" id="36" col="520" row="1716" width="190" height="17"> </DL_ZONE>
			<DL_ZONE gedi_type="LineDrawingRegion" id="37" col="841" row="1676" width="16" height="320"> </DL_ZONE>
			<DL_ZONE gedi_type="LineDrawingRegion" id="38" col="929" row="1726" width="141" height="18"> </DL_ZONE>
			<DL_ZONE gedi_type="LineDrawingRegion" id="39" col="1254" row="1664" width="12" height="360"> </DL_ZONE>
			<DL_ZONE gedi_type="LineDrawingRegion" id="40" col="1433" row="1665" width="12" height="337"> </DL_ZONE>
			<DL_ZONE gedi_type="LineDrawingRegion" id="41" col="1264" row="1728" width="116" height="16"> </DL_ZONE>
			<DL_ZONE gedi_type="LineDrawingRegion" id="42" col="1452" row="1738" width="124" height="14"> </DL_ZONE>
			<DL_ZONE gedi_type="TableRegion" id="43" col="200" row="1653" width="1422" height="363"> </DL_ZONE>
			<DL_ZONE gedi_type="NoiseRegion" id="44" col="0" row="2" width="42" height="2130"> </DL_ZONE>
			<DL_ZONE gedi_type="NoiseRegion" id="46" col="440" row="0" width="1250" height="14"> </DL_ZONE>
		</DL_PAGE>
	</DL_DOCUMENT>
</GEDI>