<?xml version="1.0" encoding="UTF-8"?>
<!--GEDI was developed at Language and Media Processing Laboratory, University of Maryland.-->

<GEDI xmlns="http://lamp.cfar.umd.edu/media/projects/GEDI/" GEDI_version="2.3.19" GEDI_date="12/23/2011">
	<USER name="Adil" date="5/30/2012 20:49" dateFormat="mm/dd/yyyy hh:mm">	</USER>
	<USER name="Laure" date="5/31/2012 16:08" dateFormat="mm/dd/yyyy hh:mm">	</USER>
	<USER name="Mdr-P5" date="5/28/2013 13:11" dateFormat="mm/dd/yyyy hh:mm">	</USER>
	<USER name="aboubekeur" date="5/31/2012 18:07" dateFormat="mm/dd/yyyy hh:mm">	</USER>
	<DL_DOCUMENT src="GJKLNP.tif" docTag="xml" NrOfPages="2">
		<DL_PAGE gedi_type="DL_PAGE" src="GJKLNP.tif" pageID="1" width="1651" height="2335" Language_2="" Language_4="" Language_3="" Sender_Phone="" Receiver_Fax="" Script_2="" Document_Location="" Receiver_Phone="" Sender_Fax="" Category="C2" Document_Date="22/05/2012" Document_Object="CONTRACT FOR THE MANUFACTURE AND SALES OF GOODS" Language_1="english" NumPage="2" Receiver_Address="278 QUEENSGATE 98 SOUTH KENSINGTON" Receiver_Company="CEO JONES LEATHER GOODS" Script_1="typed" Sender_Address="120 HIGHGATE STUDIO 53 HIGHGATE ROAD NW51 LONDON" Sender_Company="CEO STEPHANIE DESIGNS" Sender_Name="Stephanie BURGESS" Receiver_Name="Justin JONES">
			<DL_ZONE gedi_type="TextRegion" id="1" col="264" row="197" width="1123" height="97" contents="CONTRACT FOR THE MANUFACTURE AND SALES OF&#10;GOODS" script="typed" function_2="object" function_1="title" language="english"> </DL_ZONE>
			<DL_ZONE gedi_type="SeparatorRegion" id="20" col="188" row="291" width="1264" height="25"> </DL_ZONE>
			<DL_ZONE gedi_type="TextRegion" id="21" col="175" row="330" width="1320" height="1837" contents="This Sales Agreement (the “Sales Contract ”) is made on 22 MAY 2012,&#10;BETWEEN:&#10;STEPHANIE BURGESS (the “Seller ”), a corporation organized and existing under the laws&#10;of LONDON UK,, with its head office located at:&#10;120 HIGHGATE STUDIO 53 HIGHGATE ROAD&#10;NW51 LONDON&#10;AND:&#10;JUSTIN JONES (the “Buyer ”), a corporation organized and existing under the laws of&#10;LONDON UK,, with its head office located at:&#10;278 QUEENSGATE 98 SOUTH KENSINGTON" script="typed" function_1="text_section" language="english"> </DL_ZONE>
		</DL_PAGE>
		<DL_PAGE gedi_type="DL_PAGE" src="GJKLNP.tif" pageID="2" width="1651" height="2335" Language_2="" Sender_Name="" Document_Date="" Language_4="" Receiver_Name="" Language_3="" Receiver_Company="" Receiver_Address="" Sender_Company="" Sender_Phone="" Receiver_Fax="" Script_2="" Document_Location="" Receiver_Phone="" Sender_Address="" Sender_Fax="" Document_Object="" NumPage="2" Language_1="" Script_1="" Category="">
			<DL_ZONE gedi_type="TextRegion" id="9" col="171" row="191" width="1306" height="1261" contents="4. EXCUSE FOR NONPERFORMANCE&#10;Seller's obligations under this agreement are accepted subject to strikes, labor troubles&#10;(including strikes or labor troubles affecting any suppliers of seller), floods, fires, acts of God,&#10;accidents, delays, shortage of cars, contingencies of transportation and other causes of like or&#10;different character beyond the control of seller. Impossibility of performance by reason of any&#10;legislative, executive or judicial act of any governmental authority shall excuse performance&#10;of or delay in performance of this agreement.&#10;5. WARRANTIES AND LIMITATIONS&#10;Seller warrants that the goods shall be delivered free of the rightful claim of any third person&#10;by way of patent infringement, and if buyer receives notice of any claim of such infringement,&#10;it shall, within 30 days, notify seller of such claim. If buyer fails to forward such notice to&#10;seller, it shall be deem to have released seller from this warranty as to such claim.&#10;THERE ARE NOWARRANTIES OF MERCHANTABILITY AND&#10;NOWARRANTIESWHICH EXTEND BEYOND THE DESCRIPTION ON THE FACE OF&#10;THIS AGREEMENT.&#10;6. ENTIRE AGREEMENT&#10;The parties agree that this constitutes the entire agreement and there are no further items or&#10;provisions, either oral or otherwise. Buyer agrees that it has not relied upon any&#10;representations of seller as to prospective performance of the goods, but has relied upon its&#10;own inspection and investigation of the subject matter.&#10;The parties have executed this agreement at QUEENSGATE LONDON the day and year&#10;first above written." script="typed" language="english"> </DL_ZONE>
			<DL_ZONE gedi_type="TextRegion" id="10" col="191" row="1533" width="352" height="122" contents="SELLER&#10;STEPHANIE BURGESS" script="typed" language="english"> </DL_ZONE>
			<DL_ZONE gedi_type="TextRegion" id="11" col="1067" row="1531" width="257" height="128" contents="BUYER&#10;JUSTIN JONES" script="typed" language="english"> </DL_ZONE>
			<DL_ZONE gedi_type="TextRegion" id="12" col="193" row="1693" width="314" height="49" contents="Authorized Signature" script="typed" language="english"> </DL_ZONE>
			<DL_ZONE gedi_type="TextRegion" id="13" col="1146" row="1695" width="301" height="43" contents="Authorized Signature" script="typed" language="english"> </DL_ZONE>
			<DL_ZONE gedi_type="TextRegion" id="14" col="195" row="1844" width="408" height="42" contents="CEO STEPHANIE DESIGNS" script="typed" language="english"> </DL_ZONE>
			<DL_ZONE gedi_type="TextRegion" id="15" col="975" row="1842" width="464" height="43" contents="CEO JONES LEATHER GOODS" script="typed" language="english"> </DL_ZONE>
			<DL_ZONE gedi_type="TextRegion" id="16" col="196" row="1891" width="287" height="40" contents="Print Name and Title" script="typed" language="english"> </DL_ZONE>
			<DL_ZONE gedi_type="TextRegion" id="17" col="1161" row="1891" width="288" height="49" contents="Print Name and Title" script="typed" language="english"> </DL_ZONE>
			<DL_ZONE gedi_type="SeparatorRegion" id="18" col="189" row="1687" width="1265" height="11"> </DL_ZONE>
			<DL_ZONE gedi_type="SeparatorRegion" id="19" col="188" row="1880" width="1265" height="15"> </DL_ZONE>
		</DL_PAGE>
	</DL_DOCUMENT>
</GEDI>