<?xml version="1.0" encoding="UTF-8"?>
<!--GEDI was developed at Language and Media Processing Laboratory, University of Maryland.-->

<GEDI xmlns="http://lamp.cfar.umd.edu/media/projects/GEDI/" GEDI_version="2.3.19" GEDI_date="12/23/2011">
	<USER name="MDR-P8" date="5/6/2013 16:14" dateFormat="mm/dd/yyyy hh:mm">	</USER>
	<USER name="Mdr-P5" date="5/3/2013 12:13" dateFormat="mm/dd/yyyy hh:mm">	</USER>
	<DL_DOCUMENT src="GMHNLK.tif" docTag="xml" NrOfPages="1">
		<DL_PAGE gedi_type="DL_PAGE" src="GMHNLK.tif" pageID="1" width="2544" height="3456" Language_2="" Language_4="" Receiver_Name="" Language_3="" Receiver_Company="" Receiver_Address="" Sender_Company="" Sender_Phone="" Receiver_Fax="" Document_Location="" Receiver_Phone="" Sender_Fax="" Category="C3" Document_Date="30/01/2013" Document_Object="RESILIATION ASSURANCES" Language_1="french" NumPage="1" Script_1="hand" Sender_Address="21 AVENUE CHAUSSEURS ALPINS 06450 ROQUEBILLIERE" Sender_Name="Vivien LECLERC" Script_2="typed">
			<DL_ZONE gedi_type="TextRegion" id="1" col="153" row="10" width="1264" height="522" contents="Vivien Leclerc&#10;21 , avenue chausseurs Alpins&#10;06450 Roquebillière&#10;N° 01-66-7A-422-Y" script="hand" function_2="reference" function_1="coordinates" language="french"> </DL_ZONE>
			<DL_ZONE gedi_type="TextRegion" id="2" polygon="(1744,478);(1681,546);(2123,914);(2181,835)" contents="REÇU LE 03 JAN. 2013" script="typed" function_1="date" language="french"> </DL_ZONE>
			<DL_ZONE gedi_type="TextRegion" id="3" polygon="(2511,925);(1236,931);(1175,722);(1041,684);(211,719);(74,1096);(123,2439);(1217,2662);(1950,2629);(2524,2178)" contents="Madame, Monsieur,&#10;désormais dans le droit chemin , j'avais sollicité la&#10;résiliation de toutes mes assurances _ En effet, je suis&#10;désormais tout puissant , donc épargné par toute&#10;déconvenue _ Je refuse donc de payer pour tous ces&#10;moutons qui ne connaissent pas l'invincibilité _&#10;Je ne leur en veux pas mais souhaite me démarquer&#10;du sort de ces tristes mortes_ Merci d'accéder à ma demande&#10;En vous remerciant ,&#10;Cordialement" script="hand" function_1="text_section" language="french"> </DL_ZONE>
			<DL_ZONE gedi_type="TextRegion" id="4" polygon="(1524,2662);(1324,2758);(1379,2978);(1851,2903)" contents="Veclerc" script="hand" language="french"> </DL_ZONE>
			<DL_ZONE gedi_type="LineDrawingRegion" id="8" col="1381" row="2903" width="605" height="42"> </DL_ZONE>
			<DL_ZONE gedi_type="GraphicRegion" id="9" function="stamp" polygon="(1739,461);(1667,546);(2129,931);(2192,840)"> </DL_ZONE>
			<DL_ZONE gedi_type="GraphicRegion" id="10" col="16" row="5" width="2495" height="3409" function="other"> </DL_ZONE>
		</DL_PAGE>
	</DL_DOCUMENT>
</GEDI>