<?xml version="1.0" encoding="UTF-8"?>
<!--GEDI was developed at Language and Media Processing Laboratory, University of Maryland.-->

<GEDI xmlns="http://lamp.cfar.umd.edu/media/projects/GEDI/" GEDI_version="2.3" GEDI_date="01/21/2010">
	<USER name="MDR-P8" date="9/21/2012 14:38" dateFormat="mm/dd/yyyy hh:mm">	</USER>
	<USER name="MDR-R2" date="11/5/2012 15:25" dateFormat="mm/dd/yyyy hh:mm">	</USER>
	<USER name="Soukaina" date="8/24/2012 12:49" dateFormat="mm/dd/yyyy hh:mm">	</USER>
	<USER name="asmae" date="8/29/2012 9:31" dateFormat="mm/dd/yyyy hh:mm">	</USER>
	<DL_DOCUMENT src="GNEYNQ.tif" docTag="xml" NrOfPages="1">
		<DL_PAGE gedi_type="DL_PAGE" src="GNEYNQ.tif" pageID="1" width="1700" height="2339" Language_2="" Sender_Name="" Document_Date="" Language_4="" Receiver_Name="" Language_3="" Receiver_Company="" Receiver_Address="" Sender_Company="" Sender_Phone="" Receiver_Fax="" Script_2="" Document_Location="" Receiver_Phone="" Sender_Address="" Sender_Fax="" Category="C2" Document_Object="خريطة إتيوبيا" Language_1="arabic" NumPage="1" Script_1="hand">
			<DL_ZONE gedi_type="TextRegion" id="1" polygon="(1208,528);(1425,633);(1403,694);(1187,573)" contents="نقطة الرجوع" script="hand" function_1="annotation" language="arabic"> </DL_ZONE>
			<DL_ZONE gedi_type="LineDrawingRegion" id="3" col="1218" row="639" width="53" height="55"> </DL_ZONE>
			<DL_ZONE gedi_type="LineDrawingRegion" id="4" col="911" row="1119" width="53" height="44"> </DL_ZONE>
			<DL_ZONE gedi_type="LineDrawingRegion" id="5" col="545" row="1488" width="66" height="80"> </DL_ZONE>
			<DL_ZONE gedi_type="TextRegion" id="6" col="1065" row="1095" width="262" height="57" orientationD="-130.672" contents="النزول للإستراحة" script="hand" function_1="annotation" language="arabic"> </DL_ZONE>
			<DL_ZONE gedi_type="TextRegion" id="8" col="552" row="1573" width="259" height="48" orientationD="-146.921" contents="نقطة الإنطلاق" script="hand" function_1="annotation" language="arabic"> </DL_ZONE>
			<DL_ZONE gedi_type="LineDrawingRegion" id="9" polygon="(1210,684);(1147,758);(1119,851);(1041,979);(947,1110);(881,1191);(634,1451);(565,1521);(571,1558);(618,1493);(722,1391);(854,1263);(1036,1042);(1179,785);(1260,661)"> </DL_ZONE>
			<DL_ZONE gedi_type="GraphicRegion" id="10" col="94" row="331" width="1479" height="1614" function="drawing"> </DL_ZONE>
			<DL_ZONE gedi_type="NoiseRegion" id="11" col="1" row="2315" width="1697" height="24"> </DL_ZONE>
			<DL_ZONE gedi_type="NoiseRegion" id="12" col="1" row="2" width="10" height="2328"> </DL_ZONE>
			<DL_ZONE gedi_type="NoiseRegion" id="13" col="1630" row="109" width="30" height="23"> </DL_ZONE>
		</DL_PAGE>
	</DL_DOCUMENT>
</GEDI>