<?xml version="1.0" encoding="UTF-8"?>
<!--GEDI was developed at Language and Media Processing Laboratory, University of Maryland.-->

<GEDI xmlns="http://lamp.cfar.umd.edu/media/projects/GEDI/" GEDI_version="2.3.19" GEDI_date="12/23/2011">
	<USER name="MDR-P4" date="3/18/2013 12:59" dateFormat="mm/dd/yyyy hh:mm">	</USER>
	<USER name="MDR-P8" date="3/26/2013 14:04" dateFormat="mm/dd/yyyy hh:mm">	</USER>
	<DL_DOCUMENT src="GUXFIC.tif" docTag="xml" NrOfPages="1">
		<DL_PAGE gedi_type="DL_PAGE" src="GUXFIC.tif" pageID="1" width="1651" height="2335" Language_2="" Sender_Name="" Receiver_Name="" Language_4="" Document_Date="" Language_3="" Receiver_Company="" Receiver_Address="" Sender_Company="" Receiver_Fax="" Document_Location="" Sender_Address="" Receiver_Phone="" Sender_Fax="" Category="C3" Language_1="english" NumPage="1" Document_Object="INVITATION TO A WINE TASTING PARTY" Sender_Phone="" Script_1="hand" Script_2="typed">
			<DL_ZONE gedi_type="TextRegion" id="1" col="246" row="387" width="1032" height="80" contents="You are invited to a wine tasting party..." script="typed" function_2="object" function_1="title" language="english"> </DL_ZONE>
			<DL_ZONE gedi_type="TextRegion" id="2" nextZoneID="7" col="249" row="1178" width="121" height="51" contents="Date:" script="typed" language="english"> </DL_ZONE>
			<DL_ZONE gedi_type="TextRegion" id="3" nextZoneID="8" col="242" row="1289" width="131" height="53" contents="Time:" script="typed" language="english"> </DL_ZONE>
			<DL_ZONE gedi_type="TextRegion" id="4" nextZoneID="9" col="246" row="1459" width="207" height="53" contents="Address:" script="typed" language="english"> </DL_ZONE>
			<DL_ZONE gedi_type="TextRegion" id="5" nextZoneID="10" col="246" row="1682" width="163" height="57" contents="Phone:" script="typed" language="english"> </DL_ZONE>
			<DL_ZONE gedi_type="TextRegion" id="6" nextZoneID="11" col="244" row="1798" width="338" height="62" contents="What to bring:" script="typed" language="english"> </DL_ZONE>
			<DL_ZONE gedi_type="TextRegion" id="7" col="410" row="1181" width="679" height="89" contents="¤J¤ Saturday July 8th" script="hand" language="english"> </DL_ZONE>
			<DL_ZONE gedi_type="TextRegion" id="8" col="403" row="1287" width="186" height="78" contents="6 . ¤{pm/P.M.}¤" script="hand" language="english"> </DL_ZONE>
			<DL_ZONE gedi_type="TextRegion" id="9" polygon="(476,1447);(1376,1441);(1381,1505);(1154,1511);(1163,1571);(910,1571);(921,1631);(651,1627);(639,1511);(481,1511)" contents="307 Manchester Road West little&#10;Hulton, Manchester&#10;M389XH" script="hand" language="english"> </DL_ZONE>
			<DL_ZONE gedi_type="TextRegion" id="10" col="432" row="1691" width="544" height="71" contents="01 61 79 90 900" script="hand" language="english"> </DL_ZONE>
			<DL_ZONE gedi_type="TextRegion" id="11" col="621" row="1808" width="657" height="76" contents="Good wine and smiles" script="hand" language="english"> </DL_ZONE>
			<DL_ZONE gedi_type="GraphicRegion" id="12" col="1300" row="1845" width="53" height="52" function="drawing"> </DL_ZONE>
			<DL_ZONE gedi_type="GraphicRegion" id="13" col="474" row="522" width="645" height="604" function="drawing"> </DL_ZONE>
			<DL_ZONE gedi_type="SeparatorRegion" id="14" col="224" row="1146" width="1140" height="17"> </DL_ZONE>
			<DL_ZONE gedi_type="GraphicRegion" id="15" col="173" row="317" width="1226" height="1739" function="other"> </DL_ZONE>
			<DL_ZONE gedi_type="LineDrawingRegion" id="17" col="428" row="1176" width="55" height="56"> </DL_ZONE>
			<DL_ZONE gedi_type="NoiseRegion" id="18" col="182" row="1461" width="1208" height="18"> </DL_ZONE>
		</DL_PAGE>
	</DL_DOCUMENT>
</GEDI>