<?xml version="1.0" encoding="UTF-8"?>
<!--GEDI was developed at Language and Media Processing Laboratory, University of Maryland.-->

<GEDI xmlns="http://lamp.cfar.umd.edu/media/projects/GEDI/" GEDI_version="2.3.19" GEDI_date="12/23/2011">
	<USER name="MDR-P4" date="4/15/2013 17:15" dateFormat="mm/dd/yyyy hh:mm">	</USER>
	<USER name="Mdr-P5" date="4/19/2013 17:26" dateFormat="mm/dd/yyyy hh:mm">	</USER>
	<DL_DOCUMENT src="GVEGQJ.tif" docTag="xml" NrOfPages="1">
		<DL_PAGE gedi_type="DL_PAGE" src="GVEGQJ.tif" pageID="1" width="1728" height="2284" Language_2="" Language_4="" Language_3="" Receiver_Company="" Receiver_Address="" Sender_Company="" Script_2="" Sender_Address="" Category="C4" Document_Date="¤{28/02/2013|08/01/2012}¤" Document_Location="" Document_Object="DATES CONSEIL DE CLASSE" Language_1="french" NumPage="1" Receiver_Fax="+33(0)3.66.88.19.29" Receiver_Phone="+33(0)3.66.88.19.25" Receiver_Name="Charles POINCARÉ" Script_1="typed" Sender_Name="Karine REY" Sender_Fax="+33(0)3.66.27.97.28" Sender_Phone="+33(0)3.66.27.97.20">
			<DL_ZONE gedi_type="TextRegion" id="1" col="43" row="8" width="1473" height="35" contents="28 2 13 15:20 p.1" script="typed" function_2="date" function_1="header" language="french"> </DL_ZONE>
			<DL_ZONE gedi_type="TextRegion" id="2" col="312" row="210" width="893" height="102" contents="TÉLÉCOPIE&#10;De : REY Karine | Téléphone : 03.66.27.97 .20 | Télécopie : 03.66.27.97 .28" script="typed" function_1="title" language="french"> </DL_ZONE>
			<DL_ZONE gedi_type="TextRegion" id="3" col="307" row="418" width="240" height="589" contents="DATE :&#10;08 /01/12&#10;OBJET :&#10;Dates Conseil de Classe&#10;À :&#10;Poincaré  Charles&#10;TÉLÉPHONE :&#10;03.66.88.19.25&#10;TÉLÉCOPIE :&#10;03.66.88.19.29&#10;CC :&#10;PAGES :&#10;1" script="typed" function_2="object" function_1="date" language="french"> </DL_ZONE>
			<DL_ZONE gedi_type="TextRegion" id="5" col="307" row="1024" width="1153" height="113" contents="COMMENTAIRES :&#10;Monsieur  le Proviseur, les dates des Conseils de classe du premier semestre ont-elles  été fixées ? Si oui, pourriez-vous me&#10;les faire parvenir au plus  vite ? Le voyage de ski des 4°1 approche à grand pas ,d'où mon insistance.  Cordialement" script="typed" function_1="text_section" language="french"> </DL_ZONE>
			<DL_ZONE gedi_type="NoiseRegion" id="7" col="30" row="2279" width="1678" height="5"> </DL_ZONE>
			<DL_ZONE gedi_type="NoiseRegion" id="8" col="1110" row="1787" width="19" height="25"> </DL_ZONE>
		</DL_PAGE>
	</DL_DOCUMENT>
</GEDI>