<?xml version="1.0" encoding="UTF-8"?>
<!--GEDI was developed at Language and Media Processing Laboratory, University of Maryland.-->

<GEDI xmlns="http://lamp.cfar.umd.edu/media/projects/GEDI/" GEDI_version="2.3" GEDI_date="01/21/2010">
	<USER name="MDR-0" date="3/18/2013 16:32" dateFormat="mm/dd/yyyy hh:mm">	</USER>
	<USER name="MDR-R1" date="3/18/2013 8:31" dateFormat="mm/dd/yyyy hh:mm">	</USER>
	<USER name="MDR-R3" date="3/29/2013 17:36" dateFormat="mm/dd/yyyy hh:mm">	</USER>
	<USER name="MDR_R8" date="3/16/2013 9:27" dateFormat="mm/dd/yyyy hh:mm">	</USER>
	<DL_DOCUMENT src="GVHOMD.tif" docTag="xml" NrOfPages="1">
		<DL_PAGE gedi_type="DL_PAGE" src="GVHOMD.tif" pageID="1" width="1700" height="2338" Sender_Name="" Receiver_Name="" Language_4="" Document_Date="" Language_3="" Receiver_Company="" Receiver_Address="" Sender_Company="" Sender_Phone="" Script_2="" Receiver_Fax="" Document_Location="" Sender_Address="" Receiver_Phone="" Sender_Fax="" Category="C3" Document_Object="تهنئة بالسنة الجديدة" Language_1="arabic" NumPage="1" Script_1="hand" Language_2="french">
			<DL_ZONE gedi_type="TextRegion" id="1" col="24" row="335" width="1341" height="469" contents="بمناسبة حلول ¤{الستة/السنة}¤ الميلادية الجديدة&#10;2013. أتمنى لكم زملائي الأعزاء سنة سعيدة مليئة&#10;بالأفراح والمسرات وأدخلها الله عليكم باليمن&#10;والبركات والصحة والعافية لذويكم وأقاربكم." script="hand" function_1="text_section" language="arabic"> </DL_ZONE>
			<DL_ZONE gedi_type="TextRegion" id="2" col="352" row="1099" width="200" height="66" contents="الإمضاء" script="hand" language="arabic"> </DL_ZONE>
			<DL_ZONE gedi_type="GraphicRegion" id="3" function="signature" polygon="(156,1285);(227,1211);(332,1169);(413,1178);(428,1231);(382,1281);(263,1372);(185,1329)"> </DL_ZONE>
			<DL_ZONE gedi_type="NoiseRegion" id="4" col="5" row="2311" width="1685" height="26"> </DL_ZONE>
			<DL_ZONE gedi_type="TextRegion" id="5" col="270" row="1214" width="57" height="64" contents="A" script="hand" language="french"> </DL_ZONE>
		</DL_PAGE>
	</DL_DOCUMENT>
</GEDI>