<?xml version="1.0" encoding="UTF-8"?>
<!--GEDI was developed at Language and Media Processing Laboratory, University of Maryland.-->

<GEDI xmlns="http://lamp.cfar.umd.edu/media/projects/GEDI/" GEDI_version="2.3" GEDI_date="01/21/2010">
	<USER name="Adil" date="9/20/2012 11:59" dateFormat="mm/dd/yyyy hh:mm">	</USER>
	<USER name="MDR-P8" date="9/21/2012 14:38" dateFormat="mm/dd/yyyy hh:mm">	</USER>
	<USER name="MDR-R2" date="2/6/2013 12:46" dateFormat="mm/dd/yyyy hh:mm">	</USER>
	<USER name="MDR-R4" date="11/1/2012 15:09" dateFormat="mm/dd/yyyy hh:mm">	</USER>
	<USER name="Soukaina" date="9/19/2012 15:47" dateFormat="mm/dd/yyyy hh:mm">	</USER>
	<USER name="Taoudi" date="9/18/2012 11:00" dateFormat="mm/dd/yyyy hh:mm">	</USER>
	<USER name="asmae" date="8/31/2012 8:37" dateFormat="mm/dd/yyyy hh:mm">	</USER>
	<DL_DOCUMENT src="HHAOPM.tif" docTag="xml" NrOfPages="1">
		<DL_PAGE gedi_type="DL_PAGE" src="HHAOPM.tif" pageID="1" width="1700" height="2339" Receiver_Name="" Language_4="" Document_Date="" Language_3="" Sender_Company="" Receiver_Fax="" Document_Location="" Sender_Address="" Receiver_Phone="" Sender_Fax="" Category="C1" Document_Object="نموذج التسجيل" Language_1="arabic" Language_2="english" Script_1="typed" Script_2="hand" NumPage="1" Sender_Name=" فاضل التغلبي" Sender_Phone="¤{+212(0)5.39.98.12.51|+212(0)5.39.13.13.12}¤" Receiver_Company="وزارة التطوير و التدريب" Receiver_Address="كراون بلازا  ص.ب: 882 - الرمز البريدي: 80000">
			<DL_ZONE gedi_type="TextRegion" id="1" col="705" row="333" width="233" height="41" contents="نموذج التسجيل" script="typed" function_2="object" function_1="title" language="arabic"> </DL_ZONE>
			<DL_ZONE gedi_type="TextRegion" id="2" col="168" row="243" width="330" height="35" contents="قسم المكتب الفني و الدورات التدريبية (2)" script="typed" language="arabic"> </DL_ZONE>
			<DL_ZONE gedi_type="TextRegion" id="3" col="1014" row="256" width="293" height="47" contents="وزارة التطوير و التدريب" script="typed" language="arabic"> </DL_ZONE>
			<DL_ZONE gedi_type="TextRegion" id="4" col="370" row="389" width="306" height="43" contents="() دورة فنية خارجية" script="typed" language="arabic"> </DL_ZONE>
			<DL_ZONE gedi_type="TextRegion" id="5" col="753" row="386" width="264" height="41" contents="() إجازة دراسية" script="typed" language="arabic"> </DL_ZONE>
			<DL_ZONE gedi_type="TextRegion" id="6" col="698" row="429" width="28" height="28" contents="20" script="typed" language="arabic"> </DL_ZONE>
			<DL_ZONE gedi_type="TextRegion" id="7" nextZoneID="241" col="794" row="427" width="34" height="31" contents="20" script="typed" language="arabic"> </DL_ZONE>
			<DL_ZONE gedi_type="TextRegion" id="8" nextZoneID="6" col="723" row="423" width="43" height="37" contents="13" script="hand" language="arabic"> </DL_ZONE>
			<DL_ZONE gedi_type="TextRegion" id="9" nextZoneID="7" col="819" row="421" width="43" height="36" contents="12" script="hand" language="arabic"> </DL_ZONE>
			<DL_ZONE gedi_type="TextRegion" id="10" nextZoneID="9" col="878" row="426" width="65" height="34" contents="عام :" script="typed" language="arabic"> </DL_ZONE>
			<DL_ZONE gedi_type="TextRegion" id="11" col="1105" row="381" width="164" height="48" contents="() بعثة" script="typed" language="arabic"> </DL_ZONE>
			<DL_ZONE gedi_type="TextRegion" id="12" col="1105" row="474" width="282" height="37" contents="-1 بيانات شخصية :-" script="typed" language="arabic"> </DL_ZONE>
			<DL_ZONE gedi_type="TextRegion" id="13" nextZoneID="37" col="1256" row="518" width="128" height="33" contents="-  الإسم :" script="typed" language="arabic"> </DL_ZONE>
			<DL_ZONE gedi_type="TextRegion" id="14" nextZoneID="42" col="1133" row="554" width="254" height="37" contents="- الحالة الإجتماعية :" script="typed" language="arabic"> </DL_ZONE>
			<DL_ZONE gedi_type="TextRegion" id="15" nextZoneID="41" col="1141" row="594" width="244" height="37" contents="- المؤهل العلمي :" script="typed" language="arabic"> </DL_ZONE>
			<DL_ZONE gedi_type="TextRegion" id="16" nextZoneID="40" col="1245" row="638" width="140" height="32" contents="- الإدارة :" script="typed" language="arabic"> </DL_ZONE>
			<DL_ZONE gedi_type="TextRegion" id="17" nextZoneID="32" col="1200" row="675" width="190" height="38" contents="- رقم الملف :" script="typed" language="arabic"> </DL_ZONE>
			<DL_ZONE gedi_type="TextRegion" id="18" nextZoneID="31" col="1197" row="718" width="188" height="32" contents="- الرقم المدني :" script="typed" language="arabic"> </DL_ZONE>
			<DL_ZONE gedi_type="TextRegion" id="19" nextZoneID="30" col="1201" row="756" width="183" height="32" contents="- هاتف العمل :" script="typed" language="arabic"> </DL_ZONE>
			<DL_ZONE gedi_type="TextRegion" id="20" col="973" row="799" width="411" height="36" contents="الخبرات السابقة (إن وجدت) : -" script="typed" language="arabic"> </DL_ZONE>
			<DL_ZONE gedi_type="TextRegion" id="21" nextZoneID="22" col="1237" row="837" width="151" height="34" contents="- الوظيفة :" script="typed" language="arabic"> </DL_ZONE>
			<DL_ZONE gedi_type="TextRegion" id="22" col="1079" row="843" width="147" height="47" contents="محرر" script="hand" language="arabic"> </DL_ZONE>
			<DL_ZONE gedi_type="TextRegion" id="23" nextZoneID="24" col="892" row="834" width="117" height="41" contents="المؤسسة :" script="typed" language="arabic"> </DL_ZONE>
			<DL_ZONE gedi_type="TextRegion" id="24" col="688" row="812" width="199" height="78" contents="المكتبة الوطنية" script="hand" language="arabic"> </DL_ZONE>
			<DL_ZONE gedi_type="TextRegion" id="25" nextZoneID="26" col="527" row="835" width="163" height="43" contents="سنوات الخبرة :" script="typed" language="arabic"> </DL_ZONE>
			<DL_ZONE gedi_type="TextRegion" id="26" col="296" row="813" width="227" height="77" contents="أربعة سنوات" script="hand" language="arabic"> </DL_ZONE>
			<DL_ZONE gedi_type="TextRegion" id="27" col="604" row="757" width="84" height="36" contents="البيجر :" script="typed" language="arabic"> </DL_ZONE>
			<DL_ZONE gedi_type="TextRegion" id="28" col="687" row="746" width="221" height="50" contents="05 39 98 12 51" script="hand" language="arabic"> </DL_ZONE>
			<DL_ZONE gedi_type="TextRegion" id="29" nextZoneID="28" col="900" row="759" width="80" height="32" contents="المنزل :" script="typed" language="arabic"> </DL_ZONE>
			<DL_ZONE gedi_type="TextRegion" id="30" col="983" row="750" width="220" height="43" contents="05 39 13 13 12" script="hand" language="arabic"> </DL_ZONE>
			<DL_ZONE gedi_type="TextRegion" id="31" col="990" row="710" width="160" height="39" contents="373545" script="hand" function_1="reference" language="arabic"> </DL_ZONE>
			<DL_ZONE gedi_type="TextRegion" id="32" col="1026" row="672" width="115" height="38" contents="90 / 50" script="hand" function_1="reference" language="arabic"> </DL_ZONE>
			<DL_ZONE gedi_type="TextRegion" id="33" col="460" row="496" width="277" height="70" contents="1990/05/17" script="hand" language="arabic"> </DL_ZONE>
			<DL_ZONE gedi_type="TextRegion" id="34" nextZoneID="33" col="743" row="516" width="163" height="44" contents="تاريخ الميلاد :" script="typed" language="arabic"> </DL_ZONE>
			<DL_ZONE gedi_type="TextRegion" id="35" col="747" row="566" width="164" height="32" contents="تاريخ التعيين :" script="typed" language="arabic"> </DL_ZONE>
			<DL_ZONE gedi_type="TextRegion" id="36" col="746" row="598" width="163" height="35" contents="القطاع :" script="typed" language="arabic"> </DL_ZONE>
			<DL_ZONE gedi_type="TextRegion" id="37" polygon="(964,544);(970,518);(1004,492);(1079,485);(1102,505);(1244,511);(1254,547);(1126,551);(1127,570);(1107,573);(1077,552);(1002,557);(977,558)" contents="التغلبي فاضل" script="hand" language="arabic"> </DL_ZONE>
			<DL_ZONE gedi_type="TextRegion" id="38" col="713" row="639" width="190" height="36" contents="المسمى الوظيفي :" script="typed" language="arabic"> </DL_ZONE>
			<DL_ZONE gedi_type="TextRegion" id="39" col="694" row="681" width="218" height="37" contents="رقم الهوية الموحد :" script="typed" language="arabic"> </DL_ZONE>
			<DL_ZONE gedi_type="TextRegion" id="40" polygon="(967,664);(965,642);(968,629);(996,629);(1077,635);(1160,629);(1237,629);(1237,667);(1079,672);(1061,679);(998,685)" contents="المكتبة الوطنية" script="hand" language="arabic"> </DL_ZONE>
			<DL_ZONE gedi_type="TextRegion" id="41" polygon="(897,626);(915,592);(946,586);(987,588);(1049,591);(1120,592);(1150,614);(1151,632);(1045,641);(965,626);(920,650);(897,639)" contents="دبلوم سلك الأول" script="hand" language="arabic"> </DL_ZONE>
			<DL_ZONE gedi_type="TextRegion" id="42" polygon="(977,591);(973,573);(995,560);(1063,554);(1089,557);(1101,579);(1032,604);(996,603)" contents="عازب" script="hand" language="arabic"> </DL_ZONE>
			<DL_ZONE gedi_type="GraphicRegion" id="86" col="912" row="536" width="341" height="16" function="underlined-field"> </DL_ZONE>
			<DL_ZONE gedi_type="GraphicRegion" id="87" col="316" row="539" width="431" height="15" function="underlined-field"> </DL_ZONE>
			<DL_ZONE gedi_type="GraphicRegion" id="88" col="321" row="579" width="428" height="12" function="underlined-field"> </DL_ZONE>
			<DL_ZONE gedi_type="GraphicRegion" id="89" col="908" row="575" width="237" height="16" function="underlined-field"> </DL_ZONE>
			<DL_ZONE gedi_type="GraphicRegion" id="90" col="906" row="611" width="246" height="18" function="underlined-field"> </DL_ZONE>
			<DL_ZONE gedi_type="GraphicRegion" id="91" col="316" row="616" width="438" height="19" function="underlined-field"> </DL_ZONE>
			<DL_ZONE gedi_type="GraphicRegion" id="92" col="914" row="654" width="343" height="16" function="underlined-field"> </DL_ZONE>
			<DL_ZONE gedi_type="GraphicRegion" id="93" col="294" row="659" width="424" height="16" function="underlined-field"> </DL_ZONE>
			<DL_ZONE gedi_type="GraphicRegion" id="94" col="288" row="697" width="412" height="15" function="underlined-field"> </DL_ZONE>
			<DL_ZONE gedi_type="GraphicRegion" id="95" col="914" row="695" width="303" height="15" function="underlined-field"> </DL_ZONE>
			<DL_ZONE gedi_type="GraphicRegion" id="96" col="316" row="732" width="884" height="18" function="underlined-field"> </DL_ZONE>
			<DL_ZONE gedi_type="GraphicRegion" id="97" col="312" row="778" width="295" height="13" function="underlined-field"> </DL_ZONE>
			<DL_ZONE gedi_type="GraphicRegion" id="98" col="990" row="774" width="217" height="16" function="underlined-field"> </DL_ZONE>
			<DL_ZONE gedi_type="GraphicRegion" id="99" col="306" row="856" width="220" height="19" function="underlined-field"> </DL_ZONE>
			<DL_ZONE gedi_type="GraphicRegion" id="100" col="688" row="855" width="209" height="14" function="underlined-field"> </DL_ZONE>
			<DL_ZONE gedi_type="GraphicRegion" id="101" col="1007" row="855" width="235" height="16" function="underlined-field"> </DL_ZONE>
			<DL_ZONE gedi_type="LineDrawingRegion" id="102" col="1191" row="387" width="48" height="37"> </DL_ZONE>
			<DL_ZONE gedi_type="GraphicRegion" id="103" function="other" polygon="(243,914);(240,470);(1399,462);(1400,909)"> </DL_ZONE>
			<DL_ZONE gedi_type="TextRegion" id="104" col="952" row="922" width="435" height="39" contents="-2 البعثات و الإجازات الدراسية :-" script="typed" language="arabic"> </DL_ZONE>
			<DL_ZONE gedi_type="TextRegion" id="105" nextZoneID="106" col="679" row="928" width="230" height="31" contents="التخصص المطلوب :" script="typed" language="arabic"> </DL_ZONE>
			<DL_ZONE gedi_type="TextRegion" id="106" polygon="(312,962);(306,934);(347,918);(569,917);(669,922);(678,967);(669,976);(591,970);(342,977)" contents="إدارة الموارد البشرية" script="hand" language="arabic"> </DL_ZONE>
			<DL_ZONE gedi_type="TextRegion" id="107" nextZoneID="108" col="1147" row="970" width="244" height="35" contents="- الجامعة / المعهد :" script="typed" language="arabic"> </DL_ZONE>
			<DL_ZONE gedi_type="TextRegion" id="108" polygon="(896,961);(952,956);(1141,964);(1145,1001);(1037,1001);(945,1009);(900,1004)" contents="جامعة ليون" script="hand" language="arabic"> </DL_ZONE>
			<DL_ZONE gedi_type="TextRegion" id="109" nextZoneID="110" col="688" row="968" width="115" height="37" contents="الدولة :" script="typed" language="arabic"> </DL_ZONE>
			<DL_ZONE gedi_type="TextRegion" id="110" polygon="(514,990);(520,965);(586,968);(656,970);(663,996);(625,1005);(605,1023);(516,1008)" contents="فرنسا" script="hand" language="arabic"> </DL_ZONE>
			<DL_ZONE gedi_type="TextRegion" id="111" col="1116" row="1007" width="275" height="39" contents="- اللغات التي تجيدها :" script="typed" language="arabic"> </DL_ZONE>
			<DL_ZONE gedi_type="TextRegion" id="112" nextZoneID="113" col="1070" row="1011" width="44" height="28" contents="-1" script="typed" language="arabic"> </DL_ZONE>
			<DL_ZONE gedi_type="TextRegion" id="113" polygon="(877,1037);(877,1007);(908,1004);(974,1005);(1045,1001);(1052,1030);(987,1051);(953,1055);(900,1052)" contents="الفرنسية" script="hand" language="arabic"> </DL_ZONE>
			<DL_ZONE gedi_type="TextRegion" id="114" nextZoneID="115" col="740" row="1009" width="51" height="31" contents="-2" script="typed" language="arabic"> </DL_ZONE>
			<DL_ZONE gedi_type="TextRegion" id="115" polygon="(486,1033);(493,1002);(523,1008);(600,1023);(633,1007);(698,1002);(723,1011);(722,1045);(632,1049);(575,1064);(544,1060);(495,1043)" contents="الانجليزية" script="hand" language="arabic"> </DL_ZONE>
			<DL_ZONE gedi_type="TextRegion" id="116" polygon="(805,1073);(815,1048);(889,1042);(911,1057);(967,1052);(1045,1036);(1092,1040);(1394,1051);(1387,1082);(844,1080)" contents="- هل سبق لك الحصول على بعثة / إجازة دراسية ؟" script="typed" language="arabic"> </DL_ZONE>
			<DL_ZONE gedi_type="TextRegion" id="117" polygon="(631,1086);(644,1052);(728,1046);(782,1054);(791,1082);(771,1089);(681,1089)" contents="() نعم" script="typed" language="arabic"> </DL_ZONE>
			<DL_ZONE gedi_type="TextRegion" id="118" polygon="(395,1077);(403,1048);(543,1042);(549,1089);(418,1092)" contents="() لا" script="typed" language="arabic"> </DL_ZONE>
			<DL_ZONE gedi_type="TextRegion" id="119" col="619" row="1088" width="774" height="36" contents="- إذا كانت الإجابة &quot;بنعم&quot; يرجى ذكر المؤهل الذي تم الحصول عليه :" script="typed" language="arabic"> </DL_ZONE>
			<DL_ZONE gedi_type="TextRegion" id="120" col="784" row="1126" width="610" height="38" contents="- هل تم الحصول على قبول مسبق من جهة الدراسة ؟" script="typed" language="arabic"> </DL_ZONE>
			<DL_ZONE gedi_type="TextRegion" id="121" col="626" row="1126" width="155" height="43" contents="() نعم" script="typed" language="arabic"> </DL_ZONE>
			<DL_ZONE gedi_type="TextRegion" id="122" col="390" row="1124" width="170" height="54" contents="() لا" script="typed" language="arabic"> </DL_ZONE>
			<DL_ZONE gedi_type="LineDrawingRegion" id="146" col="470" row="1130" width="35" height="40"> </DL_ZONE>
			<DL_ZONE gedi_type="LineDrawingRegion" id="147" col="458" row="1052" width="43" height="39"> </DL_ZONE>
			<DL_ZONE gedi_type="GraphicRegion" id="148" col="309" row="948" width="372" height="13" function="underlined-field"> </DL_ZONE>
			<DL_ZONE gedi_type="GraphicRegion" id="149" col="318" row="986" width="361" height="22" function="underlined-field"> </DL_ZONE>
			<DL_ZONE gedi_type="GraphicRegion" id="150" col="803" row="984" width="344" height="17" function="underlined-field"> </DL_ZONE>
			<DL_ZONE gedi_type="GraphicRegion" id="151" col="321" row="1024" width="416" height="18" function="underlined-field"> </DL_ZONE>
			<DL_ZONE gedi_type="GraphicRegion" id="152" col="805" row="1024" width="274" height="21" function="underlined-field"> </DL_ZONE>
			<DL_ZONE gedi_type="GraphicRegion" id="153" col="321" row="1110" width="305" height="16" function="underlined-field"> </DL_ZONE>
			<DL_ZONE gedi_type="GraphicRegion" id="154" function="other" polygon="(250,1201);(249,918);(1396,915);(1402,1194)"> </DL_ZONE>
			<DL_ZONE gedi_type="TextRegion" id="155" col="1145" row="1207" width="251" height="40" contents="-3 دورة خارجية :-" script="typed" language="arabic"> </DL_ZONE>
			<DL_ZONE gedi_type="TextRegion" id="156" col="1204" row="1257" width="189" height="31" contents="- إسم الدورة :" script="typed" language="arabic"> </DL_ZONE>
			<DL_ZONE gedi_type="TextRegion" id="157" col="664" row="1247" width="194" height="38" contents="الجهة المنظمة :" script="typed" language="arabic"> </DL_ZONE>
			<DL_ZONE gedi_type="TextRegion" id="158" col="1186" row="1288" width="208" height="38" contents="- مكان الإنعقاد :" script="typed" language="arabic"> </DL_ZONE>
			<DL_ZONE gedi_type="TextRegion" id="159" col="566" row="1290" width="399" height="41" contents="تاريخ الإنعقاد : ---/----/----" script="typed" language="arabic"> </DL_ZONE>
			<DL_ZONE gedi_type="TextRegion" id="160" col="424" row="1293" width="140" height="36" contents="مدة الدورة :" script="typed" language="arabic"> </DL_ZONE>
			<DL_ZONE gedi_type="TextRegion" id="161" col="321" row="1372" width="264" height="41" contents="التاريخ---/---/---" script="typed" language="arabic"> </DL_ZONE>
			<DL_ZONE gedi_type="TextRegion" id="162" col="766" row="1329" width="625" height="40" contents="- في حالة المشاركة بدورة خارجية سابقة يرجى ذكر :-" script="typed" language="arabic"> </DL_ZONE>
			<DL_ZONE gedi_type="TextRegion" id="163" col="837" row="1371" width="162" height="37" contents="مكان الإنعقاد :" script="typed" language="arabic"> </DL_ZONE>
			<DL_ZONE gedi_type="TextRegion" id="164" col="1201" row="1369" width="189" height="37" contents="- إسم الدورة :" script="typed" language="arabic"> </DL_ZONE>
			<DL_ZONE gedi_type="GraphicRegion" id="177" col="311" row="1270" width="355" height="18" function="underlined-field"> </DL_ZONE>
			<DL_ZONE gedi_type="GraphicRegion" id="178" col="859" row="1267" width="342" height="18" function="underlined-field"> </DL_ZONE>
			<DL_ZONE gedi_type="GraphicRegion" id="179" col="315" row="1310" width="115" height="16" function="underlined-field"> </DL_ZONE>
			<DL_ZONE gedi_type="GraphicRegion" id="180" col="958" row="1309" width="236" height="15" function="underlined-field"> </DL_ZONE>
			<DL_ZONE gedi_type="GraphicRegion" id="181" col="583" row="1390" width="254" height="15" function="underlined-field"> </DL_ZONE>
			<DL_ZONE gedi_type="GraphicRegion" id="182" col="992" row="1387" width="215" height="15" function="underlined-field"> </DL_ZONE>
			<DL_ZONE gedi_type="TextRegion" id="184" col="859" row="1456" width="535" height="40" contents="-4 بيانات أقرب شخص يمكن الإتصال به :-" script="typed" language="arabic"> </DL_ZONE>
			<DL_ZONE gedi_type="TextRegion" id="185" col="520" row="1484" width="314" height="56" contents="06.12.73.15.11" script="hand" language="arabic"> </DL_ZONE>
			<DL_ZONE gedi_type="TextRegion" id="186" nextZoneID="185" col="828" row="1500" width="100" height="31" contents="الهاتف :" script="typed" language="arabic"> </DL_ZONE>
			<DL_ZONE gedi_type="TextRegion" id="187" nextZoneID="189" col="1267" row="1498" width="127" height="36" contents="- الإسم :" script="typed" language="arabic"> </DL_ZONE>
			<DL_ZONE gedi_type="GraphicRegion" id="188" col="252" row="1203" width="1156" height="238" function="other"> </DL_ZONE>
			<DL_ZONE gedi_type="TextRegion" id="189" polygon="(990,1526);(990,1492);(1052,1496);(1104,1489);(1188,1489);(1262,1493);(1260,1542);(1198,1539);(1138,1551);(1124,1534);(1105,1545);(993,1540)" contents="إكرام ب¤ل¤ددي" script="hand" language="arabic"> </DL_ZONE>
			<DL_ZONE gedi_type="TextRegion" id="190" col="1004" row="1527" width="97" height="49" contents="2012" script="hand" language="arabic"> </DL_ZONE>
			<DL_ZONE gedi_type="TextRegion" id="191" nextZoneID="190" col="1102" row="1534" width="15" height="34" contents="/" script="typed" language="arabic"> </DL_ZONE>
			<DL_ZONE gedi_type="TextRegion" id="192" nextZoneID="191" col="1124" row="1537" width="48" height="37" contents="06" script="hand" language="arabic"> </DL_ZONE>
			<DL_ZONE gedi_type="TextRegion" id="193" nextZoneID="192" col="1178" row="1539" width="13" height="31" contents="/" script="typed" language="arabic"> </DL_ZONE>
			<DL_ZONE gedi_type="TextRegion" id="194" nextZoneID="193" col="1192" row="1527" width="43" height="46" contents="15" script="hand" language="arabic"> </DL_ZONE>
			<DL_ZONE gedi_type="TextRegion" id="195" nextZoneID="194" col="1247" row="1533" width="149" height="44" contents="- التاريخ :" script="typed" language="arabic"> </DL_ZONE>
			<DL_ZONE gedi_type="TextRegion" id="196" col="1116" row="1579" width="277" height="34" contents="- توقيع مقدم الطلب :-" script="typed" language="arabic"> </DL_ZONE>
			<DL_ZONE gedi_type="GraphicRegion" id="203" function="signature" polygon="(775,1611);(800,1576);(903,1542);(930,1543);(915,1577);(866,1605);(878,1649);(861,1651);(843,1624);(794,1632)"> </DL_ZONE>
			<DL_ZONE gedi_type="GraphicRegion" id="206" col="462" row="1517" width="363" height="22" function="underlined-field"> </DL_ZONE>
			<DL_ZONE gedi_type="GraphicRegion" id="207" col="930" row="1515" width="339" height="16" function="underlined-field"> </DL_ZONE>
			<DL_ZONE gedi_type="GraphicRegion" id="208" col="474" row="1595" width="639" height="19" function="underlined-field"> </DL_ZONE>
			<DL_ZONE gedi_type="GraphicRegion" id="209" col="1002" row="1555" width="246" height="16" function="underlined-field"> </DL_ZONE>
			<DL_ZONE gedi_type="GraphicRegion" id="210" function="other" polygon="(256,1658);(253,1447);(1408,1444);(1411,1658)"> </DL_ZONE>
			<DL_ZONE gedi_type="TextRegion" id="211" col="762" row="1666" width="134" height="45" contents="رأى الإدارة" script="typed" language="arabic"> </DL_ZONE>
			<DL_ZONE gedi_type="TextRegion" id="212" col="563" row="1754" width="219" height="34" contents="توقيع مدير الإدارة :" script="typed" language="arabic"> </DL_ZONE>
			<DL_ZONE gedi_type="TextRegion" id="213" col="1002" row="1751" width="319" height="40" contents="-التاريخ :---/---/----" script="typed" language="arabic"> </DL_ZONE>
			<DL_ZONE gedi_type="TextRegion" id="214" col="716" row="1792" width="233" height="43" contents="رأى رئيس القطاع" script="typed" language="arabic"> </DL_ZONE>
			<DL_ZONE gedi_type="TextRegion" id="215" col="563" row="1875" width="230" height="41" contents="توقيع رئيس القطاع :" script="typed" language="arabic"> </DL_ZONE>
			<DL_ZONE gedi_type="TextRegion" id="216" col="1061" row="1869" width="265" height="41" contents="- التاريخ: ---/---/--" script="typed" language="arabic"> </DL_ZONE>
			<DL_ZONE gedi_type="SeparatorRegion" id="225" col="334" row="1784" width="991" height="16"> </DL_ZONE>
			<DL_ZONE gedi_type="GraphicRegion" id="227" col="359" row="1730" width="969" height="19" function="underlined-field"> </DL_ZONE>
			<DL_ZONE gedi_type="GraphicRegion" id="228" col="350" row="1854" width="972" height="19" function="underlined-field"> </DL_ZONE>
			<DL_ZONE gedi_type="GraphicRegion" id="229" col="355" row="1896" width="200" height="19" function="underlined-field"> </DL_ZONE>
			<DL_ZONE gedi_type="SeparatorRegion" id="230" polygon="(176,1960);(176,1947);(1490,1937);(1492,1949)"> </DL_ZONE>
			<DL_ZONE gedi_type="TextRegion" id="231" polygon="(441,1992);(441,1965);(1210,1958);(1208,1983);(1209,1983)" contents="كراون بلازا - بدالة 1865555 - فاكس: 24731791 - 24131949 - ص.ب: 882 - الرمز البريدي: 80000" script="typed" function_1="footer" language="arabic"> </DL_ZONE>
			<DL_ZONE gedi_type="NoiseRegion" id="236" col="5" row="2322" width="1658" height="16"> </DL_ZONE>
			<DL_ZONE gedi_type="NoiseRegion" id="237" col="1" row="1" width="16" height="2337"> </DL_ZONE>
			<DL_ZONE gedi_type="NoiseRegion" id="238" col="1645" row="2" width="55" height="71"> </DL_ZONE>
			<DL_ZONE gedi_type="NoiseRegion" id="239" col="1655" row="110" width="15" height="28"> </DL_ZONE>
			<DL_ZONE gedi_type="GraphicRegion" id="240" col="364" row="1771" width="195" height="12" function="underlined-field"> </DL_ZONE>
			<DL_ZONE gedi_type="TextRegion" id="241" nextZoneID="8" col="768" row="427" width="19" height="41" contents="/" script="typed" language="arabic"> </DL_ZONE>
			<DL_ZONE gedi_type="TextRegion" id="242" polygon="(443,1993);(1210,1985);(1204,2011);(438,2017)" contents="Farwania - For Inquiries: 1865555 - 24734959 - FaxM 24731761 - P.O. Box: 882 Code No. 80000" script="typed" function_1="footer" language="english"> </DL_ZONE>
		</DL_PAGE>
	</DL_DOCUMENT>
</GEDI>