<?xml version="1.0" encoding="UTF-8"?>
<!--GEDI was developed at Language and Media Processing Laboratory, University of Maryland.-->

<GEDI xmlns="http://lamp.cfar.umd.edu/media/projects/GEDI/" GEDI_version="2.3.19" GEDI_date="12/23/2011">
	<USER name="Khizrane" date="8/4/2012 11:08" dateFormat="mm/dd/yyyy hh:mm">	</USER>
	<USER name="MDR-P6" date="5/28/2013 9:57" dateFormat="mm/dd/yyyy hh:mm">	</USER>
	<USER name="MDR-P7" date="8/14/2012 15:17" dateFormat="mm/dd/yyyy hh:mm">	</USER>
	<USER name="MDR-P8" date="3/21/2013 16:04" dateFormat="mm/dd/yyyy hh:mm">	</USER>
	<USER name="Soukaina" date="8/2/2012 12:18" dateFormat="mm/dd/yyyy hh:mm">	</USER>
	<DL_DOCUMENT src="HLMNOQ.tif" docTag="xml" NrOfPages="1">
		<DL_PAGE gedi_type="DL_PAGE" src="HLMNOQ.tif" pageID="1" width="1651" height="2335" Language_2="" Language_4="" Language_3="" Receiver_Company="" Receiver_Address="" Sender_Company="" Sender_Phone="" Script_2="" Receiver_Fax="" Document_Location="" Sender_Address="" Receiver_Phone="" Sender_Fax="" Document_Date="21/07/2012" Category="C3" Document_Object="CARTE INVITATION" Language_1="french" NumPage="1" Script_1="hand" Receiver_Name="¤{Rodolphe|Eliane|Julie|Clarisse|Georginie}¤" Sender_Name="Leslie DUMONT" GEDI_orientation="90">
			<DL_ZONE gedi_type="TextRegion" id="1" polygon="(164,1873);(185,1105);(259,1102);(258,1424);(577,1424);(584,1243);(718,1239);(722,1185);(848,1181);(843,1242);(798,1243);(819,2112);(556,2114);(569,1451);(363,1456);(345,1938);(240,1934);(242,1871)" contents="Cher Rodolphe, Eliane, Julie,&#10;Clarisse et Georginie,&#10;J'ai le plaisir de vous inviter à ma&#10;soirée pour mon départ de l'entreprise,&#10;ce sera à la maison, vendredi à 19h !" script="hand" function_1="text_section" language="french"> </DL_ZONE>
			<DL_ZONE gedi_type="TextRegion" id="2" col="968" row="1603" width="366" height="88" orientationD="97.859" contents="Dumont Leslie" script="hand" language="french"> </DL_ZONE>
			<DL_ZONE gedi_type="TextRegion" id="3" col="1101" row="1083" width="75" height="287" contents="21/07/2012" script="hand" function_1="date" language="french"> </DL_ZONE>
			<DL_ZONE gedi_type="GraphicRegion" id="7" col="218" row="1094" width="27" height="1107" function="underlined-field"> </DL_ZONE>
			<DL_ZONE gedi_type="GraphicRegion" id="8" col="616" row="1096" width="19" height="501" function="underlined-field"> </DL_ZONE>
			<DL_ZONE gedi_type="GraphicRegion" id="9" col="608" row="1644" width="24" height="565" function="underlined-field"> </DL_ZONE>
			<DL_ZONE gedi_type="GraphicRegion" id="10" col="1092" row="1099" width="30" height="1110" function="underlined-field"> </DL_ZONE>
			<DL_ZONE gedi_type="NoiseRegion" id="11" col="1632" row="0" width="19" height="2334"> </DL_ZONE>
			<DL_ZONE gedi_type="ImageRegion" id="12" polygon="(120,1055);(79,985);(82,188);(128,110);(210,86);(1076,94);(1150,130);(1185,200);(1182,985);(1138,1058);(1073,1088);(180,1082)"> </DL_ZONE>
		</DL_PAGE>
	</DL_DOCUMENT>
</GEDI>