<?xml version="1.0" encoding="UTF-8"?>
<!--GEDI was developed at Language and Media Processing Laboratory, University of Maryland.-->

<GEDI xmlns="http://lamp.cfar.umd.edu/media/projects/GEDI/" GEDI_version="2.3.19" GEDI_date="12/23/2011">
	<USER name="Khizrane" date="8/4/2012 11:12" dateFormat="mm/dd/yyyy hh:mm">	</USER>
	<USER name="MDR-P7" date="8/14/2012 15:24" dateFormat="mm/dd/yyyy hh:mm">	</USER>
	<USER name="Soukaina" date="8/2/2012 12:18" dateFormat="mm/dd/yyyy hh:mm">	</USER>
	<DL_DOCUMENT src="HLMOPQ.tif" docTag="xml" NrOfPages="1">
		<DL_PAGE gedi_type="DL_PAGE" src="HLMOPQ.tif" pageID="1" width="1651" height="2335" Language_2="" Receiver_Name="" Language_4="" Document_Date="" Language_3="" Receiver_Company="" Receiver_Address="" Sender_Company="" Sender_Phone="" Script_2="" Receiver_Fax="" Document_Location="" Sender_Address="" Receiver_Phone="" Sender_Fax="" Category="C3" Document_Object="CARTE INVITATION" Language_1="french" NumPage="1" Script_1="hand" Sender_Name="Micheline LEROY" GEDI_orientation="270">
			<DL_ZONE gedi_type="TextRegion" id="1" polygon="(1509,142);(1471,1253);(1388,1263);(1371,1245);(1368,1146);(1301,1146);(1300,592);(1101,586);(1079,1242);(992,1244);(984,829);(704,811);(723,278);(962,293);(965,126)" contents="Pour fêter toutes nos années de collaborations&#10;j'ai le plaisir de vous convier à un&#10;pot de départ:&#10;le 8 juillet 2012, bureau 32.&#10;Bien Cordialement," script="hand" function_1="text_section" language="french"> </DL_ZONE>
			<DL_ZONE gedi_type="TextRegion" id="2" col="483" row="278" width="138" height="481" contents="Micheline Leroy" script="hand" language="french"> </DL_ZONE>
			<DL_ZONE gedi_type="TextRegion" id="3" col="350" row="852" width="151" height="275" contents="Leroy M." script="hand" language="french"> </DL_ZONE>
			<DL_ZONE gedi_type="GraphicRegion" id="4" col="515" row="136" width="35" height="1102" function="underlined-field"> </DL_ZONE>
			<DL_ZONE gedi_type="GraphicRegion" id="5" col="1003" row="131" width="24" height="1118" function="underlined-field"> </DL_ZONE>
			<DL_ZONE gedi_type="GraphicRegion" id="6" col="1390" row="141" width="27" height="1100" function="underlined-field"> </DL_ZONE>
			<DL_ZONE gedi_type="ImageRegion" id="10" polygon="(1517,1280);(1560,1353);(1558,2152);(1517,2227);(1436,2252);(561,2249);(485,2203);(452,2122);(458,1355);(501,1279);(577,1249);(1463,1257)"> </DL_ZONE>
			<DL_ZONE gedi_type="NoiseRegion" id="11" col="1615" row="1" width="33" height="2334"> </DL_ZONE>
			<DL_ZONE gedi_type="GraphicRegion" id="13" col="351" row="846" width="152" height="284" function="signature"> </DL_ZONE>
			<DL_ZONE gedi_type="Group" id="14" col="340" row="268" width="291" height="872" elements="2;3;13"> </DL_ZONE>
			<DL_ZONE gedi_type="NoiseRegion" id="15" col="165" row="226" width="36" height="31"> </DL_ZONE>
		</DL_PAGE>
	</DL_DOCUMENT>
</GEDI>