<?xml version="1.0" encoding="UTF-8"?>
<!--GEDI was developed at Language and Media Processing Laboratory, University of Maryland.-->

<GEDI xmlns="http://lamp.cfar.umd.edu/media/projects/GEDI/" GEDI_version="2.3.19" GEDI_date="12/23/2011">
	<USER name="MDR-P7" date="9/19/2012 11:07" dateFormat="mm/dd/yyyy hh:mm">	</USER>
	<USER name="MDR-P8" date="9/21/2012 15:34" dateFormat="mm/dd/yyyy hh:mm">	</USER>
	<USER name="Mdr-P5" date="9/12/2012 16:14" dateFormat="mm/dd/yyyy hh:mm">	</USER>
	<DL_DOCUMENT src="HPFQNM.tif" docTag="xml" NrOfPages="1">
		<DL_PAGE gedi_type="DL_PAGE" src="HPFQNM.tif" pageID="1" width="1651" height="2335" Language_2="" Language_4="" Language_3="" Receiver_Company="" Receiver_Address="" Receiver_Fax="" Receiver_Phone="" Sender_Fax="" Category="C3" Document_Date="28/02/2012" Language_1="french" NumPage="1" Script_1="hand" Script_2="typed" Sender_Address="1316 BD DE BACON 06160 CAP D'ANTIBES" Sender_Phone="+33(0)4.88.54.17.35" Sender_Name="Vanessa PEREIRA" Sender_Company="UNIVERSITÉ D'ANTIBES II" Receiver_Name="JAIH" Document_Location="CAP D'ANTIBES" Document_Object="LETTRE DE RECOMMANDATION">
			<DL_ZONE gedi_type="TextRegion" id="1" col="128" row="808" width="1500" height="1282" contents="Cher collègue ,&#10;J'ai le plaisir de vous ¤{recommender/recommander}¤ l'un de mes plus brillants&#10;éléments pour un stage de fin d'études d'une durée de trois&#10;mois.&#10;M . VARIDI Clément est une tête bien faite et extrêmement&#10;doué en droit des affaires . Négociation comme ¤{plaidoierie/plaidoirie}¤&#10;n'ont plus aucun secrets pour lui , et je dois avouer que sa&#10;force de persuasion dépasse l'entendement .&#10;Ce stage dans votre cabinet serait , à mon sens , aussi bénéfique&#10;pour lui que pour vous.&#10;En espérant vous revoir à la fin de son stage ,&#10;Cordialement ," script="hand" function_2="date" function_1="text_section" function_3="location" language="french"> </DL_ZONE>
			<DL_ZONE gedi_type="TextRegion" id="2" col="274" row="2140" width="256" height="68" contents="PereiraV" script="hand" language="french"> </DL_ZONE>
			<DL_ZONE gedi_type="TextRegion" id="3" col="455" row="194" width="339" height="80" contents="Université Antibes II&#10;Pr. Pereira Vanessa" script="typed" language="french"> </DL_ZONE>
			<DL_ZONE gedi_type="TextRegion" id="4" col="150" row="316" width="448" height="152" contents="1316 Bd de Bacon&#10;06160 Cap D'Antibes&#10;04.88.54.17.35&#10;pereira.vanessa@gmail.com" script="typed" language="french"> </DL_ZONE>
			<DL_ZONE gedi_type="ImageRegion" id="5" col="152" row="142" width="302" height="171"> </DL_ZONE>
			<DL_ZONE gedi_type="GraphicRegion" id="11" col="262" row="2130" width="322" height="108" function="signature"> </DL_ZONE>
			<DL_ZONE gedi_type="NoiseRegion" id="12" col="1628" row="0" width="20" height="2334"> </DL_ZONE>
			<DL_ZONE gedi_type="TextRegion" id="17" col="910" row="680" width="716" height="102" contents="à Cap d'Antibes, le 28.02.2012" script="hand" function_2="date" function_1="location" language="french"> </DL_ZONE>
			<DL_ZONE gedi_type="TextRegion" id="19" col="146" row="538" width="622" height="130" contents="A l'attention du Pr . JAIH" script="hand" language="french"> </DL_ZONE>
		</DL_PAGE>
	</DL_DOCUMENT>
</GEDI>