<?xml version="1.0" encoding="UTF-8"?>
<!--GEDI was developed at Language and Media Processing Laboratory, University of Maryland.-->

<GEDI xmlns="http://lamp.cfar.umd.edu/media/projects/GEDI/" GEDI_version="2.3.19" GEDI_date="12/23/2011">
	<USER name="MDR-P4" date="2/25/2013 13:00" dateFormat="mm/dd/yyyy hh:mm">	</USER>
	<USER name="MDR-P6" date="1/29/2013 8:39" dateFormat="mm/dd/yyyy hh:mm">	</USER>
	<USER name="MDR-P8" date="5/28/2013 15:47" dateFormat="mm/dd/yyyy hh:mm">	</USER>
	<DL_DOCUMENT src="IGKSCS.tif" docTag="xml" NrOfPages="1">
		<DL_PAGE gedi_type="DL_PAGE" src="IGKSCS.tif" pageID="1" width="1700" height="2338" Language_2="" Language_4="" Language_3="" Receiver_Company="" Receiver_Address="" Sender_Company="" Sender_Phone="" Receiver_Fax="" Document_Location="" Receiver_Phone="" Sender_Address="" Sender_Fax="" Category="C2" Language_1="english" NumPage="1" Document_Object="CHEQUE" Sender_Name="" Script_1="hand" Script_2="typed" Document_Date="¤{05/12/2011|12/05/2011}¤" Receiver_Name="George CHRISTOFERSON" GEDI_orientation="270">
			<DL_ZONE gedi_type="TextRegion" id="1" col="1196" row="1582" width="102" height="560" contents="05-12-2011-" script="hand" function_1="date" language="english"> </DL_ZONE>
			<DL_ZONE gedi_type="TextRegion" id="2" col="1026" row="1946" width="73" height="200" contents="700.00" script="hand" language="english"> </DL_ZONE>
			<DL_ZONE gedi_type="TextRegion" id="3" col="984" row="476" width="132" height="902" contents="Mr. George Christoferson" script="hand" language="english"> </DL_ZONE>
			<DL_ZONE gedi_type="TextRegion" id="4" nextZoneID="9" col="860" row="310" width="119" height="892" contents="Seven Hundred only" script="hand" language="english"> </DL_ZONE>
			<DL_ZONE gedi_type="TextRegion" id="6" nextZoneID="3" col="1004" row="88" width="76" height="258" contents="DEPOSIT TO THE&#10;ACCOUNT OF" script="typed" language="english"> </DL_ZONE>
			<DL_ZONE gedi_type="TextRegion" id="7" nextZoneID="1" col="1196" row="1442" width="42" height="88" contents="DATE" script="typed" language="english"> </DL_ZONE>
			<DL_ZONE gedi_type="TextRegion" id="8" nextZoneID="2" col="1006" row="1732" width="65" height="118" contents="OX$" script="typed" language="english"> </DL_ZONE>
			<DL_ZONE gedi_type="TextRegion" id="9" col="888" row="1684" width="49" height="450" contents="HEXADECIMAL DOLLARS" script="typed" language="english"> </DL_ZONE>
			<DL_ZONE gedi_type="TextRegion" id="10" col="439" row="87" width="35" height="121" contents="MEMO" script="typed" language="english"> </DL_ZONE>
			<DL_ZONE gedi_type="GraphicRegion" id="11" col="1138" row="115" width="234" height="257" function="drawing"> </DL_ZONE>
			<DL_ZONE gedi_type="GraphicRegion" id="12" col="1184" row="1434" width="24" height="806" function="underlined-field"> </DL_ZONE>
			<DL_ZONE gedi_type="GraphicRegion" id="13" col="996" row="78" width="68" height="1628" function="underlined-field"> </DL_ZONE>
			<DL_ZONE gedi_type="GraphicRegion" id="14" col="854" row="88" width="43" height="2054" function="underlined-field"> </DL_ZONE>
			<DL_ZONE gedi_type="GraphicRegion" id="15" col="872" row="2178" width="73" height="58" function="drawing"> </DL_ZONE>
			<DL_ZONE gedi_type="GraphicRegion" id="16" col="1012" row="1861" width="105" height="371" function="other"> </DL_ZONE>
			<DL_ZONE gedi_type="GraphicRegion" id="17" col="426" row="82" width="28" height="2184" function="underlined-field"> </DL_ZONE>
			<DL_ZONE gedi_type="GraphicRegion" id="21" col="350" row="36" width="1080" height="2286" function="other"> </DL_ZONE>
			<DL_ZONE gedi_type="TextRegion" id="22" polygon="(608,1768);(708,1786);(792,1842);(808,1870);(800,1896);(770,1898);(554,1862);(576,1928);(554,1960);(526,1966);(482,1926);(444,1926);(424,1896);(340,1774);(350,1744)" contents="¤M¤gm" script="hand" language="english"> </DL_ZONE>
			<DL_ZONE gedi_type="GraphicRegion" id="23" function="signature" polygon="(806,1884);(768,1914);(588,1896);(594,1930);(664,1992);(732,2194);(702,2202);(550,2122);(452,1934);(416,1942);(414,2038);(372,2038);(290,1924);(298,1826);(332,1808);(336,1760);(392,1744);(614,1782);(738,1810);(788,1850)"> </DL_ZONE>
			<DL_ZONE gedi_type="NoiseRegion" id="24" col="0" row="0" width="22" height="2334"> </DL_ZONE>
			<DL_ZONE gedi_type="LineDrawingRegion" id="25" polygon="(1006,1876);(994,1918);(1121,1983);(1122,1951)"> </DL_ZONE>
			<DL_ZONE gedi_type="LineDrawingRegion" id="26" polygon="(1126,2188);(1001,2119);(996,2144);(1009,2159);(1066,2206);(1114,2228)"> </DL_ZONE>
			<DL_ZONE gedi_type="GraphicRegion" id="27" col="364" row="62" width="18" height="2254" function="underlined-field"> </DL_ZONE>
		</DL_PAGE>
	</DL_DOCUMENT>
</GEDI>