<?xml version="1.0" encoding="UTF-8"?>
<!--GEDI was developed at Language and Media Processing Laboratory, University of Maryland.-->

<GEDI xmlns="http://lamp.cfar.umd.edu/media/projects/GEDI/" GEDI_version="2.3.19" GEDI_date="12/23/2011">
	<USER name="Adil" date="9/17/2012 15:28" dateFormat="mm/dd/yyyy hh:mm">	</USER>
	<USER name="MDR-P6" date="10/26/2012 13:35" dateFormat="mm/dd/yyyy hh:mm">	</USER>
	<USER name="MDR-P7" date="9/19/2012 15:35" dateFormat="mm/dd/yyyy hh:mm">	</USER>
	<USER name="MDR-P8" date="9/21/2012 15:34" dateFormat="mm/dd/yyyy hh:mm">	</USER>
	<USER name="asmae" date="9/15/2012 13:10" dateFormat="mm/dd/yyyy hh:mm">	</USER>
	<DL_DOCUMENT src="IJRFFE.tif" docTag="xml" NrOfPages="1">
		<DL_PAGE gedi_type="DL_PAGE" src="IJRFFE.tif" pageID="1" width="1651" height="2335" Language_2="" Document_Date="" Language_4="" Language_3="" Receiver_Company="" Receiver_Fax="" Document_Location="" Receiver_Phone="" Category="C4" Language_1="french" NumPage="1" Receiver_Address="" Receiver_Name="ZOLVESKI" Script_1="typed" Script_2="hand" Sender_Company="EXPRESSART" Sender_Address="19 RUE DU CUIR 68580 HINDLINGEN" Document_Object="CANDIDATURE" Sender_Fax="+33(0)3.64.84.53.11" Sender_Phone="+33(0)3.64.84.53.11" Sender_Name="Mylene BOYER">
			<DL_ZONE gedi_type="GraphicRegion" id="1" col="192" row="92" width="344" height="305" function="logo"> </DL_ZONE>
			<DL_ZONE gedi_type="TextRegion" id="2" col="822" row="100" width="519" height="173" contents="19 Rue du Cuir 68580 HINDLINGEN&#10;Tél : 0364845311&#10;Fax : 0364845311" script="typed" language="french"> </DL_ZONE>
			<DL_ZONE gedi_type="TextRegion" id="3" col="192" row="540" width="501" height="49" contents="Objet : Votre candidature" script="typed" function_1="object" language="french"> </DL_ZONE>
			<DL_ZONE gedi_type="TextRegion" id="4" col="174" row="887" width="1294" height="586" contents="MonsieurZOLVESKI,&#10;Suite à votre dossier de candidature, nous avons le regret de vous&#10;informer que votre candidature n'a pas été retenue.&#10;Nous sommes sensibles à l'intérêt que vous avez porté à notre&#10;société expressart et vous remercions de votre sollicitation.&#10;Cependant, notre choix s'est porté vers un autre candidat dont le&#10;profil correspondait davantage à notre demande d'attente d'emploi.&#10;N'hésitez pas à nous recontacter au courant l'été prochain, nous&#10;avons pour objectif de recruter de nouveaux photographes&#10;professionnels.&#10;Nous vous prions d'agréer, Monsieur ZOLVESKI, l'expression de nos&#10;sentiments distingués." script="typed" function_1="text_section" language="french"> </DL_ZONE>
			<DL_ZONE gedi_type="TextRegion" id="5" col="188" row="1658" width="226" height="43" contents="BOYER Mylene" script="typed" language="french"> </DL_ZONE>
			<DL_ZONE gedi_type="TextRegion" id="6" polygon="(230,1824);(253,1759);(327,1708);(538,1750);(531,1769);(476,1825);(433,1860);(412,1916);(325,1922);(276,1881)" contents="Mylen&#10;Boyer." script="hand" language="french"> </DL_ZONE>
			<DL_ZONE gedi_type="GraphicRegion" id="8" function="signature" polygon="(224,1817);(245,1759);(325,1701);(378,1707);(546,1746);(539,1777);(471,1845);(418,1921);(326,1930);(304,1958);(294,1938);(276,1895);(242,1895);(237,1851)"> </DL_ZONE>
			<DL_ZONE gedi_type="Group" id="9" col="178" row="1648" width="378" height="320" elements="5;6;8"> </DL_ZONE>
			<DL_ZONE gedi_type="GraphicRegion" id="12" col="747" row="2024" width="135" height="114" function="logo"> </DL_ZONE>
			<DL_ZONE gedi_type="TextRegion" id="15" polygon="(302,1464);(526,1684);(1303,898);(1082,680)" rotation="+90" contents="E A C P E" script="typed" language="french"> </DL_ZONE>
			<DL_ZONE gedi_type="TextRegion" id="16" polygon="(628,2219);(620,1944);(1022,1944);(1022,2218)" contents="EXPRESSART&#10;Designe &amp; Photo 350,000 E&#10;expressartboyer@rta.fr" script="typed" function_1="footer" language="french"> </DL_ZONE>
			<DL_ZONE gedi_type="NoiseRegion" id="18" col="1627" row="6" width="18" height="2328"> </DL_ZONE>
			<DL_ZONE gedi_type="NoiseRegion" id="19" col="1" row="2" width="1650" height="11"> </DL_ZONE>
			<DL_ZONE gedi_type="GraphicRegion" id="21" col="1078" row="673" width="333" height="1115" function="other" orientationD="-44.635"> </DL_ZONE>
		</DL_PAGE>
	</DL_DOCUMENT>
</GEDI>