<?xml version="1.0" encoding="UTF-8"?>
<!--GEDI was developed at Language and Media Processing Laboratory, University of Maryland.-->

<GEDI xmlns="http://lamp.cfar.umd.edu/media/projects/GEDI/" GEDI_version="2.3.19" GEDI_date="12/23/2011">
	<USER name="MDR-P4" date="3/25/2013 11:26" dateFormat="mm/dd/yyyy hh:mm">	</USER>
	<USER name="MDR-P6" date="5/29/2013 10:19" dateFormat="mm/dd/yyyy hh:mm">	</USER>
	<USER name="MDR-P7" date="9/13/2012 11:52" dateFormat="mm/dd/yyyy hh:mm">	</USER>
	<DL_DOCUMENT src="IXSIXY.tif" docTag="xml" NrOfPages="1">
		<DL_PAGE gedi_type="DL_PAGE" src="IXSIXY.tif" pageID="1" width="825" height="1167" Language_2="" Language_4="" Document_Date="" Language_3="" Receiver_Company="" Receiver_Address="" Sender_Company="" Sender_Phone="" Receiver_Fax="" Document_Location="" Sender_Address="" Receiver_Phone="" Sender_Fax="" Category="C3" Language_1="english" NumPage="1" Receiver_Name="Fiona" Script_1="hand" Script_2="typed" Document_Object="GREETING CARD" Sender_Name="Blake HAMLET" GEDI_orientation="270">
			<DL_ZONE gedi_type="TextRegion" id="2" col="564" row="618" width="135" height="328" contents="A wish for your&#10;Happiness" script="typed" language="english"> </DL_ZONE>
			<DL_ZONE gedi_type="GraphicRegion" id="4" function="other" polygon="(750,101);(735,1037);(111,1027);(124,91)"> </DL_ZONE>
			<DL_ZONE gedi_type="TextRegion" id="5" polygon="(715,125);(496,121);(498,187);(363,209);(352,263);(379,275);(377,556);(619,561);(620,302);(704,313)" contents="Dear Fiona&#10;congratulations on your&#10;silver wedding Anniversary&#10;Regards" script="hand" function_1="text_section" language="english"> </DL_ZONE>
			<DL_ZONE gedi_type="TextRegion" id="7" polygon="(355,268);(325,262);(344,501);(373,508);(373,408);(371,277)" contents="Blake Ha¤m¤let" script="hand" language="english"> </DL_ZONE>
			<DL_ZONE gedi_type="GraphicRegion" id="9" col="237" row="378" width="70" height="100" function="signature"> </DL_ZONE>
			<DL_ZONE gedi_type="Group" id="10" col="227" row="252" width="156" height="266" elements="7;9"> </DL_ZONE>
			<DL_ZONE gedi_type="NoiseRegion" id="11" polygon="(818,36);(817,41);(17,28);(17,21)"> </DL_ZONE>
			<DL_ZONE gedi_type="NoiseRegion" id="13" polygon="(804,1097);(804,1102);(11,1089);(11,1082)"> </DL_ZONE>
			<DL_ZONE gedi_type="GraphicRegion" id="16" col="133" row="632" width="233" height="357" function="drawing"> </DL_ZONE>
		</DL_PAGE>
	</DL_DOCUMENT>
</GEDI>