<?xml version="1.0" encoding="UTF-8"?>
<!--GEDI was developed at Language and Media Processing Laboratory, University of Maryland.-->

<GEDI xmlns="http://lamp.cfar.umd.edu/media/projects/GEDI/" GEDI_version="2.3.19" GEDI_date="12/23/2011">
	<USER name="MDR-P1" date="9/27/2012 17:55" dateFormat="mm/dd/yyyy hh:mm">	</USER>
	<USER name="MDR-P4" date="3/25/2013 11:16" dateFormat="mm/dd/yyyy hh:mm">	</USER>
	<USER name="MDR-P6" date="5/28/2013 12:07" dateFormat="mm/dd/yyyy hh:mm">	</USER>
	<USER name="MDR-P7" date="9/14/2012 10:45" dateFormat="mm/dd/yyyy hh:mm">	</USER>
	<USER name="Mdr-P5" date="10/25/2012 11:50" dateFormat="mm/dd/yyyy hh:mm">	</USER>
	<DL_DOCUMENT src="JIGLZG.tif" docTag="xml" NrOfPages="1">
		<DL_PAGE gedi_type="DL_PAGE" src="JIGLZG.tif" pageID="1" width="825" height="1167" Language_2="" Language_4="" Language_3="" Receiver_Company="" Receiver_Address="" Sender_Company="" Sender_Phone="" Document_Location="" Sender_Address="" Receiver_Phone="" Category="C4" Document_Object="FAX" Language_1="english" NumPage="1" Script_1="hand" Script_2="typed" Document_Date="17/08/2012" Sender_Fax="+44(0)84.52.70.29.19" Receiver_Fax="+44(0)19.25.63.66.82" Receiver_Name="Fergus EARL" Sender_Name="Clive BRYTHE">
			<DL_ZONE gedi_type="NoiseRegion" id="1" col="127" row="79" width="664" height="97"> </DL_ZONE>
			<DL_ZONE gedi_type="TextRegion" id="2" col="193" row="176" width="466" height="213" contents="FAX" script="typed" function_2="object" function_1="title" language="english"> </DL_ZONE>
			<DL_ZONE gedi_type="TextRegion" id="3" nextZoneID="10" col="170" row="423" width="26" height="17" contents="TO:" script="typed" language="english"> </DL_ZONE>
			<DL_ZONE gedi_type="TextRegion" id="4" nextZoneID="11" col="169" row="449" width="47" height="17" contents="FAX #:" script="typed" language="english"> </DL_ZONE>
			<DL_ZONE gedi_type="TextRegion" id="6" nextZoneID="16" col="386" row="452" width="49" height="15" contents="FAX #:" script="typed" language="english"> </DL_ZONE>
			<DL_ZONE gedi_type="TextRegion" id="8" nextZoneID="13" col="169" row="474" width="46" height="16" contents="DATE:" script="typed" language="english"> </DL_ZONE>
			<DL_ZONE gedi_type="TextRegion" id="9" nextZoneID="15" col="388" row="426" width="47" height="17" contents="FROM:" script="typed" language="english"> </DL_ZONE>
			<DL_ZONE gedi_type="TextRegion" id="10" col="202" row="417" width="182" height="37" contents="Mr Fergus Earl" script="hand" language="english"> </DL_ZONE>
			<DL_ZONE gedi_type="TextRegion" id="11" col="220" row="453" width="144" height="26" contents="1925636682" script="hand" language="english"> </DL_ZONE>
			<DL_ZONE gedi_type="TextRegion" id="13" col="221" row="485" width="132" height="28" contents="17- 08 - 2012" script="hand" function_1="date" language="english"> </DL_ZONE>
			<DL_ZONE gedi_type="TextRegion" id="15" col="448" row="416" width="180" height="37" contents="Clive Brythe" script="hand" language="english"> </DL_ZONE>
			<DL_ZONE gedi_type="TextRegion" id="16" col="456" row="453" width="123" height="28" contents="8452702919" script="hand" language="english"> </DL_ZONE>
			<DL_ZONE gedi_type="GraphicRegion" id="17" col="155" row="408" width="549" height="113" function="other"> </DL_ZONE>
			<DL_ZONE gedi_type="GraphicRegion" id="18" col="148" row="523" width="551" height="440" function="other"> </DL_ZONE>
			<DL_ZONE gedi_type="TextRegion" id="19" nextZoneID="20" col="169" row="533" width="46" height="15" contents="Memo:" script="typed" language="english"> </DL_ZONE>
			<DL_ZONE gedi_type="TextRegion" id="20" col="218" row="591" width="413" height="199" contents="Spare parts of order no 21&#10;dt 16-07-2012 will be&#10;delivered by 20-08-2012&#10;Pay by COD" script="hand" function_1="reference" language="english"> </DL_ZONE>
			<DL_ZONE gedi_type="TextRegion" id="22" col="385" row="856" width="101" height="34" contents="¤{C|G}¤Brythe" script="hand" language="english"> </DL_ZONE>
			<DL_ZONE gedi_type="NoiseRegion" id="24" col="33" row="1060" width="748" height="66"> </DL_ZONE>
			<DL_ZONE gedi_type="NoiseRegion" id="25" col="772" row="177" width="19" height="881"> </DL_ZONE>
		</DL_PAGE>
	</DL_DOCUMENT>
</GEDI>