<?xml version="1.0" encoding="UTF-8"?>
<!--GEDI was developed at Language and Media Processing Laboratory, University of Maryland.-->

<GEDI xmlns="http://lamp.cfar.umd.edu/media/projects/GEDI/" GEDI_version="2.3.19" GEDI_date="12/23/2011">
	<USER name="MDR-P8" date="3/21/2013 18:11" dateFormat="mm/dd/yyyy hh:mm">	</USER>
	<USER name="asmae" date="7/18/2012 10:47" dateFormat="mm/dd/yyyy hh:mm">	</USER>
	<DL_DOCUMENT src="JKLMNO.tif" docTag="xml" NrOfPages="1">
		<DL_PAGE gedi_type="DL_PAGE" src="JKLMNO.tif" pageID="1" width="1651" height="2335" Language_2="" Sender_Name="" Receiver_Name="" Language_4="" Document_Date="" Language_3="" Receiver_Company="" Receiver_Address="" Sender_Company="" Sender_Phone="" Receiver_Fax="" Document_Location="" Sender_Address="" Receiver_Phone="" Sender_Fax="" Category="C5" Document_Object="TABLEAU" Language_1="french" NumPage="1" Script_1="typed" Script_2="hand" GEDI_orientation="90">
			<DL_ZONE gedi_type="TextRegion" id="1" col="137" row="1625" width="71" height="314" contents="Destination" script="typed" language="french"> </DL_ZONE>
			<DL_ZONE gedi_type="TextRegion" id="2" col="145" row="1157" width="49" height="117" contents="1949" script="typed" language="french"> </DL_ZONE>
			<DL_ZONE gedi_type="TextRegion" id="3" col="147" row="918" width="57" height="105" contents="1950" script="typed" language="french"> </DL_ZONE>
			<DL_ZONE gedi_type="TextRegion" id="4" col="159" row="681" width="45" height="111" contents="1951" script="typed" language="french"> </DL_ZONE>
			<DL_ZONE gedi_type="TextRegion" id="5" col="153" row="442" width="53" height="113" contents="1952" script="typed" language="french"> </DL_ZONE>
			<DL_ZONE gedi_type="TextRegion" id="6" col="155" row="201" width="49" height="101" contents="1953" script="typed" language="french"> </DL_ZONE>
			<DL_ZONE gedi_type="TextRegion" id="7" col="380" row="1809" width="51" height="405" contents="Canada de l'Est" script="typed" language="french"> </DL_ZONE>
			<DL_ZONE gedi_type="TextRegion" id="8" col="447" row="1985" width="49" height="231" contents="Australie" script="typed" language="french"> </DL_ZONE>
			<DL_ZONE gedi_type="TextRegion" id="9" col="514" row="1783" width="53" height="435" contents="Nouvelle-Zélande" script="typed" language="french"> </DL_ZONE>
			<DL_ZONE gedi_type="TextRegion" id="10" col="583" row="1766" width="54" height="452" contents="Amérique du Sud" script="typed" language="french"> </DL_ZONE>
			<DL_ZONE gedi_type="TextRegion" id="11" col="648" row="1446" width="52" height="768" contents="Chine, Hong-Kong et Formose" script="typed" language="french"> </DL_ZONE>
			<DL_ZONE gedi_type="TextRegion" id="12" col="716" row="1831" width="47" height="383" contents="Japon et Corée" script="typed" language="french"> </DL_ZONE>
			<DL_ZONE gedi_type="TextRegion" id="13" col="775" row="1613" width="59" height="599" contents="Royaume-Uni te Europe" script="typed" language="french"> </DL_ZONE>
			<DL_ZONE gedi_type="TextRegion" id="14" col="844" row="2020" width="57" height="190" contents="Afrique" script="typed" language="french"> </DL_ZONE>
			<DL_ZONE gedi_type="TextRegion" id="15" col="909" row="2088" width="56" height="124" contents="Inde" script="typed" language="french"> </DL_ZONE>
			<DL_ZONE gedi_type="TextRegion" id="16" col="978" row="1947" width="54" height="265" contents="Etats-Unis" script="typed" language="french"> </DL_ZONE>
			<DL_ZONE gedi_type="TextRegion" id="17" col="1042" row="1592" width="57" height="622" contents="Philippines et Iles Hawai" script="typed" language="french"> </DL_ZONE>
			<DL_ZONE gedi_type="TextRegion" id="18" col="1109" row="1698" width="59" height="512" contents="Antilles britanniques" script="typed" language="french"> </DL_ZONE>
			<DL_ZONE gedi_type="TextRegion" id="19" col="1172" row="1795" width="61" height="419" contents="Iles de l'Océanie" script="typed" language="french"> </DL_ZONE>
			<DL_ZONE gedi_type="TextRegion" id="20" col="451" row="1096" width="45" height="148" contents="83 523" script="typed" language="french"> </DL_ZONE>
			<DL_ZONE gedi_type="TextRegion" id="21" col="522" row="1100" width="43" height="144" contents="10 702" script="typed" language="french"> </DL_ZONE>
			<DL_ZONE gedi_type="TextRegion" id="22" col="587" row="1100" width="44" height="130" contents="7 234" script="typed" language="french"> </DL_ZONE>
			<DL_ZONE gedi_type="TextRegion" id="23" col="654" row="1100" width="48" height="120" contents="4 318" script="typed" language="french"> </DL_ZONE>
			<DL_ZONE gedi_type="TextRegion" id="24" col="783" row="1096" width="45" height="166" contents="345 812" script="typed" language="french"> </DL_ZONE>
			<DL_ZONE gedi_type="TextRegion" id="25" col="852" row="1098" width="45" height="164" contents="101 957" script="typed" language="french"> </DL_ZONE>
			<DL_ZONE gedi_type="TextRegion" id="26" col="919" row="1098" width="46" height="146" contents="12 261" script="typed" language="french"> </DL_ZONE>
			<DL_ZONE gedi_type="TextRegion" id="27" col="988" row="1100" width="40" height="164" contents="310 411" script="typed" language="french"> </DL_ZONE>
			<DL_ZONE gedi_type="TextRegion" id="28" col="1050" row="1102" width="45" height="142" contents="11 086" script="typed" language="french"> </DL_ZONE>
			<DL_ZONE gedi_type="TextRegion" id="29" col="1117" row="1100" width="49" height="130" contents="9 754" script="typed" language="french"> </DL_ZONE>
			<DL_ZONE gedi_type="TextRegion" id="30" col="1176" row="1100" width="51" height="128" contents="7 668" script="typed" language="french"> </DL_ZONE>
			<DL_ZONE gedi_type="TextRegion" id="31" col="451" row="863" width="47" height="144" contents="90 936" script="typed" language="french"> </DL_ZONE>
			<DL_ZONE gedi_type="TextRegion" id="32" col="522" row="861" width="45" height="128" contents="8 823" script="typed" language="french"> </DL_ZONE>
			<DL_ZONE gedi_type="TextRegion" id="33" col="585" row="861" width="50" height="128" contents="2 227" script="typed" language="french"> </DL_ZONE>
			<DL_ZONE gedi_type="TextRegion" id="34" col="652" row="861" width="46" height="130" contents="7 087" script="typed" language="french"> </DL_ZONE>
			<DL_ZONE gedi_type="TextRegion" id="35" col="716" row="855" width="49" height="65" contents="88" script="typed" language="french"> </DL_ZONE>
			<DL_ZONE gedi_type="TextRegion" id="36" col="783" row="859" width="49" height="174" contents="243 632" script="typed" language="french"> </DL_ZONE>
			<DL_ZONE gedi_type="TextRegion" id="37" col="848" row="855" width="49" height="156" contents="89 152" script="typed" language="french"> </DL_ZONE>
			<DL_ZONE gedi_type="TextRegion" id="38" col="919" row="863" width="46" height="124" contents="2 621" script="typed" language="french"> </DL_ZONE>
			<DL_ZONE gedi_type="TextRegion" id="39" col="980" row="859" width="54" height="170" contents="736 831" script="typed" language="french"> </DL_ZONE>
			<DL_ZONE gedi_type="TextRegion" id="40" col="1049" row="861" width="48" height="148" contents="13 112" script="typed" language="french"> </DL_ZONE>
			<DL_ZONE gedi_type="TextRegion" id="41" col="1121" row="859" width="39" height="128" contents="8 654" script="typed" language="french"> </DL_ZONE>
			<DL_ZONE gedi_type="TextRegion" id="42" col="1182" row="861" width="47" height="130" contents="7 751" script="typed" language="french"> </DL_ZONE>
			<DL_ZONE gedi_type="TextRegion" id="43" col="453" row="622" width="45" height="148" contents="93 566" script="typed" language="french"> </DL_ZONE>
			<DL_ZONE gedi_type="TextRegion" id="44" col="524" row="626" width="43" height="138" contents="13 311" script="typed" language="french"> </DL_ZONE>
			<DL_ZONE gedi_type="TextRegion" id="45" col="587" row="622" width="48" height="124" contents="2 067" script="typed" language="french"> </DL_ZONE>
			<DL_ZONE gedi_type="TextRegion" id="46" col="654" row="622" width="50" height="148" contents="21 382" script="typed" language="french"> </DL_ZONE>
			<DL_ZONE gedi_type="TextRegion" id="47" col="722" row="626" width="43" height="79" contents="101" script="typed" language="french"> </DL_ZONE>
			<DL_ZONE gedi_type="TextRegion" id="48" col="785" row="622" width="45" height="166" contents="763 267" script="typed" language="french"> </DL_ZONE>
			<DL_ZONE gedi_type="TextRegion" id="49" col="852" row="624" width="49" height="140" contents="94 412" script="typed" language="french"> </DL_ZONE>
			<DL_ZONE gedi_type="TextRegion" id="50" col="921" row="622" width="49" height="126" contents="7 396" script="typed" language="french"> </DL_ZONE>
			<DL_ZONE gedi_type="TextRegion" id="51" col="986" row="622" width="46" height="146" contents="71 316" script="typed" language="french"> </DL_ZONE>
			<DL_ZONE gedi_type="TextRegion" id="52" col="1053" row="622" width="42" height="144" contents="11 353" script="typed" language="french"> </DL_ZONE>
			<DL_ZONE gedi_type="TextRegion" id="53" col="1115" row="620" width="47" height="120" contents="9 669" script="typed" language="french"> </DL_ZONE>
			<DL_ZONE gedi_type="TextRegion" id="54" col="1182" row="622" width="45" height="128" contents="9 917" script="typed" language="french"> </DL_ZONE>
			<DL_ZONE gedi_type="TextRegion" id="55" col="457" row="385" width="43" height="148" contents="36 060" script="typed" language="french"> </DL_ZONE>
			<DL_ZONE gedi_type="TextRegion" id="56" col="524" row="385" width="45" height="126" contents="7 839" script="typed" language="french"> </DL_ZONE>
			<DL_ZONE gedi_type="TextRegion" id="57" col="585" row="381" width="52" height="124" contents="2 164" script="typed" language="french"> </DL_ZONE>
			<DL_ZONE gedi_type="TextRegion" id="58" col="652" row="383" width="48" height="122" contents="7 916" script="typed" language="french"> </DL_ZONE>
			<DL_ZONE gedi_type="TextRegion" id="59" col="720" row="381" width="43" height="59" contents="82" script="typed" language="french"> </DL_ZONE>
			<DL_ZONE gedi_type="TextRegion" id="60" col="783" row="381" width="49" height="174" contents="772 527" script="typed" language="french"> </DL_ZONE>
			<DL_ZONE gedi_type="TextRegion" id="61" col="854" row="383" width="45" height="150" contents="52 344" script="typed" language="french"> </DL_ZONE>
			<DL_ZONE gedi_type="TextRegion" id="62" col="919" row="381" width="46" height="124" contents="1 029" script="typed" language="french"> </DL_ZONE>
			<DL_ZONE gedi_type="TextRegion" id="63" col="986" row="381" width="44" height="178" contents="229 809" script="typed" language="french"> </DL_ZONE>
			<DL_ZONE gedi_type="TextRegion" id="64" col="1052" row="379" width="46" height="126" contents="9 558" script="typed" language="french"> </DL_ZONE>
			<DL_ZONE gedi_type="TextRegion" id="65" col="1121" row="377" width="43" height="126" contents="3 404" script="typed" language="french"> </DL_ZONE>
			<DL_ZONE gedi_type="TextRegion" id="66" col="1182" row="385" width="45" height="124" contents="8 538" script="typed" language="french"> </DL_ZONE>
			<DL_ZONE gedi_type="TextRegion" id="67" col="386" row="144" width="49" height="124" contents="6 708" script="typed" language="french"> </DL_ZONE>
			<DL_ZONE gedi_type="TextRegion" id="68" col="455" row="142" width="49" height="154" contents="89 658" script="typed" language="french"> </DL_ZONE>
			<DL_ZONE gedi_type="TextRegion" id="69" col="528" row="140" width="43" height="124" contents="6 036" script="typed" language="french"> </DL_ZONE>
			<DL_ZONE gedi_type="TextRegion" id="70" col="591" row="140" width="44" height="128" contents="3 924" script="typed" language="french"> </DL_ZONE>
			<DL_ZONE gedi_type="TextRegion" id="71" col="654" row="144" width="46" height="124" contents="9 206" script="typed" language="french"> </DL_ZONE>
			<DL_ZONE gedi_type="TextRegion" id="72" col="718" row="144" width="51" height="150" contents="23 742" script="typed" language="french"> </DL_ZONE>
			<DL_ZONE gedi_type="TextRegion" id="73" col="785" row="144" width="49" height="170" contents="502 814" script="typed" language="french"> </DL_ZONE>
			<DL_ZONE gedi_type="TextRegion" id="74" col="848" row="142" width="51" height="178" contents="123 064" script="typed" language="french"> </DL_ZONE>
			<DL_ZONE gedi_type="TextRegion" id="75" col="915" row="146" width="53" height="144" contents="16 695" script="typed" language="french"> </DL_ZONE>
			<DL_ZONE gedi_type="TextRegion" id="76" col="984" row="144" width="48" height="164" contents="542 472" script="typed" language="french"> </DL_ZONE>
			<DL_ZONE gedi_type="TextRegion" id="77" col="1051" row="144" width="44" height="122" contents="7 577" script="typed" language="french"> </DL_ZONE>
			<DL_ZONE gedi_type="TextRegion" id="78" col="1119" row="144" width="43" height="146" contents="12 235" script="typed" language="french"> </DL_ZONE>
			<DL_ZONE gedi_type="TextRegion" id="79" col="1182" row="142" width="45" height="130" contents="8 563" script="typed" language="french"> </DL_ZONE>
			<DL_ZONE gedi_type="TextRegion" id="80" polygon="(360,1574);(319,1556);(336,1432);(398,1402);(461,1398);(447,1598)" contents="trop&#10;élevé !" script="hand" function_1="annotation" language="french"> </DL_ZONE>
			<DL_ZONE gedi_type="TextRegion" id="81" polygon="(812,1592);(718,1598);(710,1465);(731,1428);(759,1424);(763,1359);(814,1333);(830,1333);(826,1584)" contents="donnée&#10;manquante" script="hand" function_1="annotation" language="french"> </DL_ZONE>
			<DL_ZONE gedi_type="TextRegion" id="90" col="1081" row="1317" width="55" height="223" contents="¤{incorecte/incorrecte}¤" script="hand" function_1="annotation" language="french"> </DL_ZONE>
			<DL_ZONE gedi_type="LineDrawingRegion" id="95" polygon="(394,1408);(376,1394);(443,1291);(429,1293);(425,1282);(453,1274);(469,1274);(481,1305);(473,1315);(455,1315)"> </DL_ZONE>
			<DL_ZONE gedi_type="LineDrawingRegion" id="96" polygon="(429,1264);(413,1171);(443,1060);(504,1066);(522,1133);(498,1274);(477,1291)"> </DL_ZONE>
			<DL_ZONE gedi_type="LineDrawingRegion" id="97" polygon="(455,807);(429,723);(437,604);(477,588);(514,608);(518,754);(504,807);(484,817)"> </DL_ZONE>
			<DL_ZONE gedi_type="LineDrawingRegion" id="98" polygon="(506,748);(508,602);(534,584);(558,588);(595,640);(583,768);(562,802);(530,796)"> </DL_ZONE>
			<DL_ZONE gedi_type="LineDrawingRegion" id="99" polygon="(670,823);(625,740);(646,596);(678,588);(714,620);(725,744);(694,819)"> </DL_ZONE>
			<DL_ZONE gedi_type="LineDrawingRegion" id="100" polygon="(725,908);(712,926);(700,912);(722,883);(710,855);(739,851);(745,861);(765,849);(773,863);(751,879);(777,912);(763,920);(741,902)"> </DL_ZONE>
			<DL_ZONE gedi_type="LineDrawingRegion" id="101" polygon="(595,1248);(560,1155);(571,1070);(613,1058);(656,1120);(658,1193);(623,1254)"> </DL_ZONE>
			<DL_ZONE gedi_type="LineDrawingRegion" id="102" polygon="(791,576);(773,472);(781,389);(797,345);(828,341);(846,493);(824,584)"> </DL_ZONE>
			<DL_ZONE gedi_type="LineDrawingRegion" id="103" polygon="(751,1392);(737,1392);(731,1230);(716,1226);(747,1185);(777,1216);(767,1230);(753,1234)"> </DL_ZONE>
			<DL_ZONE gedi_type="LineDrawingRegion" id="104" polygon="(899,1252);(893,1157);(913,1084);(953,1076);(984,1126);(980,1260);(937,1297);(915,1295)"> </DL_ZONE>
			<DL_ZONE gedi_type="LineDrawingRegion" id="105" polygon="(963,1250);(955,1246);(996,1165);(974,1088);(990,1082);(1008,1141);(1055,1092);(1063,1104);(1022,1165);(1051,1260);(1032,1260);(1006,1189)"> </DL_ZONE>
			<DL_ZONE gedi_type="LineDrawingRegion" id="106" polygon="(1057,1361);(1026,1288);(1012,1303);(1010,1262);(1038,1268);(1085,1400);(1067,1402)"> </DL_ZONE>
			<DL_ZONE gedi_type="LineDrawingRegion" id="107" polygon="(1049,766);(1024,671);(1053,608);(1075,608);(1103,620);(1115,711);(1093,772)"> </DL_ZONE>
			<DL_ZONE gedi_type="LineDrawingRegion" id="108" polygon="(1186,750);(1164,695);(1170,614);(1192,594);(1227,608);(1249,655);(1237,726);(1217,750)"> </DL_ZONE>
			<DL_ZONE gedi_type="LineDrawingRegion" id="109" polygon="(731,314);(704,217);(725,110);(763,104);(793,235);(765,325)"> </DL_ZONE>
			<DL_ZONE gedi_type="LineDrawingRegion" id="110" polygon="(858,325);(826,246);(858,124);(878,112);(907,140);(919,264);(889,333)"> </DL_ZONE>
			<DL_ZONE gedi_type="LineDrawingRegion" id="111" polygon="(988,316);(961,237);(968,160);(1014,120);(1038,128);(1061,219);(1030,325);(1016,333)"> </DL_ZONE>
			<DL_ZONE gedi_type="LineDrawingRegion" id="112" polygon="(1119,306);(1097,221);(1103,142);(1158,126);(1182,181);(1172,276);(1158,308)"> </DL_ZONE>
			<DL_ZONE gedi_type="TableRegion" id="131" col="85" row="102" width="1179" height="2123"> </DL_ZONE>
			<DL_ZONE gedi_type="NoiseRegion" id="132" col="1" row="0" width="12" height="1479"> </DL_ZONE>
			<DL_ZONE gedi_type="NoiseRegion" id="133" col="1637" row="0" width="13" height="2328"> </DL_ZONE>
			<DL_ZONE gedi_type="NoiseRegion" id="134" col="49" row="1615" width="17" height="19"> </DL_ZONE>
			<DL_ZONE gedi_type="TextRegion" id="135" col="732" row="1119" width="16" height="63" contents="-" script="typed" language="french"> </DL_ZONE>
			<DL_ZONE gedi_type="TextRegion" id="136" col="404" row="879" width="18" height="71" contents="-" script="typed" language="french"> </DL_ZONE>
			<DL_ZONE gedi_type="TextRegion" id="137" col="402" row="645" width="19" height="62" contents="-" script="typed" language="french"> </DL_ZONE>
			<DL_ZONE gedi_type="TextRegion" id="138" col="406" row="405" width="18" height="64" contents="-" script="typed" language="french"> </DL_ZONE>
			<DL_ZONE gedi_type="TextRegion" id="139" col="402" row="1118" width="19" height="72" contents="-" script="typed" language="french"> </DL_ZONE>
		</DL_PAGE>
	</DL_DOCUMENT>
</GEDI>