<?xml version="1.0" encoding="UTF-8"?>
<!--GEDI was developed at Language and Media Processing Laboratory, University of Maryland.-->

<GEDI xmlns="http://lamp.cfar.umd.edu/media/projects/GEDI/" GEDI_version="2.3" GEDI_date="01/21/2010">
	<USER name="MDR-P8" date="2/12/2013 14:58" dateFormat="mm/dd/yyyy hh:mm">	</USER>
	<USER name="MDR-R3" date="11/20/2012 13:25" dateFormat="mm/dd/yyyy hh:mm">	</USER>
	<USER name="MDR-R8" date="2/26/2013 16:56" dateFormat="mm/dd/yyyy hh:mm">	</USER>
	<USER name="MDR_P1" date="2/25/2013 10:16" dateFormat="mm/dd/yyyy hh:mm">	</USER>
	<USER name="MDR_R8" date="11/21/2012 8:50" dateFormat="mm/dd/yyyy hh:mm">	</USER>
	<USER name="Taoudi" date="11/21/2012 12:41" dateFormat="mm/dd/yyyy hh:mm">	</USER>
	<DL_DOCUMENT src="JMJCLS.tif" docTag="xml" NrOfPages="1">
		<DL_PAGE gedi_type="DL_PAGE" src="JMJCLS.tif" pageID="1" width="2338" height="1700" Language_2="" Document_Date="" Language_4="" Receiver_Name="" Language_3="" Receiver_Company="" Receiver_Address="" Sender_Company="" Sender_Phone="" Receiver_Fax="" Document_Location="" Receiver_Phone="" Sender_Address="" Sender_Fax="" Category="C3" Document_Object="بطاقة تهنئة بعيد الأم" Sender_Name="غالب الصواف" Language_1="arabic" NumPage="1" Script_1="hand" Script_2="typed" GEDI_orientation="180">
			<DL_ZONE gedi_type="GraphicRegion" id="1" col="2169" row="42" width="1517" height="2000" function="drawing" orientationD="271.095"> </DL_ZONE>
			<DL_ZONE gedi_type="TextRegion" id="2" col="329" row="693" width="1337" height="525" contents="أمي الحنونة بمناسبة عيد الأم،الذكرى الغالية على قلوبنا،&#10;أتقدم بأحر التهاني ومتمنياتي لك بموفور الصحة وطول&#10;العمر وأن يجعلك الله دائما القلب الحنون والدافئ&#10;ابنك الصواف غالب" script="hand" function_1="text_section" language="arabic"> </DL_ZONE>
			<DL_ZONE gedi_type="TextRegion" id="3" polygon="(770,1378);(575,1407);(321,1426);(316,1248);(434,1218);(948,1216);(951,1278)" contents="أمي الحنونه .." script="typed" function_1="title" language="arabic"> </DL_ZONE>
			<DL_ZONE gedi_type="NoiseRegion" id="5" col="4" row="996" width="16" height="681"> </DL_ZONE>
		</DL_PAGE>
	</DL_DOCUMENT>
</GEDI>