<?xml version="1.0" encoding="UTF-8"?>
<!--GEDI was developed at Language and Media Processing Laboratory, University of Maryland.-->

<GEDI xmlns="http://lamp.cfar.umd.edu/media/projects/GEDI/" GEDI_version="2.3.19" GEDI_date="12/23/2011">
	<USER name="MDR-P4" date="2/25/2013 17:43" dateFormat="mm/dd/yyyy hh:mm">	</USER>
	<USER name="MDR-P6" date="1/29/2013 15:01" dateFormat="mm/dd/yyyy hh:mm">	</USER>
	<USER name="MDR_P1" date="1/3/2013 12:34" dateFormat="mm/dd/yyyy hh:mm">	</USER>
	<DL_DOCUMENT src="JQAPZJ.tif" docTag="xml" NrOfPages="1">
		<DL_PAGE gedi_type="DL_PAGE" src="JQAPZJ.tif" pageID="1" width="1651" height="2335" Language_2="" Sender_Name="" Receiver_Name="" Language_4="" Document_Date="" Language_3="" Receiver_Company="" Receiver_Address="" Sender_Company="" Sender_Phone="" Script_2="" Receiver_Fax="" Document_Location="" Sender_Address="" Receiver_Phone="" Sender_Fax="" Category="C2" Language_1="english" NumPage="1" Script_1="typed" Document_Object="LEAFLET : UNDERSTAND ANONYMITY">
			<DL_ZONE gedi_type="GraphicRegion" id="1" col="579" row="623" width="461" height="1083" function="drawing"> </DL_ZONE>
			<DL_ZONE gedi_type="TextRegion" id="2" col="661" row="700" width="355" height="128" contents="UNDERSTANDING&#10;ANONYMITY" script="typed" function_2="object" function_1="title" language="english"> </DL_ZONE>
			<DL_ZONE gedi_type="TextRegion" id="4" col="658" row="871" width="325" height="20" contents="The ¤* C***** Service C*************** ******¤" script="typed" language="english"> </DL_ZONE>
			<DL_ZONE gedi_type="TextRegion" id="7" col="646" row="943" width="341" height="206" contents="&quot;ANONYMITY IS THE&#10;SPIRITUAL FOUNDATION OF&#10;ALL OUR TRADITIONS, EVER&#10;REMINDING  US TO PLACE&#10;PRINCIPLES BEFORE&#10;PERSONALITIES.&quot;" script="typed" function_1="text_section" language="english"> </DL_ZONE>
			<DL_ZONE gedi_type="TextRegion" id="9" col="694" row="1627" width="146" height="51" contents="unity" script="typed" language="english"> </DL_ZONE>
			<DL_ZONE gedi_type="NoiseRegion" id="10" col="1624" row="2" width="22" height="2332"> </DL_ZONE>
			<DL_ZONE gedi_type="NoiseRegion" id="11" col="2" row="1454" width="1622" height="28"> </DL_ZONE>
		</DL_PAGE>
	</DL_DOCUMENT>
</GEDI>