<?xml version="1.0" encoding="UTF-8"?>
<!--GEDI was developed at Language and Media Processing Laboratory, University of Maryland.-->

<GEDI xmlns="http://lamp.cfar.umd.edu/media/projects/GEDI/" GEDI_version="2.3.19" GEDI_date="12/23/2011">
	<USER name="MDR-P6" date="5/28/2013 9:24" dateFormat="mm/dd/yyyy hh:mm">	</USER>
	<USER name="MDR-P8" date="10/31/2012 12:29" dateFormat="mm/dd/yyyy hh:mm">	</USER>
	<USER name="Mdr-P5" date="8/13/2012 18:32" dateFormat="mm/dd/yyyy hh:mm">	</USER>
	<DL_DOCUMENT src="JROJMF.tif" docTag="xml" NrOfPages="2">
		<DL_PAGE gedi_type="DL_PAGE" src="JROJMF.tif" pageID="1" width="825" height="1167" Language_2="" Sender_Name="" Language_4="" Language_3="" Sender_Company="" Sender_Phone="" Receiver_Fax="" Sender_Address="" Receiver_Phone="" Sender_Fax="" Document_Date="10/01/2012" Document_Location="LONDON" Document_Object="MEDIATION AGREEMENT" Category="C2" Language_1="english" Script_1="typed" Script_2="hand" NumPage="2" Receiver_Address="¤{HANOVER HOUSE HANOVER STREET LIVERPOOL L1 3 DZ LIVERPOOL|62 WEIR RD WIMBLEDON}¤" Receiver_Company="¤{BERKELAY CARL|SUN CORPORATION}¤" Receiver_Name="¤{Carl BAPTIST|Alvin AMBROSE}¤" GEDI_orientation="180">
			<DL_ZONE gedi_type="TextRegion" id="1" col="280" row="1056" width="255" height="21" contents="MEDIATION AGREEMENT" script="typed" function_2="object" function_1="title" language="english"> </DL_ZONE>
			<DL_ZONE gedi_type="TextRegion" id="2" col="215" row="1010" width="490" height="17" contents="This Mediation Agreement (the “Agreement”) is made and effective 12-1-12" script="typed" language="english"> </DL_ZONE>
			<DL_ZONE gedi_type="TextRegion" id="5" col="94" row="163" width="615" height="833" contents="BETWEEN:&#10;Berkelay Carl&#10;ADDRESS - Hanover house, Hanover Street,&#10;Liverpool L1 3 DZ , LIVERPOOL&#10;(the &quot;First Party&quot;), a corporation organized and existing under the laws of the UK, with its&#10;head office located at: ADDRESS - Hanover house, Hanover Street,&#10;Liverpool L1 3 DZ , LIVERPOOL&#10;AND:&#10;SUN CORPORATION (the &quot;Second Party&quot;), a corporation organized and existing under the&#10;laws of the UK with its head office located at: 62 WEIR RD., WIMBLEDON&#10;Both parties agree to have BRYTHE CLERK administer the mediation of their dispute&#10;concerning:&#10;[IDENTIFY DISPUTE] on the following terms and conditions:&#10;1. MEDIATION PROCEDURES&#10;The mediation shall be held and conducted according to this Mediation Agreement and the&#10;current Mediation Procedures of BILLY SOLICITORS attached and incorporated to this&#10;Agreement.&#10;2. MEDIATOR&#10;The parties agree that BRYTHE CLERK will be the Mediator. The parties recognize that the&#10;Mediators is an independent contractor and not an agent or employee of BILLY&#10;SOLICITORS.&#10;3.MEDIATION FEES&#10;a. The Mediation fee will be USD1700 for a minimum of five hours; an additional fee of&#10;USD200 per HOUR will be charged thereafter, both plus costs. Mediator travel time and&#10;expenses will be charged at Bar Association rates; incidental expenses at cost. The parties&#10;agree to prepay Mediation fees as follows:&#10;USD 850 payable by 1 ST PARTY&#10;USD 850, payable by 2 ND PARTY&#10;And the parties understand that the Mediation Session will not take place until such fees are&#10;prepaid as provided for.&#10;b. Any charges for Mediation Fees in excess of the amount on deposit shall be paid within&#10;seven days in equal proportions or, if agreed otherwise, in such other proportions as the" script="typed" function_2="coordinates" function_1="text_section" language="english"> </DL_ZONE>
			<DL_ZONE gedi_type="SeparatorRegion" id="10" col="104" row="1046" width="606" height="11"> </DL_ZONE>
		</DL_PAGE>
		<DL_PAGE gedi_type="DL_PAGE" src="JROJMF.tif" pageID="2" width="825" height="1167" Language_2="" Sender_Name="" Receiver_Name="" Language_4="" Document_Date="" Language_3="" Receiver_Company="" Receiver_Address="" Sender_Company="" Sender_Phone="" Receiver_Fax="" Document_Location="" Sender_Address="" Receiver_Phone="" Sender_Fax="" Document_Object="" NumPage="2" Script_1="" Script_2="" Language_1="" Category="" GEDI_orientation="180">
			<DL_ZONE gedi_type="TextRegion" id="12" col="95" row="413" width="610" height="664" contents="parties have agreed. The Mediator's expenses and travel time shall be paid in accordance&#10;with BILLY SOLICITORS policy. At the conclusion of the mediation, after deduction of&#10;the administrative fee, the fee for the Mediator's time and the reimbursement of expenses,&#10;any unused prepaid Mediation Fees will be promptly returned to the parties in the&#10;proportions in which they were prepaid.&#10;4. CONSULTING WITH LEGAL ADVISERS&#10;Any party not represented by a legal adviser or in appropriate cases other professional adviser&#10;is advised to consult one before, during and after the Mediation Session and before finalizing&#10;an agreement reached pursuant to the Mediation. The parties recognize that neither BILLY&#10;SOLICITORS nor the Mediator is giving legal advice or acting as a lawyer for any of the&#10;parties or analyzing or protecting any party's legal rights.&#10;5. CONFIDENTIALITY&#10;a. The parties recognize that the Mediation Session is for the purpose of attempting to achieve&#10;a negotiated settlement and as such all information provided during the Mediation Session&#10;is without prejudice and will be inadmissible in any litigation or arbitration of the dispute.&#10;Evidence which is otherwise admissible shall not be rendered inadmissible as a result of&#10;its use in the Mediation Session. The parties will not subpoena or otherwise require&#10;BILLY SOLICITORS or the Mediator or any other person attending the mediation under&#10;the auspices of BILLY SOLICITORS to testify or produce records, notes or any other&#10;information or material whatsoever in any future or continuing proceedings.&#10;b. All document, statements, information and other material produced or given for or during&#10;the Mediation whether in writing or orally, shall be held in confidence by the parties and&#10;shall be used solely for the purposes of the Mediation. At the termination of the Mediation&#10;all such material shall be returned to the originating party or forthwith destroyed at their&#10;option.&#10;6. TERMINATION OF MEDIATION SESSION&#10;Either of the parties or the mediator shall be entitled in their absolute discretion to terminate a&#10;Mediation Session at any time without giving any reason therefore.&#10;IN ¤{WITNESSWHEREOF/WITNESS WHEREOF}¤, each party to this agreement has caused it to be executed at&#10;LONDON on the date indicated below.&#10;DATE 10-1-12" script="typed" function_2="date" function_1="text_section" function_3="location" language="english"> </DL_ZONE>
			<DL_ZONE gedi_type="TextRegion" id="14" col="594" row="375" width="99" height="19" contents="FIRST PARTY" script="typed" language="english"> </DL_ZONE>
			<DL_ZONE gedi_type="TextRegion" id="15" col="125" row="377" width="120" height="15" contents="SECOND PARTY" script="typed" language="english"> </DL_ZONE>
			<DL_ZONE gedi_type="TextRegion" id="16" col="123" row="323" width="135" height="16" contents="AMBROSE ALVIN" script="typed" language="english"> </DL_ZONE>
			<DL_ZONE gedi_type="TextRegion" id="17" col="106" row="300" width="139" height="19" contents="Authorized Signature" script="typed" language="english"> </DL_ZONE>
			<DL_ZONE gedi_type="TextRegion" id="18" col="578" row="320" width="117" height="18" contents="BAPTIST CARL" script="typed" language="english"> </DL_ZONE>
			<DL_ZONE gedi_type="TextRegion" id="19" col="556" row="298" width="137" height="18" contents="Authorized Signature" script="typed" language="english"> </DL_ZONE>
			<DL_ZONE gedi_type="TextRegion" id="20" col="602" row="225" width="92" height="18" contents="Berkelay Carl" script="typed" language="english"> </DL_ZONE>
			<DL_ZONE gedi_type="TextRegion" id="21" col="107" row="227" width="156" height="15" contents="SUN CORPORATION" script="typed" language="english"> </DL_ZONE>
			<DL_ZONE gedi_type="TextRegion" id="22" col="104" row="186" width="135" height="20" contents="Print Name and Title" script="typed" language="english"> </DL_ZONE>
			<DL_ZONE gedi_type="TextRegion" id="23" col="558" row="186" width="133" height="17" contents="Print Name and Title" script="typed" language="english"> </DL_ZONE>
			<DL_ZONE gedi_type="TextRegion" id="24" polygon="(151,408);(152,356);(135,359);(144,404);(147,405)" contents="A" script="hand" language="english"> </DL_ZONE>
			<DL_ZONE gedi_type="TextRegion" id="25" polygon="(229,389);(231,336);(190,355)" contents="Am" script="hand" language="english"> </DL_ZONE>
			<DL_ZONE gedi_type="TextRegion" id="26" polygon="(585,397);(586,350);(570,334);(542,351);(559,378)" contents="Ba" script="hand" language="english"> </DL_ZONE>
			<DL_ZONE gedi_type="GraphicRegion" id="32" function="signature" polygon="(589,401);(590,345);(569,330);(519,350);(534,374)"> </DL_ZONE>
			<DL_ZONE gedi_type="GraphicRegion" id="33" function="signature" polygon="(231,394);(233,333);(87,367);(146,408)"> </DL_ZONE>
			<DL_ZONE gedi_type="Group" id="34" col="509" row="310" width="196" height="101" elements="18;26;32"> </DL_ZONE>
			<DL_ZONE gedi_type="Group" id="35" col="77" row="313" width="191" height="105" elements="16;24;25;33"> </DL_ZONE>
			<DL_ZONE gedi_type="SeparatorRegion" id="37" col="97" row="315" width="599" height="7"> </DL_ZONE>
			<DL_ZONE gedi_type="SeparatorRegion" id="38" col="100" row="239" width="595" height="8"> </DL_ZONE>
			<DL_ZONE gedi_type="SeparatorRegion" id="39" col="97" row="202" width="601" height="9"> </DL_ZONE>
		</DL_PAGE>
	</DL_DOCUMENT>
</GEDI>