<?xml version="1.0" encoding="UTF-8"?>
<!--GEDI was developed at Language and Media Processing Laboratory, University of Maryland.-->

<GEDI xmlns="http://lamp.cfar.umd.edu/media/projects/GEDI/" GEDI_version="2.3.19" GEDI_date="12/23/2011">
	<USER name="MDR-P8" date="2/20/2013 16:05" dateFormat="mm/dd/yyyy hh:mm">	</USER>
	<USER name="MDR-R1" date="1/2/2013 14:09" dateFormat="mm/dd/yyyy hh:mm">	</USER>
	<USER name="MDR-R2" date="2/7/2013 19:10" dateFormat="mm/dd/yyyy hh:mm">	</USER>
	<USER name="MDR-R4" date="1/3/2013 11:22" dateFormat="mm/dd/yyyy hh:mm">	</USER>
	<USER name="MDR-R6" date="1/2/2013 16:20" dateFormat="mm/dd/yyyy hh:mm">	</USER>
	<USER name="MDR_P1" date="2/25/2013 11:26" dateFormat="mm/dd/yyyy hh:mm">	</USER>
	<DL_DOCUMENT src="JWUOFN.tif" docTag="xml" NrOfPages="1">
		<DL_PAGE gedi_type="DL_PAGE" src="JWUOFN.tif" pageID="1" width="2338" height="1700" Sender_Name="" Language_4="" Language_3="" Receiver_Company="" Receiver_Address="" Sender_Phone="" Receiver_Fax="" Sender_Address="" Receiver_Phone="" Sender_Fax="" Category="C2" Document_Location="الرباط" Document_Object="شيك" Language_1="arabic" Language_2="english" NumPage="1" Receiver_Name="عباس حلحول" Script_1="typed" Script_2="hand" Sender_Company="" Document_Date="16/02/2012" GEDI_orientation="180">
			<DL_ZONE gedi_type="TextRegion" id="1" col="858" row="1150" width="231" height="89" contents="سامبا" script="typed" language="arabic"> </DL_ZONE>
			<DL_ZONE gedi_type="TextRegion" id="2" col="1515" row="1179" width="389" height="63" contents="يصرف للمستفيد الأول فقط" script="typed" language="arabic"> </DL_ZONE>
			<DL_ZONE gedi_type="TextRegion" id="3" nextZoneID="10" col="87" row="1155" width="83" height="51" contents="التاريخ" script="typed" language="arabic"> </DL_ZONE>
			<DL_ZONE gedi_type="TextRegion" id="4" nextZoneID="6" col="81" row="1073" width="143" height="37" contents="حرر في مدينة" script="typed" language="arabic"> </DL_ZONE>
			<DL_ZONE gedi_type="TextRegion" id="5" col="418" row="1176" width="58" height="46" contents="16" script="hand" function_1="date" language="arabic"> </DL_ZONE>
			<DL_ZONE gedi_type="TextRegion" id="6" col="249" row="1058" width="169" height="74" contents="الرباط" script="hand" function_1="location" language="arabic"> </DL_ZONE>
			<DL_ZONE gedi_type="TextRegion" id="8" nextZoneID="5" col="338" row="1171" width="20" height="48" contents="/" script="hand" function_1="date" language="arabic"> </DL_ZONE>
			<DL_ZONE gedi_type="TextRegion" id="9" nextZoneID="8" col="380" row="1165" width="22" height="57" contents="/" script="typed" function_1="date" language="arabic"> </DL_ZONE>
			<DL_ZONE gedi_type="TextRegion" id="10" nextZoneID="9" col="211" row="1161" width="121" height="53" contents="2012" script="hand" function_1="date" language="arabic"> </DL_ZONE>
			<DL_ZONE gedi_type="TextRegion" id="11" col="586" row="1164" width="82" height="54" contents="Date" script="typed" language="english"> </DL_ZONE>
			<DL_ZONE gedi_type="TextRegion" id="13" col="511" row="1089" width="157" height="37" contents="Place of issue" script="typed" language="english"> </DL_ZONE>
			<DL_ZONE gedi_type="TextRegion" id="16" nextZoneID="18" col="88" row="865" width="512" height="83" contents="إدفعوا بموجب هذا الشيك لأمر" script="typed" language="arabic"> </DL_ZONE>
			<DL_ZONE gedi_type="TextRegion" id="18" col="719" row="850" width="521" height="115" contents="حلحول عباس" script="hand" language="arabic"> </DL_ZONE>
			<DL_ZONE gedi_type="TextRegion" id="19" col="1146" row="749" width="573" height="97" contents="خمسة وثلاثون الف درهم" script="hand" language="arabic"> </DL_ZONE>
			<DL_ZONE gedi_type="TextRegion" id="20" polygon="(2233,971);(1907,956);(1912,914);(2031,919);(2035,884);(2239,896)" contents="Pay against this cheque&#10;to the order of" script="typed" language="english"> </DL_ZONE>
			<DL_ZONE gedi_type="TextRegion" id="21" col="2035" row="798" width="201" height="41" contents="The amount of" script="typed" language="english"> </DL_ZONE>
			<DL_ZONE gedi_type="TextRegion" id="22" col="98" row="498" width="116" height="45" contents="التوقيع" script="typed" language="arabic"> </DL_ZONE>
			<DL_ZONE gedi_type="GraphicRegion" id="23" function="signature" polygon="(400,510);(355,565);(303,586);(260,565);(258,516);(272,471);(374,490)"> </DL_ZONE>
			<DL_ZONE gedi_type="TextRegion" id="24" col="598" row="512" width="144" height="38" contents="¤Signature¤" script="typed" language="english"> </DL_ZONE>
			<DL_ZONE gedi_type="TextRegion" id="25" col="986" row="512" width="181" height="35" contents="¤لا تكتب تحت هذا الخط¤" script="typed" language="arabic"> </DL_ZONE>
			<DL_ZONE gedi_type="TextRegion" id="26" col="1169" row="518" width="185" height="33" contents="¤Do not write below this line¤" script="typed" language="english"> </DL_ZONE>
			<DL_ZONE gedi_type="GraphicRegion" id="27" function="other" polygon="(667,875);(95,859);(96,739);(668,750)"> </DL_ZONE>
			<DL_ZONE gedi_type="GraphicRegion" id="29" col="170" row="1164" width="416" height="21" function="underlined-field"> </DL_ZONE>
			<DL_ZONE gedi_type="GraphicRegion" id="30" col="231" row="1082" width="275" height="24" function="underlined-field"> </DL_ZONE>
			<DL_ZONE gedi_type="GraphicRegion" id="32" function="underlined-field" polygon="(2027,907);(674,878);(676,859);(2021,888)"> </DL_ZONE>
			<DL_ZONE gedi_type="GraphicRegion" id="33" function="underlined-field" polygon="(2027,817);(1128,794);(1132,773);(2025,796)"> </DL_ZONE>
			<DL_ZONE gedi_type="GraphicRegion" id="34" function="underlined-field" polygon="(2234,733);(752,697);(753,679);(2234,713)"> </DL_ZONE>
			<DL_ZONE gedi_type="SeparatorRegion" id="35" polygon="(2256,547);(68,494);(68,476);(2255,530)"> </DL_ZONE>
			<DL_ZONE gedi_type="NoiseRegion" id="36" col="376" row="544" width="68" height="24"> </DL_ZONE>
			<DL_ZONE gedi_type="NoiseRegion" id="37" col="100" row="539" width="116" height="17"> </DL_ZONE>
			<DL_ZONE gedi_type="NoiseRegion" id="43" col="2308" row="307" width="17" height="645"> </DL_ZONE>
			<DL_ZONE gedi_type="TextRegion" id="49" col="354" row="1172" width="32" height="46" contents="2" script="hand" function_1="date" language="arabic"> </DL_ZONE>
			<DL_ZONE gedi_type="NoiseRegion" id="54" col="2" row="1121" width="11" height="543"> </DL_ZONE>
		</DL_PAGE>
	</DL_DOCUMENT>
</GEDI>