<?xml version="1.0" encoding="UTF-8"?>
<!--GEDI was developed at Language and Media Processing Laboratory, University of Maryland.-->

<GEDI xmlns="http://lamp.cfar.umd.edu/media/projects/GEDI/" GEDI_version="2.3" GEDI_date="01/21/2010">
	<USER name="Asmae" date="10/6/2012 13:25" dateFormat="mm/dd/yyyy hh:mm">	</USER>
	<USER name="MDR-P8" date="2/4/2013 10:36" dateFormat="mm/dd/yyyy hh:mm">	</USER>
	<USER name="MDR-R6" date="2/6/2013 10:47" dateFormat="mm/dd/yyyy hh:mm">	</USER>
	<USER name="Soukaina" date="10/10/2012 9:14" dateFormat="mm/dd/yyyy hh:mm">	</USER>
	<DL_DOCUMENT src="JZXNJL.tif" docTag="xml" NrOfPages="1">
		<DL_PAGE gedi_type="DL_PAGE" src="JZXNJL.tif" pageID="1" width="1700" height="2339" Document_Date="" Language_4="" Receiver_Company="" Receiver_Address="" Sender_Company="" Receiver_Fax="" Document_Location="" Receiver_Phone="" Category="C3" Language_3="" Language_1="arabic" Language_2="french" NumPage="1" Receiver_Name="سهيل بركة" Script_1="hand" Script_2="typed" Sender_Address=" شارع ترفاية - 50000 - مكناس" Sender_Fax="+212(0)5.35.52.54.28" Document_Object="تغيير مقر الشركة" Sender_Name="نزيهة المنير" Sender_Phone="+212(0)5.35.52.88.9X">
			<DL_ZONE gedi_type="TextRegion" id="1" col="348" row="99" width="449" height="123" contents="العنوان: شارع ترفاية - 50000 - مكناس&#10;هاتف:05.35.52.88.9&#10;فاكس: 05.35.52.54.28" script="typed" language="arabic"> </DL_ZONE>
			<DL_ZONE gedi_type="GraphicRegion" id="2" col="935" row="133" width="385" height="255" function="logo"> </DL_ZONE>
			<DL_ZONE gedi_type="TextRegion" id="3" polygon="(786,773);(1314,719);(1324,829);(1349,829);(1396,1158);(1378,1163);(1381,1298);(1417,1302);(1418,1488);(1453,1490);(1453,1594);(1383,1597);(1361,1769);(1265,1765);(1263,1865);(712,1885);(594,1946);(232,1970);(224,1833);(65,1845);(71,1737);(403,1716);(394,1561);(61,1589);(16,1336);(14,1196);(90,1064);(99,953);(519,896);(798,877)" contents="تحية احترام وبعد ،&#10;أتشرف باعلامكم أن سبب التأخير هو عرقلة بعض&#10;المعاملات المصرفية من قبل بنك النماء الذي أملك&#10;حساب لدى أحد وكالاته بمدينة مكناس، هذه العرقلة&#10;راجعة إلى أن البنك لم يأخذ بعين الاعتبار التغييرات&#10;الجديدة المتعلقة بتغيير مقرالشركة من مكناس إلى وجدة&#10;وكذا أرقام الهواتف ، مما أثر معه هذا التماطل على&#10;السير العادي للمعاملات التجارية للشركة.&#10;أرجو سيدي، النظر بجدية في الموضوع، وإبلاغي&#10;بالجديد عما قريب.&#10;والسلام" script="hand" function_1="text_section" language="arabic"> </DL_ZONE>
			<DL_ZONE gedi_type="TextRegion" id="4" col="705" row="481" width="719" height="101" orientationD="1.832" contents="من السيدة المنير نزيهة ." script="hand" language="arabic"> </DL_ZONE>
			<DL_ZONE gedi_type="TextRegion" id="5" col="84" row="635" width="783" height="107" orientationD="0.732" contents="الى السيد المستشار سهيل بركة." script="hand" language="arabic"> </DL_ZONE>
			<DL_ZONE gedi_type="TextRegion" id="6" polygon="(164,2018);(235,2017);(285,2034);(347,2027);(354,2099);(316,2140);(276,2140);(263,2099);(174,2097)" contents="Nazi" script="hand" language="french"> </DL_ZONE>
			<DL_ZONE gedi_type="GraphicRegion" id="7" function="signature" polygon="(153,2008);(241,2010);(310,1976);(326,1994);(315,2009);(369,2005);(397,2027);(368,2081);(357,2104);(317,2150);(270,2154);(257,2111);(169,2107)"> </DL_ZONE>
			<DL_ZONE gedi_type="TextRegion" id="8" col="231" row="2155" width="1205" height="53" contents="almounirnaziha@yahoo.com www.lmouniratlas.com" script="typed" function_1="footer" language="arabic"> </DL_ZONE>
			<DL_ZONE gedi_type="NoiseRegion" id="12" col="1638" row="17" width="56" height="117"> </DL_ZONE>
			<DL_ZONE gedi_type="NoiseRegion" id="13" col="3" row="1" width="39" height="12"> </DL_ZONE>
			<DL_ZONE gedi_type="NoiseRegion" id="14" col="1327" row="371" width="21" height="20"> </DL_ZONE>
			<DL_ZONE gedi_type="NoiseRegion" id="17" col="0" row="1446" width="11" height="438"> </DL_ZONE>
			<DL_ZONE gedi_type="NoiseRegion" id="18" col="1" row="4" width="11" height="615"> </DL_ZONE>
			<DL_ZONE gedi_type="NoiseRegion" id="22" col="1151" row="1680" width="25" height="50"> </DL_ZONE>
		</DL_PAGE>
	</DL_DOCUMENT>
</GEDI>