<?xml version="1.0" encoding="UTF-8"?>
<!--GEDI was developed at Language and Media Processing Laboratory, University of Maryland.-->

<GEDI xmlns="http://lamp.cfar.umd.edu/media/projects/GEDI/" GEDI_version="2.3.19" GEDI_date="12/23/2011">
	<USER name="MDR-P6" date="5/6/2013 16:40" dateFormat="mm/dd/yyyy hh:mm">	</USER>
	<USER name="MDR-R1" date="5/3/2013 15:52" dateFormat="mm/dd/yyyy hh:mm">	</USER>
	<DL_DOCUMENT src="KMBNZA.tif" docTag="xml" NrOfPages="1">
		<DL_PAGE gedi_type="DL_PAGE" src="KMBNZA.tif" pageID="1" width="1651" height="2335" Language_2="" Receiver_Name="" Language_4="" Language_3="" Receiver_Company="" Receiver_Address="" Sender_Company="" Sender_Phone="" Script_2="" Receiver_Fax="" Document_Location="" Sender_Address="" Receiver_Phone="" Sender_Fax="" Category="C2" Document_Date="" Language_1="french" NumPage="1" Script_1="typed" Sender_Name="Anne MICHEL" Document_Object="ARTICLE">
			<DL_ZONE gedi_type="TextRegion" id="1" col="87" row="108" width="690" height="83" contents="Banques : le renvoi en correctionnelle du PDG de la&#10;Société générale ébranle la profession" script="typed" function_1="title" language="french"> </DL_ZONE>
			<DL_ZONE gedi_type="TextRegion" id="2" nextZoneID="3" col="54" row="288" width="745" height="2005" contents="Le PDG de la Société générale, Daniel Bouton, comparaîtra&#10;en 2007 pour « blanchiment aggravé » devant le tribunal&#10;correctionnel, au milieu de 137 autres prévenus, dans l'affaire du&#10;Sentier 2 - du nom du quartier parisien de la confection où a été&#10;organisée, au milieu des années 1990, une vaste escroquerie aux&#10;chèques entre la France et Israël ( Le Monde du 24 juillet).&#10;Pour la première fois depuis l'apparition du délit pénal de&#10;blanchiment en 1996, le président d'une grande banque française&#10;va se retrouver sur le banc des accusés. Il risque, en théorie, dix&#10;ans de prison et 750 000 euros d'amende.&#10;L'annonce, le 20 juillet, du renvoi en correctionnelle de la&#10;Société générale et de son patron - M. Bouton dirige l'entreprise&#10;depuis neuf ans -, a fait l'effet d'une douche froide. Le&#10;parquet avait auparavant requis un non-lieu pour le PDG et son&#10;établissement, jugeant qu'il n'y avait pas eu intention de blanchir.&#10;M. Bouton pensait donc avoir convaincu la justice de sa bonne foi.&#10;Au contraire, la juge d'instruction Xavière Simeoni a estimé&#10;que l'élément moral du blanchiment était « caractérisé ».&#10;Mme Simeoni écrit, dans une ordonnance de renvoi sans&#10;concession pour la banque, que celle-ci avait « connaissance&#10;de la circulation de chèques d'origine frauduleuse » dès 1998 -&#10;notamment, quand un lot de 120 de ces chèques a été découvert -&#10;mais n'a pas pris les « mesures adaptées pour y mettre un ¤{ter me/terme}¤ ».&#10;M. Bouton, poursuit Mme Simeoni, était personnellement « avisé&#10;des opérations frauduleuses », mais a « laissé prospérer le réseau&#10;de blanchiment ». Il « avait pu acquérir [depuis février 1998]&#10;une vue d'ensemble et une connaissance circonstanciée et&#10;documentée de l'existence de ces réseaux ».&#10;Lors du procès attendu en 2007, la Société générale veut&#10;contester l'analyse de la juge. Tout d'abord, sur le terrain&#10;du droit . Selon son point de vue, le délit de blanchiment&#10;ne peut pas être constitué de seules défaillances ou de&#10;négligences dans le système de contrôle, pas plus que l'intention-&#10;nalité ne peut être établie à partir de la simple connaissance de faits.&#10;La Société générale affirme avoir fait son travail pour lutter contre&#10;le blanchiment, notamment, quand elle a, en janvier 2002, sus-&#10;pendu le traitement des chèques remis pour encaissement par les&#10;banques israéliennes, et renforcé ensuite ses dispositifs de contrôle.&#10;Tout le secteur bancaire est ébranlé par le renvoi de M.&#10;Bouton en correctionnelle. « Nous pensions que la loi avait&#10;vocation à sanctionner les cas de complicité de blanchi-&#10;ment, en clair, qu'il fallait que le banquier ait apporté son&#10;concours à un acte de blanchiment pour qu'il soit sanctionné,&#10;déclare un dirigeant de banque, nous découvrons qu'un&#10;banquier peut être poursuivi sans acte positif, pour n'avoir" script="typed" function_1="text_section" language="french"> </DL_ZONE>
			<DL_ZONE gedi_type="TextRegion" id="3" col="822" row="63" width="758" height="2188" contents="pas empêché l'utilisation de sa banque à des fins de blanchiment. »&#10;Selon ce dirigeant, pour éviter d'être mis en cause, les&#10;établissements bancaires vont multiplier leurs déclarations de&#10;soupçons à Tracfin, l'organisme chargé de lutter contre le blanchi-&#10;ment en France. Ce dernier en reçoit aujourd'hui 10 000 à l'année.&#10;D'autres banquiers en appellent aux pouvoirs publics . « Ne&#10;soyons pas hypocrites ! Cela fait des décennies qu'en France&#10;les chèques [il en circule 4 milliards par an] ne sont plus&#10;systématiquement contrôlés », s'emporte l'un d'entre eux. « Si&#10;l'on juge le risque trop grand, alors rouvrons le débat avec les&#10;pouvoirs publics ! », ajoute-t-il.&#10;Un autre suggère d'encadrer plus strictement la fonction de&#10;« banque correspondante » en France pour des établissements&#10;étrangers, une activité qui comporte « des risques importants »,&#10;estime-t-il : « Tout le monde sait qu'on n'a quasiment aucune&#10;chance de détecter une opération de blanchiment quand, dans le&#10;cadre de cette activité, on présente à l'encaissement, en France,&#10;pour le compte de banques étrangères, des chèques tirés sur&#10;divers établissements français. On n'en connaît ni&#10;l'émetteur ni le bénéficiaire. »&#10;Il se trouve cependant des voix pour estimer que l'affaire du Sentier&#10;2 aura un effet vertueux : renforcer la lutte antiblanchiment.&#10;Marie-Agnès Nicolet, associée du cabinet Audisoft consultants,&#10;estime ainsi que « les contrôles qui se mettent largement en place&#10;dans les banques depuis trois ans, vont s'en trouver renforcés ». &#10;L'obligation faite aux établissements financiers, depuis janvier&#10;2006, de posséder un responsable de la « conformité » [notamment&#10;aux lois antiblanchiment] constitue déjà, selon Mme Nicolet, un&#10;progrès capital.&#10;Pour Edouard de Lamaze, avocat fondateur du cabinet Carbonnier&#10;Lamaze amp ; Rasle, le blanchiment devient « un problème de&#10;citoyenneté ». Avocat de la BRED (groupe Banques populaires)&#10;dans l'affaire du Sentier 2, M. de Lamaze a obtenu un non-lieu pour&#10;son client, en démontrant que la banque a, lors de la découverte&#10;des opérations frauduleuses, instauré « tous les moyens en sa pos-&#10;session pour faire face à cette délinquance financière intellige nte ».&#10;Il sort de ce dossier avec le sentiment qu'une prise de conscience&#10;générale doit s'opérer : « Il appartient aux dirigeants des&#10;banques d'organiser les procédures de détection des opérations&#10;frauduleuses les plus rigoureuses, estime M. de Lamaze, et de&#10;faire en sorte que chaque individu dans son établissement se&#10;sente concerné. »&#10;Anne Michel" script="typed" function_1="text_section" language="french"> </DL_ZONE>
			<DL_ZONE gedi_type="GraphicRegion" id="4" col="58" row="62" width="741" height="214" function="other"> </DL_ZONE>
		</DL_PAGE>
	</DL_DOCUMENT>
</GEDI>