<?xml version="1.0" encoding="UTF-8"?>
<!--GEDI was developed at Language and Media Processing Laboratory, University of Maryland.-->

<GEDI xmlns="http://lamp.cfar.umd.edu/media/projects/GEDI/" GEDI_version="2.3.19" GEDI_date="12/23/2011">
	<USER name="MDR-P4" date="11/30/2012 14:56" dateFormat="mm/dd/yyyy hh:mm">	</USER>
	<USER name="MDR-P8" date="5/28/2013 12:58" dateFormat="mm/dd/yyyy hh:mm">	</USER>
	<USER name="Mdr-P5" date="11/27/2012 9:40" dateFormat="mm/dd/yyyy hh:mm">	</USER>
	<DL_DOCUMENT src="KQOFPA.tif" docTag="xml" NrOfPages="1">
		<DL_PAGE gedi_type="DL_PAGE" src="KQOFPA.tif" pageID="1" width="826" height="1169" Language_2="" Receiver_Name="" Language_4="" Document_Date="" Language_3="" Receiver_Company="" Receiver_Address="" Sender_Company="" Sender_Phone="" Script_2="" Receiver_Fax="" Document_Location="" Sender_Address="" Receiver_Phone="" Sender_Fax="" Category="C2" Document_Object="ARTICLE" NumPage="1" Script_1="typed" Language_1="english" Sender_Name="Joelle STOLZ" GEDI_orientation="90">
			<DL_ZONE gedi_type="TextRegion" id="1" nextZoneID="3" col="172" row="729" width="611" height="269" contents="When they arrive at the little airport at Warri&#10;in the Nigerian state of Delta, one of Nigeria’s&#10;two oil centres, foreigners traveling from&#10;Lagos have to present their passports to the&#10;immigration oﬃcers as if they were entering&#10;a diﬀerent country. The police automatically&#10;ask what company you work for, because&#10;no-one comes to Warri for pleasure. This&#10;miscellaneous collection of shacks, churches&#10;and red-light bars has always been seen as&#10;the African equivalent of a Wild West frontier&#10;town, with the Westerners as the (black)&#10;gold diggers, three rival ethnic groups as&#10;the Indians and a military governor in the&#10;unenviable position of sheriﬀ.&#10;Everyone knows, though, that the law -&#10;and the wealth - are controlled by the&#10;big Western companies (1) exploiting the&#10;Nigerian hydrocarbon deposits in the Niger&#10;Delta on the federal government’s behalf.&#10;The money for the brand new capital in&#10;Abuja, 500 kilometres to the north, which&#10;has been the seat of government since 1992,&#10;came from the Delta oil industry. But few of&#10;the villagers around Warri have had a chance&#10;to see it on television because most of the&#10;ﬁshing villages still have no electricity, even&#10;though it is 50 years since the drilling ﬁrst&#10;started. At dusk, the only lights visible from&#10;the air in the maze of forests and mangroves&#10;come from the reddish ﬂares burning oﬀ the&#10;gas from the oil wells.&#10;It is the big companies that people turn&#10;to when they want generators for lighting,&#10;jobs for their young people, schools or&#10;dispensaries. Christian Nwachukwu is a Shell&#10;manager based in Port Harcourt. He says&#10;that the Anglo-Dutch company (2), which&#10;alone extracts half Nigeria’s gross production,&#10;had to pay out around $30m last year on&#10;development projects for communities in the&#10;oil regions.&#10;But these ”voluntary” contributions have not&#10;been enough to buy social stability. In the last&#10;six months piracy and hostage-taking have&#10;escalated and become more organised. On&#10;6 October 1998 commandos of young Ijaws&#10;(the majority ethnic group in the Delta) took&#10;over 20 oil pumping stations and occupied&#10;them for several weeks. National production&#10;of crude oil - over 2 million barrels a day&#10;- dropped by 15% to 25% at the height&#10;of the ﬁghting between the Ijaws and their&#10;rivals the Itsekiris, and a curfew had to be" script="typed" function_1="text_section" language="english"> </DL_ZONE>
			<DL_ZONE gedi_type="TextRegion" id="2" col="202" row="473" width="70" height="214" contents="Nigeria in need of a&#10;miracle" script="typed" function_1="title" language="english"> </DL_ZONE>
			<DL_ZONE gedi_type="TextRegion" id="3" nextZoneID="4" col="303" row="447" width="446" height="268" contents="imposed in Warri. The young militants often&#10;use automatic weapons and high-speed boats&#10;for their raids. They are getting bolder all the&#10;time, seizing river barges and even helicopters,&#10;and demanding ransoms of several thousand&#10;dollars for their return. No-one knows how&#10;much the American company Texaco paid&#10;out for the release of eight hostages (seven of&#10;them expatriates) seized at sea last November&#10;on a platform 20 kilometres oﬀshore.&#10;International investors and the government&#10;are worried about this change of tactics.&#10;According to a long-term French resident&#10;in Nigeria, the gangs used to be illiterate,&#10;sometimes high on drugs, and knew nothing&#10;about oil installations. ”But now they know&#10;which lever to pull to stop production&#10;without causing too much damage - they’ve&#10;obviously had training”. A British oil worker&#10;with experience of attacks on structures in&#10;Colombia fears a similar situation developing&#10;in the Delta, where the multinationals are&#10;already being forced to negotiate with would-&#10;be ”warlords”. Olisa Akpakoba, a Lagos civil&#10;rights lawyer, says that the oil companies&#10;”would not be too unhappy if the southeast&#10;and the Delta were to secede”. It would&#10;save them having to deal with the federal&#10;government, which levies heavy royalties but&#10;is incapable of administering its territory&#10;properly. Fierce battle over oil&#10;Behind the problems aﬀecting the federal&#10;state, a ﬁerce battle is developing for control&#10;of the oil and changes in the structures of&#10;the joint ventures operating in Nigeria (3).&#10;The present military government is proposing&#10;”alternative” ﬁnancing - more privatisation,&#10;which would beneﬁt the foreign partners who&#10;are the only ones capable of meeting the" script="typed" function_1="text_section" language="english"> </DL_ZONE>
			<DL_ZONE gedi_type="TextRegion" id="4" col="173" row="163" width="521" height="270" contents="oil industry’s enormous needs. The young&#10;militants want at least 40% of the shares&#10;allocated to local communities, making them&#10;”full shareholders in the oil industry”.&#10;The current unrest is being stirred up&#10;by the Ijaws, the country’s fourth largest&#10;ethnic group, with between six and eight&#10;million people living in eight states in the&#10;south of the country. They are trying to&#10;organise themselves in the Federation of Izon&#10;(Ijaw) Communities of the Niger Delta, the&#10;Movement for the Survival of the Ijaw Ethnic&#10;Nationalities (Mosiend) and the Niger Delta&#10;Volunteer Force (NDVF), a militia set up by&#10;a rebel oﬃcer, Major Isaac Boro, in 1966.&#10;The Ijaws are in dispute with the federal&#10;government. Trained by Ibos when Biafra&#10;seceded in 1967, like other ethnic minorities&#10;they soon chose to side with the federal&#10;government and oﬀer the troops from Lagos&#10;the beneﬁt of their local knowledge. After&#10;declaring a short-lived ”Delta republic”, Major&#10;Boro narrowly escaped execution and was&#10;given the job of setting up amphibious units.&#10;In exchange he was promised that three&#10;states would be set up with an Ijaw majority.&#10;Towards the end of the civil war he died&#10;in mysterious circumstances - the young&#10;militants now claim he was killed by the&#10;federal authorities.&#10;Once peace was restored the promises were&#10;forgotten. The minorities in the Delta were&#10;hoping at least to proﬁt from the oil boom&#10;in the 1970s even if they could not win&#10;political recognition, but again they were&#10;disappointed. In 1978 General Olusegun&#10;Obasanjo, then Nigeria’s military ruler (now&#10;its civilian president-elect), issued a decree&#10;giving the federal government exclusive rights&#10;to underground and oﬀshore resources on&#10;condition it then allowed the rest of the&#10;country to beneﬁt from them through a&#10;complex redistribution arrangement which is&#10;one of the most original features of Nigerian&#10;federalism (4).&#10;By Jo lle Stolz" script="typed" function_1="text_section" language="english"> </DL_ZONE>
		</DL_PAGE>
	</DL_DOCUMENT>
</GEDI>