<?xml version="1.0" encoding="UTF-8"?>
<!--GEDI was developed at Language and Media Processing Laboratory, University of Maryland.-->

<GEDI xmlns="http://lamp.cfar.umd.edu/media/projects/GEDI/" GEDI_version="2.3.19" GEDI_date="12/23/2011">
	<USER name="MDR-P4" date="4/15/2013 18:31" dateFormat="mm/dd/yyyy hh:mm">	</USER>
	<USER name="Mdr-P5" date="5/30/2013 11:19" dateFormat="mm/dd/yyyy hh:mm">	</USER>
	<DL_DOCUMENT src="KYRLDR.tif" docTag="xml" NrOfPages="2">
		<DL_PAGE gedi_type="DL_PAGE" src="KYRLDR.tif" pageID="1" width="1240" height="1754" Language_2="" Language_4="" Language_3="" Receiver_Company="" Receiver_Address="" Sender_Company="" Sender_Phone="" Script_2="" Document_Location="" Receiver_Phone="" Sender_Address="" Category="C4" Document_Date="05/03/XXXX" Document_Object="DATE DE REUNION" Language_1="french" NumPage="2" Script_1="typed" Receiver_Name="¤{Virginie|Nadine LERAY}¤" Receiver_Fax="+33(0)3.81.56.40.40" Sender_Name="Charlotte MULLER" Sender_Fax="+33(0)3.84.56.20.20">
			<DL_ZONE gedi_type="TextRegion" id="2" col="296" row="620" width="790" height="642" contents="Destinataire – Virginie (Accueil Montbéliard) et&#10;Nadine LERAY (Ass. DRH/DAF)&#10;N du télécopieur – 03.81.56.40.40&#10;Expéditeur – Charlotte MULLER (Ass. Direction)&#10;N du télécopieur – 03.84.56.20.20&#10;Date – Mardi 05 Mars&#10;Objet – Réunion de début d'année - point sur besoins en recrutement projet de&#10;l'année et point finances&#10;Nombre de pages - 2&#10;Commentaires&#10;Virginie,&#10;Tu trouveras en page 2 la fiche de réservation de salle complétée et les&#10;recommandations pour le meeting de début d'année&#10;qui se tiendra au siège (Montbéliard) le mardi 05 Mars 2013.&#10;Merci,&#10;Charlotte MULLER – Ass. Dir." script="typed" function_2="object" function_1="date" function_3="text_section" language="french"> </DL_ZONE>
			<DL_ZONE gedi_type="GraphicRegion" id="3" col="161" row="184" width="1067" height="1328" function="drawing"> </DL_ZONE>
			<DL_ZONE gedi_type="TextRegion" id="4" col="340" row="480" width="729" height="94" contents="TÉLÉCOPIE" script="typed" function_1="title" language="french"> </DL_ZONE>
			<DL_ZONE gedi_type="TextRegion" id="6" col="1078" row="1282" width="42" height="32" contents="1/2" script="typed" function_1="footer" language="french"> </DL_ZONE>
		</DL_PAGE>
		<DL_PAGE gedi_type="DL_PAGE" src="KYRLDR.tif" pageID="2" width="1240" height="1754" Language_2="" Sender_Name="" Language_1="" Document_Date="" Language_4="" Receiver_Name="" Language_3="" Receiver_Company="" Receiver_Address="" Sender_Company="" Script_1="" Sender_Phone="" Category="" Receiver_Fax="" Script_2="" Document_Location="" Receiver_Phone="" Sender_Address="" Sender_Fax="" Document_Object="" NumPage="2">
			<DL_ZONE gedi_type="TextRegion" id="7" col="298" row="430" width="778" height="122" contents="FICHE DE RESERVATION DE&#10;[X] SALLE  [ ] BOX max. 2 pers. [ ] SALLE CLOISONNEE 3 à 5 pers.&#10;(envoi par fax)" script="typed" function_1="title" language="french"> </DL_ZONE>
			<DL_ZONE gedi_type="TextRegion" id="9" col="278" row="568" width="778" height="640" contents="DATE  – Mardi 12 ¤{Fèv./Fév.}¤ 2013&#10;AMPLITUDE HORAIRE – de 9h à 16h&#10;NMB DE PARTICIPANTS –  7&#10;NOTER l'endroit souhaité SALLE « CHÂTEAU MONTBELIARD » ou&#10;SALLE « HALLES DE MONTBELIARD »&#10;MATERIEL REQUIS [  ]Accès Conf. Call [   ] PC portable&#10;[  ] BARCO [X] Vidéo Projecteur&#10;[  ] Autres, précisez&#10;MISE A DISPO [X] Bouteilles D'eau&#10;[X] Thermos Café&#10;[   ] Thermos Thé&#10;[   ] Autres, précisez&#10;DEJEUNES A COMMANDER [X]&#10;RECOMMANDATION(S) PARTICULIERERE(S):&#10;Prévoir  7 plateaux repas à commander chez AUX COMESTIBLES&#10;[03.84.21.08.45] 7  MENUS CAMPAGNARDS.&#10;Les faire monter en salle directement le jour de la réunion." script="typed" language="french"> </DL_ZONE>
			<DL_ZONE gedi_type="TextRegion" id="11" col="1062" row="1204" width="44" height="28" contents="2/2" script="typed" function_1="footer" language="french"> </DL_ZONE>
			<DL_ZONE gedi_type="GraphicRegion" id="12" col="140" row="170" width="1078" height="1314" function="drawing"> </DL_ZONE>
			<DL_ZONE gedi_type="GraphicRegion" id="16" col="732" row="904" width="169" height="10" function="underlined-field"> </DL_ZONE>
			<DL_ZONE gedi_type="GraphicRegion" id="17" col="675" row="1021" width="183" height="11" function="underlined-field"> </DL_ZONE>
		</DL_PAGE>
	</DL_DOCUMENT>
</GEDI>