<?xml version="1.0" encoding="UTF-8"?>
<!--GEDI was developed at Language and Media Processing Laboratory, University of Maryland.-->

<GEDI xmlns="http://lamp.cfar.umd.edu/media/projects/GEDI/" GEDI_version="2.3.19" GEDI_date="12/23/2011">
	<USER name="MDR-P6" date="5/29/2013 10:40" dateFormat="mm/dd/yyyy hh:mm">	</USER>
	<USER name="MDR-P8" date="8/16/2012 10:53" dateFormat="mm/dd/yyyy hh:mm">	</USER>
	<USER name="Nataly" date="7/31/2012 9:35" dateFormat="mm/dd/yyyy hh:mm">	</USER>
	<DL_DOCUMENT src="KZYHMP.tif" docTag="xml" NrOfPages="2">
		<DL_PAGE gedi_type="DL_PAGE" src="KZYHMP.tif" pageID="1" width="1651" height="2335" Language_4="" Receiver_Name="" Language_3="" Receiver_Company="" Receiver_Address="" Sender_Company="" Receiver_Fax="" Document_Location="" Receiver_Phone="" Sender_Fax="" Category="C1" Document_Date="05/05/2012" Document_Object="CERTIFICAT VÉTÉRINAIRE" Language_1="french" NumPage="2" Script_1="typed" Script_2="hand" Sender_Phone="+33(0)4.09.16.80.14" Sender_Address="3, CHEMIN DE LUBES, 13670 VERQUIERES" Language_2="english" Sender_Name="Henry SABET">
			<DL_ZONE gedi_type="TextRegion" id="2" col="396" row="226" width="934" height="171" contents="CERTIFICAT VÉTÉRINAIRE&#10;POUR LES CHIENS, CHATS ET FURETS DOMESTIQUES INTRODUITS DANS LA&#10;COMMUNAUTÉ EUROPÉENNE&#10;À DES FINS DE MOUVEMENTS NON COMMERCIAUX&#10;(Règlement (CE) n° 998/2003)" script="typed" function_2="object" function_1="title" function_3="reference" language="french"> </DL_ZONE>
			<DL_ZONE gedi_type="TextRegion" id="3" nextZoneID="4" col="273" row="481" width="325" height="36" contents="PAYS d'expédition de l’animal" script="typed" language="french"> </DL_ZONE>
			<DL_ZONE gedi_type="TextRegion" id="4" col="980" row="486" width="128" height="28" contents="Irlande" script="hand" language="french"> </DL_ZONE>
			<DL_ZONE gedi_type="TextRegion" id="5" nextZoneID="6" col="267" row="550" width="313" height="30" contents="Numéro d’ordre du certificat" script="typed" language="french"> </DL_ZONE>
			<DL_ZONE gedi_type="TextRegion" id="6" col="978" row="552" width="248" height="27" contents="125 837 712 004" script="hand" function_1="reference" language="french"> </DL_ZONE>
			<DL_ZONE gedi_type="TextRegion" id="7" col="269" row="625" width="906" height="28" contents="I. PROPRIÉTAIRE/PERSONNE RESPONSABLE, ACCOMPAGNANT L’ANIMAL" script="typed" language="french"> </DL_ZONE>
			<DL_ZONE gedi_type="TextRegion" id="8" col="270" row="658" width="557" height="22" contents="OWNER/RESPONSIBLE PERSON ACCOMPANYING THE ANIMAL" script="typed" language="english"> </DL_ZONE>
			<DL_ZONE gedi_type="TextRegion" id="9" nextZoneID="217" col="270" row="682" width="84" height="26" contents="Prénom" script="typed" language="french"> </DL_ZONE>
			<DL_ZONE gedi_type="TextRegion" id="10" col="262" row="710" width="92" height="26" contents="Adresse" script="typed" language="french"> </DL_ZONE>
			<DL_ZONE gedi_type="TextRegion" id="11" nextZoneID="12" col="884" row="680" width="52" height="26" contents="Nom" script="typed" language="french"> </DL_ZONE>
			<DL_ZONE gedi_type="TextRegion" id="12" col="1026" row="681" width="134" height="29" contents="LEVEQUE" script="hand" language="french"> </DL_ZONE>
			<DL_ZONE gedi_type="TextRegion" id="13" col="450" row="702" width="544" height="32" contents="4 . LOT LA SOURCE, 13670 VERQUIERES" script="hand" language="french"> </DL_ZONE>
			<DL_ZONE gedi_type="TextRegion" id="14" nextZoneID="92" col="271" row="770" width="122" height="24" contents="Code postal" script="typed" language="french"> </DL_ZONE>
			<DL_ZONE gedi_type="TextRegion" id="15" col="599" row="482" width="299" height="34" contents="COUNTRY of dispatch of the animal:" script="typed" language="english"> </DL_ZONE>
			<DL_ZONE gedi_type="TextRegion" id="16" nextZoneID="104" col="886" row="768" width="51" height="25" contents="Ville" script="typed" language="french"> </DL_ZONE>
			<DL_ZONE gedi_type="TextRegion" id="17" col="938" row="772" width="43" height="24" contents="City:" script="typed" language="english"> </DL_ZONE>
			<DL_ZONE gedi_type="TextRegion" id="18" col="269" row="855" width="381" height="29" contents="II. DESCRIPTION DE L’ANIMAL" script="typed" language="french"> </DL_ZONE>
			<DL_ZONE gedi_type="TextRegion" id="19" col="650" row="855" width="285" height="27" contents="DESCRIPTION OF THE ANIMAL" script="typed" language="english"> </DL_ZONE>
			<DL_ZONE gedi_type="TextRegion" id="20" nextZoneID="24" col="272" row="887" width="76" height="24" contents="Espèce" script="typed" language="french"> </DL_ZONE>
			<DL_ZONE gedi_type="TextRegion" id="21" col="347" row="886" width="78" height="25" contents="Species:" script="typed" language="english"> </DL_ZONE>
			<DL_ZONE gedi_type="TextRegion" id="22" nextZoneID="25" col="271" row="913" width="53" height="32" contents="Sexe" script="typed" language="french"> </DL_ZONE>
			<DL_ZONE gedi_type="TextRegion" id="23" col="325" row="916" width="42" height="25" contents="Sex:" script="typed" language="english"> </DL_ZONE>
			<DL_ZONE gedi_type="TextRegion" id="24" col="438" row="879" width="93" height="28" contents="CHIEN" script="hand" language="french"> </DL_ZONE>
			<DL_ZONE gedi_type="TextRegion" id="25" col="383" row="914" width="68" height="25" contents="MALE" script="hand" language="french"> </DL_ZONE>
			<DL_ZONE gedi_type="TextRegion" id="26" nextZoneID="28" col="885" row="884" width="55" height="26" contents="Race" script="typed" language="french"> </DL_ZONE>
			<DL_ZONE gedi_type="TextRegion" id="27" col="941" row="886" width="56" height="24" contents="Breed:" script="typed" language="english"> </DL_ZONE>
			<DL_ZONE gedi_type="TextRegion" id="28" col="1013" row="882" width="189" height="24" contents="FOX TERRIER" script="hand" language="french"> </DL_ZONE>
			<DL_ZONE gedi_type="TextRegion" id="30" col="575" row="947" width="151" height="23" contents="13/05/2001" script="hand" language="french"> </DL_ZONE>
			<DL_ZONE gedi_type="TextRegion" id="31" col="450" row="948" width="116" height="21" contents="Date of birth:" script="typed" language="english"> </DL_ZONE>
			<DL_ZONE gedi_type="TextRegion" id="32" nextZoneID="30" col="272" row="945" width="174" height="23" contents="Date de naissance" script="typed" language="french"> </DL_ZONE>
			<DL_ZONE gedi_type="TextRegion" id="33" col="268" row="998" width="428" height="26" contents="III. IDENTIFICATION DE L’ANIMAL" script="typed" language="french"> </DL_ZONE>
			<DL_ZONE gedi_type="TextRegion" id="34" col="697" row="1000" width="309" height="28" contents="IDENTIFICATION OF THE ANIMAL" script="typed" language="english"> </DL_ZONE>
			<DL_ZONE gedi_type="TextRegion" id="35" nextZoneID="37" col="268" row="1028" width="294" height="28" contents="Numéro de puce électronique" script="typed" language="french"> </DL_ZONE>
			<DL_ZONE gedi_type="TextRegion" id="36" col="563" row="1031" width="167" height="29" contents="Microchip Number:" script="typed" language="english"> </DL_ZONE>
			<DL_ZONE gedi_type="TextRegion" id="37" col="734" row="1026" width="328" height="28" contents="123 456 389 092 227" script="hand" function_1="reference" language="french"> </DL_ZONE>
			<DL_ZONE gedi_type="TextRegion" id="38" nextZoneID="105" col="272" row="1058" width="364" height="28" contents="Emplacement de la puce électronique" script="typed" language="french"> </DL_ZONE>
			<DL_ZONE gedi_type="TextRegion" id="39" col="639" row="1060" width="199" height="28" contents="Location of Microchip:" script="typed" language="english"> </DL_ZONE>
			<DL_ZONE gedi_type="TextRegion" id="40" nextZoneID="106" col="879" row="1059" width="441" height="27" contents="Date d’implantation de la puce électronique" script="typed" language="french"> </DL_ZONE>
			<DL_ZONE gedi_type="TextRegion" id="41" nextZoneID="94" col="883" row="1117" width="171" height="29" contents="Date de tatouage" script="typed" language="french"> </DL_ZONE>
			<DL_ZONE gedi_type="TextRegion" id="42" col="1052" row="1120" width="160" height="22" contents="Date of Tattooing:" script="typed" language="english"> </DL_ZONE>
			<DL_ZONE gedi_type="TextRegion" id="43" nextZoneID="93" col="268" row="1119" width="204" height="27" contents="Numéro de tatouage" script="typed" language="french"> </DL_ZONE>
			<DL_ZONE gedi_type="TextRegion" id="44" col="477" row="1119" width="133" height="25" contents="Tattoo Number:" script="typed" language="english"> </DL_ZONE>
			<DL_ZONE gedi_type="TextRegion" id="45" col="268" row="1198" width="406" height="32" contents="IV. VACCINATION ANTIRABIQUE" script="typed" language="french"> </DL_ZONE>
			<DL_ZONE gedi_type="TextRegion" id="46" col="675" row="1200" width="289" height="28" contents="VACCINATION AGAINST RABIES" script="typed" language="english"> </DL_ZONE>
			<DL_ZONE gedi_type="TextRegion" id="47" nextZoneID="49" col="267" row="1233" width="352" height="25" contents="Fabricant et désignation du vaccin" script="typed" language="french"> </DL_ZONE>
			<DL_ZONE gedi_type="TextRegion" id="48" col="272" row="1266" width="287" height="24" contents="Manufacturer and name of vaccine:" script="typed" language="english"> </DL_ZONE>
			<DL_ZONE gedi_type="TextRegion" id="49" col="653" row="1228" width="351" height="25" contents="Vaccin RABIQUE PASTEUR" script="hand" language="french"> </DL_ZONE>
			<DL_ZONE gedi_type="TextRegion" id="50" nextZoneID="97" col="271" row="1292" width="149" height="24" contents="Numéro de lot" script="typed" language="french"> </DL_ZONE>
			<DL_ZONE gedi_type="TextRegion" id="51" col="267" row="1323" width="138" height="24" contents="Batch Number:" script="typed" language="english"> </DL_ZONE>
			<DL_ZONE gedi_type="TextRegion" id="52" col="266" row="1372" width="620" height="28" contents="V. TEST SÉROLOGIQUE ANTIRABIQUE (si nécessaire)" script="typed" language="french"> </DL_ZONE>
			<DL_ZONE gedi_type="TextRegion" id="53" col="889" row="1374" width="383" height="26" contents="RABIES SEROLOGICAL TEST (when required)" script="typed" language="english"> </DL_ZONE>
			<DL_ZONE gedi_type="TextRegion" id="54" nextZoneID="229" col="1056" row="1286" width="176" height="30" contents="Valable jusqu’au" script="typed" language="french"> </DL_ZONE>
			<DL_ZONE gedi_type="TextRegion" id="55" col="1058" row="1318" width="100" height="24" contents="Valid until:" script="typed" language="english"> </DL_ZONE>
			<DL_ZONE gedi_type="TextRegion" id="56" nextZoneID="96" col="659" row="1290" width="215" height="24" contents="Date de vaccination" script="typed" language="french"> </DL_ZONE>
			<DL_ZONE gedi_type="TextRegion" id="57" col="663" row="1320" width="151" height="24" contents="Vaccination date:" script="typed" language="english"> </DL_ZONE>
			<DL_ZONE gedi_type="TextRegion" id="59" col="355" row="686" width="104" height="20" contents="First-Name:" script="typed" language="english"> </DL_ZONE>
			<DL_ZONE gedi_type="TextRegion" id="60" col="357" row="712" width="75" height="24" contents="Address:" script="typed" language="english"> </DL_ZONE>
			<DL_ZONE gedi_type="TextRegion" id="61" col="939" row="684" width="81" height="22" contents="Surname:" script="typed" language="english"> </DL_ZONE>
			<DL_ZONE gedi_type="TextRegion" id="62" col="582" row="552" width="258" height="24" contents="Serial Number of the Certificate:" script="typed" language="english"> </DL_ZONE>
			<DL_ZONE gedi_type="TextRegion" id="63" col="394" row="772" width="94" height="22" contents="Post-Code:" script="typed" language="english"> </DL_ZONE>
			<DL_ZONE gedi_type="TextRegion" id="64" nextZoneID="91" col="272" row="798" width="50" height="28" contents="Pays" script="typed" language="french"> </DL_ZONE>
			<DL_ZONE gedi_type="TextRegion" id="65" col="323" row="804" width="81" height="21" contents="Country:" script="typed" language="english"> </DL_ZONE>
			<DL_ZONE gedi_type="TextRegion" id="87" nextZoneID="219" col="882" row="796" width="111" height="30" contents="Téléphone" script="typed" language="french"> </DL_ZONE>
			<DL_ZONE gedi_type="TextRegion" id="88" col="993" row="802" width="97" height="23" contents="Telephone:" script="typed" language="english"> </DL_ZONE>
			<DL_ZONE gedi_type="TextRegion" id="91" col="414" row="799" width="103" height="27" contents="FRANCE" script="hand" language="french"> </DL_ZONE>
			<DL_ZONE gedi_type="TextRegion" id="92" col="492" row="766" width="113" height="28" contents="13670" script="hand" language="french"> </DL_ZONE>
			<DL_ZONE gedi_type="TextRegion" id="93" polygon="(310,1144);(494,1144);(486,1172);(310,1172)" contents="043 595 19 A" script="hand" function_1="reference" language="french"> </DL_ZONE>
			<DL_ZONE gedi_type="TextRegion" id="94" polygon="(916,1144);(1102,1144);(1108,1166);(915,1170)" contents="30/05/2001" script="hand" language="french"> </DL_ZONE>
			<DL_ZONE gedi_type="TextRegion" id="96" polygon="(827,1319);(990,1310);(988,1342);(831,1345)" contents="05/05/2012" script="hand" language="french"> </DL_ZONE>
			<DL_ZONE gedi_type="TextRegion" id="97" polygon="(444,1312);(451,1290);(554,1298);(550,1328);(452,1324)" contents="31678" script="hand" function_1="reference" language="french"> </DL_ZONE>
			<DL_ZONE gedi_type="TextRegion" id="102" polygon="(1036,1734);(810,1736);(808,1760);(1026,1760)" contents="le 05/05/2012" script="hand" function_1="date" language="french"> </DL_ZONE>
			<DL_ZONE gedi_type="TextRegion" id="104" col="996" row="768" width="172" height="26" contents="VERQUIERES" script="hand" language="french"> </DL_ZONE>
			<DL_ZONE gedi_type="TextRegion" id="105" polygon="(332,1096);(342,1086);(510,1080);(506,1102);(336,1113)" contents="Oreille droite" script="hand" language="french"> </DL_ZONE>
			<DL_ZONE gedi_type="TextRegion" id="106" polygon="(1079,1087);(1256,1086);(1260,1092);(1248,1112);(1082,1114)" contents="30/05/2001" script="hand" language="french"> </DL_ZONE>
			<DL_ZONE gedi_type="TextRegion" id="108" polygon="(891,938);(1112,942);(1114,961);(887,967)" contents="BLANC ET MARRON" script="hand" language="french"> </DL_ZONE>
			<DL_ZONE gedi_type="TextRegion" id="110" polygon="(266,1496);(1078,1498);(1448,1498);(1434,1542);(270,1540)" contents="I have seen an official record of the result of a serological test for the animal, carried out on a sample taken on (dd/mm/yyyy) ,and&#10;tested in an EU-approved laboratory, which states that the rabies neutralising antibody titre was equal to or greater than 0.5 IU/ml." script="typed" language="english"> </DL_ZONE>
			<DL_ZONE gedi_type="TextRegion" id="119" col="882" row="1090" width="132" height="26" contents="Microchipping:" script="typed" language="english"> </DL_ZONE>
			<DL_ZONE gedi_type="GraphicRegion" id="121" col="970" row="502" width="472" height="14" function="underlined-field"> </DL_ZONE>
			<DL_ZONE gedi_type="GraphicRegion" id="122" col="970" row="544" width="488" height="46" function="other"> </DL_ZONE>
			<DL_ZONE gedi_type="TextRegion" id="133" col="260" row="1496" width="1172" height="48" contents="I have seen an official record of the result of a serological test for the animal, carried out on a sample taken on (dd/mm/yyyy)" script="typed" language="english"> </DL_ZONE>
			<DL_ZONE gedi_type="GraphicRegion" id="216" col="258" row="220" width="1204" height="230" function="other"> </DL_ZONE>
			<DL_ZONE gedi_type="TextRegion" id="217" col="468" row="682" width="95" height="22" contents="Denise" script="hand" language="french"> </DL_ZONE>
			<DL_ZONE gedi_type="TextRegion" id="219" col="1097" row="797" width="235" height="29" contents="04.09.16.80.14" script="hand" language="french"> </DL_ZONE>
			<DL_ZONE gedi_type="GraphicRegion" id="221" col="257" row="620" width="1204" height="212" function="other"> </DL_ZONE>
			<DL_ZONE gedi_type="TextRegion" id="222" col="270" row="1404" width="1172" height="86" contents="J'ai examiné les résultats officiels d'une épreuve sérologique effectuée dans un laboratoire agréé par l'UE à partir d'un&#10;échantillon prélevé sur l'animal le (jj/mm/aaaa) ,attestant un tirage des anticorps neutralisant le virus&#10;rabique égal ou supérieur à 0,5 Ul/ml." script="typed" function_1="text_section" language="french"> </DL_ZONE>
			<DL_ZONE gedi_type="GraphicRegion" id="224" col="730" row="1452" width="184" height="10" function="underlined-field"> </DL_ZONE>
			<DL_ZONE gedi_type="GraphicRegion" id="225" col="1256" row="1510" width="134" height="10" function="underlined-field"> </DL_ZONE>
			<DL_ZONE gedi_type="NoiseRegion" id="226" col="830" row="56" width="775" height="60"> </DL_ZONE>
			<DL_ZONE gedi_type="NoiseRegion" id="227" col="1626" row="133" width="23" height="371"> </DL_ZONE>
			<DL_ZONE gedi_type="NoiseRegion" id="228" col="1618" row="1380" width="32" height="793"> </DL_ZONE>
			<DL_ZONE gedi_type="TextRegion" id="229" col="1218" row="1308" width="166" height="26" contents="05/05/2014" script="hand" language="french"> </DL_ZONE>
			<DL_ZONE gedi_type="TextRegion" id="231" col="268" row="1566" width="1150" height="58" contents="VÉTÉRINAIRE OFFICIEL OU VÉTÉRINAIRE HABILITÉ PAR L'AUTORITÉ COMPÉTENTE* (dans ce&#10;dernier cas, l'autorité compétente doit viser le certificat)" script="typed" language="french"> </DL_ZONE>
			<DL_ZONE gedi_type="TextRegion" id="234" col="270" row="1626" width="1168" height="44" contents="OFFICIAL VETERINARIAN OR VETERINARIAN AUTHORIZED BY THE COMPETENT AUTHORITY* (in the letter case, the competent authority&#10;must endorse the certificate)" script="typed" language="english"> </DL_ZONE>
			<DL_ZONE gedi_type="TextRegion" id="237" nextZoneID="241" col="270" row="1676" width="79" height="24" contents="Prénom" script="typed" language="french"> </DL_ZONE>
			<DL_ZONE gedi_type="TextRegion" id="239" col="353" row="1678" width="99" height="24" contents="First-Name:" script="typed" language="english"> </DL_ZONE>
			<DL_ZONE gedi_type="TextRegion" id="241" col="478" row="1678" width="84" height="26" contents="Henry" script="hand" language="french"> </DL_ZONE>
			<DL_ZONE gedi_type="TextRegion" id="243" nextZoneID="247" col="910" row="1676" width="54" height="25" contents="Nom" script="typed" language="french"> </DL_ZONE>
			<DL_ZONE gedi_type="TextRegion" id="245" col="964" row="1678" width="84" height="23" contents="Surname:" script="typed" language="english"> </DL_ZONE>
			<DL_ZONE gedi_type="TextRegion" id="247" col="1066" row="1677" width="91" height="25" contents="SABET" script="hand" language="french"> </DL_ZONE>
			<DL_ZONE gedi_type="TextRegion" id="249" col="1189" row="1672" width="237" height="30" contents="(¤{veterinaire/vétérinaire}¤ officiel)" script="hand" language="french"> </DL_ZONE>
			<DL_ZONE gedi_type="TextRegion" id="251" nextZoneID="255" col="273" row="1708" width="81" height="21" contents="Adresse" script="typed" language="french"> </DL_ZONE>
			<DL_ZONE gedi_type="TextRegion" id="253" col="356" row="1708" width="73" height="22" contents="Address:" script="typed" language="english"> </DL_ZONE>
			<DL_ZONE gedi_type="TextRegion" id="255" col="432" row="1706" width="258" height="60" contents="3, chemin de LUBES,&#10;13670 VERQUIERES" script="hand" language="french"> </DL_ZONE>
			<DL_ZONE gedi_type="TextRegion" id="257" nextZoneID="262" col="269" row="1793" width="121" height="28" contents="Code postal" script="typed" language="french"> </DL_ZONE>
			<DL_ZONE gedi_type="TextRegion" id="259" col="392" row="1796" width="90" height="18" contents="Post-Code:" script="typed" language="english"> </DL_ZONE>
			<DL_ZONE gedi_type="TextRegion" id="262" col="500" row="1796" width="90" height="22" contents="13670" script="hand" language="french"> </DL_ZONE>
			<DL_ZONE gedi_type="TextRegion" id="264" nextZoneID="268" col="269" row="1825" width="53" height="27" contents="Ville" script="typed" language="french"> </DL_ZONE>
			<DL_ZONE gedi_type="TextRegion" id="266" col="325" row="1829" width="45" height="23" contents="City:" script="typed" language="english"> </DL_ZONE>
			<DL_ZONE gedi_type="TextRegion" id="268" col="397" row="1825" width="181" height="27" contents="VERQUIERES" script="hand" language="french"> </DL_ZONE>
			<DL_ZONE gedi_type="TextRegion" id="270" nextZoneID="274" col="270" row="1858" width="50" height="28" contents="Pays" script="typed" language="french"> </DL_ZONE>
			<DL_ZONE gedi_type="TextRegion" id="272" col="322" row="1861" width="74" height="25" contents="Country:" script="typed" language="english"> </DL_ZONE>
			<DL_ZONE gedi_type="TextRegion" id="274" col="422" row="1857" width="104" height="23" contents="FRANCE" script="hand" language="french"> </DL_ZONE>
			<DL_ZONE gedi_type="TextRegion" id="276" nextZoneID="280" col="268" row="1888" width="106" height="29" contents="Téléphone" script="typed" language="french"> </DL_ZONE>
			<DL_ZONE gedi_type="TextRegion" id="278" col="380" row="1893" width="89" height="24" contents="Telephone:" script="typed" language="english"> </DL_ZONE>
			<DL_ZONE gedi_type="TextRegion" id="280" col="486" row="1889" width="232" height="25" contents="04.26.35.40.22" script="hand" language="french"> </DL_ZONE>
			<DL_ZONE gedi_type="TextRegion" id="282" nextZoneID="102" col="810" row="1702" width="347" height="28" contents="SIGNATURE, DATE &amp; CACHET" script="typed" language="french"> </DL_ZONE>
			<DL_ZONE gedi_type="TextRegion" id="284" col="1161" row="1709" width="260" height="23" contents="SIGNATURE, DATE &amp; STAMP:" script="typed" language="english"> </DL_ZONE>
			<DL_ZONE gedi_type="GraphicRegion" id="286" col="872" row="1782" width="109" height="99" function="signature"> </DL_ZONE>
			<DL_ZONE gedi_type="TextRegion" id="287" col="270" row="1925" width="254" height="28" contents="* Biffer la mention inutile" script="typed" language="french"> </DL_ZONE>
			<DL_ZONE gedi_type="TextRegion" id="289" col="529" row="1925" width="168" height="27" contents="Delete as applicable" script="typed" language="english"> </DL_ZONE>
			<DL_ZONE gedi_type="TextRegion" id="291" col="905" row="1785" width="68" height="71" contents="¤Sabet¤" script="hand" language="french"> </DL_ZONE>
			<DL_ZONE gedi_type="GraphicRegion" id="293" col="252" row="1560" width="1214" height="362" function="other"> </DL_ZONE>
			<DL_ZONE gedi_type="GraphicRegion" id="294" col="256" row="1366" width="1200" height="180" function="other"> </DL_ZONE>
			<DL_ZONE gedi_type="GraphicRegion" id="295" col="254" row="1190" width="1206" height="160" function="other"> </DL_ZONE>
			<DL_ZONE gedi_type="GraphicRegion" id="296" col="254" row="990" width="1206" height="188" function="other"> </DL_ZONE>
			<DL_ZONE gedi_type="GraphicRegion" id="297" col="256" row="846" width="1206" height="130" function="other"> </DL_ZONE>
			<DL_ZONE gedi_type="TextRegion" id="298" nextZoneID="119" col="1320" row="1060" width="64" height="24" contents="Date of" script="typed" language="english"> </DL_ZONE>
			<DL_ZONE gedi_type="TextRegion" id="301" nextZoneID="108" col="886" row="912" width="234" height="28" contents="Pelage (couleur et type)" script="typed" language="french"> </DL_ZONE>
			<DL_ZONE gedi_type="TextRegion" id="303" col="1122" row="914" width="192" height="26" contents="Coat (colour and type):" script="typed" language="english"> </DL_ZONE>
			<DL_ZONE gedi_type="TextRegion" id="359" col="454" row="399" width="818" height="49" contents="VETERINARY CERTIFICATE FOR DOMESTIC DOGS, CATS AND FERRETS ENTERING THE&#10;EUROPEAN COMMUNITY FOR NON-COMMERCIAL MOVEMENTS (Regulation (EC) No 998/2003)" script="typed" function_2="title" function_1="object" language="english"> </DL_ZONE>
			<DL_ZONE gedi_type="LineDrawingRegion" id="363" polygon="(712,1553);(761,1534);(933,1418);(994,1377);(977,1376)"> </DL_ZONE>
		</DL_PAGE>
		<DL_PAGE gedi_type="DL_PAGE" src="KZYHMP.tif" pageID="2" width="1651" height="2335" Language_2="" Sender_Name="" Language_1="" Document_Date="" Language_4="" Receiver_Name="" Language_3="" Receiver_Company="" Receiver_Address="" Sender_Company="" Script_1="" Sender_Phone="" Category="" Receiver_Fax="" Script_2="" Document_Location="" Receiver_Phone="" Sender_Address="" Sender_Fax="" Document_Object="" NumPage="2">
			<DL_ZONE gedi_type="TextRegion" id="138" col="270" row="300" width="196" height="28" contents="DATE &amp; CACHET" script="typed" language="french"> </DL_ZONE>
			<DL_ZONE gedi_type="TextRegion" id="139" col="469" row="301" width="147" height="27" contents="DATE &amp; STAMP:" script="typed" language="english"> </DL_ZONE>
			<DL_ZONE gedi_type="TextRegion" id="140" col="278" row="817" width="683" height="29" contents="VII. TRAITEMENT CONTRE ECHINOCOCCUS (si nécessaire)" script="typed" language="french"> </DL_ZONE>
			<DL_ZONE gedi_type="TextRegion" id="141" col="964" row="816" width="396" height="24" contents="ECHINOCOCCUS TREATMENT (when required)" script="typed" language="english"> </DL_ZONE>
			<DL_ZONE gedi_type="TextRegion" id="142" nextZoneID="201" col="276" row="497" width="344" height="29" contents="Fabricant et désignation du produit" script="typed" language="french"> </DL_ZONE>
			<DL_ZONE gedi_type="TextRegion" id="143" col="625" row="499" width="285" height="25" contents="Manufacturer and name of product:" script="typed" language="english"> </DL_ZONE>
			<DL_ZONE gedi_type="TextRegion" id="144" nextZoneID="200" col="272" row="529" width="522" height="25" contents="Date et heure du traitement (jj/mm/aaaa + 24 heures)" script="typed" language="french"> </DL_ZONE>
			<DL_ZONE gedi_type="TextRegion" id="145" nextZoneID="353" col="274" row="590" width="195" height="22" contents="Nom du vétérinaire" script="typed" language="french"> </DL_ZONE>
			<DL_ZONE gedi_type="TextRegion" id="146" col="468" row="589" width="182" height="24" contents="Name of Veterinarian:" script="typed" language="english"> </DL_ZONE>
			<DL_ZONE gedi_type="TextRegion" id="147" nextZoneID="203" col="275" row="619" width="83" height="26" contents="Adresse" script="typed" language="french"> </DL_ZONE>
			<DL_ZONE gedi_type="TextRegion" id="148" col="358" row="623" width="76" height="22" contents="Address:" script="typed" language="english"> </DL_ZONE>
			<DL_ZONE gedi_type="TextRegion" id="149" nextZoneID="160" col="829" row="610" width="351" height="30" contents="SIGNATURE, DATE &amp; CACHET" script="typed" language="french"> </DL_ZONE>
			<DL_ZONE gedi_type="TextRegion" id="152" col="394" row="677" width="96" height="25" contents="Post-Code:" script="typed" language="english"> </DL_ZONE>
			<DL_ZONE gedi_type="TextRegion" id="153" nextZoneID="202" col="279" row="704" width="50" height="26" contents="Ville" script="typed" language="french"> </DL_ZONE>
			<DL_ZONE gedi_type="TextRegion" id="154" col="327" row="709" width="49" height="25" contents="City:" script="typed" language="english"> </DL_ZONE>
			<DL_ZONE gedi_type="TextRegion" id="155" nextZoneID="196" col="279" row="738" width="47" height="24" contents="Pays" script="typed" language="french"> </DL_ZONE>
			<DL_ZONE gedi_type="TextRegion" id="156" col="329" row="740" width="72" height="20" contents="Country:" script="typed" language="english"> </DL_ZONE>
			<DL_ZONE gedi_type="TextRegion" id="157" nextZoneID="161" col="279" row="761" width="105" height="35" contents="Téléphone" script="typed" language="french"> </DL_ZONE>
			<DL_ZONE gedi_type="TextRegion" id="158" col="383" row="766" width="94" height="26" contents="Telephone:" script="typed" language="english"> </DL_ZONE>
			<DL_ZONE gedi_type="TextRegion" id="160" col="844" row="641" width="240" height="32" contents="le 05/05/2012" script="hand" function_1="date" language="french"> </DL_ZONE>
			<DL_ZONE gedi_type="TextRegion" id="161" col="493" row="761" width="217" height="29" contents="04.26.35.40.22" script="hand" language="french"> </DL_ZONE>
			<DL_ZONE gedi_type="TextRegion" id="164" nextZoneID="204" col="279" row="850" width="342" height="26" contents="Fabricant et désignation du produit" script="typed" language="french"> </DL_ZONE>
			<DL_ZONE gedi_type="TextRegion" id="165" col="625" row="848" width="285" height="26" contents="Manufacturer and name of product:" script="typed" language="english"> </DL_ZONE>
			<DL_ZONE gedi_type="TextRegion" id="167" nextZoneID="169" col="279" row="878" width="517" height="27" contents="Date et heure du traitement (jj/mm/aaaa + 24 heures)" script="typed" language="french"> </DL_ZONE>
			<DL_ZONE gedi_type="TextRegion" id="168" col="797" row="877" width="473" height="27" contents="Date and time of treatment (dd/mm/yyyy + 24-hour clock):" script="typed" language="english"> </DL_ZONE>
			<DL_ZONE gedi_type="TextRegion" id="169" col="351" row="904" width="309" height="29" contents="le 05/05/2012 + 15h30" script="hand" language="french"> </DL_ZONE>
			<DL_ZONE gedi_type="TextRegion" id="170" nextZoneID="355" col="278" row="938" width="192" height="27" contents="Nom du vétérinaire" script="typed" language="french"> </DL_ZONE>
			<DL_ZONE gedi_type="TextRegion" id="171" col="472" row="938" width="181" height="24" contents="Name of Veterinarian:" script="typed" language="english"> </DL_ZONE>
			<DL_ZONE gedi_type="TextRegion" id="173" nextZoneID="198" col="277" row="969" width="84" height="24" contents="Adresse" script="typed" language="french"> </DL_ZONE>
			<DL_ZONE gedi_type="TextRegion" id="174" col="363" row="972" width="75" height="20" contents="Address:" script="typed" language="english"> </DL_ZONE>
			<DL_ZONE gedi_type="TextRegion" id="175" nextZoneID="184" col="278" row="1027" width="119" height="27" contents="Code postal" script="typed" language="french"> </DL_ZONE>
			<DL_ZONE gedi_type="TextRegion" id="176" col="399" row="1027" width="91" height="30" contents="Post-Code:" script="typed" language="english"> </DL_ZONE>
			<DL_ZONE gedi_type="TextRegion" id="177" nextZoneID="317" col="829" row="962" width="353" height="26" contents="SIGNATURE, DATE &amp; CACHET" script="typed" language="french"> </DL_ZONE>
			<DL_ZONE gedi_type="TextRegion" id="180" nextZoneID="357" col="278" row="1058" width="54" height="27" contents="Ville" script="typed" language="french"> </DL_ZONE>
			<DL_ZONE gedi_type="TextRegion" id="181" col="332" row="1060" width="46" height="24" contents="City:" script="typed" language="english"> </DL_ZONE>
			<DL_ZONE gedi_type="TextRegion" id="182" nextZoneID="185" col="280" row="1089" width="49" height="25" contents="Pays" script="typed" language="french"> </DL_ZONE>
			<DL_ZONE gedi_type="TextRegion" id="183" col="330" row="1088" width="74" height="24" contents="Country:" script="typed" language="english"> </DL_ZONE>
			<DL_ZONE gedi_type="TextRegion" id="184" col="502" row="1024" width="92" height="28" contents="13670" script="hand" language="french"> </DL_ZONE>
			<DL_ZONE gedi_type="TextRegion" id="185" col="416" row="1085" width="94" height="24" contents="FRANCE" script="hand" language="french"> </DL_ZONE>
			<DL_ZONE gedi_type="TextRegion" id="186" nextZoneID="195" col="282" row="1115" width="104" height="29" contents="Téléphone" script="typed" language="french"> </DL_ZONE>
			<DL_ZONE gedi_type="TextRegion" id="187" col="388" row="1116" width="90" height="24" contents="Telephone:" script="typed" language="english"> </DL_ZONE>
			<DL_ZONE gedi_type="TextRegion" id="188" col="276" row="1167" width="703" height="298" contents="NOTES EXPLICATIVES&#10;1. L'identification de l'animal (tatouage ou puce électronique) doit avoir été vérifiée avant&#10;l'inscription de toute mention sur le certificat.&#10;2. Le vaccin antirabique utilisé doit être un vaccin inactivé répondant aux nonnes de l'OIE.&#10;3. Le certificat est valable pendant 4 mois après la signature par le vétérinaire officiel ou le visa&#10;de l'autorité compétente, ou jusqu'à la date d'expiration de la vaccination indiquée dans la&#10;partie IV, selon celle de ces dates qui survient la première.&#10;4. Les animaux provenant de pays tiers ou préparés dans des pays tiers qui ne figurent pas à&#10;l'annexe II du règlement (CE) n° 998/2003 ne peuvent pas être introduits en Irlande, à Malte, en&#10;Suède ou au Royaume-Uni, ni directement, ni via un autre pays énuméré à l'annexe II, à moins&#10;qu’ils ne répondent aux règles nationales en vigueur.&#10;5. Le présent certificat est accompagné de documents justificatifs, ou d'une copie certifiée&#10;conforme de ces documents, dans lesquels figurent les données relatives à l’identification de&#10;l’animal, à ses vaccinations et au résultat du test sérologique." script="typed" function_2="reference" function_1="text_section" language="french"> </DL_ZONE>
			<DL_ZONE gedi_type="TextRegion" id="189" col="986" row="1162" width="478" height="291" contents="NOTES FOR GUIDANCE&#10;1. Identification of the animal (tattoo or microchip) must have been&#10;verified before any entries are made on the certificate.&#10;2. The rabies vaccine used must be an inactivated vaccine produced in&#10;accordance with OIE standards.&#10;3. The certificate is valid for 4 months after signature by the official&#10;veterinarian or endorsement by the competent authority, or until the&#10;date of expiry of the vaccination shown in Part IV, which ever is earlier.&#10;4. Animals from, or prepared in, third countries not listed in Annex II of&#10;regulation (EC) No 998/2003, may not enter Ireland,Malta Sweden or&#10;the UK, either directly or via another country listed in Annex II unless&#10;brought into conformity with National Rules.&#10;5. This certificate must be accompanied by supporting documentation, or a&#10;certified copy thereof, including the identification details of the animal&#10;concerned, vaccination details and the result of the serological test." script="typed" function_2="reference" function_1="text_section" language="english"> </DL_ZONE>
			<DL_ZONE gedi_type="TextRegion" id="190" col="272" row="1466" width="707" height="314" contents="CONDITIONS APPLICABLES (règlement (CE) n° 998/2003)&#10;A) INTRODUCTION DANS UN ÉTAT MEMBRE AUTRE QUE L'IRLANDE, MALTE, LA&#10;SUÈDE ET LE ROYAUME-UNI&#10;1) En provenance d'un pays tiers figurant à l'annexe II du règlement (CE) n° 998/2003&#10;Les parties I, II, III et IV (et VII pour la Finlande) doivent être remplies.&#10;En cas de mouvement ultérieur vers la Finlande, la partie VII doit être remplie&#10;conformément aux règles nationales et peut être remplie dans un pays figurant à&#10;l'annexe II du règlement (CE) n° 998/2003. Il en va de même en cas de mouvement&#10;ultérieur vers l'Irlande, Malte, la Suède ou le Royaume-Uni pour les parties V, VI et VII.&#10;2) En provenance d'un pays tiers ne figurant pas à l'annexe II du règlement&#10;(CE) n° 998/2003&#10;Les parties I, II, III, IV et V (et VII pour la Finlande) doivent être remplies. L'échantillon&#10;visé à la partie V doit avoir été prélevé plus de trois mois avant l'introduction de l’animal.&#10;En ce qui concerne les mouvements ultérieurs vers l'Irlande, Malte, la Suède ou le&#10;Royaume-Uni, voir la note 4. En cas de mouvement ultérieur vers la Finlande, la&#10;partie VII doit être remplie (voir point A, paragraphe 1) ci-dessus)." script="typed" function_1="reference" language="french"> </DL_ZONE>
			<DL_ZONE gedi_type="TextRegion" id="191" col="989" row="1460" width="467" height="318" contents="Conditions Applying (Regulation (EC) No 998/2003)&#10;A) ENTRY IN A MEMBER STATE OTHER THAN IRELAND,&#10;MALTA, SWEDEN AND UNITED KINGDOM&#10;1) from a third country listed in Annex II of Regulation (EC) No 998/2003:&#10;Parts I, II, III, and IV must be completed (and VII for Finland)&#10;In case of a subsequent movement to Finland, Part VII and to Ireland,&#10;Malta, Sweden or United Kingdom, Parts V, VI and VII must be&#10;completed in compliance with national rules, and may be completed in&#10;a country listed in Annex II of Regulation (EC) No 998/2003.&#10;2) from a third country not listed in Annex II of Regulation (EC) No&#10;998/2003:&#10;Parts I, II, III, IV and V must be completed (and VII for Finland). The&#10;sample referred to in part V must have been taken more than 3 months&#10;before the entry. For subsequent movement to Ireland, Malta, Sweden or&#10;UK - See Note 4. In case of a subsequent movement to Finland, Part VII&#10;must be completed (see A)1) above)" script="typed" function_2="reference" function_1="text_section" language="english"> </DL_ZONE>
			<DL_ZONE gedi_type="TextRegion" id="194" col="798" row="527" width="464" height="25" contents="Date and time of treatment (dd/mm/yyyy + 24-hour clock):" script="typed" language="english"> </DL_ZONE>
			<DL_ZONE gedi_type="TextRegion" id="195" col="482" row="1113" width="231" height="28" contents="04.26.35.40.22" script="hand" language="french"> </DL_ZONE>
			<DL_ZONE gedi_type="TextRegion" id="196" col="433" row="734" width="109" height="22" contents="FRANCE" script="hand" language="french"> </DL_ZONE>
			<DL_ZONE gedi_type="TextRegion" id="198" polygon="(450,964);(697,964);(684,993);(457,999)" contents="3, chemin de LUBES" script="hand" language="french"> </DL_ZONE>
			<DL_ZONE gedi_type="TextRegion" id="200" polygon="(357,554);(440,554);(696,553);(682,574);(499,581);(356,579)" contents="le 05/05/2012 + 15h05" script="hand" language="french"> </DL_ZONE>
			<DL_ZONE gedi_type="TextRegion" id="201" polygon="(913,492);(1252,486);(1250,514);(913,522)" contents="ANTITIK Pharma, PASTEUR" script="hand" language="french"> </DL_ZONE>
			<DL_ZONE gedi_type="TextRegion" id="202" polygon="(440,705);(612,702);(609,724);(438,730)" contents="VERQUIERES" script="hand" language="french"> </DL_ZONE>
			<DL_ZONE gedi_type="TextRegion" id="203" polygon="(449,617);(681,616);(665,646);(452,648)" contents="3, Chemin de LUBES" script="hand" language="french"> </DL_ZONE>
			<DL_ZONE gedi_type="TextRegion" id="204" polygon="(930,846);(1281,845);(1272,861);(974,870);(930,868)" contents="Echinocopharma, PASTEUR" script="hand" language="french"> </DL_ZONE>
			<DL_ZONE gedi_type="TextRegion" id="304" col="270" row="270" width="1014" height="22" contents="ENDORSEMENT BY THE COMPETENT AUTHORITY (Not necessary when the certificate is signed by an official veterinarian)" script="typed" language="english"> </DL_ZONE>
			<DL_ZONE gedi_type="GraphicRegion" id="307" col="254" row="224" width="1210" height="226" function="other"> </DL_ZONE>
			<DL_ZONE gedi_type="TextRegion" id="308" polygon="(1066,232);(1418,234);(1418,264);(276,268);(276,244)" contents="VISA DE L’AUTORITÉ COMPÉTENTE (non nécessaire lorsque le certificat est signé par un vétérinaire officiel)" script="typed" language="french"> </DL_ZONE>
			<DL_ZONE gedi_type="LineDrawingRegion" id="309" polygon="(1021,213);(789,325);(629,434);(636,446);(790,345);(980,261);(1040,225)"> </DL_ZONE>
			<DL_ZONE gedi_type="GraphicRegion" id="310" col="904" row="689" width="117" height="87" function="signature"> </DL_ZONE>
			<DL_ZONE gedi_type="TextRegion" id="312" nextZoneID="314" col="277" row="677" width="116" height="27" contents="Code postal" script="typed" language="french"> </DL_ZONE>
			<DL_ZONE gedi_type="TextRegion" id="314" col="505" row="674" width="95" height="24" contents="13670" script="hand" language="french"> </DL_ZONE>
			<DL_ZONE gedi_type="TextRegion" id="315" col="1181" row="610" width="257" height="26" contents="SIGNATURE, DATE &amp; STAMP:" script="typed" language="english"> </DL_ZONE>
			<DL_ZONE gedi_type="TextRegion" id="317" col="834" row="990" width="207" height="24" contents="le 05/05/2012" script="hand" function_1="date" language="french"> </DL_ZONE>
			<DL_ZONE gedi_type="TextRegion" id="319" col="1184" row="962" width="253" height="23" contents="SIGNATURE, DATE &amp; STAMP:" script="typed" language="english"> </DL_ZONE>
			<DL_ZONE gedi_type="GraphicRegion" id="320" col="860" row="1034" width="106" height="82" function="signature"> </DL_ZONE>
			<DL_ZONE gedi_type="TextRegion" id="327" col="993" row="1779" width="466" height="115" contents="B) ENTRY IN IRELAND, MALTA SWEDEN AND UNITED KINGDOM&#10;1) from a third country listed in Annex II of Regulation (EC) No 998/2003&#10;Parts I, II, III, IV, V, VI and VII must be completed (parts III,V. VI&#10;and VII complying with national rules)&#10;2) from a third country not listed in Annex II of Regulation (EC) No&#10;998/2003 The certificate is not valid. See Note 4" script="typed" function_2="reference" function_1="text_section" language="english"> </DL_ZONE>
			<DL_ZONE gedi_type="TextRegion" id="329" col="281" row="1783" width="697" height="124" contents="B) INTRODUCTION EN IRLANDE, À MALTE, EN SUÈDE ET AU ROYAUME-UNI&#10;1) En provenance d'un pays tiers figurant à l'annexe II du règlement (CE) n° 998/2003&#10;Les parties I, II, III, IV, V, VI et VII doivent être remplies (les parties III, V, VI et VII&#10;conformément aux règles nationales).&#10;2) En provenance d'un pays tiers ne figurant pas à l'annexe II du règlement&#10;(CE) n°998/2003: le certificat n'est pas valable - voir note 4." script="typed" function_2="reference" function_1="text_section" language="french"> </DL_ZONE>
			<DL_ZONE gedi_type="NoiseRegion" id="331" col="343" row="1923" width="10" height="10"> </DL_ZONE>
			<DL_ZONE gedi_type="NoiseRegion" id="332" col="1635" row="1716" width="12" height="227"> </DL_ZONE>
			<DL_ZONE gedi_type="NoiseRegion" id="333" col="1476" row="1663" width="12" height="18"> </DL_ZONE>
			<DL_ZONE gedi_type="NoiseRegion" id="334" col="53" row="999" width="15" height="1280"> </DL_ZONE>
			<DL_ZONE gedi_type="NoiseRegion" id="335" col="59" row="66" width="545" height="18"> </DL_ZONE>
			<DL_ZONE gedi_type="NoiseRegion" id="336" col="1638" row="51" width="13" height="25"> </DL_ZONE>
			<DL_ZONE gedi_type="GraphicRegion" id="337" col="256" row="450" width="1208" height="350" function="other"> </DL_ZONE>
			<DL_ZONE gedi_type="GraphicRegion" id="338" col="262" row="800" width="1206" height="350" function="other"> </DL_ZONE>
			<DL_ZONE gedi_type="GraphicRegion" id="339" col="262" row="1150" width="1212" height="764" function="other"> </DL_ZONE>
			<DL_ZONE gedi_type="TextRegion" id="340" col="928" row="694" width="76" height="60" contents="¤Sabet¤" script="hand" language="french"> </DL_ZONE>
			<DL_ZONE gedi_type="TextRegion" id="343" col="890" row="1038" width="63" height="54" contents="¤Sabet¤" script="hand" language="french"> </DL_ZONE>
			<DL_ZONE gedi_type="TextRegion" id="353" col="670" row="580" width="430" height="28" contents="SABET Henry (veterinaire officiel)" script="hand" language="french"> </DL_ZONE>
			<DL_ZONE gedi_type="TextRegion" id="355" col="658" row="934" width="170" height="24" contents="SABET Henry" script="hand" language="french"> </DL_ZONE>
			<DL_ZONE gedi_type="TextRegion" id="357" col="386" row="1054" width="166" height="30" contents="VERQUIERES" script="hand" language="french"> </DL_ZONE>
			<DL_ZONE gedi_type="TextRegion" id="360" col="276" row="468" width="618" height="31" contents="VI. TRAITEMENT CONTRE LES TIQUES (si nécessaire)" script="typed" language="french"> </DL_ZONE>
			<DL_ZONE gedi_type="TextRegion" id="362" col="897" row="467" width="294" height="26" contents="TICK TREATMENT (when required)" script="typed" language="english"> </DL_ZONE>
		</DL_PAGE>
	</DL_DOCUMENT>
</GEDI>