<?xml version="1.0" encoding="UTF-8"?>
<!--GEDI was developed at Language and Media Processing Laboratory, University of Maryland.-->

<GEDI xmlns="http://lamp.cfar.umd.edu/media/projects/GEDI/" GEDI_version="2.3.19" GEDI_date="12/23/2011">
	<USER name="Adil" date="7/27/2012 12:26" dateFormat="mm/dd/yyyy hh:mm">	</USER>
	<USER name="Amina" date="7/27/2012 15:15" dateFormat="mm/dd/yyyy hh:mm">	</USER>
	<USER name="MDR-P1" date="3/22/2013 10:16" dateFormat="mm/dd/yyyy hh:mm">	</USER>
	<USER name="MDR-P4" date="8/13/2012 18:39" dateFormat="mm/dd/yyyy hh:mm">	</USER>
	<USER name="MDR-P6" date="5/29/2013 10:36" dateFormat="mm/dd/yyyy hh:mm">	</USER>
	<USER name="MDR-R2" date="11/5/2012 15:24" dateFormat="mm/dd/yyyy hh:mm">	</USER>
	<USER name="MDR-R6" date="2/6/2013 18:06" dateFormat="mm/dd/yyyy hh:mm">	</USER>
	<USER name="MDR_R8" date="2/5/2013 16:55" dateFormat="mm/dd/yyyy hh:mm">	</USER>
	<USER name="Mohamed" date="8/7/2012 14:57" dateFormat="mm/dd/yyyy hh:mm">	</USER>
	<DL_DOCUMENT src="KZYHLT.tif" docTag="xml" NrOfPages="3">
		<DL_PAGE gedi_type="DL_PAGE" src="KZYHLT.tif" pageID="1" width="1700" height="2338" Receiver_Name="" Language_4="" Language_3="" Receiver_Company="" Sender_Company="" Receiver_Fax="" Document_Location="" Receiver_Phone="" Category="C1" Document_Date="12/02/2012" Language_1="arabic" Language_2="english" Receiver_Address="" Script_2="hand" Sender_Name="الطنطاوي الطنطاوي" Sender_Address="شارع شفشاوني 20250 الدار البيضاء" NumPage="3" Script_1="typed" Sender_Fax="+212(0)5.22.03.13.84" Sender_Phone="¤{+212(0)5.22.66.50.90|+212(0)6.66.13.02.00}¤" Document_Object="نموذج طلب الحصول على عضوية">
			<DL_ZONE gedi_type="TextRegion" id="1" col="729" row="330" width="247" height="39" contents="Date Received" script="typed" language="english"> </DL_ZONE>
			<DL_ZONE gedi_type="GraphicRegion" id="2" col="1164" row="73" width="355" height="382" function="other"> </DL_ZONE>
			<DL_ZONE gedi_type="GraphicRegion" id="3" col="118" row="323" width="886" height="134" function="other"> </DL_ZONE>
			<DL_ZONE gedi_type="TextRegion" id="4" col="1095" row="492" width="424" height="57" contents="طلب الحصول على عضوية" script="typed" function_2="object" function_1="title" language="arabic"> </DL_ZONE>
			<DL_ZONE gedi_type="TextRegion" id="5" col="122" row="495" width="798" height="60" contents="APPLICATION FOR MEMBERSHIP" script="typed" function_2="object" function_1="title" language="english"> </DL_ZONE>
			<DL_ZONE gedi_type="TextRegion" id="6" col="1037" row="580" width="459" height="52" contents="أتقدم للحصول على العضوية في فئة :" script="typed" language="arabic"> </DL_ZONE>
			<DL_ZONE gedi_type="TextRegion" id="7" col="184" row="587" width="673" height="48" contents="I hereby apply for membership to class of:" script="typed" language="english"> </DL_ZONE>
			<DL_ZONE gedi_type="TextRegion" id="8" col="1420" row="689" width="72" height="46" contents="زميل" script="typed" language="arabic"> </DL_ZONE>
			<DL_ZONE gedi_type="TextRegion" id="9" col="1210" row="700" width="81" height="38" contents="عضو" script="typed" language="arabic"> </DL_ZONE>
			<DL_ZONE gedi_type="TextRegion" id="10" col="392" row="698" width="140" height="45" contents="Member" script="typed" language="english"> </DL_ZONE>
			<DL_ZONE gedi_type="TextRegion" id="11" col="156" row="698" width="119" height="42" contents="Fellow" script="typed" language="english"> </DL_ZONE>
			<DL_ZONE gedi_type="GraphicRegion" id="12" col="309" row="707" width="41" height="36" function="form-field"> </DL_ZONE>
			<DL_ZONE gedi_type="GraphicRegion" id="13" col="542" row="708" width="43" height="32" function="form-field"> </DL_ZONE>
			<DL_ZONE gedi_type="GraphicRegion" id="14" col="1346" row="708" width="40" height="32" function="form-field"> </DL_ZONE>
			<DL_ZONE gedi_type="TextRegion" id="15" col="1411" row="772" width="78" height="40" contents="خريج" script="typed" language="arabic"> </DL_ZONE>
			<DL_ZONE gedi_type="GraphicRegion" id="16" col="1345" row="782" width="41" height="33" function="form-field"> </DL_ZONE>
			<DL_ZONE gedi_type="GraphicRegion" id="17" col="929" row="781" width="41" height="34" function="form-field"> </DL_ZONE>
			<DL_ZONE gedi_type="TextRegion" id="18" col="1215" row="768" width="86" height="43" contents="مؤازر" script="typed" language="arabic"> </DL_ZONE>
			<DL_ZONE gedi_type="TextRegion" id="19" col="1016" row="765" width="79" height="41" contents="طالب" script="typed" language="arabic"> </DL_ZONE>
			<DL_ZONE gedi_type="TextRegion" id="20" col="618" row="775" width="125" height="42" contents="Student" script="typed" language="english"> </DL_ZONE>
			<DL_ZONE gedi_type="TextRegion" id="21" col="367" row="775" width="140" height="42" contents="Affiliate" script="typed" language="english"> </DL_ZONE>
			<DL_ZONE gedi_type="TextRegion" id="22" col="154" row="777" width="152" height="41" contents="Graduate" script="typed" language="english"> </DL_ZONE>
			<DL_ZONE gedi_type="GraphicRegion" id="23" col="759" row="783" width="44" height="32" function="form-field"> </DL_ZONE>
			<DL_ZONE gedi_type="GraphicRegion" id="24" col="542" row="783" width="41" height="32" function="form-field"> </DL_ZONE>
			<DL_ZONE gedi_type="GraphicRegion" id="25" col="309" row="784" width="41" height="33" function="form-field"> </DL_ZONE>
			<DL_ZONE gedi_type="GraphicRegion" id="39" col="1143" row="782" width="44" height="35" function="form-field"> </DL_ZONE>
			<DL_ZONE gedi_type="LineDrawingRegion" id="40" col="1152" row="710" width="29" height="27"> </DL_ZONE>
			<DL_ZONE gedi_type="GraphicRegion" id="41" col="1143" row="708" width="46" height="34" function="form-field"> </DL_ZONE>
			<DL_ZONE gedi_type="GraphicRegion" id="42" col="110" row="571" width="1406" height="284" function="other"> </DL_ZONE>
			<DL_ZONE gedi_type="Group" id="43" col="1133" row="690" width="168" height="62" elements="9;40;41"> </DL_ZONE>
			<DL_ZONE gedi_type="TextRegion" id="44" col="1225" row="881" width="276" height="53" contents="معلومات شخصية :" script="typed" language="arabic"> </DL_ZONE>
			<DL_ZONE gedi_type="TextRegion" id="45" col="133" row="889" width="439" height="50" contents="Personal Information :" script="typed" language="english"> </DL_ZONE>
			<DL_ZONE gedi_type="TextRegion" id="46" nextZoneID="60" col="1351" row="971" width="149" height="44" contents="الاسم الأول" script="typed" language="arabic"> </DL_ZONE>
			<DL_ZONE gedi_type="TextRegion" id="47" col="133" row="976" width="187" height="44" contents="First Name" script="typed" language="english"> </DL_ZONE>
			<DL_ZONE gedi_type="TextRegion" id="48" col="136" row="1026" width="227" height="35" contents="Father's Name" script="typed" language="english"> </DL_ZONE>
			<DL_ZONE gedi_type="TextRegion" id="49" col="133" row="1069" width="223" height="41" contents="Family Name" script="typed" language="english"> </DL_ZONE>
			<DL_ZONE gedi_type="TextRegion" id="50" col="132" row="1114" width="307" height="37" contents="CPR / ID Card No." script="typed" language="english"> </DL_ZONE>
			<DL_ZONE gedi_type="TextRegion" id="51" col="155" row="1157" width="216" height="43" contents="Type of card" script="typed" language="english"> </DL_ZONE>
			<DL_ZONE gedi_type="TextRegion" id="52" nextZoneID="61" col="1386" row="1016" width="115" height="46" contents="إسم الأب" script="typed" language="arabic"> </DL_ZONE>
			<DL_ZONE gedi_type="TextRegion" id="53" nextZoneID="62" col="1432" row="1065" width="70" height="37" contents="اللقب" script="typed" language="arabic"> </DL_ZONE>
			<DL_ZONE gedi_type="TextRegion" id="54" nextZoneID="59" col="1090" row="1106" width="403" height="46" contents="رقم البطاقة السكانية / الشخصية" script="typed" language="arabic"> </DL_ZONE>
			<DL_ZONE gedi_type="TextRegion" id="55" col="143" row="1202" width="349" height="40" contents="Date &amp; Place of Birth" script="typed" language="english"> </DL_ZONE>
			<DL_ZONE gedi_type="TextRegion" id="56" col="143" row="1248" width="154" height="37" contents="Job Title :" script="typed" language="english"> </DL_ZONE>
			<DL_ZONE gedi_type="TextRegion" id="57" col="141" row="1292" width="316" height="43" contents="Name of Employer :" script="typed" language="english"> </DL_ZONE>
			<DL_ZONE gedi_type="TextRegion" id="58" col="146" row="1335" width="307" height="45" contents="Employer Address :" script="typed" language="english"> </DL_ZONE>
			<DL_ZONE gedi_type="TextRegion" id="59" col="824" row="1110" width="197" height="44" contents="A 16113" script="hand" function_1="reference" language="arabic"> </DL_ZONE>
			<DL_ZONE gedi_type="TextRegion" id="60" polygon="(1144,970);(1316,968);(1320,1007);(1306,1019);(1189,1020);(1169,1035);(1122,1027);(1109,984)" contents="الطنطاوي" script="hand" language="arabic"> </DL_ZONE>
			<DL_ZONE gedi_type="TextRegion" id="61" polygon="(1208,1059);(1209,1029);(1317,1012);(1335,1021);(1341,1060);(1208,1071)" contents="أحمد" script="hand" language="arabic"> </DL_ZONE>
			<DL_ZONE gedi_type="TextRegion" id="62" polygon="(1111,1096);(1106,1064);(1193,1061);(1217,1073);(1270,1065);(1330,1066);(1343,1103);(1274,1113);(1191,1109);(1166,1118);(1141,1118);(1109,1110)" contents="الطنطاوي" script="hand" language="arabic"> </DL_ZONE>
			<DL_ZONE gedi_type="TextRegion" id="63" col="1342" row="1151" width="153" height="46" contents="نوع البطاقة" script="typed" language="arabic"> </DL_ZONE>
			<DL_ZONE gedi_type="TextRegion" id="64" nextZoneID="65" col="986" row="1152" width="103" height="41" contents="الجنسية" script="typed" language="arabic"> </DL_ZONE>
			<DL_ZONE gedi_type="TextRegion" id="65" polygon="(821,1180);(822,1156);(859,1152);(918,1152);(965,1163);(968,1195);(922,1193);(905,1207);(894,1219);(878,1217);(870,1204);(832,1197)" contents="مغربية" script="hand" language="arabic"> </DL_ZONE>
			<DL_ZONE gedi_type="TextRegion" id="66" col="639" row="1155" width="179" height="42" contents="Nationality" script="typed" language="english"> </DL_ZONE>
			<DL_ZONE gedi_type="TextRegion" id="67" nextZoneID="68" col="1256" row="1197" width="242" height="45" contents="تاريخ ومحل الميلاد" script="typed" language="arabic"> </DL_ZONE>
			<DL_ZONE gedi_type="TextRegion" id="68" polygon="(661,1223);(663,1200);(710,1192);(732,1189);(817,1196);(860,1207);(882,1217);(915,1199);(1015,1201);(1249,1193);(1259,1233);(1248,1239);(1125,1247);(990,1238);(926,1248);(853,1238);(845,1256);(827,1260);(804,1239);(758,1252);(730,1241);(662,1246)" contents="03/02/1980 بالدار البيضاء" script="hand" language="arabic"> </DL_ZONE>
			<DL_ZONE gedi_type="TextRegion" id="69" polygon="(497,1257);(511,1293);(609,1300);(667,1301);(714,1283);(863,1283);(878,1313);(895,1285);(900,1313);(922,1304);(930,1277);(975,1291);(999,1300);(1047,1283);(1057,1302);(1094,1284);(1206,1282);(1210,1306);(1238,1285);(1238,1248);(1218,1242);(1149,1244);(1083,1241);(1031,1240);(962,1246);(949,1256);(894,1238);(857,1241);(851,1256);(806,1244);(773,1256);(730,1240);(610,1236);(547,1225)" contents="زنقة الراضي، رقم 23، الدار البيضاء" script="hand" language="arabic"> </DL_ZONE>
			<DL_ZONE gedi_type="TextRegion" id="70" nextZoneID="69" col="1287" row="1241" width="213" height="42" contents="العنوان الوظيفي :" script="typed" language="arabic"> </DL_ZONE>
			<DL_ZONE gedi_type="TextRegion" id="71" nextZoneID="73" col="1264" row="1285" width="239" height="41" contents="اسم صاحب العمل :" script="typed" language="arabic"> </DL_ZONE>
			<DL_ZONE gedi_type="TextRegion" id="72" nextZoneID="74" col="1232" row="1328" width="272" height="44" contents="عنوان صاحب العمل :" script="typed" language="arabic"> </DL_ZONE>
			<DL_ZONE gedi_type="TextRegion" id="73" polygon="(892,1327);(888,1306);(923,1309);(945,1278);(1002,1307);(1042,1289);(1089,1300);(1136,1283);(1195,1284);(1212,1329);(1170,1332);(1147,1330);(1097,1326);(1076,1350);(1064,1343);(1030,1327);(997,1347);(968,1349);(894,1328)" contents="العسري وفاء" script="hand" language="arabic"> </DL_ZONE>
			<DL_ZONE gedi_type="TextRegion" id="74" polygon="(1204,1333);(1206,1388);(1177,1397);(1140,1379);(1001,1384);(984,1402);(938,1412);(907,1381);(873,1406);(824,1405);(757,1366);(751,1329);(814,1322);(875,1331);(920,1345);(971,1353);(1031,1338);(1061,1337);(1081,1357);(1097,1325)" contents="زنقة العبير رقم 02" script="hand" language="arabic"> </DL_ZONE>
			<DL_ZONE gedi_type="GraphicRegion" id="75" col="478" row="1354" width="739" height="22" function="underlined-field"> </DL_ZONE>
			<DL_ZONE gedi_type="GraphicRegion" id="76" col="487" row="1309" width="743" height="21" function="underlined-field"> </DL_ZONE>
			<DL_ZONE gedi_type="GraphicRegion" id="77" col="318" row="1268" width="957" height="17" function="underlined-field"> </DL_ZONE>
			<DL_ZONE gedi_type="GraphicRegion" id="78" col="504" row="1224" width="751" height="17" function="underlined-field"> </DL_ZONE>
			<DL_ZONE gedi_type="GraphicRegion" id="79" col="377" row="1181" width="262" height="15" function="underlined-field"> </DL_ZONE>
			<DL_ZONE gedi_type="GraphicRegion" id="80" col="818" row="1177" width="162" height="18" function="underlined-field"> </DL_ZONE>
			<DL_ZONE gedi_type="GraphicRegion" id="81" col="1101" row="1174" width="237" height="20" function="underlined-field"> </DL_ZONE>
			<DL_ZONE gedi_type="GraphicRegion" id="82" col="458" row="1129" width="614" height="20" function="underlined-field"> </DL_ZONE>
			<DL_ZONE gedi_type="GraphicRegion" id="83" col="364" row="1088" width="1070" height="17" function="underlined-field"> </DL_ZONE>
			<DL_ZONE gedi_type="GraphicRegion" id="84" col="387" row="1043" width="981" height="23" function="underlined-field"> </DL_ZONE>
			<DL_ZONE gedi_type="GraphicRegion" id="85" col="331" row="1002" width="1012" height="12" function="underlined-field"> </DL_ZONE>
			<DL_ZONE gedi_type="GraphicRegion" id="86" col="104" row="872" width="1421" height="607" function="other"> </DL_ZONE>
			<DL_ZONE gedi_type="TextRegion" id="87" col="1154" row="1500" width="356" height="61" contents="العنوان وأرقام الاتصال :" script="typed" language="arabic"> </DL_ZONE>
			<DL_ZONE gedi_type="TextRegion" id="88" col="147" row="1511" width="516" height="48" contents="Address &amp; contact details:" script="typed" language="english"> </DL_ZONE>
			<DL_ZONE gedi_type="TextRegion" id="89" col="533" row="1605" width="161" height="62" contents="شفشاوني" script="hand" language="arabic"> </DL_ZONE>
			<DL_ZONE gedi_type="TextRegion" id="90" col="182" row="1604" width="149" height="59" contents="الدار البيضاء" script="hand" language="arabic"> </DL_ZONE>
			<DL_ZONE gedi_type="TextRegion" id="91" col="210" row="1668" width="93" height="35" contents="المنطقة" script="typed" language="arabic"> </DL_ZONE>
			<DL_ZONE gedi_type="TextRegion" id="92" col="393" row="1676" width="82" height="39" contents="المجمع" script="typed" language="arabic"> </DL_ZONE>
			<DL_ZONE gedi_type="TextRegion" id="93" col="582" row="1672" width="86" height="43" contents="الشارع" script="typed" language="arabic"> </DL_ZONE>
			<DL_ZONE gedi_type="TextRegion" id="94" col="762" row="1665" width="93" height="39" contents="الطربق" script="typed" language="arabic"> </DL_ZONE>
			<DL_ZONE gedi_type="TextRegion" id="95" col="956" row="1672" width="76" height="38" contents="المنزل" script="typed" language="arabic"> </DL_ZONE>
			<DL_ZONE gedi_type="TextRegion" id="96" col="1158" row="1671" width="75" height="38" contents="المبنى" script="typed" language="arabic"> </DL_ZONE>
			<DL_ZONE gedi_type="TextRegion" id="97" col="1346" row="1669" width="65" height="37" contents="الشقة" script="typed" language="arabic"> </DL_ZONE>
			<DL_ZONE gedi_type="TextRegion" id="98" col="225" row="1708" width="70" height="37" contents="Area" script="typed" language="english"> </DL_ZONE>
			<DL_ZONE gedi_type="TextRegion" id="99" col="385" row="1717" width="89" height="33" contents="Block" script="typed" language="english"> </DL_ZONE>
			<DL_ZONE gedi_type="TextRegion" id="100" col="582" row="1718" width="90" height="33" contents="Street" script="typed" language="english"> </DL_ZONE>
			<DL_ZONE gedi_type="TextRegion" id="101" col="769" row="1705" width="80" height="36" contents="Road" script="typed" language="english"> </DL_ZONE>
			<DL_ZONE gedi_type="TextRegion" id="102" col="946" row="1712" width="95" height="35" contents="House" script="typed" language="english"> </DL_ZONE>
			<DL_ZONE gedi_type="TextRegion" id="103" col="1132" row="1712" width="127" height="39" contents="Building" script="typed" language="english"> </DL_ZONE>
			<DL_ZONE gedi_type="TextRegion" id="104" col="1345" row="1715" width="61" height="33" contents="Flat" script="typed" language="english"> </DL_ZONE>
			<DL_ZONE gedi_type="TableRegion" id="106" col="180" row="1596" width="1277" height="170"> </DL_ZONE>
			<DL_ZONE gedi_type="TextRegion" id="107" col="139" row="1800" width="147" height="40" contents="P.O.Box" script="typed" language="english"> </DL_ZONE>
			<DL_ZONE gedi_type="TextRegion" id="108" col="533" row="1796" width="232" height="47" contents="City / Country" script="typed" language="english"> </DL_ZONE>
			<DL_ZONE gedi_type="TextRegion" id="109" col="807" row="1791" width="186" height="64" contents="الدار البيضاء" script="hand" language="arabic"> </DL_ZONE>
			<DL_ZONE gedi_type="TextRegion" id="110" nextZoneID="109" col="1021" row="1792" width="168" height="45" contents="المدينة / البلد" script="typed" language="arabic"> </DL_ZONE>
			<DL_ZONE gedi_type="TextRegion" id="111" col="1229" row="1786" width="160" height="51" contents="20250" script="hand" language="arabic"> </DL_ZONE>
			<DL_ZONE gedi_type="TextRegion" id="112" nextZoneID="111" col="1412" row="1802" width="91" height="35" contents="ص.ب" script="typed" language="arabic"> </DL_ZONE>
			<DL_ZONE gedi_type="TextRegion" id="113" col="139" row="1865" width="267" height="45" contents="Mailing Address" script="typed" language="english"> </DL_ZONE>
			<DL_ZONE gedi_type="TextRegion" id="114" polygon="(522,1888);(523,1854);(753,1853);(830,1866);(875,1851);(914,1870);(992,1860);(1028,1850);(1278,1848);(1293,1910);(1203,1908);(1203,1931);(1169,1933);(1125,1904);(983,1925);(932,1925);(904,1905);(684,1913);(658,1930);(540,1908)" contents="شارع شفشاوني 20250 الدار البيضاء" script="hand" language="arabic"> </DL_ZONE>
			<DL_ZONE gedi_type="TextRegion" id="115" nextZoneID="114" col="1302" row="1858" width="197" height="45" contents="عنوان المراسلة" script="typed" language="arabic"> </DL_ZONE>
			<DL_ZONE gedi_type="TextRegion" id="117" col="319" row="2004" width="144" height="37" contents="هاتف المنزل" script="typed" language="arabic"> </DL_ZONE>
			<DL_ZONE gedi_type="GraphicRegion" id="121" col="287" row="1821" width="246" height="19" function="underlined-field"> </DL_ZONE>
			<DL_ZONE gedi_type="GraphicRegion" id="122" col="762" row="1822" width="252" height="16" function="underlined-field"> </DL_ZONE>
			<DL_ZONE gedi_type="GraphicRegion" id="123" col="1191" row="1817" width="222" height="17" function="underlined-field"> </DL_ZONE>
			<DL_ZONE gedi_type="GraphicRegion" id="124" col="418" row="1887" width="880" height="18" function="underlined-field"> </DL_ZONE>
			<DL_ZONE gedi_type="TextRegion" id="125" col="250" row="1951" width="297" height="47" contents="0522-66-50-90" script="hand" language="arabic"> </DL_ZONE>
			<DL_ZONE gedi_type="TextRegion" id="126" col="558" row="1943" width="280" height="46" contents="06-66-13-02-00" script="hand" language="arabic"> </DL_ZONE>
			<DL_ZONE gedi_type="TextRegion" id="127" col="838" row="1939" width="285" height="47" contents="0522-03-13-84" script="hand" language="arabic"> </DL_ZONE>
			<DL_ZONE gedi_type="TextRegion" id="128" col="1133" row="1940" width="310" height="54" contents="05-22-13-02-14" script="hand" language="arabic"> </DL_ZONE>
			<DL_ZONE gedi_type="TextRegion" id="129" col="331" row="2043" width="129" height="38" contents="Res.Tel" script="typed" language="english"> </DL_ZONE>
			<DL_ZONE gedi_type="TextRegion" id="130" col="632" row="2048" width="107" height="37" contents="Mobile" script="typed" language="english"> </DL_ZONE>
			<DL_ZONE gedi_type="TextRegion" id="131" col="945" row="2050" width="64" height="34" contents="Fax" script="typed" language="english"> </DL_ZONE>
			<DL_ZONE gedi_type="TextRegion" id="132" col="1224" row="2046" width="92" height="35" contents="Office" script="typed" language="english"> </DL_ZONE>
			<DL_ZONE gedi_type="TextRegion" id="133" col="616" row="2005" width="141" height="38" contents="الهاتف النقال" script="typed" language="arabic"> </DL_ZONE>
			<DL_ZONE gedi_type="TextRegion" id="134" col="938" row="2005" width="78" height="40" contents="الفاكس" script="typed" language="arabic"> </DL_ZONE>
			<DL_ZONE gedi_type="TextRegion" id="135" col="1196" row="2006" width="145" height="35" contents="هاتف المكتب" script="typed" language="arabic"> </DL_ZONE>
			<DL_ZONE gedi_type="TableRegion" id="137" col="234" row="1924" width="1214" height="178"> </DL_ZONE>
			<DL_ZONE gedi_type="TextRegion" id="138" col="140" row="2139" width="239" height="41" contents="Email Address" script="typed" language="english"> </DL_ZONE>
			<DL_ZONE gedi_type="TextRegion" id="139" col="381" row="2139" width="39" height="43" contents="1)" script="typed" language="arabic"> </DL_ZONE>
			<DL_ZONE gedi_type="TextRegion" id="140" col="379" row="2186" width="41" height="45" contents="2)" script="typed" language="arabic"> </DL_ZONE>
			<DL_ZONE gedi_type="TextRegion" id="141" col="1285" row="2133" width="213" height="45" contents="البريد الإلكتروني" script="typed" language="arabic"> </DL_ZONE>
			<DL_ZONE gedi_type="TextRegion" id="142" polygon="(510,2124);(1069,2123);(1082,2188);(1037,2177);(990,2172);(929,2179);(857,2172);(859,2195);(841,2198);(813,2187);(756,2182);(690,2175);(647,2178);(609,2183);(576,2177);(542,2174);(478,2177);(452,2127)" contents="Mokhtar_60@gmail.com" script="hand" language="arabic"> </DL_ZONE>
			<DL_ZONE gedi_type="TextRegion" id="143" polygon="(472,2221);(455,2177);(474,2176);(528,2181);(551,2171);(594,2175);(659,2188);(683,2177);(750,2187);(804,2178);(836,2198);(864,2178);(929,2180);(1020,2172);(1116,2171);(1165,2186);(1169,2229);(816,2243);(470,2231)" contents="MokhtarTa@hotmail.Fr" script="hand" language="arabic"> </DL_ZONE>
			<DL_ZONE gedi_type="TextRegion" id="144" nextZoneID="142" col="1242" row="2134" width="39" height="46" contents="(1" script="typed" language="arabic"> </DL_ZONE>
			<DL_ZONE gedi_type="TextRegion" id="145" nextZoneID="143" col="1240" row="2182" width="41" height="43" contents="(2" script="typed" language="arabic"> </DL_ZONE>
			<DL_ZONE gedi_type="GraphicRegion" id="148" col="420" row="2163" width="829" height="14" function="underlined-field"> </DL_ZONE>
			<DL_ZONE gedi_type="GraphicRegion" id="149" col="415" row="2209" width="830" height="14" function="underlined-field"> </DL_ZONE>
			<DL_ZONE gedi_type="GraphicRegion" id="150" col="106" row="1491" width="1415" height="785" function="other"> </DL_ZONE>
			<DL_ZONE gedi_type="NoiseRegion" id="151" col="1576" row="2330" width="86" height="7"> </DL_ZONE>
			<DL_ZONE gedi_type="GraphicRegion" id="276" col="125" row="326" width="430" height="126" function="other"> </DL_ZONE>
			<DL_ZONE gedi_type="GraphicRegion" id="277" col="554" row="326" width="449" height="128" function="other"> </DL_ZONE>
		</DL_PAGE>
		<DL_PAGE gedi_type="DL_PAGE" src="KZYHLT.tif" pageID="2" width="1700" height="2338" Sender_Name="" Receiver_Name="" Language_4="" Document_Date="" Receiver_Company="" Receiver_Address="" Sender_Company="" Sender_Phone="" Receiver_Fax="" Document_Location="" Sender_Address="" Receiver_Phone="" Sender_Fax="" Document_Object="" Language_3="" NumPage="3" Language_1="" Language_2="" Category="" Script_1="" Script_2="">
			<DL_ZONE gedi_type="TextRegion" id="152" col="133" row="116" width="473" height="49" contents="Academic Qualification :" script="typed" language="english"> </DL_ZONE>
			<DL_ZONE gedi_type="TextRegion" id="153" col="1202" row="104" width="298" height="54" contents="المؤهلات الأكاديمية:" script="typed" language="arabic"> </DL_ZONE>
			<DL_ZONE gedi_type="TextRegion" id="154" col="243" row="200" width="80" height="37" contents="الدرجة" script="typed" language="arabic"> </DL_ZONE>
			<DL_ZONE gedi_type="TextRegion" id="155" col="507" row="201" width="89" height="33" contents="الجامعة" script="typed" language="arabic"> </DL_ZONE>
			<DL_ZONE gedi_type="TextRegion" id="156" col="792" row="200" width="48" height="35" contents="البلد" script="typed" language="arabic"> </DL_ZONE>
			<DL_ZONE gedi_type="TextRegion" id="157" col="1025" row="200" width="114" height="34" contents="التخصص" script="typed" language="arabic"> </DL_ZONE>
			<DL_ZONE gedi_type="TextRegion" id="158" col="1278" row="200" width="128" height="38" contents="عام التخرج" script="typed" language="arabic"> </DL_ZONE>
			<DL_ZONE gedi_type="TextRegion" id="159" col="232" row="240" width="102" height="42" contents="Degree" script="typed" language="english"> </DL_ZONE>
			<DL_ZONE gedi_type="TextRegion" id="160" col="473" row="241" width="152" height="37" contents="University" script="typed" language="english"> </DL_ZONE>
			<DL_ZONE gedi_type="TextRegion" id="161" col="757" row="240" width="117" height="40" contents="Country" script="typed" language="english"> </DL_ZONE>
			<DL_ZONE gedi_type="TextRegion" id="162" col="1009" row="239" width="145" height="39" contents="Discipline" script="typed" language="english"> </DL_ZONE>
			<DL_ZONE gedi_type="TextRegion" id="163" col="1249" row="235" width="200" height="38" contents="Year Obtained" script="typed" language="english"> </DL_ZONE>
			<DL_ZONE gedi_type="TextRegion" id="164" col="184" row="313" width="167" height="60" contents="الثالثة" script="hand" language="arabic"> </DL_ZONE>
			<DL_ZONE gedi_type="TextRegion" id="165" col="199" row="392" width="142" height="78" contents="الرابعة" script="hand" language="arabic"> </DL_ZONE>
			<DL_ZONE gedi_type="TextRegion" id="166" col="1270" row="317" width="153" height="57" contents="2000" script="hand" language="arabic"> </DL_ZONE>
			<DL_ZONE gedi_type="TextRegion" id="167" col="1288" row="393" width="156" height="77" contents="2004" script="hand" language="arabic"> </DL_ZONE>
			<DL_ZONE gedi_type="TextRegion" id="168" col="944" row="310" width="264" height="70" contents="شبكة المعلوميات" script="hand" language="arabic"> </DL_ZONE>
			<DL_ZONE gedi_type="TextRegion" id="169" col="972" row="393" width="242" height="124" contents="دبلوم عالي في&#10;المبيعات" script="hand" language="arabic"> </DL_ZONE>
			<DL_ZONE gedi_type="TextRegion" id="170" polygon="(770,315);(895,310);(902,373);(818,374);(797,402);(766,400);(725,353);(762,326)" contents="المغرب" script="hand" language="arabic"> </DL_ZONE>
			<DL_ZONE gedi_type="TextRegion" id="171" polygon="(744,438);(761,465);(802,470);(835,446);(916,438);(911,383);(843,382);(813,388);(803,406);(747,412)" contents="المغرب" script="hand" language="arabic"> </DL_ZONE>
			<DL_ZONE gedi_type="TextRegion" id="172" col="434" row="318" width="235" height="72" contents="التكوين المهني" script="hand" language="arabic"> </DL_ZONE>
			<DL_ZONE gedi_type="TextRegion" id="173" col="405" row="392" width="274" height="150" contents="المدرسة الوطنية&#10;للتجارة والتسيير" script="hand" language="arabic"> </DL_ZONE>
			<DL_ZONE gedi_type="TableRegion" id="181" col="142" row="197" width="1344" height="396"> </DL_ZONE>
			<DL_ZONE gedi_type="TextRegion" id="182" col="143" row="713" width="417" height="48" contents="Practical Experience :" script="typed" language="english"> </DL_ZONE>
			<DL_ZONE gedi_type="TextRegion" id="183" col="1278" row="703" width="223" height="48" contents="الخبرة العملية :" script="typed" language="arabic"> </DL_ZONE>
			<DL_ZONE gedi_type="TextRegion" id="184" col="320" row="762" width="116" height="37" contents="جهة العمل" script="typed" language="arabic"> </DL_ZONE>
			<DL_ZONE gedi_type="TextRegion" id="185" col="306" row="801" width="142" height="42" contents="Employer" script="typed" language="english"> </DL_ZONE>
			<DL_ZONE gedi_type="TextRegion" id="186" col="650" row="802" width="77" height="33" contents="From" script="typed" language="english"> </DL_ZONE>
			<DL_ZONE gedi_type="TextRegion" id="187" col="843" row="802" width="41" height="31" contents="To" script="typed" language="english"> </DL_ZONE>
			<DL_ZONE gedi_type="TextRegion" id="188" col="1158" row="799" width="117" height="35" contents="Position" script="typed" language="english"> </DL_ZONE>
			<DL_ZONE gedi_type="TextRegion" id="189" col="670" row="764" width="39" height="34" contents="إلى" script="typed" language="arabic"> </DL_ZONE>
			<DL_ZONE gedi_type="TextRegion" id="190" col="843" row="765" width="40" height="32" contents="من" script="typed" language="arabic"> </DL_ZONE>
			<DL_ZONE gedi_type="TextRegion" id="191" col="1174" row="760" width="82" height="35" contents="الوظيفة" script="typed" language="arabic"> </DL_ZONE>
			<DL_ZONE gedi_type="TextRegion" id="192" col="1016" row="869" width="373" height="80" contents="مستشار مبيعات" script="hand" language="arabic"> </DL_ZONE>
			<DL_ZONE gedi_type="TextRegion" id="193" col="788" row="836" width="153" height="106" contents="01/12/&#10;2004" script="hand" function_1="date" language="arabic"> </DL_ZONE>
			<DL_ZONE gedi_type="TextRegion" id="195" col="606" row="842" width="167" height="84" contents="14/08/&#10;2012" script="hand" function_1="date" language="arabic"> </DL_ZONE>
			<DL_ZONE gedi_type="TextRegion" id="201" nextZoneID="205" col="992" row="1185" width="511" height="51" contents="يرجى ذكر تفاصيل الخبرة المكتسبة:" script="typed" language="arabic"> </DL_ZONE>
			<DL_ZONE gedi_type="TextRegion" id="202" col="155" row="1192" width="599" height="51" contents="Please give details of experience:" script="typed" language="english"> </DL_ZONE>
			<DL_ZONE gedi_type="TextRegion" id="205" col="141" row="1232" width="1369" height="223" contents="حصلت على شهادة دبلوم عالي في المبيعات سنة 2004،&#10;وقد درست 4 سنوات بالمدرسة الوطنية للتجارة والتسيير،&#10;وبذلك فإني أعتبر مستشار مبيعات، أقوم بتأطير البائعين&#10;الجدد وكذلك بمراقبة جودة المبيعات والتحدث مع الزبناء&#10;ومحاولة إقناعهم باقتناء البضاعة." script="hand" function_1="text_section" language="arabic"> </DL_ZONE>
			<DL_ZONE gedi_type="GraphicRegion" id="208" col="134" row="1567" width="1366" height="16" function="underlined-field"> </DL_ZONE>
			<DL_ZONE gedi_type="GraphicRegion" id="209" col="141" row="1530" width="1359" height="12" function="underlined-field"> </DL_ZONE>
			<DL_ZONE gedi_type="GraphicRegion" id="210" col="143" row="1488" width="1356" height="17" function="underlined-field"> </DL_ZONE>
			<DL_ZONE gedi_type="GraphicRegion" id="211" col="142" row="1451" width="1355" height="19" function="underlined-field"> </DL_ZONE>
			<DL_ZONE gedi_type="GraphicRegion" id="212" col="142" row="1407" width="1356" height="22" function="underlined-field"> </DL_ZONE>
			<DL_ZONE gedi_type="GraphicRegion" id="213" col="141" row="1375" width="1360" height="18" function="underlined-field"> </DL_ZONE>
			<DL_ZONE gedi_type="GraphicRegion" id="214" col="143" row="1335" width="1355" height="19" function="underlined-field"> </DL_ZONE>
			<DL_ZONE gedi_type="GraphicRegion" id="215" col="142" row="1297" width="1359" height="20" function="underlined-field"> </DL_ZONE>
			<DL_ZONE gedi_type="GraphicRegion" id="216" col="143" row="1261" width="1356" height="15" function="underlined-field"> </DL_ZONE>
			<DL_ZONE gedi_type="TableRegion" id="217" col="141" row="757" width="1349" height="397"> </DL_ZONE>
			<DL_ZONE gedi_type="TextRegion" id="218" col="1149" row="1723" width="352" height="56" contents="عضوية المعاهد العلمية:" script="typed" language="arabic"> </DL_ZONE>
			<DL_ZONE gedi_type="TextRegion" id="219" col="134" row="1734" width="770" height="54" contents="Membership of Professional Institution:" script="typed" language="english"> </DL_ZONE>
			<DL_ZONE gedi_type="TextRegion" id="220" col="352" row="1826" width="49" height="34" contents="البلد" script="typed" language="arabic"> </DL_ZONE>
			<DL_ZONE gedi_type="TextRegion" id="221" col="789" row="1823" width="59" height="31" contents="الفئة" script="typed" language="arabic"> </DL_ZONE>
			<DL_ZONE gedi_type="TextRegion" id="222" col="1206" row="1821" width="120" height="39" contents="اسم المعهد" script="typed" language="arabic"> </DL_ZONE>
			<DL_ZONE gedi_type="TextRegion" id="223" col="314" row="1867" width="123" height="39" contents="Country" script="typed" language="english"> </DL_ZONE>
			<DL_ZONE gedi_type="TextRegion" id="224" col="777" row="1858" width="84" height="39" contents="Class" script="typed" language="english"> </DL_ZONE>
			<DL_ZONE gedi_type="TextRegion" id="225" col="1186" row="1862" width="149" height="35" contents="Institution" script="typed" language="english"> </DL_ZONE>
			<DL_ZONE gedi_type="TableRegion" id="232" col="147" row="1817" width="1339" height="412"> </DL_ZONE>
			<DL_ZONE gedi_type="GraphicRegion" id="266" col="92" row="676" width="1439" height="1003" function="other"> </DL_ZONE>
			<DL_ZONE gedi_type="NoiseRegion" id="269" col="515" row="2327" width="1179" height="11"> </DL_ZONE>
			<DL_ZONE gedi_type="GraphicRegion" id="278" col="106" row="96" width="1413" height="554" function="other"> </DL_ZONE>
			<DL_ZONE gedi_type="GraphicRegion" id="279" col="110" row="1713" width="1417" height="539" function="other"> </DL_ZONE>
		</DL_PAGE>
		<DL_PAGE gedi_type="DL_PAGE" src="KZYHLT.tif" pageID="3" width="1700" height="2338" Sender_Name="" Receiver_Name="" Language_4="" Document_Date="" Language_3="" Receiver_Company="" Receiver_Address="" Sender_Company="" Sender_Phone="" Receiver_Fax="" Document_Location="" Sender_Address="" Receiver_Phone="" Sender_Fax="" Document_Object="" NumPage="3" Script_2="" Script_1="" Language_1="" Language_2="" Category="">
			<DL_ZONE gedi_type="TextRegion" id="233" col="126" row="87" width="256" height="51" contents="Sccondment :" script="typed" language="english"> </DL_ZONE>
			<DL_ZONE gedi_type="TextRegion" id="234" col="1359" row="85" width="140" height="46" contents="المزكون :" script="typed" language="arabic"> </DL_ZONE>
			<DL_ZONE gedi_type="TextRegion" id="235" col="399" row="179" width="75" height="39" contents="التوقيع" script="typed" language="arabic"> </DL_ZONE>
			<DL_ZONE gedi_type="TextRegion" id="236" col="705" row="177" width="146" height="39" contents="رقم العضوية" script="typed" language="arabic"> </DL_ZONE>
			<DL_ZONE gedi_type="TextRegion" id="237" col="1145" row="176" width="95" height="40" contents="الإسم" script="typed" language="arabic"> </DL_ZONE>
			<DL_ZONE gedi_type="TextRegion" id="238" col="369" row="220" width="137" height="37" contents="Signature" script="typed" language="english"> </DL_ZONE>
			<DL_ZONE gedi_type="TextRegion" id="239" col="693" row="216" width="168" height="43" contents="M/Ship.No." script="typed" language="english"> </DL_ZONE>
			<DL_ZONE gedi_type="TextRegion" id="240" col="1147" row="218" width="89" height="32" contents="Name" script="typed" language="english"> </DL_ZONE>
			<DL_ZONE gedi_type="GraphicRegion" id="241" function="signature" polygon="(422,351);(350,361);(358,324);(330,308);(446,262);(485,269);(529,303);(522,334);(470,346);(461,379);(416,381);(416,373)"> </DL_ZONE>
			<DL_ZONE gedi_type="GraphicRegion" id="242" function="signature" polygon="(400,413);(411,395);(466,386);(529,349);(597,349);(620,385);(614,409);(551,435);(534,467);(478,452);(491,410);(417,442)"> </DL_ZONE>
			<DL_ZONE gedi_type="TextRegion" id="243" col="719" row="296" width="100" height="61" contents="234" script="hand" language="arabic"> </DL_ZONE>
			<DL_ZONE gedi_type="TextRegion" id="244" col="717" row="373" width="97" height="50" contents="136" script="hand" language="arabic"> </DL_ZONE>
			<DL_ZONE gedi_type="TextRegion" id="245" col="1052" row="282" width="319" height="85" contents="عادل المكناسي" script="hand" language="arabic"> </DL_ZONE>
			<DL_ZONE gedi_type="TextRegion" id="246" col="1063" row="378" width="302" height="69" contents="هند الريحاني" script="hand" language="arabic"> </DL_ZONE>
			<DL_ZONE gedi_type="TextRegion" id="247" col="1438" row="295" width="33" height="35" contents=".1" script="typed" language="arabic"> </DL_ZONE>
			<DL_ZONE gedi_type="TextRegion" id="248" col="1443" row="378" width="27" height="29" contents=".2" script="typed" language="arabic"> </DL_ZONE>
			<DL_ZONE gedi_type="TableRegion" id="251" col="215" row="170" width="1269" height="298"> </DL_ZONE>
			<DL_ZONE gedi_type="TextRegion" id="252" col="130" row="609" width="1374" height="86" contents="أقر بأن جميع البيانات أعلاه صحيحة، يحق للجمعية إلغاء العضوية واتخاذ أية ¤{أجراءات / إجراءات}¤ قانونية مناسبة إذا ثبت لديها أن&#10;المعلومات و/ أو المستندات المتعلقة بالمؤهلات و/أو الخبرة غير صحيحة." script="typed" function_1="text_section" language="arabic"> </DL_ZONE>
			<DL_ZONE gedi_type="TextRegion" id="254" col="124" row="730" width="1375" height="128" contents="I herby certify that all information given above are correct. BSE reserves all rights to cancel&#10;the membership and take the necessary Iegal action in the case of submitting false documents&#10;relating to certification and / or experience." script="typed" function_1="text_section" language="english"> </DL_ZONE>
			<DL_ZONE gedi_type="TextRegion" id="256" col="166" row="929" width="147" height="36" contents="Signature :" script="typed" language="english"> </DL_ZONE>
			<DL_ZONE gedi_type="TextRegion" id="257" col="175" row="1007" width="79" height="37" contents="Date:" script="typed" language="english"> </DL_ZONE>
			<DL_ZONE gedi_type="TextRegion" id="258" col="1404" row="923" width="99" height="41" contents="التوقيع:" script="typed" language="arabic"> </DL_ZONE>
			<DL_ZONE gedi_type="TextRegion" id="259" nextZoneID="261" col="1415" row="999" width="88" height="46" contents="التاريخ:" script="typed" language="arabic"> </DL_ZONE>
			<DL_ZONE gedi_type="GraphicRegion" id="260" function="signature" polygon="(1315,955);(1273,958);(1244,991);(1231,983);(1189,965);(1188,943);(1217,913);(1257,909);(1281,874);(1356,943)"> </DL_ZONE>
			<DL_ZONE gedi_type="TextRegion" id="261" col="1093" row="992" width="310" height="56" contents="12/02/2012" script="hand" function_1="date" language="arabic"> </DL_ZONE>
			<DL_ZONE gedi_type="GraphicRegion" id="263" col="311" row="948" width="1093" height="18" function="underlined-field"> </DL_ZONE>
			<DL_ZONE gedi_type="GraphicRegion" id="264" col="254" row="1025" width="1154" height="16" function="underlined-field"> </DL_ZONE>
			<DL_ZONE gedi_type="GraphicRegion" id="265" col="103" row="560" width="1425" height="543" function="other"> </DL_ZONE>
			<DL_ZONE gedi_type="NoiseRegion" id="271" col="592" row="2058" width="50" height="30"> </DL_ZONE>
			<DL_ZONE gedi_type="NoiseRegion" id="272" col="175" row="2219" width="44" height="34"> </DL_ZONE>
			<DL_ZONE gedi_type="NoiseRegion" id="273" col="1636" row="2285" width="20" height="22"> </DL_ZONE>
			<DL_ZONE gedi_type="NoiseRegion" id="274" col="1531" row="2223" width="27" height="18"> </DL_ZONE>
			<DL_ZONE gedi_type="NoiseRegion" id="275" col="1573" row="2287" width="16" height="21"> </DL_ZONE>
			<DL_ZONE gedi_type="GraphicRegion" id="280" col="110" row="68" width="1411" height="430" function="other"> </DL_ZONE>
		</DL_PAGE>
	</DL_DOCUMENT>
</GEDI>