<?xml version="1.0" encoding="UTF-8"?>
<!--GEDI was developed at Language and Media Processing Laboratory, University of Maryland.-->

<GEDI xmlns="http://lamp.cfar.umd.edu/media/projects/GEDI/" GEDI_version="2.3" GEDI_date="01/21/2010">
	<USER name="Adil" date="7/27/2012 14:54" dateFormat="mm/dd/yyyy hh:mm">	</USER>
	<USER name="MDR-P4" date="8/9/2012 18:02" dateFormat="mm/dd/yyyy hh:mm">	</USER>
	<USER name="MDR-R6" date="2/7/2013 9:03" dateFormat="mm/dd/yyyy hh:mm">	</USER>
	<USER name="MDR-R7" date="11/1/2012 17:29" dateFormat="mm/dd/yyyy hh:mm">	</USER>
	<USER name="MDR_R8" date="10/22/2012 15:35" dateFormat="mm/dd/yyyy hh:mm">	</USER>
	<USER name="asmae" date="7/27/2012 13:48" dateFormat="mm/dd/yyyy hh:mm">	</USER>
	<DL_DOCUMENT src="LBADIY.tif" docTag="xml" NrOfPages="1">
		<DL_PAGE gedi_type="DL_PAGE" src="LBADIY.tif" pageID="1" width="1700" height="2338" Receiver_Name="" Language_4="" Document_Date="" Language_3="" Receiver_Company="" Receiver_Address="" Sender_Company="" Sender_Phone="" Receiver_Fax="" Document_Location="" Sender_Address="" Receiver_Phone="" Sender_Fax="" Category="C3" Language_1="arabic" Language_2="english" Script_1="hand" Script_2="typed" NumPage="1" Sender_Name=" فريد" Document_Object="تهنئة بمناسبة عيد الأم">
			<DL_ZONE gedi_type="TextRegion" id="1" polygon="(240,644);(312,499);(430,514);(411,635);(628,611);(844,449);(949,454);(883,672);(1122,698);(1161,815);(886,847);(468,858);(359,909);(319,908);(334,695)" contents="To&#10;you Mom..." script="typed" language="english"> </DL_ZONE>
			<DL_ZONE gedi_type="TextRegion" id="2" polygon="(1023,962);(1027,890);(1377,874);(1371,968);(1248,980);(1247,1063);(1014,1105);(1012,1166);(1276,1189);(1278,1275);(827,1324);(825,1391);(1023,1415);(1018,1487);(861,1506);(865,1580);(501,1579);(502,1505);(347,1505);(349,1419);(401,1411);(412,1287);(636,1276);(639,1207);(409,1210);(412,1080);(566,1061);(573,961)" contents="أمي الحبيبة&#10;أدامك الله تاجا على رؤوسنا&#10;أمي، أطال الله في عمرك&#10;تعجز كلماتي عن وصفك&#10;أتقدم إليك بأحر&#10;متنمياتي لك بالصحة و العافية&#10;و طول العمر" script="hand" function_1="text_section" language="arabic"> </DL_ZONE>
			<DL_ZONE gedi_type="TextRegion" id="5" polygon="(589,1607);(321,1611);(322,1713);(405,1708);(399,1801);(495,1804);(582,1775);(588,1720);(620,1691);(622,1611)" contents="ابنك البار&#10;فريد" script="hand" language="arabic"> </DL_ZONE>
			<DL_ZONE gedi_type="GraphicRegion" id="7" col="81" row="178" width="1503" height="1913" function="drawing"> </DL_ZONE>
			<DL_ZONE gedi_type="NoiseRegion" id="8" col="0" row="1" width="10" height="382"> </DL_ZONE>
			<DL_ZONE gedi_type="NoiseRegion" id="9" col="1" row="1623" width="6" height="696"> </DL_ZONE>
			<DL_ZONE gedi_type="NoiseRegion" id="10" col="1" row="2325" width="1693" height="13"> </DL_ZONE>
			<DL_ZONE gedi_type="NoiseRegion" id="11" col="1571" row="2289" width="21" height="14"> </DL_ZONE>
			<DL_ZONE gedi_type="NoiseRegion" id="12" col="1648" row="2289" width="16" height="11"> </DL_ZONE>
			<DL_ZONE gedi_type="NoiseRegion" id="13" col="607" row="2058" width="18" height="23"> </DL_ZONE>
			<DL_ZONE gedi_type="NoiseRegion" id="14" col="709" row="2295" width="97" height="24"> </DL_ZONE>
			<DL_ZONE gedi_type="NoiseRegion" id="15" col="598" row="2151" width="21" height="13"> </DL_ZONE>
			<DL_ZONE gedi_type="NoiseRegion" id="16" col="36" row="2165" width="15" height="18"> </DL_ZONE>
			<DL_ZONE gedi_type="NoiseRegion" id="17" col="1200" row="2277" width="16" height="15"> </DL_ZONE>
			<DL_ZONE gedi_type="NoiseRegion" id="18" col="846" row="2160" width="16" height="16"> </DL_ZONE>
			<DL_ZONE gedi_type="NoiseRegion" id="19" col="701" row="2261" width="12" height="14"> </DL_ZONE>
			<DL_ZONE gedi_type="NoiseRegion" id="20" col="1545" row="2224" width="13" height="17"> </DL_ZONE>
			<DL_ZONE gedi_type="NoiseRegion" id="22" col="678" row="1780" width="20" height="33"> </DL_ZONE>
			<DL_ZONE gedi_type="NoiseRegion" id="23" col="1008" row="1792" width="15" height="23"> </DL_ZONE>
		</DL_PAGE>
	</DL_DOCUMENT>
</GEDI>