<?xml version="1.0" encoding="UTF-8"?>
<!--GEDI was developed at Language and Media Processing Laboratory, University of Maryland.-->

<GEDI xmlns="http://lamp.cfar.umd.edu/media/projects/GEDI/" GEDI_version="2.3" GEDI_date="01/21/2010">
	<USER name="Adil" date="7/27/2012 14:51" dateFormat="mm/dd/yyyy hh:mm">	</USER>
	<USER name="MDR-P4" date="8/13/2012 18:25" dateFormat="mm/dd/yyyy hh:mm">	</USER>
	<USER name="MDR_R8" date="10/22/2012 15:35" dateFormat="mm/dd/yyyy hh:mm">	</USER>
	<USER name="asmae" date="7/27/2012 13:48" dateFormat="mm/dd/yyyy hh:mm">	</USER>
	<DL_DOCUMENT src="LBADIM.tif" docTag="xml" NrOfPages="1">
		<DL_PAGE gedi_type="DL_PAGE" src="LBADIM.tif" pageID="1" width="1700" height="2338" Receiver_Name="" Document_Date="" Language_3="" Receiver_Company="" Receiver_Address="" Sender_Company="" Sender_Phone="" Receiver_Fax="" Document_Location="" Sender_Address="" Receiver_Phone="" Sender_Fax="" Category="C3" Language_1="arabic" Language_2="english" Language_4="" NumPage="1" Script_1="hand" Script_2="typed" Sender_Name=" نزيهة" Document_Object="تهنئة بمناسبة عيد الأم">
			<DL_ZONE gedi_type="TextRegion" id="1" polygon="(240,645);(314,507);(406,513);(396,623);(654,608);(859,455);(955,464);(878,663);(1066,706);(1154,797);(1151,849);(623,880);(343,924);(291,881);(343,744)" contents="To&#10;you Mom..." script="typed" language="english"> </DL_ZONE>
			<DL_ZONE gedi_type="TextRegion" id="2" polygon="(1007,934);(1021,887);(1150,871);(1235,877);(1237,931);(1412,955);(1441,1269);(244,1321);(206,1089);(230,971)" contents="أمي الغالية&#10;كم أكون سعيدا عندما أتذكر أيام طفولتي و أنا في حضنك&#10;و تحت رعايتك لا تكفيني العبارات و الكلمات للتعبير عن حبي ¤{لكي/لك}¤.&#10;¤{أتمني/أتمنى}¤ لك بمناسبة عيد الأم طول العمر و الصحة و العافية و أن&#10;تبقي دائما إلى جانبي وأشاركك فرحك و حزنك و أتمنى أن&#10;تتقبلي أمي الغالية هديتي المتواضعة و كل عام و أنت بخير" script="hand" function_1="text_section" language="arabic"> </DL_ZONE>
			<DL_ZONE gedi_type="TextRegion" id="11" polygon="(390,1383);(392,1352);(489,1341);(622,1340);(626,1387);(601,1394);(465,1402);(426,1391);(426,1390)" contents="ابنتك نزيهة" script="hand" language="arabic"> </DL_ZONE>
			<DL_ZONE gedi_type="GraphicRegion" id="13" function="signature" polygon="(427,1487);(415,1434);(434,1418);(492,1396);(592,1413);(589,1443);(527,1471);(498,1502);(471,1496);(470,1478)"> </DL_ZONE>
			<DL_ZONE gedi_type="GraphicRegion" id="14" col="60" row="200" width="1526" height="1886" function="drawing"> </DL_ZONE>
			<DL_ZONE gedi_type="NoiseRegion" id="15" col="1" row="1" width="6" height="315"> </DL_ZONE>
			<DL_ZONE gedi_type="NoiseRegion" id="16" col="0" row="1424" width="8" height="914"> </DL_ZONE>
			<DL_ZONE gedi_type="NoiseRegion" id="17" col="605" row="2061" width="24" height="13"> </DL_ZONE>
			<DL_ZONE gedi_type="NoiseRegion" id="18" col="659" row="2323" width="1041" height="15"> </DL_ZONE>
			<DL_ZONE gedi_type="NoiseRegion" id="19" col="604" row="2154" width="12" height="11"> </DL_ZONE>
			<DL_ZONE gedi_type="NoiseRegion" id="20" col="489" row="2126" width="12" height="16"> </DL_ZONE>
			<DL_ZONE gedi_type="NoiseRegion" id="21" col="1197" row="2282" width="14" height="16"> </DL_ZONE>
			<DL_ZONE gedi_type="NoiseRegion" id="22" col="1573" row="2285" width="98" height="23"> </DL_ZONE>
			<DL_ZONE gedi_type="NoiseRegion" id="23" col="1543" row="2226" width="12" height="16"> </DL_ZONE>
			<DL_ZONE gedi_type="NoiseRegion" id="25" col="23" row="862" width="10" height="15"> </DL_ZONE>
			<DL_ZONE gedi_type="Group" id="27" col="380" row="1330" width="256" height="182" elements="11;13"> </DL_ZONE>
			<DL_ZONE gedi_type="NoiseRegion" id="28" col="1397" row="1292" width="24" height="44"> </DL_ZONE>
			<DL_ZONE gedi_type="NoiseRegion" id="29" col="676" row="1783" width="18" height="30"> </DL_ZONE>
		</DL_PAGE>
	</DL_DOCUMENT>
</GEDI>