<?xml version="1.0" encoding="UTF-8"?>
<!--GEDI was developed at Language and Media Processing Laboratory, University of Maryland.-->

<GEDI xmlns="http://lamp.cfar.umd.edu/media/projects/GEDI/" GEDI_version="2.3.19" GEDI_date="12/23/2011">
	<USER name="MDR-P6" date="4/18/2013 14:44" dateFormat="mm/dd/yyyy hh:mm">	</USER>
	<USER name="MDR-P8" date="4/18/2013 17:04" dateFormat="mm/dd/yyyy hh:mm">	</USER>
	<USER name="Mdr-P5" date="4/11/2013 16:41" dateFormat="mm/dd/yyyy hh:mm">	</USER>
	<DL_DOCUMENT src="LDPQWR.tif" docTag="xml" NrOfPages="1">
		<DL_PAGE gedi_type="DL_PAGE" src="LDPQWR.tif" pageID="1" width="1651" height="2335" Language_2="" Document_Date="" Language_4="" Receiver_Name="" Language_3="" Receiver_Company="" Receiver_Address="" Sender_Company="" Sender_Phone="" Receiver_Fax="" Script_2="" Document_Location="" Receiver_Phone="" Sender_Address="" Sender_Fax="" Category="C2" Document_Object="CARTE D'IDENTITE" Language_1="french" NumPage="1" Script_1="typed" Sender_Name="Joëlle CARON" GEDI_orientation="90">
			<DL_ZONE gedi_type="TextRegion" id="1" col="122" row="206" width="121" height="1902" contents="RÉPUBLIQUE FRANÇAISE" script="typed" language="french"> </DL_ZONE>
			<DL_ZONE gedi_type="TextRegion" id="2" col="278" row="211" width="85" height="468" contents="Nationalité Française" script="typed" language="french"> </DL_ZONE>
			<DL_ZONE gedi_type="TextRegion" id="4" polygon="(360,1421);(844,1416);(839,882);(672,880);(657,330);(584,313);(582,843);(393,825);(383,1261)" contents="Nom : Caron Joëlle&#10;Sexe : Femme Né(e) le : 01/01/1985&#10;à : Sénégal&#10;Taille : 1,66" script="typed" language="french"> </DL_ZONE>
			<DL_ZONE gedi_type="TextRegion" id="5" col="881" row="1123" width="136" height="288" contents="Signature&#10;du titulaire :" script="typed" language="french"> </DL_ZONE>
			<DL_ZONE gedi_type="TextRegion" id="6" col="1129" row="301" width="161" height="729" contents="Email : caron.joelle@yahoo.fr&#10;Site Internet :" script="typed" language="french"> </DL_ZONE>
			<DL_ZONE gedi_type="TextRegion" id="7" col="1064" row="1429" width="228" height="606" contents="Coordonnées :&#10;Téléphone : 0312702306&#10;Fax général 0313702404" script="typed" language="french"> </DL_ZONE>
			<DL_ZONE gedi_type="TextRegion" id="8" col="1352" row="2115" width="1897" height="155" orientationD="89.758" contents="&lt;&lt;&lt;&lt;&lt;&lt;&lt;&lt;&lt;&lt;&lt;&lt;&lt;&lt;&lt;&lt;&lt;&lt;&lt;&lt;&lt;&lt; &lt;&lt;&lt;&lt;&lt;&lt;&lt;&lt;&lt;&lt;&lt;&lt;&lt;&lt;&lt;&lt;&lt;&lt;&lt;&lt;&lt;&lt;&#10;&lt;&lt;&lt;&lt;&lt;&lt;&lt;&lt;&lt;&lt;&lt;&lt;&lt;&lt;&lt;&lt;&lt;&lt;&lt;&lt;&lt;&lt; &lt;&lt; &lt;&lt;&lt;&lt;&lt;&lt;&lt;&lt;&lt;" script="typed" language="french"> </DL_ZONE>
			<DL_ZONE gedi_type="GraphicRegion" id="14" col="365" row="1419" width="667" height="711" function="other"> </DL_ZONE>
			<DL_ZONE gedi_type="GraphicRegion" id="15" col="851" row="787" width="178" height="296" function="signature"> </DL_ZONE>
			<DL_ZONE gedi_type="GraphicRegion" id="16" col="55" row="151" width="1528" height="2024" function="other"> </DL_ZONE>
		</DL_PAGE>
	</DL_DOCUMENT>
</GEDI>