<?xml version="1.0" encoding="UTF-8"?>
<!--GEDI was developed at Language and Media Processing Laboratory, University of Maryland.-->

<GEDI xmlns="http://lamp.cfar.umd.edu/media/projects/GEDI/" GEDI_version="2.3.19" GEDI_date="12/23/2011">
	<USER name="Adil" date="8/13/2012 13:02" dateFormat="mm/dd/yyyy hh:mm">	</USER>
	<USER name="MDR-P1" date="8/17/2012 11:03" dateFormat="mm/dd/yyyy hh:mm">	</USER>
	<USER name="MDR-P2" date="8/14/2012 17:34" dateFormat="mm/dd/yyyy hh:mm">	</USER>
	<USER name="MDR-P6" date="5/28/2013 10:48" dateFormat="mm/dd/yyyy hh:mm">	</USER>
	<USER name="asmae" date="8/9/2012 10:53" dateFormat="mm/dd/yyyy hh:mm">	</USER>
	<DL_DOCUMENT src="LETUKN.tif" docTag="xml" NrOfPages="1">
		<DL_PAGE gedi_type="DL_PAGE" src="LETUKN.tif" pageID="1" width="1651" height="2335" Language_2="" Sender_Name="" Language_4="" Document_Date="" Language_3="" Receiver_Company="" Receiver_Address="" Sender_Company="" Sender_Phone="" Script_2="" Receiver_Fax="" Document_Location="" Sender_Address="" Receiver_Phone="" Sender_Fax="" Category="C2" Document_Object="CARTE ÉTUDIANT" Language_1="french" NumPage="1" Script_1="typed" Receiver_Name="Mylène GONCALVES" GEDI_orientation="270">
			<DL_ZONE gedi_type="TextRegion" id="2" col="1279" row="253" width="136" height="1071" contents="Université de Aschbach" script="typed" language="french"> </DL_ZONE>
			<DL_ZONE gedi_type="TextRegion" id="3" col="894" row="670" width="158" height="366" contents="Identifiant 859621&#10;INE N512478J" script="typed" function_1="reference" language="french"> </DL_ZONE>
			<DL_ZONE gedi_type="TextRegion" id="4" col="671" row="445" width="114" height="865" contents="CARTE ÉTUDIANT" script="typed" function_2="object" function_1="title" language="french"> </DL_ZONE>
			<DL_ZONE gedi_type="TextRegion" id="5" col="578" row="1470" width="75" height="273" contents="2011-2012" script="typed" language="french"> </DL_ZONE>
			<DL_ZONE gedi_type="TextRegion" id="6" col="372" row="322" width="147" height="413" contents="MONEO EXPIRE FIN&#10;31/12/2012" script="typed" language="french"> </DL_ZONE>
			<DL_ZONE gedi_type="TextRegion" id="7" col="526" row="891" width="121" height="326" contents="GONCALVES&#10;Mylène" script="typed" language="french"> </DL_ZONE>
			<DL_ZONE gedi_type="TextRegion" id="8" col="359" row="1557" width="112" height="383" contents="mon€o" script="typed" language="french"> </DL_ZONE>
			<DL_ZONE gedi_type="GraphicRegion" id="18" col="252" row="190" width="1205" height="1861" function="other"> </DL_ZONE>
			<DL_ZONE gedi_type="NoiseRegion" id="19" col="1625" row="0" width="24" height="2335"> </DL_ZONE>
		</DL_PAGE>
	</DL_DOCUMENT>
</GEDI>