<?xml version="1.0" encoding="UTF-8"?>
<!--GEDI was developed at Language and Media Processing Laboratory, University of Maryland.-->

<GEDI xmlns="http://lamp.cfar.umd.edu/media/projects/GEDI/" GEDI_version="2.3.19" GEDI_date="12/23/2011">
	<USER name="Mdr-P5" date="1/29/2013 13:10" dateFormat="mm/dd/yyyy hh:mm">	</USER>
	<DL_DOCUMENT src="LLLPXK.tif" docTag="xml" NrOfPages="1">
		<DL_PAGE gedi_type="DL_PAGE" src="LLLPXK.tif" pageID="1" width="2544" height="3472" Language_2="" Sender_Name="" Language_4="" Receiver_Name="" Language_3="" Receiver_Company="" Receiver_Address="" Sender_Company="" Sender_Phone="" Receiver_Fax="" Script_2="" Document_Location="" Receiver_Phone="" Sender_Address="" Sender_Fax="" Category="C2" Document_Object="CARTE NORD PAS DE CALAIS" Language_1="french" NumPage="1" Script_1="hand" Document_Date="" GEDI_orientation="270">
			<DL_ZONE gedi_type="TextRegion" id="1" col="1808" row="2216" width="424" height="1064" contents="SAMEDI 8 Décembre 2006&#10;Gdn - 8h10 / Lille - 9h10&#10;Week-end shopping et&#10;visite de Lille!" script="hand" function_1="annotation" language="french"> </DL_ZONE>
			<DL_ZONE gedi_type="TextRegion" id="2" col="1408" row="1920" width="100" height="148" contents="Lille" script="hand" function_1="annotation" language="french"> </DL_ZONE>
			<DL_ZONE gedi_type="TextRegion" id="3" col="772" row="1540" width="92" height="224" contents="Arras" script="hand" function_1="annotation" language="french"> </DL_ZONE>
			<DL_ZONE gedi_type="GraphicRegion" id="5" function="drawing" polygon="(2292,140);(720,100);(312,756);(292,3176);(552,3296);(960,3240);(1472,2308);(1788,2100);(2352,1336);(2372,156)"> </DL_ZONE>
			<DL_ZONE gedi_type="NoiseRegion" id="6" col="8" row="3412" width="1660" height="60"> </DL_ZONE>
			<DL_ZONE gedi_type="NoiseRegion" id="7" col="2444" row="8" width="92" height="3408"> </DL_ZONE>
		</DL_PAGE>
	</DL_DOCUMENT>
</GEDI>