<?xml version="1.0" encoding="UTF-8"?>
<!--GEDI was developed at Language and Media Processing Laboratory, University of Maryland.-->

<GEDI xmlns="http://lamp.cfar.umd.edu/media/projects/GEDI/" GEDI_version="2.3.19" GEDI_date="12/23/2011">
	<USER name="MDR-P6" date="3/14/2013 17:40" dateFormat="mm/dd/yyyy hh:mm">	</USER>
	<DL_DOCUMENT src="LMUNNY.tif" docTag="xml" NrOfPages="1">
		<DL_PAGE gedi_type="DL_PAGE" src="LMUNNY.tif" pageID="1" width="2480" height="3507" Language_2="" Sender_Name="" Document_Date="" Language_4="" Receiver_Name="" Language_3="" Receiver_Company="" Receiver_Address="" Sender_Company="" Sender_Phone="" Receiver_Fax="" Document_Location="" Receiver_Phone="" Sender_Address="" Sender_Fax="" Category="C2" Document_Object="MAP OF LONDON" Language_1="english" NumPage="1" Script_1="hand" Script_2="typed" GEDI_orientation="270">
			<DL_ZONE gedi_type="GraphicRegion" id="1" col="444" row="544" width="1668" height="2408" function="drawing"> </DL_ZONE>
			<DL_ZONE gedi_type="NoiseRegion" id="2" col="2440" row="0" width="40" height="3500"> </DL_ZONE>
			<DL_ZONE gedi_type="LineDrawingRegion" id="3" col="1608" row="1112" width="180" height="69"> </DL_ZONE>
			<DL_ZONE gedi_type="LineDrawingRegion" id="4" polygon="(1767,2120);(1760,2086);(1723,2042);(1643,1974);(1564,1948);(1468,1977);(1407,2038);(1386,2081);(1371,2169);(1378,2290);(1395,2337);(1419,2364);(1454,2392);(1498,2408);(1522,2410);(1552,2408);(1646,2365);(1720,2290);(1744,2254);(1767,2182)"> </DL_ZONE>
			<DL_ZONE gedi_type="LineDrawingRegion" id="5" polygon="(2015,2800);(2003,2726);(1988,2669);(1972,2629);(1956,2616);(1936,2613);(1920,2624);(1902,2646);(1886,2677);(1871,2769);(1867,2885);(1868,2966);(1882,3056);(1906,3068);(1942,3060);(1968,3036);(1990,2994);(2004,2986);(2012,2932);(2014,2916)"> </DL_ZONE>
			<DL_ZONE gedi_type="LineDrawingRegion" id="6" polygon="(2082,2805);(2068,2806);(2056,2746);(2042,2746);(2043,2814);(1975,2838);(1979,2850);(2047,2832);(2058,2888);(2070,2885);(2063,2829);(2087,2826)"> </DL_ZONE>
			<DL_ZONE gedi_type="LineDrawingRegion" id="7" col="776" row="2292" width="134" height="405"> </DL_ZONE>
			<DL_ZONE gedi_type="TextRegion" id="8" col="466" row="686" width="32" height="83" contents="250M" script="typed" language="english"> </DL_ZONE>
			<DL_ZONE gedi_type="TextRegion" id="9" col="502" row="1642" width="77" height="159" contents="River" script="hand" function_1="annotation" language="english"> </DL_ZONE>
			<DL_ZONE gedi_type="TextRegion" id="10" col="1018" row="1745" width="386" height="58" orientationD="260.757" contents="Court Street" script="hand" function_1="annotation" language="english"> </DL_ZONE>
			<DL_ZONE gedi_type="TextRegion" id="11" col="790" row="2272" width="417" height="129" orientationD="269.725" contents="Her majesty's&#10;Queen Palace" script="hand" function_1="annotation" language="english"> </DL_ZONE>
			<DL_ZONE gedi_type="TextRegion" id="12" col="1026" row="2884" width="82" height="217" contents="Palace" script="hand" function_1="annotation" language="english"> </DL_ZONE>
			<DL_ZONE gedi_type="TextRegion" id="13" col="1712" row="2884" width="76" height="164" contents="Burial" script="hand" function_1="annotation" language="english"> </DL_ZONE>
			<DL_ZONE gedi_type="TextRegion" id="14" polygon="(1506,2093);(1500,2006);(1440,1989);(1423,2126);(1464,2429);(1511,2392);(1523,2296);(1540,2221);(1511,2178);(1518,2144);(1528,2134)" contents="amphitheatre" script="hand" function_1="annotation" language="english"> </DL_ZONE>
			<DL_ZONE gedi_type="TextRegion" id="15" polygon="(1974,2696);(1912,2704);(1907,2669);(1871,2665);(1870,3041);(1922,3029);(1920,2972);(2012,2960);(1994,2717)" contents="burial of&#10;ex-landowners" script="hand" function_1="annotation" language="english"> </DL_ZONE>
			<DL_ZONE gedi_type="TextRegion" id="16" polygon="(1639,1534);(1619,1532);(1614,1560);(1640,1696);(1710,1646);(1687,1544)" contents="Clock" script="hand" function_1="annotation" language="english"> </DL_ZONE>
			<DL_ZONE gedi_type="TextRegion" id="17" polygon="(1626,1073);(1604,1065);(1579,1072);(1546,1093);(1508,1164);(1512,1181);(1544,1194);(1556,1288);(1594,1289);(1619,1200);(1603,1157);(1602,1124);(1628,1110)" contents="Big Ben" script="hand" function_1="annotation" language="english"> </DL_ZONE>
		</DL_PAGE>
	</DL_DOCUMENT>
</GEDI>