<?xml version="1.0" encoding="UTF-8"?>
<!--GEDI was developed at Language and Media Processing Laboratory, University of Maryland.-->

<GEDI xmlns="http://lamp.cfar.umd.edu/media/projects/GEDI/" GEDI_version="2.3.19" GEDI_date="12/23/2011">
	<USER name="Catherine MAUPLOT" date="11/29/2012 11:27" dateFormat="mm/dd/yyyy hh:mm">	</USER>
	<USER name="MDR-P1" date="11/30/2012 13:18" dateFormat="mm/dd/yyyy hh:mm">	</USER>
	<USER name="MDR-P4" date="2/4/2013 12:43" dateFormat="mm/dd/yyyy hh:mm">	</USER>
	<USER name="MDR-P8" date="5/28/2013 12:59" dateFormat="mm/dd/yyyy hh:mm">	</USER>
	<DL_DOCUMENT src="LQFFYG.tif" docTag="xml" NrOfPages="1">
		<DL_PAGE gedi_type="DL_PAGE" src="LQFFYG.tif" pageID="1" width="826" height="1169" Language_2="" Document_Date="" Language_4="" Receiver_Name="" Language_3="" Receiver_Company="" Receiver_Address="" Sender_Company="" Sender_Phone="" Receiver_Fax="" Script_2="" Document_Location="" Receiver_Phone="" Sender_Address="" Sender_Fax="" Category="C2" Language_1="english" NumPage="1" Document_Object="ARTICLE" Script_1="typed" Sender_Name="Anne-Cécile ROBERT" GEDI_orientation="90">
			<DL_ZONE gedi_type="TextRegion" id="1" col="130" row="590" width="583" height="467" contents="The Treaty of Amsterdam creates a new set of obligations for the countries of&#10;the European Community under the heading of ”Visas, immigration and other&#10;policies referring to free movement of persons”. The Fifteen are required to&#10;adopt :&#10;standards and methods for controlling transit across the external borders of&#10;the European Union ; minimum measures and standards regarding asylum and&#10;protection of refugees ; procedures and conditions for provision of visas for&#10;long-term and three-month-maximum stays, including those granted as part of&#10;family regrouping ; the fight against clandestine immigration and non-regularised&#10;stays ; procedures for the repatriation of offenders. Measures designed to&#10;guarantee free movement of persons between the member countries.&#10;At the end of a five-year period after the ratification of the Amsterdam Treaty,&#10;the European Council is to decide unanimously that decisions taken within the&#10;framework of this chapter shall be taken by qualified majority in joint decision&#10;with the European Parliament.&#10;These decisions are to guarantee a level of security and protection at least equal&#10;to that provided by the Schengen convention, the application of which will&#10;thereafter take place within the framework of, and according to the procedures&#10;of the European Union. This intergovernmental convention, which has currently&#10;been adopted by nine member countries - the Fifteen, with the exception of&#10;Sweden, Finland, Greece, the United Kingdom, Ireland and Denmark - removes&#10;control on people at Europe’s internal borders and organises it at its outer&#10;borders. The Amsterdam Treaty incorporates the Schengen convention into the&#10;European Union. The United Kingdom, Ireland and Denmark have been allowed&#10;to defer its application." script="typed" function_1="text_section" language="english"> </DL_ZONE>
			<DL_ZONE gedi_type="TextRegion" id="2" col="559" row="114" width="127" height="438" contents="TheTreaty of Amsterdam creates a new set of obligations&#10;for the countries of the European Community under&#10;the heading of ”Visas, immigration and other policies&#10;referring to free movement of persons”. The Fifteen are&#10;required to adopt :" script="typed" function_1="text_section" language="english"> </DL_ZONE>
			<DL_ZONE gedi_type="TextRegion" id="3" col="144" row="302" width="40" height="253" contents="Setting out the rules for immigration&#10;By Anne-C cile Robert" script="typed" function_1="title" language="english"> </DL_ZONE>
			<DL_ZONE gedi_type="GraphicRegion" id="4" col="116" row="104" width="97" height="464" function="other"> </DL_ZONE>
		</DL_PAGE>
	</DL_DOCUMENT>
</GEDI>