<?xml version="1.0" encoding="UTF-8"?>
<!--GEDI was developed at Language and Media Processing Laboratory, University of Maryland.-->

<GEDI xmlns="http://lamp.cfar.umd.edu/media/projects/GEDI/" GEDI_version="2.3.19" GEDI_date="12/23/2011">
	<USER name="Adil" date="9/11/2012 12:05" dateFormat="mm/dd/yyyy hh:mm">	</USER>
	<USER name="Amina" date="9/15/2012 11:55" dateFormat="mm/dd/yyyy hh:mm">	</USER>
	<USER name="MDR-P1" date="9/19/2012 12:41" dateFormat="mm/dd/yyyy hh:mm">	</USER>
	<USER name="MDR-P6" date="10/26/2012 12:42" dateFormat="mm/dd/yyyy hh:mm">	</USER>
	<USER name="MDR-P8" date="9/21/2012 15:34" dateFormat="mm/dd/yyyy hh:mm">	</USER>
	<USER name="asmae" date="9/15/2012 10:08" dateFormat="mm/dd/yyyy hh:mm">	</USER>
	<DL_DOCUMENT src="LYTLRZ.tif" docTag="xml" NrOfPages="1">
		<DL_PAGE gedi_type="DL_PAGE" src="LYTLRZ.tif" pageID="1" width="1651" height="2335" Language_2="" Sender_Name="" Language_4="" Language_3="" Receiver_Company="" Receiver_Fax="" Script_2="" Document_Location="" Receiver_Phone="" Sender_Fax="" Category="C2" Document_Date="27/08/2012" Document_Object="BON DE COMMANDE" Language_1="french" NumPage="1" Receiver_Address="4 RUE EUGÈNE GÉRARD 57710 BURE" Script_1="typed" Sender_Address="28 RUE DU FAUBOURG BONNEFOY 94560 CHOISY" Sender_Company="BIOMENIF" Sender_Phone="+33(0)1.58.36.98.52" Receiver_Name="Caroline RENAULT">
			<DL_ZONE gedi_type="TextRegion" id="1" col="838" row="209" width="503" height="218" contents="BIOMENIF&#10;28 rue du Faubourg Bonnefoy&#10;94560 Choisy&#10;Téléphone : 0158369852&#10;www.biomenif.com" script="typed" function_1="coordinates" language="french"> </DL_ZONE>
			<DL_ZONE gedi_type="GraphicRegion" id="2" col="204" row="229" width="603" height="377" function="logo"> </DL_ZONE>
			<DL_ZONE gedi_type="TextRegion" id="3" col="188" row="735" width="768" height="64" contents="BON DE COMMANDE N° 456985" script="typed" function_2="reference" function_1="object" function_3="title" language="french"> </DL_ZONE>
			<DL_ZONE gedi_type="TextRegion" id="4" col="1060" row="738" width="389" height="61" contents="DU 27/08/2012" script="typed" function_1="date" language="french"> </DL_ZONE>
			<DL_ZONE gedi_type="TextRegion" id="5" col="192" row="926" width="282" height="46" contents="REFERENCE" script="typed" language="french"> </DL_ZONE>
			<DL_ZONE gedi_type="TextRegion" id="6" col="725" row="931" width="319" height="46" contents="DESIGNATION" script="typed" language="french"> </DL_ZONE>
			<DL_ZONE gedi_type="TextRegion" id="7" col="1322" row="930" width="111" height="46" contents="PRIX" script="typed" language="french"> </DL_ZONE>
			<DL_ZONE gedi_type="TextRegion" id="8" col="249" row="985" width="172" height="48" contents="547896" script="typed" function_1="reference" language="french"> </DL_ZONE>
			<DL_ZONE gedi_type="TextRegion" id="9" col="248" row="1039" width="170" height="53" contents="458963" script="typed" function_1="reference" language="french"> </DL_ZONE>
			<DL_ZONE gedi_type="TextRegion" id="10" col="245" row="1096" width="173" height="52" contents="789556" script="typed" function_1="reference" language="french"> </DL_ZONE>
			<DL_ZONE gedi_type="TextRegion" id="11" col="246" row="1152" width="172" height="55" contents="621547" script="typed" function_1="reference" language="french"> </DL_ZONE>
			<DL_ZONE gedi_type="TextRegion" id="12" col="496" row="981" width="369" height="56" contents="¤{Boite/Boîte}¤ de Pandex" script="typed" language="french"> </DL_ZONE>
			<DL_ZONE gedi_type="TextRegion" id="13" col="497" row="1042" width="481" height="51" contents="¤{Boite/Boîte}¤ de Gants ¤{tricoté/tricotés}¤" script="typed" language="french"> </DL_ZONE>
			<DL_ZONE gedi_type="TextRegion" id="14" col="498" row="1098" width="648" height="54" contents="Pack de 12 prothèses Fusion" script="typed" language="french"> </DL_ZONE>
			<DL_ZONE gedi_type="TextRegion" id="15" col="495" row="1155" width="350" height="51" contents="Pack de bécher" script="typed" language="french"> </DL_ZONE>
			<DL_ZONE gedi_type="TextRegion" id="16" col="1311" row="986" width="131" height="50" contents="25,90" script="typed" language="french"> </DL_ZONE>
			<DL_ZONE gedi_type="TextRegion" id="17" col="1312" row="1041" width="130" height="54" contents="16,80" script="typed" language="french"> </DL_ZONE>
			<DL_ZONE gedi_type="TextRegion" id="18" col="1309" row="1100" width="134" height="52" contents="58,45" script="typed" language="french"> </DL_ZONE>
			<DL_ZONE gedi_type="TextRegion" id="19" col="1313" row="1154" width="135" height="50" contents="45.15" script="typed" language="french"> </DL_ZONE>
			<DL_ZONE gedi_type="TextRegion" id="20" col="1160" row="1824" width="108" height="35" contents="TOTAL" script="typed" language="french"> </DL_ZONE>
			<DL_ZONE gedi_type="TextRegion" id="21" col="1292" row="1823" width="160" height="53" contents="146.30" script="typed" language="french"> </DL_ZONE>
			<DL_ZONE gedi_type="TableRegion" id="26" col="169" row="916" width="1310" height="973"> </DL_ZONE>
			<DL_ZONE gedi_type="TextRegion" id="30" col="841" row="503" width="358" height="129" contents="RENAULT Caroline&#10;4 rue Eugène Gérard&#10;57710 Bure" script="typed" function_1="coordinates" language="french"> </DL_ZONE>
			<DL_ZONE gedi_type="NoiseRegion" id="32" col="2" row="0" width="1649" height="9"> </DL_ZONE>
			<DL_ZONE gedi_type="NoiseRegion" id="33" col="1632" row="9" width="19" height="2325"> </DL_ZONE>
			<DL_ZONE gedi_type="NoiseRegion" id="34" col="1" row="8" width="8" height="364"> </DL_ZONE>
			<DL_ZONE gedi_type="NoiseRegion" id="35" col="996" row="2027" width="18" height="14"> </DL_ZONE>
		</DL_PAGE>
	</DL_DOCUMENT>
</GEDI>