<?xml version="1.0" encoding="UTF-8"?>
<!--GEDI was developed at Language and Media Processing Laboratory, University of Maryland.-->

<GEDI xmlns="http://lamp.cfar.umd.edu/media/projects/GEDI/" GEDI_version="2.3.19" GEDI_date="12/23/2011">
	<USER name="MDR-P6" date="1/29/2013 8:44" dateFormat="mm/dd/yyyy hh:mm">	</USER>
	<USER name="MDR-P8" date="5/28/2013 16:10" dateFormat="mm/dd/yyyy hh:mm">	</USER>
	<USER name="Mdr-P5" date="1/3/2013 16:50" dateFormat="mm/dd/yyyy hh:mm">	</USER>
	<DL_DOCUMENT src="MHPAEP.tif" docTag="xml" NrOfPages="1">
		<DL_PAGE gedi_type="DL_PAGE" src="MHPAEP.tif" pageID="1" width="1240" height="1754" Language_2="" Language_4="" Language_3="" Receiver_Company="" Receiver_Address="" Sender_Company="" Sender_Phone="" Receiver_Fax="" Document_Location="" Sender_Address="" Receiver_Phone="" Sender_Fax="" Category="C2" Document_Date="28/12/2012" Document_Object="CHEQUE" Language_1="english" NumPage="1" Script_1="hand" Script_2="typed" Receiver_Name="Sally BOWER" Sender_Name="Van B" GEDI_orientation="90">
			<DL_ZONE gedi_type="TextRegion" id="1" col="371" row="379" width="66" height="266" contents="12/28/2012" script="hand" function_1="date" language="english"> </DL_ZONE>
			<DL_ZONE gedi_type="TextRegion" id="2" col="526" row="227" width="50" height="131" contents="5123" script="hand" language="english"> </DL_ZONE>
			<DL_ZONE gedi_type="TextRegion" id="3" col="634" row="199" width="46" height="181" contents="DOLLARS" script="typed" language="english"> </DL_ZONE>
			<DL_ZONE gedi_type="TextRegion" id="4" col="282" row="83" width="39" height="87" contents="1001" script="typed" function_1="reference" language="english"> </DL_ZONE>
			<DL_ZONE gedi_type="TextRegion" id="5" col="616" row="90" width="67" height="66" contents="Security&#10;Features&#10;Details on&#10;Back" script="typed" language="english"> </DL_ZONE>
			<DL_ZONE gedi_type="TextRegion" id="6" col="302" row="563" width="43" height="135" contents="1-23/5678" script="typed" function_1="reference" language="english"> </DL_ZONE>
			<DL_ZONE gedi_type="TextRegion" id="7" nextZoneID="1" col="387" row="670" width="35" height="90" contents="DATE" script="typed" language="english"> </DL_ZONE>
			<DL_ZONE gedi_type="TextRegion" id="8" nextZoneID="3" col="628" row="615" width="69" height="871" contents="ONLY FIVE THOUSAND ONE HUNDRED TWENTY THREE" script="hand" language="english"> </DL_ZONE>
			<DL_ZONE gedi_type="TextRegion" id="9" col="831" row="96" width="44" height="57" contents="MP" script="typed" language="english"> </DL_ZONE>
			<DL_ZONE gedi_type="TextRegion" id="10" col="842" row="1456" width="39" height="78" contents="FOR" script="typed" language="english"> </DL_ZONE>
			<DL_ZONE gedi_type="TextRegion" id="11" polygon="(539,1273);(572,1302);(583,1297);(586,1269);(585,1215);(594,1170);(612,1073);(603,995);(599,807);(567,784);(556,855);(542,1015);(540,1178)" contents="Ms. SALLY BOWER" script="hand" language="english"> </DL_ZONE>
			<DL_ZONE gedi_type="TextRegion" id="12" nextZoneID="11" polygon="(525,1525);(626,1520);(616,1222);(584,1234);(580,1245);(591,1284);(584,1287);(573,1342);(536,1433)" contents="PAY&#10;TO THE ORDER OF" script="typed" language="english"> </DL_ZONE>
			<DL_ZONE gedi_type="TextRegion" id="13" nextZoneID="2" col="517" row="391" width="66" height="42" contents="$" script="typed" language="english"> </DL_ZONE>
			<DL_ZONE gedi_type="GraphicRegion" id="15" col="502" row="107" width="94" height="291" function="other"> </DL_ZONE>
			<DL_ZONE gedi_type="GraphicRegion" id="16" col="529" row="437" width="62" height="1021" function="underlined-field"> </DL_ZONE>
			<DL_ZONE gedi_type="GraphicRegion" id="17" col="656" row="375" width="25" height="1165" function="underlined-field"> </DL_ZONE>
			<DL_ZONE gedi_type="GraphicRegion" id="18" col="860" row="108" width="19" height="1434" function="underlined-field"> </DL_ZONE>
			<DL_ZONE gedi_type="GraphicRegion" id="19" col="405" row="322" width="25" height="364" function="underlined-field"> </DL_ZONE>
			<DL_ZONE gedi_type="GraphicRegion" id="21" col="254" row="14" width="753" height="1607" function="drawing"> </DL_ZONE>
			<DL_ZONE gedi_type="TextRegion" id="22" col="781" row="382" width="44" height="140" contents="VAN.B" script="hand" language="english"> </DL_ZONE>
			<DL_ZONE gedi_type="GraphicRegion" id="23" col="763" row="375" width="94" height="208" function="signature"> </DL_ZONE>
			<DL_ZONE gedi_type="LineDrawingRegion" id="24" col="637" row="373" width="42" height="220"> </DL_ZONE>
		</DL_PAGE>
	</DL_DOCUMENT>
</GEDI>