<?xml version="1.0" encoding="UTF-8"?>
<!--GEDI was developed at Language and Media Processing Laboratory, University of Maryland.-->

<GEDI xmlns="http://lamp.cfar.umd.edu/media/projects/GEDI/" GEDI_version="2.3" GEDI_date="01/21/2010">
	<USER name="MDR-R3" date="4/25/2013 19:20" dateFormat="mm/dd/yyyy hh:mm">	</USER>
	<USER name="MDR-R6" date="4/25/2013 19:53" dateFormat="mm/dd/yyyy hh:mm">	</USER>
	<USER name="MDR_R4" date="4/25/2013 16:00" dateFormat="mm/dd/yyyy hh:mm">	</USER>
	<USER name="MDR_R8" date="4/27/2013 11:29" dateFormat="mm/dd/yyyy hh:mm">	</USER>
	<DL_DOCUMENT src="MMWQLP.tif" docTag="xml" NrOfPages="1">
		<DL_PAGE gedi_type="DL_PAGE" src="MMWQLP.tif" pageID="1" width="1651" height="2335" Language_2="" Receiver_Name="" Language_4="" Document_Date="" Language_3="" Receiver_Company="" Receiver_Address="" Sender_Company="" Sender_Phone="" Script_2="" Receiver_Fax="" Document_Location="" Sender_Address="" Receiver_Phone="" Sender_Fax="" Category="C2" Sender_Name="حمد حسن رقيط" Script_1="typed" NumPage="1" Language_1="arabic" Document_Object="ملصق" GEDI_orientation="180">
			<DL_ZONE gedi_type="TextRegion" id="1" col="200" row="1717" width="1118" height="459" contents="الطريق إلى&#10;السعادة" script="typed" function_1="title" language="arabic"> </DL_ZONE>
			<DL_ZONE gedi_type="TextRegion" id="2" col="141" row="1499" width="597" height="107" contents="حمد حسن رقيط" script="typed" language="arabic"> </DL_ZONE>
			<DL_ZONE gedi_type="TextRegion" id="3" col="1019" row="208" width="492" height="83" contents="مركز الشريط الإسلامي" script="typed" language="arabic"> </DL_ZONE>
			<DL_ZONE gedi_type="NoiseRegion" id="8" col="1618" row="9" width="25" height="2318"> </DL_ZONE>
			<DL_ZONE gedi_type="GraphicRegion" id="9" function="drawing" polygon="(395,190);(1561,189);(1573,2200);(83,2196);(83,181);(45,124);(42,74);(210,106)"> </DL_ZONE>
		</DL_PAGE>
	</DL_DOCUMENT>
</GEDI>