<?xml version="1.0" encoding="UTF-8"?>
<!--GEDI was developed at Language and Media Processing Laboratory, University of Maryland.-->

<GEDI xmlns="http://lamp.cfar.umd.edu/media/projects/GEDI/" GEDI_version="2.3.19" GEDI_date="12/23/2011">
	<USER name="MDR-R0" date="12/8/2012 12:09" dateFormat="mm/dd/yyyy hh:mm">	</USER>
	<USER name="MDR-R1" date="12/7/2012 16:36" dateFormat="mm/dd/yyyy hh:mm">	</USER>
	<USER name="MDR-R3" date="2/7/2013 15:28" dateFormat="mm/dd/yyyy hh:mm">	</USER>
	<USER name="MDR-R4" date="12/7/2012 20:17" dateFormat="mm/dd/yyyy hh:mm">	</USER>
	<USER name="MDR_P1" date="2/25/2013 10:49" dateFormat="mm/dd/yyyy hh:mm">	</USER>
	<DL_DOCUMENT src="MRBEEX.tif" docTag="xml" NrOfPages="1">
		<DL_PAGE gedi_type="DL_PAGE" src="MRBEEX.tif" pageID="1" width="1700" height="2338" Language_2="" Sender_Name="" Document_Date="" Language_4="" Receiver_Name="" Language_3="" Receiver_Company="" Receiver_Address="" Sender_Company="" Sender_Phone="" Receiver_Fax="" Script_2="" Document_Location="" Receiver_Phone="" Sender_Address="" Sender_Fax="" Category="C2" Document_Object="خريطة هنغاريا" Language_1="arabic" NumPage="1" Script_1="hand" GEDI_orientation="270">
			<DL_ZONE gedi_type="TextRegion" id="3" col="1206" row="1348" width="86" height="223" contents="ميشكولك" script="hand" function_1="annotation" language="arabic"> </DL_ZONE>
			<DL_ZONE gedi_type="TextRegion" id="4" polygon="(926,628);(999,860);(953,878);(865,653)" rotation="-90" contents="بودابست" script="hand" function_1="annotation" language="arabic"> </DL_ZONE>
			<DL_ZONE gedi_type="TextRegion" id="5" polygon="(931,1031);(1007,1339);(825,1410);(708,1057)" rotation="-90" contents="جولة سياحية&#10;في هنغاريا في&#10;المدن التالية" script="hand" function_1="annotation" language="arabic"> </DL_ZONE>
			<DL_ZONE gedi_type="TextRegion" id="7" polygon="(435,1002);(480,1144);(448,1177);(425,1158);(365,1042)" contents="سزجد" script="hand" function_1="annotation" language="arabic"> </DL_ZONE>
			<DL_ZONE gedi_type="LineDrawingRegion" id="8" polygon="(1200,1471);(1204,1496);(1190,1517);(1068,1524);(898,1514);(822,1502);(693,1451);(594,1398);(528,1342);(409,1206);(409,1184);(433,1186);(455,1210);(506,1283);(629,1395);(785,1468);(915,1493)"> </DL_ZONE>
			<DL_ZONE gedi_type="LineDrawingRegion" id="9" polygon="(941,810);(956,822);(951,840);(932,843);(915,822);(888,810);(858,803);(799,804);(612,893);(541,969);(504,1118);(466,1181);(445,1177);(454,1151);(477,1113);(482,1074);(488,1035);(504,986);(524,955);(556,916);(596,882);(648,851);(738,815);(784,783);(878,782)"> </DL_ZONE>
			<DL_ZONE gedi_type="GraphicRegion" id="10" col="89" row="10" width="1446" height="2309" function="drawing"> </DL_ZONE>
		</DL_PAGE>
	</DL_DOCUMENT>
</GEDI>