<?xml version="1.0" encoding="UTF-8"?>
<!--GEDI was developed at Language and Media Processing Laboratory, University of Maryland.-->

<GEDI xmlns="http://lamp.cfar.umd.edu/media/projects/GEDI/">
	<USER name="MDR-P6" date="9/12/2012 14:30" dateFormat="mm/dd/yyyy hh:mm">	</USER>
	<USER name="MDR-P7" date="9/13/2012 9:57" dateFormat="mm/dd/yyyy hh:mm">	</USER>
	<DL_DOCUMENT src="MRDNES.tif" docTag="xml" NrOfPages="1">
		<DL_PAGE gedi_type="DL_PAGE" src="MRDNES.tif" pageID="1" width="1651" height="2335" Language_2="" Language_4="" Document_Date="" Language_3="" Receiver_Company="" Receiver_Address="" Sender_Company="" Sender_Phone="" Script_2="" Receiver_Fax="" Document_Location="" Sender_Address="" Receiver_Phone="" Sender_Fax="" Category="C3" Document_Object="LETTER TO A FRIEND" Language_1="english" Script_1="hand" Sender_Name="Don" NumPage="1" Receiver_Name="Thomas">
			<DL_ZONE gedi_type="TextRegion" id="1" polygon="(304,128);(288,248);(148,258);(104,522);(146,530);(192,738);(242,738);(224,828);(136,858);(177,1304);(317,1332);(332,1534);(453,1610);(587,1615);(637,1549);(1251,1517);(1287,1271);(1539,1271);(1590,830);(1264,812);(1258,702);(1490,704);(1466,510);(1600,494);(1624,374);(1526,300);(746,272);(782,168);(698,140)" contents="Dear Thomas,&#10;I would like to thank you for your ¤{unconditionnal/unconditional}¤&#10;support these last years. Through these tough times&#10;you have proven yourself to be the best friend&#10;I could ever ¤{hoped/hope}¤ having. I am grateful&#10;that you held my hand when I was&#10;close to death and that you gave me the&#10;¤{strengh/strength}¤ to survive.&#10;I know that  times are tough for you now&#10;and it is now my turn to help you through&#10;them. Remember that I will always be&#10;by your side. You can ask me anything,&#10;I will always answer positively.&#10;In the sake of our eternal friendship,&#10;don't give up. I am here for you.&#10;Your friend, your brother :&#10;Don" script="hand" function_1="text_section" language="english"> </DL_ZONE>
			<DL_ZONE gedi_type="LineDrawingRegion" id="4" polygon="(474,1616);(576,1629);(576,1640);(469,1635)"> </DL_ZONE>
		</DL_PAGE>
	</DL_DOCUMENT>
</GEDI>