<?xml version="1.0" encoding="UTF-8"?>
<!--GEDI was developed at Language and Media Processing Laboratory, University of Maryland.-->

<GEDI xmlns="http://lamp.cfar.umd.edu/media/projects/GEDI/" GEDI_version="2.3.19" GEDI_date="12/23/2011">
	<USER name="MDR-P1" date="9/19/2012 18:38" dateFormat="mm/dd/yyyy hh:mm">	</USER>
	<USER name="MDR-P6" date="5/29/2013 10:14" dateFormat="mm/dd/yyyy hh:mm">	</USER>
	<USER name="MDR-P8" date="9/21/2012 15:34" dateFormat="mm/dd/yyyy hh:mm">	</USER>
	<DL_DOCUMENT src="NJMULB.tif" docTag="xml" NrOfPages="1">
		<DL_PAGE gedi_type="DL_PAGE" src="NJMULB.tif" pageID="1" width="1651" height="2335" Language_2="" Sender_Name="" Receiver_Name="" Language_4="" Document_Date="" Language_3="" Receiver_Company="" Receiver_Address="" Sender_Company="" Sender_Phone="" Script_2="" Receiver_Fax="" Document_Location="" Sender_Address="" Receiver_Phone="" Sender_Fax="" Category="C2" Language_1="french" NumPage="1" Script_1="typed" Document_Object="TRACT">
			<DL_ZONE gedi_type="TextRegion" id="1" polygon="(540,530);(544,576);(596,682);(1332,680);(1332,530)" contents="ELLE COMPRENDRAIT SANS DOUTE MIEUX&#10;LA PUNITION SI ELLE AVAIT VRAIMENT&#10;FAIT QUELQUE CHOSE." script="typed" function_1="text_section" language="french"> </DL_ZONE>
			<DL_ZONE gedi_type="TextRegion" id="2" polygon="(400,1174);(434,1274);(644,1208);(632,1168);(558,1130);(558,1132)" contents="gouine" script="typed" language="french"> </DL_ZONE>
			<DL_ZONE gedi_type="TextRegion" id="3" col="670" row="2118" width="830" height="56" contents="PERMANENCES D'ÉCOUTE ET D'ACCOMPAGNEMENT" script="typed" function_1="footer" language="french"> </DL_ZONE>
			<DL_ZONE gedi_type="NoiseRegion" id="4" col="1618" row="0" width="32" height="2320"> </DL_ZONE>
			<DL_ZONE gedi_type="ImageRegion" id="5" polygon="(62,72);(1038,66);(772,2262);(42,2258)"> </DL_ZONE>
		</DL_PAGE>
	</DL_DOCUMENT>
</GEDI>