<?xml version="1.0" encoding="UTF-8"?>
<!--GEDI was developed at Language and Media Processing Laboratory, University of Maryland.-->

<GEDI xmlns="http://lamp.cfar.umd.edu/media/projects/GEDI/" GEDI_version="2.3" GEDI_date="01/21/2010">
	<USER name="MDR_R8" date="4/29/2013 11:03" dateFormat="mm/dd/yyyy hh:mm">	</USER>
	<DL_DOCUMENT src="NORSLV.tif" docTag="xml" NrOfPages="1">
		<DL_PAGE gedi_type="DL_PAGE" src="NORSLV.tif" pageID="1" width="1651" height="2335" Language_2="" Sender_Name="" Receiver_Name="" Language_4="" Document_Date="" Language_3="" Receiver_Company="" Receiver_Address="" Sender_Company="" Sender_Phone="" Script_2="" Receiver_Fax="" Document_Location="" Sender_Address="" Receiver_Phone="" Sender_Fax="" Category="C2" Document_Object="مقال صحفي" Language_1="arabic" NumPage="1" Script_1="typed">
			<DL_ZONE gedi_type="TextRegion" id="1" col="1020" row="475" width="179" height="50" contents="دبي، قرية كونية" script="typed" function_1="title" language="arabic"> </DL_ZONE>
			<DL_ZONE gedi_type="GraphicRegion" id="2" col="970" row="394" width="275" height="215" function="other"> </DL_ZONE>
			<DL_ZONE gedi_type="SeparatorRegion" id="3" col="346" row="628" width="904" height="15"> </DL_ZONE>
			<DL_ZONE gedi_type="TextRegion" id="4" nextZoneID="5" col="967" row="692" width="280" height="533" contents="انه اعلان نيات نموذجي سواء&#10;لجهة طابعه الارادي او لانعدام&#10;علاقته بالدفاع. فداخل البنية&#10;السياسية الغريبة للامارات&#10;العربية المتحدة، ذلك الاتحاد&#10;الذي خلفته بريطانيا العظمى&#10;وراءها عندما غادرت الخليج&#10;منذ عاماً، تتمتع كل من الدول&#10;السبع الاعضاء باستقلال ذاتي&#10;واسع. اما مسائل الدفاع فهي&#10;بصورة رئيسية من اختصاص&#10;ابو ظبي، الامارة الاغنى بسبب&#10;نفطها.&#10;في المقابل، فان دبي كانت دائماً&#10;متخصصة في حقل الاعمال.&#10;حجم هذه الاعمال وطبيعتها هي&#10;التي تطورت بشكل متفجر.&#10;منذ اقل من جيل كان مؤسس" script="typed" function_1="text_section" language="arabic"> </DL_ZONE>
			<DL_ZONE gedi_type="TextRegion" id="5" nextZoneID="6" col="654" row="697" width="283" height="725" contents="دبي الحديثة، الشيخ راشد،&#10;مقيماً على شاطئ الخليج&#10;المعروف ويتقاضى بضعة دراهم&#10;ممن يريد اجتيازه على معدّياته.&#10;اما اليوم وفي عهد ابنه محمد&#10;الذي وصل الى الحكم فقط&#10;لان شقيقه الاكبر يهتم بالخيل&#10;اكثر منه بادارة البلاد، قد تكون&#10;دبي اصبحت &quot;المدينة الكونية&quot;&#10;و &quot;المفترق القاري&quot; الذي يشهد&#10;اسرع نمو في العالم. لكن دبي&#10;هي ايضاً مجتمع غير عربي في&#10;قلب العروبة.&#10;لم تصل دبي بعد الى مستوى&#10;النماذج التي تتمثل بها مثل&#10;سنغافورة، ولا يتعدى دخلها&#10;القومي مليار دولار. لكنها&#10;ديناميكية وطموحة ومزدهرة.&#10;والمدينة ترتوي من افعل التفضيل&#10;ويتربص كتاب &quot;غينيس&quot; للارقام&#10;القياسية بأي مأثرة جديدة فيها.&#10;وتنطبق هذه الارقام في شكل&#10;عام على كل ما يمكن ان تفخر&#10;به السلالة الحاكمة التي تطلق&#10;عليها احياناً تسمية &quot; مكتوم&#10;وشركاه &quot;. الفندق الاعلى" script="typed" function_1="text_section" language="arabic"> </DL_ZONE>
			<DL_ZONE gedi_type="TextRegion" id="6" col="343" row="694" width="282" height="1252" contents="والاكثر ترفاً في العالم اطلق&#10;على &quot; برج العرب &quot; الخارق&#10;الذي انتهى تشييده فوق جزيرة&#10;اصطناعية في الخليج. اما &quot;&#10;المنطقة الحرة &quot; في جبل علي&#10;فاعتبرت اكبر مرفأ اصطناعي&#10;جرى تشييده على الاطلاق. او&#10;اكبر قطعة حلوى تم تقديمها&#10;في مناسبة عرس…&#10;لكن الرقم القياسي الذي يصار&#10;الى ابرازه هو الاكثر دلالة&#10;: مهاجرون تبلغ نسبتهم&#10;الى اهل البلد الاصليين اكبر&#10;نسبة في العالم. في مجموع&#10;الامارات التي يصل عدد سكانها&#10;الى مليون نسمة، يبلغ عدد&#10;المواطنين الاصليين سبع مرات&#10;اقل من الاجانب غالبية هؤلاء&#10;ليست عربية: مليون هندي،&#10;الف باكستاني، الف ايراني&#10;ومواطنون من عشرات البلدان&#10;الاخرى منهم الف بريطاني. في&#10;دبي نفسها لا يشكل مواطنو&#10;الامارة سوى  في ¤{المئة/المائة}¤ من عدد&#10;السكان الذي يتجاوز المليون.&#10;ويسيطر اهل البلد على السلطة&#10;التنفيذية والادارة حيث تشغل&#10;غالبيتهم وظائف فيها. في&#10;المقابل لا يملكون سوى في&#10;¤{المئة/المائة}¤ من القطاع الخاص الذي&#10;يحتكره الهنود. في المراتب&#10;العليا يملك الهنود ويديرون&#10;نصف الشركات على الاقل&#10;بينما يشكلون في المراتب&#10;الدنيا القسم الاكبر من اليد&#10;العاملة المؤهلة وغير المؤهلة.&#10;وهم الاكثر توفراً في السوق&#10;والارخص أجراً. أضف إلى&#10;ذلك ومثل سائر الاجانب لا&#10;يهتمون بالسياسة مثل العرب.&#10;والواقع ان أي نشاط من هذا&#10;القبيل ممنوع منعاً باتاً على&#10;المهاجرين." script="typed" function_1="text_section" language="arabic"> </DL_ZONE>
			<DL_ZONE gedi_type="TextRegion" id="7" col="673" row="1466" width="561" height="441" contents="في مطلع العام أعلن سمو الجنرال الشيخ محمد بن&#10;مكتوم، وزير الدفاع في دولة الامارات العربية&#10;المتحدة، خلال مؤتمر صحافي ان حكومة دبي ستنفتح&#10;على ثورة الانترنت وعلى &quot; الاقتصاد الجديد &quot;. كان&#10;غريباً منظر هذا الرجل التقليدي الذي يرتدي الدشداشة&#10;السوداء المعروفة ويتكلم باطناب مثل مديري&#10;الشركات الطليعيين. وفيما كانت تمر خلفه عبارات&#10;مثل &quot;تداوب&quot; و &quot;حلول الانترنت&quot; او &quot;خفض&#10;الدورات&quot;، كان الشيخ يعد بتأسيس موقع حكومة دبي&#10;على الشبكة خلال شهراً والا اضطر لـ &quot;ركل بعض&#10;الاقفية &quot; المتقاعسة." script="typed" function_1="text_section" language="arabic"> </DL_ZONE>
			<DL_ZONE gedi_type="GraphicRegion" id="8" col="655" row="1435" width="591" height="501" function="other"> </DL_ZONE>
			<DL_ZONE gedi_type="NoiseRegion" id="9" col="1624" row="2" width="25" height="2329"> </DL_ZONE>
			<DL_ZONE gedi_type="ImageRegion" id="10" col="973" row="1230" width="271" height="181"> </DL_ZONE>
		</DL_PAGE>
	</DL_DOCUMENT>
</GEDI>