<?xml version="1.0" encoding="UTF-8"?>
<!--GEDI was developed at Language and Media Processing Laboratory, University of Maryland.-->

<GEDI xmlns="http://lamp.cfar.umd.edu/media/projects/GEDI/" GEDI_version="2.3" GEDI_date="01/21/2010">
	<USER name="MDR_R4" date="4/24/2013 15:10" dateFormat="mm/dd/yyyy hh:mm">	</USER>
	<USER name="MDR_R8" date="4/29/2013 11:08" dateFormat="mm/dd/yyyy hh:mm">	</USER>
	<DL_DOCUMENT src="NPTYTL.tif" docTag="xml" NrOfPages="1">
		<DL_PAGE gedi_type="DL_PAGE" src="NPTYTL.tif" pageID="1" width="1651" height="2335" Language_2="" Document_Date="" Language_4="" Receiver_Name="" Language_3="" Receiver_Company="" Receiver_Address="" Sender_Company="" Sender_Phone="" Receiver_Fax="" Script_2="" Document_Location="" Receiver_Phone="" Sender_Address="" Sender_Fax="" Category="C2" Document_Object="مقال صحفي" Language_1="arabic" NumPage="1" Script_1="typed" Sender_Name=" جان أرنو ديرينس ">
			<DL_ZONE gedi_type="TextRegion" id="1" col="436" row="439" width="321" height="60" contents="هل الحروب البلقانية حتمية؟" script="typed" function_1="title" language="arabic"> </DL_ZONE>
			<DL_ZONE gedi_type="TextRegion" id="2" col="860" row="443" width="374" height="492" contents="غالبا ما يتم التعريف بصورة&#10;متسرعة بأن النزاعات في البلقان&#10;هي حروب اثنية داخلية من دون&#10;تكبد مشقة التعريف بالمعنى الذي&#10;يحمله مفهوم &quot;الاثنية&quot; في هذه&#10;المنطقة من العالم. جان فرنسوا&#10;غوسيو، عالم الاثنيات، يعرف&#10;البلقان جيدا بعدما اجرى فيها&#10;دراسات امتدت على مدى عشرين&#10;عاما. وها هو يصدر اليوم احد اهم&#10;المؤلفات والاكثر تجديدا حول هذه&#10;المنطقة ." script="typed" language="arabic"> </DL_ZONE>
			<DL_ZONE gedi_type="TextRegion" id="3" col="357" row="568" width="457" height="1392" contents="النسيان وقد اعيد نشرها أخيرا بالفرنسية. الواقع &#10;ان ليون تروتسكي عمل كصحافي و&quot;غطى&quot; بهذه&#10;الصفة الحروب البلقانية. في مرحلة اولى،&#10;تحالفت كل من صربيا ومونتينيغرو واليونان&#10;وبلغاريا من اجل تحرير آخر الاراضي الاوروبية&#10;التي كانت لا تزال واقعة تحت السيطرة التركية.&#10;ثم تحالفت بلدان البلقان جميعها في مواجهة&#10;النزعة التوسعية البلغارية. ولا تزال خطوط&#10;الفصل التي ارتسمت خلال هذه الحروب البلقانية&#10;تحدد حتى اليوم بعض المحاور الجيوسياسية&#10;للبلقان المعاصر.  &#10;في طبيعة الحال، اهتم ليون تروتسكي المناضل&#10;الثوري بتطور الحركات الاشتراكية ¤{الديموقراطية/الديمقراطية}¤&#10;الصربية والبلغارية لكن المناضل يتراجع غالبا&#10;امام الصحافي: “رجل في السبعين من عمره&#10;محطم الجمجمة، آلاف النساء والاطفال يموتون&#10;جوعا، التشتنيك الثوريون يتحولون قطاع طرق،&#10;مفتش الشرطة يحمي اللصوص: هذا هو مشهد&#10;الحياة الاجتماعية في المناطق المحررة.&quot; هذا ما&#10;كتبه حول مقدونيا التي استعادها الجيش البلغاري&#10;من الاتراك. ذلك ان تروتسكي واجه في البلقان&#10;للمرة الاولى في حياته جنون الحرب، وهو يقر&#10;في مكان آخر: “لا استطيع التوفيق بين الحياة&#10;اليومية اي الدجاج والسيجار والاطفال الحفاة&#10;المتسخي الانوف وبين واقع الحرب المأسوي&#10;وغير المعقول”.  &#10;يفرض تروتسكي نفسه كمراقب ثاقب النظر&#10;للتمزق البلقاني الكبير الذي شكل التوطئة&#10;للحرب العالمية الاولى. ويكشف الكتاب&#10;وجها غير متوقع من وجوه قائد الجيش&#10;الاحمر الرهيب كما يشكل مرجعا كلاسيكيا&#10;مطلقا لمن يريد فهم التاريخ المعاصر لبلاد البلقان.&#10;جان ـ أرنو ديرينس" script="typed" language="arabic"> </DL_ZONE>
			<DL_ZONE gedi_type="TextRegion" id="4" nextZoneID="3" col="824" row="995" width="437" height="962" contents="ان استخدام التعابير &quot;الاثنية&quot; يسمح في الواقع&#10;بجعل البلقان صورة لـ&quot;الآخر&quot; المتوعد، خصوصا&#10;انه يقع على تخوم اوروبا الموحدة. ينطلق&#10;المؤلف من دراسة لمفهوم الاثنية والعلاقات&#10;القائمة بين الاثني والسياسي ليعود ويبحث في&#10;بعض الوجوه الاساسية لنظريات الامة فيطبقها&#10;على البلقان. ويأخذ مثل &quot;الارمنز&quot; او &quot;الارومنز&quot;&#10;او &quot;الفلاكس&quot;، اي الشعب الوحيد في البلقان&#10;الذي لم يقم لنفسه دولة ولا انخرط في حركة&#10;قومية دائمة ـ ليفكك الآليات التي تبنى عليها&#10;الدول والامم.  &#10;فالقومية مشروع سياسي يحتاج من اجل تشريعه&#10;استحضار مبررات ثقافية او اتنولوجية، اي عليه&#10;في المختصر ان يخلق &quot;الاثنية”. ويبرهن&#10;الكاتب ايضا كيف ان &quot;مبدأ القوميات&quot; المرفوع&#10;منذ نهاية الحرب العالمية الاولى يحمل في&#10;طياته مفهوم الاقلية. فنشؤ اي دولة ذات&#10;مضمون قومي او اثني في حيز يتميز بتعدد&#10;الهويات القومية واللغوية والدينية والتاريخية&#10;والثقافية يفترض تقسيما ينتج منه تلقائيا رابحون&#10;وخاسرون. ويحلل ببراعة كيف تمّ تشريع دول&#10;المنطقة جميعها رافضا فكرة &quot;حتمية&quot; الحروب&#10;البلقانية والنزاعات المسماة &quot;اثنية&quot;.  &#10;ومن المفيد مجابهة هذه النظرة الاتنولوجية مع&#10;شهادة تاريخية ذات قيمة رفيعة طالما بقيت طي" script="typed" language="arabic"> </DL_ZONE>
			<DL_ZONE gedi_type="NoiseRegion" id="5" col="1626" row="4" width="19" height="2324"> </DL_ZONE>
			<DL_ZONE gedi_type="GraphicRegion" id="6" col="375" row="393" width="424" height="153" function="other"> </DL_ZONE>
			<DL_ZONE gedi_type="GraphicRegion" id="7" col="826" row="390" width="434" height="592" function="other"> </DL_ZONE>
		</DL_PAGE>
	</DL_DOCUMENT>
</GEDI>