<?xml version="1.0" encoding="UTF-8"?>
<!--GEDI was developed at Language and Media Processing Laboratory, University of Maryland.-->

<GEDI xmlns="http://lamp.cfar.umd.edu/media/projects/GEDI/" GEDI_version="2.3.19" GEDI_date="12/23/2011">
	<USER name="MDR-P1" date="8/20/2012 13:18" dateFormat="mm/dd/yyyy hh:mm">	</USER>
	<USER name="MDR-P2" date="10/26/2012 11:04" dateFormat="mm/dd/yyyy hh:mm">	</USER>
	<USER name="MDR-P6" date="5/28/2013 11:31" dateFormat="mm/dd/yyyy hh:mm">	</USER>
	<USER name="MDR-P8" date="9/21/2012 15:34" dateFormat="mm/dd/yyyy hh:mm">	</USER>
	<USER name="MDR_R8" date="10/25/2012 19:11" dateFormat="mm/dd/yyyy hh:mm">	</USER>
	<DL_DOCUMENT src="NRXXUY.tif" docTag="xml" NrOfPages="1">
		<DL_PAGE gedi_type="DL_PAGE" src="NRXXUY.tif" pageID="1" width="1651" height="2335" Language_2="" Sender_Name="" Language_4="" Language_3="" Receiver_Company="" Receiver_Address="" Sender_Company="" Sender_Phone="" Receiver_Fax="" Sender_Address="" Receiver_Phone="" Sender_Fax="" NumPage="1" Category="C2" Document_Location="BALZENHEIM" Document_Object="DIPLÔME" Script_1="typed" Script_2="hand" Language_1="french" Document_Date="08/08/2012" Receiver_Name="Simon DENIS" GEDI_orientation="90">
			<DL_ZONE gedi_type="GraphicRegion" id="1" col="40" row="32" width="1565" height="2270" function="other"> </DL_ZONE>
			<DL_ZONE gedi_type="TextRegion" id="2" col="76" row="527" width="404" height="1300" contents="Diplôme" script="typed" function_2="object" function_1="title" language="french"> </DL_ZONE>
			<DL_ZONE gedi_type="TextRegion" id="4" col="487" row="607" width="112" height="1504" contents="La Fédération Française de Bridge" script="typed" language="french"> </DL_ZONE>
			<DL_ZONE gedi_type="GraphicRegion" id="6" col="616" row="1675" width="880" height="627" function="drawing"> </DL_ZONE>
			<DL_ZONE gedi_type="GraphicRegion" id="7" col="33" row="1300" width="83" height="398" function="drawing"> </DL_ZONE>
			<DL_ZONE gedi_type="GraphicRegion" id="8" col="1535" row="43" width="74" height="2257" function="drawing"> </DL_ZONE>
			<DL_ZONE gedi_type="TextRegion" id="9" col="604" row="1231" width="84" height="548" contents="Décerne le diplôme" script="typed" language="french"> </DL_ZONE>
			<DL_ZONE gedi_type="TextRegion" id="10" col="612" row="783" width="96" height="424" contents="Rédacteur" script="typed" language="french"> </DL_ZONE>
			<DL_ZONE gedi_type="TextRegion" id="12" col="612" row="95" width="68" height="80" contents="à :" script="typed" language="french"> </DL_ZONE>
			<DL_ZONE gedi_type="TextRegion" id="13" col="740" row="1547" width="80" height="168" contents="Nom :" script="typed" language="french"> </DL_ZONE>
			<DL_ZONE gedi_type="TextRegion" id="14" col="708" row="1219" width="88" height="308" contents="SIMON" script="typed" language="french"> </DL_ZONE>
			<DL_ZONE gedi_type="TextRegion" id="15" col="744" row="767" width="68" height="196" contents="Prénom :" script="typed" language="french"> </DL_ZONE>
			<DL_ZONE gedi_type="TextRegion" id="16" col="732" row="535" width="80" height="228" contents="Denis" script="typed" language="french"> </DL_ZONE>
			<DL_ZONE gedi_type="GraphicRegion" id="17" col="784" row="975" width="32" height="568" function="underlined-field"> </DL_ZONE>
			<DL_ZONE gedi_type="GraphicRegion" id="18" col="796" row="279" width="24" height="492" function="underlined-field"> </DL_ZONE>
			<DL_ZONE gedi_type="TextRegion" id="19" col="840" row="1427" width="80" height="236" contents="Né(e) le :" script="typed" language="french"> </DL_ZONE>
			<DL_ZONE gedi_type="TextRegion" id="21" col="808" row="911" width="96" height="548" contents="31 juillet 1948" script="typed" language="french"> </DL_ZONE>
			<DL_ZONE gedi_type="TextRegion" id="23" col="864" row="855" width="52" height="76" contents="à :" script="typed" language="french"> </DL_ZONE>
			<DL_ZONE gedi_type="TextRegion" id="24" col="840" row="371" width="84" height="460" contents="Balzenheim" script="typed" language="french"> </DL_ZONE>
			<DL_ZONE gedi_type="GraphicRegion" id="26" col="896" row="287" width="32" height="576" function="underlined-field"> </DL_ZONE>
			<DL_ZONE gedi_type="TextRegion" id="27" col="948" row="1571" width="76" height="80" contents="A :" script="typed" language="french"> </DL_ZONE>
			<DL_ZONE gedi_type="TextRegion" id="28" col="936" row="1039" width="92" height="472" contents="Balzenheim" script="typed" language="french"> </DL_ZONE>
			<DL_ZONE gedi_type="TextRegion" id="29" col="940" row="863" width="80" height="64" contents="le" script="typed" language="french"> </DL_ZONE>
			<DL_ZONE gedi_type="TextRegion" id="30" col="936" row="351" width="80" height="484" contents="8 août 2012" script="typed" language="french"> </DL_ZONE>
			<DL_ZONE gedi_type="GraphicRegion" id="31" col="992" row="923" width="24" height="636" function="underlined-field"> </DL_ZONE>
			<DL_ZONE gedi_type="GraphicRegion" id="32" col="996" row="283" width="28" height="580" function="underlined-field"> </DL_ZONE>
			<DL_ZONE gedi_type="TextRegion" id="33" col="1084" row="1031" width="68" height="556" contents="Directeur Technique National" script="typed" language="french"> </DL_ZONE>
			<DL_ZONE gedi_type="TextRegion" id="34" col="1092" row="431" width="52" height="188" contents="Président" script="typed" language="french"> </DL_ZONE>
			<DL_ZONE gedi_type="TextRegion" id="35" col="1332" row="1547" width="60" height="188" contents="Titulaire" script="typed" language="french"> </DL_ZONE>
			<DL_ZONE gedi_type="TextRegion" id="36" col="1332" row="67" width="72" height="704" contents="Vice Président chargé de la Formation" script="typed" language="french"> </DL_ZONE>
			<DL_ZONE gedi_type="GraphicRegion" id="38" col="1138" row="1116" width="156" height="524" function="signature"> </DL_ZONE>
			<DL_ZONE gedi_type="GraphicRegion" id="39" col="1144" row="47" width="196" height="584" function="signature"> </DL_ZONE>
			<DL_ZONE gedi_type="GraphicRegion" id="40" col="1372" row="1295" width="144" height="460" function="signature"> </DL_ZONE>
			<DL_ZONE gedi_type="GraphicRegion" id="42" col="1364" row="99" width="244" height="528" function="signature"> </DL_ZONE>
			<DL_ZONE gedi_type="TextRegion" id="43" col="1148" row="239" width="184" height="368" contents="¤Moujeu¤" script="hand" language="french"> </DL_ZONE>
			<DL_ZONE gedi_type="TextRegion" id="45" col="1369" row="99" width="231" height="524" contents="¤Ap*sl**¤&#10;CM." script="hand" language="french"> </DL_ZONE>
			<DL_ZONE gedi_type="TextRegion" id="47" col="1136" row="1147" width="148" height="468" contents="¤Teule¤" script="hand" language="french"> </DL_ZONE>
			<DL_ZONE gedi_type="TextRegion" id="49" col="1380" row="1307" width="136" height="436" contents="¤SimonDenis¤" script="hand" language="french"> </DL_ZONE>
		</DL_PAGE>
	</DL_DOCUMENT>
</GEDI>