<?xml version="1.0" encoding="UTF-8"?>
<!--GEDI was developed at Language and Media Processing Laboratory, University of Maryland.-->

<GEDI xmlns="http://lamp.cfar.umd.edu/media/projects/GEDI/" GEDI_version="2.3.19" GEDI_date="12/23/2011">
	<USER name="Khizrane" date="8/29/2012 11:03" dateFormat="mm/dd/yyyy hh:mm">	</USER>
	<USER name="MDR-P1" date="3/22/2013 16:53" dateFormat="mm/dd/yyyy hh:mm">	</USER>
	<USER name="MDR-P4" date="8/30/2012 14:38" dateFormat="mm/dd/yyyy hh:mm">	</USER>
	<USER name="MDR-P8" date="9/21/2012 14:38" dateFormat="mm/dd/yyyy hh:mm">	</USER>
	<USER name="MDR-R3" date="2/7/2013 10:12" dateFormat="mm/dd/yyyy hh:mm">	</USER>
	<USER name="MDR-R6" date="10/23/2012 15:44" dateFormat="mm/dd/yyyy hh:mm">	</USER>
	<USER name="MDR-R7" date="11/1/2012 14:11" dateFormat="mm/dd/yyyy hh:mm">	</USER>
	<USER name="MDR_R8" date="2/6/2013 16:28" dateFormat="mm/dd/yyyy hh:mm">	</USER>
	<DL_DOCUMENT src="OQDYEF.tif" docTag="xml" NrOfPages="1">
		<DL_PAGE gedi_type="DL_PAGE" src="OQDYEF.tif" pageID="1" width="1660" height="2288" Receiver_Name="" Language_4="" Language_3="" Receiver_Address="" Sender_Company="" Receiver_Fax="" Document_Location="" Receiver_Phone="" Category="C3" Language_1="arabic" Language_2="french" NumPage="1" Script_1="hand" Script_2="typed" Sender_Address="شارع واد المخازن 80000 أغادير" Receiver_Company="شركة التأمين الدولية" Document_Date="13/08/2012" Document_Object="استفسار عن إجراءات" Sender_Name="رابح لمرابط " Sender_Phone="+212(0)5.28.84.30.69" Sender_Fax="¤{+212(0)5.28.84.30.68|+212(0)5.37.68.00.32}¤">
			<DL_ZONE gedi_type="TextRegion" id="1" polygon="(495,1931);(911,1886);(971,1888);(1018,1904);(1614,1904);(1614,1011);(1602,396);(392,415);(38,422);(38,1997)" contents="إلى شركة التأمين الدولية&#10;سيدي المحترم أريد معرفة ¤{إجراءات/الإجراءات}¤ التي&#10;قام بها الخبير عند زيارته لي ¤{المعاينة/لمعاينة}¤&#10;الخسائر التي لحقت سيارتي نظرا للحادثة&#10;التي قمت بها يوم 2012/07/07 وبذلك&#10;أرجو معرفة ما هي إجراءات ¤{الاحقة/اللاحقة}¤ التي&#10;سأحظرها في حين أحصل على التعويض&#10;في انتظار ردكم تقبلوا سيدي فائق التقدير والاحترام" script="hand" function_1="text_section" language="arabic"> </DL_ZONE>
			<DL_ZONE gedi_type="TextRegion" id="3" col="514" row="2121" width="640" height="51" contents="¤Elmrabt_rabeh@hotmail.com  www.rabeh.com¤" script="typed" function_1="footer" language="arabic"> </DL_ZONE>
			<DL_ZONE gedi_type="TextRegion" id="4" col="453" row="107" width="379" height="124" contents="شارع واد المخازن 80000 أغادير&#10;هاتف : 69 30 84 28 05&#10;فاكس :68 30 84 28 05" script="typed" language="arabic"> </DL_ZONE>
			<DL_ZONE gedi_type="TextRegion" id="7" col="44" row="7" width="1413" height="34" contents="13 08 12 09:02 MLTC 00212537680032 p.2" script="typed" function_2="date" function_1="header" language="french"> </DL_ZONE>
			<DL_ZONE gedi_type="GraphicRegion" id="11" function="signature" polygon="(142,2139);(213,2052);(308,2049);(471,2083);(465,2102);(143,2159)"> </DL_ZONE>
			<DL_ZONE gedi_type="TextRegion" id="16" polygon="(532,1980);(751,1918);(976,1899);(987,2018);(555,2102)" contents="لمرابط رابح" script="hand" language="arabic"> </DL_ZONE>
			<DL_ZONE gedi_type="Group" id="18" col="132" row="1889" width="865" height="280" elements="11;16"> </DL_ZONE>
			<DL_ZONE gedi_type="NoiseRegion" id="21" col="1088" row="111" width="87" height="216"> </DL_ZONE>
			<DL_ZONE gedi_type="GraphicRegion" id="23" function="other" polygon="(635,1087);(657,1087);(695,1095);(719,1117);(739,1157);(747,1188);(760,1202);(776,1210);(793,1202);(831,1193);(854,1194);(869,1208);(875,1227);(878,1242);(881,1270);(912,1283);(910,1311);(910,1333);(911,1351);(929,1349);(950,1349);(960,1360);(955,1377);(931,1380);(891,1388);(868,1383);(852,1359);(831,1340);(784,1326);(764,1324);(737,1312);(723,1287);(706,1242);(707,1193);(674,1178);(646,1145);(627,1101)"> </DL_ZONE>
		</DL_PAGE>
	</DL_DOCUMENT>
</GEDI>