<?xml version="1.0" encoding="UTF-8"?>
<!--GEDI was developed at Language and Media Processing Laboratory, University of Maryland.-->

<GEDI xmlns="http://lamp.cfar.umd.edu/media/projects/GEDI/" GEDI_version="2.3.19" GEDI_date="12/23/2011">
	<USER name="MDR-P4" date="3/22/2013 11:45" dateFormat="mm/dd/yyyy hh:mm">	</USER>
	<USER name="MDR-P6" date="5/28/2013 10:15" dateFormat="mm/dd/yyyy hh:mm">	</USER>
	<USER name="MDR-P7" date="8/16/2012 14:56" dateFormat="mm/dd/yyyy hh:mm">	</USER>
	<USER name="MDR-P8" date="8/13/2012 14:41" dateFormat="mm/dd/yyyy hh:mm">	</USER>
	<DL_DOCUMENT src="OQSFVL.tif" docTag="xml" NrOfPages="1">
		<DL_PAGE gedi_type="DL_PAGE" src="OQSFVL.tif" pageID="1" width="826" height="1168" Language_2="" Receiver_Name="" Language_4="" Language_3="" Receiver_Company="" Receiver_Address="" Receiver_Fax="" Document_Location="" Receiver_Phone="" Category="C3" Document_Date="08/08/2011" Document_Object="LETTER FROM SCHOOL TO PARENTS" Language_1="english" NumPage="1" Script_1="hand" Script_2="typed" Sender_Address="20, ATLANTIS AVENUE, E162BF LONDON" Sender_Company="BLUE BIRDS" Sender_Fax="+44(0)20.70.55.64.00" Sender_Phone="+44(0)20.70.55.66.50" Sender_Name="Abel AINDREIS">
			<DL_ZONE gedi_type="TextRegion" id="1" col="507" row="32" width="211" height="115" contents="Aindreis Abel&#10;20Atlantis Avenue london&#10;Greater London E 16 , 2&#10;BF London" script="typed" function_1="coordinates" language="english"> </DL_ZONE>
			<DL_ZONE gedi_type="TextRegion" id="2" col="556" row="155" width="102" height="23" contents="2070556650" script="typed" language="english"> </DL_ZONE>
			<DL_ZONE gedi_type="TextRegion" id="3" nextZoneID="2" col="511" row="157" width="41" height="19" contents="Tele." script="hand" language="english"> </DL_ZONE>
			<DL_ZONE gedi_type="TextRegion" id="4" col="511" row="188" width="148" height="22" contents="Fax 2070556400" script="hand" language="english"> </DL_ZONE>
			<DL_ZONE gedi_type="GraphicRegion" id="6" col="193" row="68" width="130" height="63" function="logo"> </DL_ZONE>
			<DL_ZONE gedi_type="TextRegion" id="7" col="340" row="117" width="105" height="19" contents="BLUE BIRDS" script="typed" language="english"> </DL_ZONE>
			<DL_ZONE gedi_type="TextRegion" id="8" col="209" row="197" width="225" height="48" contents="8th August 2011" script="hand" function_1="date" language="english"> </DL_ZONE>
			<DL_ZONE gedi_type="TextRegion" id="9" polygon="(230,272);(232,385);(126,393);(126,422);(154,426);(157,686);(217,682);(230,776);(737,789);(718,598);(550,597);(546,548);(750,554);(756,332);(420,337);(418,276)" contents="Dear Parents,&#10;We want your consent for joining&#10;the excursion arranged by the school.&#10;We declare that we are not responsible&#10;for any accident or mishap to your child/&#10;ward during the excursion.&#10;Give your consent &amp; send your&#10;child with napkin, water bottle &amp; cap.&#10;Date of excursion : - 12th August 11.&#10;Timing - 7.30 am to 3.30 or.4.00 pm" script="hand" language="english"> </DL_ZONE>
			<DL_ZONE gedi_type="TextRegion" id="13" col="499" row="804" width="253" height="31" contents="Signature of parent" script="hand" language="english"> </DL_ZONE>
			<DL_ZONE gedi_type="TextRegion" id="14" polygon="(509,926);(766,896);(756,876);(638,882);(507,900)" contents="Signature of Teacher" script="hand" language="english"> </DL_ZONE>
			<DL_ZONE gedi_type="GraphicRegion" id="15" col="578" row="860" width="78" height="27" function="signature" orientationD="15.186"> </DL_ZONE>
			<DL_ZONE gedi_type="TextRegion" id="17" col="360" row="1010" width="139" height="39" contents="WWW.bluebirds.com&#10;abel@¤g¤mail.com" script="typed" function_1="footer" language="english"> </DL_ZONE>
		</DL_PAGE>
	</DL_DOCUMENT>
</GEDI>