<?xml version="1.0" encoding="UTF-8"?>
<!--GEDI was developed at Language and Media Processing Laboratory, University of Maryland.-->

<GEDI xmlns="http://lamp.cfar.umd.edu/media/projects/GEDI/" GEDI_version="2.3.19" GEDI_date="12/23/2011">
	<USER name="MDR-P8" date="4/29/2013 14:21" dateFormat="mm/dd/yyyy hh:mm">	</USER>
	<USER name="MDR-R1" date="4/25/2013 17:56" dateFormat="mm/dd/yyyy hh:mm">	</USER>
	<USER name="MDR-R6" date="4/25/2013 18:35" dateFormat="mm/dd/yyyy hh:mm">	</USER>
	<USER name="MDR_R4" date="4/25/2013 14:28" dateFormat="mm/dd/yyyy hh:mm">	</USER>
	<DL_DOCUMENT src="OYYUGI.tif" docTag="xml" NrOfPages="1">
		<DL_PAGE gedi_type="DL_PAGE" src="OYYUGI.tif" pageID="1" width="1651" height="2335" Language_2="" Sender_Name="" Document_Date="" Receiver_Name="" Language_3="" Receiver_Company="" Receiver_Address="" Sender_Phone="" Receiver_Fax="" Script_2="" Document_Location="" Receiver_Phone="" Sender_Address="" Sender_Fax="" Category="C2" Document_Object="ملصق" Language_1="arabic" Language_4="" NumPage="1" Script_1="typed" Sender_Company="الجمعية المغربية لتربية الشبيبة - فرع برشيد -" GEDI_orientation="0">
			<DL_ZONE gedi_type="TextRegion" id="1" col="78" row="2104" width="1491" height="167" contents="وذلك يوم الجمعة 06 ماي 2011 بقاعة المعهد العالي للتقنيات الإعلامية&#10;والتجارية والتسيير ابتداء من الساعة السادسة مساء" script="typed" language="arabic"> </DL_ZONE>
			<DL_ZONE gedi_type="TextRegion" id="2" nextZoneID="1" polygon="(60,56);(1565,53);(1563,591);(1024,608);(1032,734);(1463,753);(1432,1810);(164,1853);(214,1010);(62,528)" contents="الجمعية المغربية لتربية الشبيبة-فرع برشيد-&#10;بتنسيق مع المجلس البلدي لبرشيد&#10;تنظم&#10;ندوة وطنية حول موضوع:&#10;&quot;الدستور، أي مداخل للإصلاح&quot;&#10;بمساهمة كل من :&#10;سعيد السعدي المصطفى الرميد&#10;جمال أغماني&#10;امحمد الخليفة عبد اللطيف حسني" script="typed" language="arabic"> </DL_ZONE>
			<DL_ZONE gedi_type="NoiseRegion" id="3" col="6" row="6" width="22" height="2317"> </DL_ZONE>
			<DL_ZONE gedi_type="NoiseRegion" id="11" col="32" row="2317" width="1600" height="14"> </DL_ZONE>
			<DL_ZONE gedi_type="GraphicRegion" id="12" col="48" row="22" width="1571" height="2282" function="drawing"> </DL_ZONE>
		</DL_PAGE>
	</DL_DOCUMENT>
</GEDI>