<?xml version="1.0" encoding="UTF-8"?>
<!--GEDI was developed at Language and Media Processing Laboratory, University of Maryland.-->

<GEDI xmlns="http://lamp.cfar.umd.edu/media/projects/GEDI/" GEDI_version="2.3.19" GEDI_date="12/23/2011">
	<USER name="MDR-P4" date="3/22/2013 11:36" dateFormat="mm/dd/yyyy hh:mm">	</USER>
	<USER name="MDR-P6" date="5/28/2013 10:18" dateFormat="mm/dd/yyyy hh:mm">	</USER>
	<USER name="MDR-P7" date="8/16/2012 16:46" dateFormat="mm/dd/yyyy hh:mm">	</USER>
	<USER name="MDR-P8" date="8/13/2012 16:06" dateFormat="mm/dd/yyyy hh:mm">	</USER>
	<DL_DOCUMENT src="PTBSWC.tif" docTag="xml" NrOfPages="1">
		<DL_PAGE gedi_type="DL_PAGE" src="PTBSWC.tif" pageID="1" width="825" height="1167" Language_2="" Receiver_Name="" Language_3="" Receiver_Company="" Receiver_Address="" Receiver_Fax="" Document_Location="" Receiver_Phone="" Category="C4" Document_Date="04/04/2011" Document_Object="PRINTED INVITATION" Language_1="english" Language_4="" NumPage="1" Script_1="typed" Script_2="" Sender_Address="45, PRINCES GATE, EXBI ROAD, SW72QA LONDON" Sender_Company="CROSSWORD" Sender_Fax="+44(0)20.76.45.32.33" Sender_Phone="+44(0)20.75.84.44.11" Sender_Name="Brendan BAPTIST">
			<DL_ZONE gedi_type="GraphicRegion" id="1" function="logo" polygon="(109,82);(189,183);(255,178);(315,42)"> </DL_ZONE>
			<DL_ZONE gedi_type="TextRegion" id="2" col="297" row="151" width="183" height="31" contents="CROSSWORD" script="typed" language="english"> </DL_ZONE>
			<DL_ZONE gedi_type="TextRegion" id="3" polygon="(506,48);(510,222);(487,226);(489,258);(636,257);(721,48)" contents="45, PRINCES GATE, EXBI&#10;RD&#10;LONDON SW7,2 QA&#10;LONDON&#10;TE. 2075844411&#10;FAX 2076453233&#10;www.crossword.com" script="typed" language="english"> </DL_ZONE>
			<DL_ZONE gedi_type="TextRegion" id="4" col="125" row="264" width="46" height="20" contents="4-4-11" script="typed" function_1="date" language="english"> </DL_ZONE>
			<DL_ZONE gedi_type="TextRegion" id="5" col="122" row="313" width="425" height="263" contents="TO ALL OF MY DEAR FRIENDS&#10;MR; BROOK A WELL KNOWN WRITER AND POET&#10;WILL SIGN A BOOK ¤{IM/IN}¤ MY SHOP&#10;ON 3-5-11 AT 4 PM&#10;PL. COME AND ENJOY , ¤{MMET/MEET}¤ HIM AND HAVE TEA&#10;WITH HIM.&#10;THANKING YOU" script="typed" function_1="text_section" language="english"> </DL_ZONE>
			<DL_ZONE gedi_type="TextRegion" id="6" col="150" row="647" width="163" height="15" contents="BAPTIST BRENDAN" script="typed" language="english"> </DL_ZONE>
			<DL_ZONE gedi_type="GraphicRegion" id="7" function="signature" polygon="(166,622);(185,662);(282,587);(272,577);(178,605)"> </DL_ZONE>
			<DL_ZONE gedi_type="Group" id="8" col="140" row="567" width="183" height="105" elements="6;7"> </DL_ZONE>
			<DL_ZONE gedi_type="TextRegion" id="9" col="350" row="974" width="176" height="92" contents="TEL .2075844411&#10;FAX 2076453233&#10;www.crossword.com" script="typed" function_1="footer" language="english"> </DL_ZONE>
		</DL_PAGE>
	</DL_DOCUMENT>
</GEDI>