<?xml version="1.0" encoding="UTF-8"?>
<!--GEDI was developed at Language and Media Processing Laboratory, University of Maryland.-->

<GEDI xmlns="http://lamp.cfar.umd.edu/media/projects/GEDI/" GEDI_version="2.3.19" GEDI_date="12/23/2011">
	<USER name="MDR-P4" date="2/25/2013 13:09" dateFormat="mm/dd/yyyy hh:mm">	</USER>
	<USER name="MDR-P6" date="1/29/2013 9:01" dateFormat="mm/dd/yyyy hh:mm">	</USER>
	<USER name="MDR-P8" date="5/28/2013 15:56" dateFormat="mm/dd/yyyy hh:mm">	</USER>
	<DL_DOCUMENT src="PWPHCE.tif" docTag="xml" NrOfPages="1">
		<DL_PAGE gedi_type="DL_PAGE" src="PWPHCE.tif" pageID="1" width="1700" height="2338" Language_2="" Sender_Name="" Language_4="" Language_3="" Receiver_Company="" Receiver_Address="" Sender_Company="" Sender_Phone="" Receiver_Fax="" Document_Location="" Receiver_Phone="" Sender_Address="" Sender_Fax="" Category="C2" Document_Date="30/02/2009" Document_Object="CHECK" Language_1="english" NumPage="1" Script_1="typed" Script_2="hand" Receiver_Name="Jane DUNCAN" GEDI_orientation="270">
			<DL_ZONE gedi_type="TextRegion" id="1" nextZoneID="25" col="966" row="134" width="78" height="206" contents="PAY TO THE&#10;ORDER OF" script="typed" language="english"> </DL_ZONE>
			<DL_ZONE gedi_type="TextRegion" id="2" col="672" row="98" width="457" height="26" rotation="-90" contents="©DELUXE WALLET OR DUPLICATE SAFETY PAPER" script="typed" language="english"> </DL_ZONE>
			<DL_ZONE gedi_type="TextRegion" id="3" col="562" row="136" width="52" height="112" contents="MEMO" script="typed" language="english"> </DL_ZONE>
			<DL_ZONE gedi_type="TextRegion" id="4" nextZoneID="5" col="1108" row="1388" width="50" height="104" contents="DATE" script="typed" language="english"> </DL_ZONE>
			<DL_ZONE gedi_type="TextRegion" id="5" col="1072" row="1500" width="106" height="374" contents="09/30/2009" script="hand" function_1="date" language="english"> </DL_ZONE>
			<DL_ZONE gedi_type="TextRegion" id="6" nextZoneID="7" col="946" row="1740" width="90" height="58" contents="$" script="typed" language="english"> </DL_ZONE>
			<DL_ZONE gedi_type="TextRegion" id="7" col="942" row="1828" width="98" height="130" contents="3,200" script="hand" language="english"> </DL_ZONE>
			<DL_ZONE gedi_type="TextRegion" id="8" col="824" row="2078" width="74" height="134" contents="Security Features&#10;Included&#10;Details on Back" script="typed" language="english"> </DL_ZONE>
			<DL_ZONE gedi_type="TextRegion" id="9" col="558" row="2134" width="46" height="56" contents="MP" script="typed" language="english"> </DL_ZONE>
			<DL_ZONE gedi_type="TextRegion" id="10" col="836" row="1762" width="48" height="212" contents="DOLLARS" script="typed" language="english"> </DL_ZONE>
			<DL_ZONE gedi_type="GraphicRegion" id="14" col="1096" row="1482" width="26" height="424" function="underlined-field"> </DL_ZONE>
			<DL_ZONE gedi_type="GraphicRegion" id="15" col="834" row="2000" width="76" height="50" function="drawing"> </DL_ZONE>
			<DL_ZONE gedi_type="GraphicRegion" id="16" col="546" row="250" width="36" height="1938" function="underlined-field"> </DL_ZONE>
			<DL_ZONE gedi_type="GraphicRegion" id="17" col="658" row="168" width="198" height="130" function="drawing"> </DL_ZONE>
			<DL_ZONE gedi_type="GraphicRegion" id="18" col="840" row="146" width="24" height="1614" function="underlined-field"> </DL_ZONE>
			<DL_ZONE gedi_type="GraphicRegion" id="19" function="underlined-field" polygon="(979,298);(978,1700);(1008,1702);(1018,1716);(949,1718);(960,300)"> </DL_ZONE>
			<DL_ZONE gedi_type="LineDrawingRegion" id="20" col="848" row="1276" width="48" height="402"> </DL_ZONE>
			<DL_ZONE gedi_type="LineDrawingRegion" id="21" col="962" row="1956" width="34" height="278"> </DL_ZONE>
			<DL_ZONE gedi_type="GraphicRegion" id="23" col="372" row="44" width="1038" height="2276" function="other"> </DL_ZONE>
			<DL_ZONE gedi_type="NoiseRegion" id="24" polygon="(58,16);(26,14);(32,2338);(4,2336);(2,2);(78,0)"> </DL_ZONE>
			<DL_ZONE gedi_type="TextRegion" id="25" polygon="(1040,398);(1002,986);(956,948);(964,574);(928,564);(900,554);(896,524);(922,508);(954,520);(956,372);(1026,374)" contents="Mrs. Jane Duncan" script="hand" language="english"> </DL_ZONE>
			<DL_ZONE gedi_type="TextRegion" id="27" nextZoneID="10" polygon="(848,318);(932,376);(942,440);(900,452);(886,544);(906,556);(936,566);(930,1268);(836,1254);(838,488)" contents="three thousand two hundred" script="hand" language="english"> </DL_ZONE>
			<DL_ZONE gedi_type="GraphicRegion" id="28" col="556" row="1178" width="132" height="284" function="signature"> </DL_ZONE>
			<DL_ZONE gedi_type="GraphicRegion" id="29" col="936" row="2076" width="112" height="120" function="other"> </DL_ZONE>
		</DL_PAGE>
	</DL_DOCUMENT>
</GEDI>