<?xml version="1.0" encoding="UTF-8"?>
<!--GEDI was developed at Language and Media Processing Laboratory, University of Maryland.-->

<GEDI xmlns="http://lamp.cfar.umd.edu/media/projects/GEDI/" GEDI_version="2.3.19" GEDI_date="12/23/2011">
	<USER name="MDR-P1" date="11/30/2012 11:19" dateFormat="mm/dd/yyyy hh:mm">	</USER>
	<USER name="MDR-P4" date="2/25/2013 18:01" dateFormat="mm/dd/yyyy hh:mm">	</USER>
	<USER name="Mdr-P5" date="11/28/2012 16:04" dateFormat="mm/dd/yyyy hh:mm">	</USER>
	<DL_DOCUMENT src="QELIPH.tif" docTag="xml" NrOfPages="1">
		<DL_PAGE gedi_type="DL_PAGE" src="QELIPH.tif" pageID="1" width="665" height="1024" Language_2="" Sender_Name="" Receiver_Name="" Language_4="" Document_Date="" Language_3="" Receiver_Company="" Receiver_Address="" Sender_Company="" Sender_Phone="" Script_2="" Receiver_Fax="" Document_Location="" Sender_Address="" Receiver_Phone="" Sender_Fax="" Category="C2" NumPage="1" Script_1="typed" Language_1="english" Document_Object="LEAFLET">
			<DL_ZONE gedi_type="TextRegion" id="1" nextZoneID="2" col="56" row="269" width="364" height="115" contents="Status" script="typed" language="english"> </DL_ZONE>
			<DL_ZONE gedi_type="TextRegion" id="2" nextZoneID="3" col="448" row="473" width="170" height="81" contents="for" script="typed" language="english"> </DL_ZONE>
			<DL_ZONE gedi_type="TextRegion" id="3" col="43" row="630" width="197" height="163" contents="all!" script="typed" language="english"> </DL_ZONE>
			<DL_ZONE gedi_type="TextRegion" id="4" col="32" row="942" width="592" height="47" contents="· •solidarity across borders" script="typed" language="english"> </DL_ZONE>
			<DL_ZONE gedi_type="TextRegion" id="5" polygon="(86,430);(104,524);(252,524);(254,476);(301,468);(298,425)" contents="No one is&#10;illegal" script="typed" language="english"> </DL_ZONE>
			<DL_ZONE gedi_type="TextRegion" id="6" polygon="(433,265);(437,410);(540,414);(590,246)" contents="PERMANENT&#10;STATUS&#10;NOT&#10;TEMPS&#10;WORK" script="typed" language="english"> </DL_ZONE>
			<DL_ZONE gedi_type="TextRegion" id="7" col="112" row="207" width="113" height="16" contents="IS NOT A CRIME" script="typed" language="english"> </DL_ZONE>
			<DL_ZONE gedi_type="TextRegion" id="8" col="111" row="54" width="109" height="25" contents="MIGRATION" script="typed" language="english"> </DL_ZONE>
			<DL_ZONE gedi_type="GraphicRegion" id="12" col="350" row="727" width="193" height="136" function="drawing"> </DL_ZONE>
			<DL_ZONE gedi_type="GraphicRegion" id="13" col="240" row="44" width="191" height="192" function="drawing"> </DL_ZONE>
			<DL_ZONE gedi_type="ImageRegion" id="14" col="52" row="44" width="188" height="192"> </DL_ZONE>
			<DL_ZONE gedi_type="ImageRegion" id="15" col="430" row="44" width="190" height="380"> </DL_ZONE>
			<DL_ZONE gedi_type="ImageRegion" id="16" col="53" row="422" width="379" height="191"> </DL_ZONE>
			<DL_ZONE gedi_type="GraphicRegion" id="17" col="0" row="800" width="239" height="174" function="other"> </DL_ZONE>
			<DL_ZONE gedi_type="GraphicRegion" id="18" col="430" row="424" width="192" height="189" function="other"> </DL_ZONE>
			<DL_ZONE gedi_type="NoiseRegion" id="19" col="1" row="1016" width="661" height="6"> </DL_ZONE>
			<DL_ZONE gedi_type="NoiseRegion" id="20" col="432" row="631" width="22" height="5"> </DL_ZONE>
		</DL_PAGE>
	</DL_DOCUMENT>
</GEDI>