<?xml version="1.0" encoding="UTF-8"?>
<!--GEDI was developed at Language and Media Processing Laboratory, University of Maryland.-->

<GEDI xmlns="http://lamp.cfar.umd.edu/media/projects/GEDI/" GEDI_version="2.3.19" GEDI_date="12/23/2011">
	<USER name="MDR-P4" date="12/18/2012 18:17" dateFormat="mm/dd/yyyy hh:mm">	</USER>
	<USER name="MDR-P8" date="2/25/2013 13:09" dateFormat="mm/dd/yyyy hh:mm">	</USER>
	<USER name="Mdr-P5" date="1/29/2013 12:51" dateFormat="mm/dd/yyyy hh:mm">	</USER>
	<DL_DOCUMENT src="QKFWMZ.tif" docTag="xml" NrOfPages="1">
		<DL_PAGE gedi_type="DL_PAGE" src="QKFWMZ.tif" pageID="1" width="1728" height="2288" Language_2="" Sender_Name="" Receiver_Name="" Language_4="" Language_3="" Receiver_Company="" Receiver_Address="" Sender_Company="" Sender_Phone="" Receiver_Fax="" Document_Location="" Sender_Address="" Receiver_Phone="" Sender_Fax="" Category="C2" Document_Date="14/12/2012" Document_Object="CARTE DE MONACO" Language_1="french" NumPage="1" Script_1="typed" Script_2="hand" GEDI_orientation="270">
			<DL_ZONE gedi_type="TextRegion" id="1" col="37" row="4" width="212" height="39" rotation="-90" contents="14 12 12 10:46" script="typed" function_1="date" language="french"> </DL_ZONE>
			<DL_ZONE gedi_type="TextRegion" id="3" polygon="(1558,1170);(1524,1174);(1515,1323);(1517,1364);(1530,1392);(1545,1414);(1561,1420);(1564,1376);(1552,1344);(1547,1289);(1547,1275)" contents="Avenue de la ¤*¤" script="typed" language="french"> </DL_ZONE>
			<DL_ZONE gedi_type="TextRegion" id="4" polygon="(1406,1436);(1420,1500);(1430,1562);(1476,1698);(1504,1756);(1538,1732);(1446,1424)" contents="Avenue d'Ostende" script="typed" language="french"> </DL_ZONE>
			<DL_ZONE gedi_type="TextRegion" id="5" polygon="(1432,1876);(1463,1965);(1544,2098);(1548,2048);(1536,2012);(1496,1932);(1469,1857)" contents="Boulevard Lo¤u*¤" script="typed" language="french"> </DL_ZONE>
			<DL_ZONE gedi_type="TextRegion" id="6" col="960" row="1528" width="52" height="238" contents="Port Hercule" script="typed" language="french"> </DL_ZONE>
			<DL_ZONE gedi_type="TextRegion" id="7" polygon="(1394,825);(1367,864);(1146,641);(1174,608)" contents="Rue Louis Aurèglia" script="typed" language="french"> </DL_ZONE>
			<DL_ZONE gedi_type="TextRegion" id="8" polygon="(1082,712);(1140,746);(1196,826);(1326,951);(1375,973);(1404,950);(1292,798);(1222,756);(1205,740);(1108,670)" contents="Bretelle Louis Auréglia" script="typed" language="french"> </DL_ZONE>
			<DL_ZONE gedi_type="TextRegion" id="9" polygon="(946,692);(1140,836);(1110,870);(922,728)" contents="Rue Grimaldi" script="typed" language="french"> </DL_ZONE>
			<DL_ZONE gedi_type="TextRegion" id="10" polygon="(812,892);(672,912);(674,956);(828,944);(972,920);(968,876)" rotation="+90" contents="Rue Louis Notan" script="typed" language="french"> </DL_ZONE>
			<DL_ZONE gedi_type="TextRegion" id="11" polygon="(1182,1050);(988,1044);(802,1054);(792,1014);(928,994);(1048,988);(1194,1010)" rotation="+90" contents="Boulevard Albert Ier" script="typed" language="french"> </DL_ZONE>
			<DL_ZONE gedi_type="TextRegion" id="12" polygon="(984,1095);(988,1110);(998,1138);(1052,1130);(1094,1132);(1156,1140);(1232,1160);(1248,1118);(1150,1088)" rotation="-90" contents="Quai Albert Ier" script="typed" language="french"> </DL_ZONE>
			<DL_ZONE gedi_type="TextRegion" id="13" polygon="(723,273);(678,286);(654,293);(603,294);(574,308);(528,405);(502,402);(544,284);(583,253);(669,240);(717,253)" contents="Ch¤e¤mb ¤d¤es Révoires" script="typed" language="french"> </DL_ZONE>
			<DL_ZONE gedi_type="TextRegion" id="14" col="566" row="390" width="120" height="230" contents="Gare de&#10;Monace-Monte&#10;Carlo" script="typed" language="french"> </DL_ZONE>
			<DL_ZONE gedi_type="TextRegion" id="15" col="804" row="648" width="50" height="48" rotation="+90" contents="B" script="typed" language="french"> </DL_ZONE>
			<DL_ZONE gedi_type="TextRegion" id="16" col="338" row="435" width="80" height="197" contents="Ambassador&#10;Monaco" script="typed" language="french"> </DL_ZONE>
			<DL_ZONE gedi_type="TextRegion" id="17" polygon="(510,648);(470,656);(559,1047);(601,1037);(558,856)" contents="Rue de la Princesse Caroline" script="typed" language="french"> </DL_ZONE>
			<DL_ZONE gedi_type="TextRegion" id="18" polygon="(290,1217);(252,1218);(262,1339);(266,1414);(266,1464);(316,1644);(344,1614);(311,1473);(306,1426);(302,1346)" contents="Avenue de la Quarantaine" script="typed" language="french"> </DL_ZONE>
			<DL_ZONE gedi_type="TextRegion" id="19" col="356" row="1420" width="44" height="198" contents="La Rascasse" script="typed" language="french"> </DL_ZONE>
			<DL_ZONE gedi_type="TextRegion" id="20" polygon="(464,1560);(420,1590);(496,1842);(534,1832)" contents="Quai Antoine 1er" script="typed" language="french"> </DL_ZONE>
			<DL_ZONE gedi_type="TextRegion" id="21" polygon="(252,1496);(332,1840);(304,1850);(206,1494)" contents="Avenue de la Porte Neuve" script="typed" language="french"> </DL_ZONE>
			<DL_ZONE gedi_type="TextRegion" id="22" polygon="(244,1922);(224,1942);(136,1862);(138,1818);(168,1840);(206,1878)" contents="¤*¤nt-Martin" script="typed" language="french"> </DL_ZONE>
			<DL_ZONE gedi_type="TextRegion" id="23" col="1334" row="1292" width="52" height="180" contents="Port Palace" script="hand" language="french"> </DL_ZONE>
			<DL_ZONE gedi_type="TextRegion" id="24" polygon="(1416,130);(1459,118);(1518,125);(1551,142);(1604,194);(1579,220);(1508,157);(1466,154);(1430,166);(1376,201);(1352,172)" rotation="-90" contents="Rue Jean Bouin" script="typed" language="french"> </DL_ZONE>
			<DL_ZONE gedi_type="TextRegion" id="25" col="1522" row="408" width="64" height="125" contents="¤*?*¤&#10;Forum" script="typed" language="french"> </DL_ZONE>
			<DL_ZONE gedi_type="TextRegion" id="26" polygon="(1077,385);(1184,422);(1232,426);(1323,406);(1332,442);(1242,472);(1152,450);(1054,410);(1061,381)" rotation="+90" contents="Chemin de la Turbie" script="typed" language="french"> </DL_ZONE>
			<DL_ZONE gedi_type="TextRegion" id="27" polygon="(1213,118);(1107,157);(1099,196);(1115,225);(1193,250);(1284,218);(1264,194);(1148,202);(1140,188);(1230,152)" contents="Rue M¤***¤ousquet" script="typed" language="french"> </DL_ZONE>
			<DL_ZONE gedi_type="TextRegion" id="28" polygon="(1265,50);(1194,118);(1072,157);(990,113);(919,50);(972,45);(1088,106);(1111,106);(1215,52)" rotation="+90" contents="¤R¤ue Honoré Laband¤e¤" script="typed" language="french"> </DL_ZONE>
			<DL_ZONE gedi_type="TextRegion" id="29" polygon="(1329,63);(1283,111);(1254,78);(1291,48);(1322,54)" contents="¤*¤rie" script="typed" language="french"> </DL_ZONE>
			<DL_ZONE gedi_type="TextRegion" id="30" polygon="(1007,380);(1114,450);(1178,550);(1144,564);(1084,486);(991,426);(894,397);(891,356)" rotation="-90" contents="Boulevard Rainier III" script="typed" language="french"> </DL_ZONE>
			<DL_ZONE gedi_type="TextRegion" id="31" polygon="(934,478);(1074,506);(1100,524);(1088,549);(928,516);(831,496);(836,461)" rotation="-90" contents="Rue des Agaves" script="typed" language="french"> </DL_ZONE>
			<DL_ZONE gedi_type="TextRegion" id="32" polygon="(618,132);(703,198);(954,246);(942,285);(828,272);(674,230);(592,160);(596,144)" rotation="-90" contents="Boulevard de Belgique" script="typed" language="french"> </DL_ZONE>
			<DL_ZONE gedi_type="TextRegion" id="33" polygon="(188,214);(400,329);(378,361);(182,257);(177,217)" rotation="-90" contents="vard Rainier II" script="typed" language="french"> </DL_ZONE>
			<DL_ZONE gedi_type="TextRegion" id="34" polygon="(468,696);(504,900);(462,908);(420,710)" contents="Rue de Millo" script="typed" language="french"> </DL_ZONE>
			<DL_ZONE gedi_type="TextRegion" id="35" polygon="(472,995);(472,1042);(294,1042);(290,992)" rotation="+90" contents="Rue Saige" script="typed" language="french"> </DL_ZONE>
			<DL_ZONE gedi_type="TextRegion" id="36" polygon="(652,1122);(660,1156);(566,1186);(420,1248);(395,1210);(606,1124);(636,1116)" rotation="+90" contents="Quai Albert Ier" script="typed" language="french"> </DL_ZONE>
			<DL_ZONE gedi_type="TextRegion" id="37" polygon="(1603,94);(1596,117);(1490,68);(1544,54)" rotation="-90" contents="¤*¤ven¤*¤" script="typed" language="french"> </DL_ZONE>
			<DL_ZONE gedi_type="TextRegion" id="38" polygon="(1404,1622);(1323,1646);(1320,1704);(1256,1699);(1256,1484);(1364,1482);(1374,1498);(1403,1492)" contents="Point&#10;ARRIVEE&#10;vers 16h30" script="hand" function_1="annotation" language="french"> </DL_ZONE>
			<DL_ZONE gedi_type="LineDrawingRegion" id="39" col="1343" row="1137" width="43" height="145"> </DL_ZONE>
			<DL_ZONE gedi_type="LineDrawingRegion" id="40" col="732" row="670" width="40" height="148"> </DL_ZONE>
			<DL_ZONE gedi_type="TextRegion" id="41" polygon="(739,616);(742,640);(730,648);(731,712);(708,712);(703,757);(664,758);(651,624);(690,626);(691,601);(723,594)" contents="POINT&#10;DEPART" script="hand" function_1="annotation" language="french"> </DL_ZONE>
			<DL_ZONE gedi_type="LineDrawingRegion" id="42" polygon="(778,826);(787,906);(820,908);(831,946);(763,946);(746,824)"> </DL_ZONE>
			<DL_ZONE gedi_type="LineDrawingRegion" id="43" polygon="(1020,884);(1026,954);(991,964);(983,910);(935,917);(926,889);(978,882)"> </DL_ZONE>
			<DL_ZONE gedi_type="LineDrawingRegion" id="44" polygon="(1023,976);(1039,996);(1103,1002);(1123,1017);(1106,1038);(1051,1040);(1003,1021);(995,978)"> </DL_ZONE>
			<DL_ZONE gedi_type="GraphicRegion" id="45" function="drawing" polygon="(1638,44);(1548,2272);(116,2240);(180,36)"> </DL_ZONE>
			<DL_ZONE gedi_type="NoiseRegion" id="46" col="42" row="2256" width="1216" height="30"> </DL_ZONE>
			<DL_ZONE gedi_type="TextRegion" id="47" col="1451" row="0" width="66" height="46" rotation="-90" contents="p.1" script="typed" language="french"> </DL_ZONE>
		</DL_PAGE>
	</DL_DOCUMENT>
</GEDI>