<?xml version="1.0" encoding="UTF-8"?>
<!--GEDI was developed at Language and Media Processing Laboratory, University of Maryland.-->

<GEDI xmlns="http://lamp.cfar.umd.edu/media/projects/GEDI/" GEDI_version="2.3" GEDI_date="01/21/2010">
	<USER name="MDR-P1" date="9/20/2012 11:46" dateFormat="mm/dd/yyyy hh:mm">	</USER>
	<USER name="MDR-P6" date="9/19/2012 13:27" dateFormat="mm/dd/yyyy hh:mm">	</USER>
	<USER name="MDR-P8" date="9/21/2012 15:34" dateFormat="mm/dd/yyyy hh:mm">	</USER>
	<USER name="MDR_R8" date="10/25/2012 18:42" dateFormat="mm/dd/yyyy hh:mm">	</USER>
	<DL_DOCUMENT src="QQVNUB.tif" docTag="xml" NrOfPages="1">
		<DL_PAGE gedi_type="DL_PAGE" src="QQVNUB.tif" pageID="1" width="1651" height="2335" Language_2="" Sender_Name="" Document_Date="" Language_4="" Language_3="" Receiver_Address="" Sender_Company="" Sender_Phone="" Receiver_Fax="" Document_Location="" Receiver_Phone="" Sender_Address="" Sender_Fax="" Category="C2" Document_Object="DIPLÔME DE MINISTRE DES AFFAIRES ÉTRANGÈRES" Language_1="french" NumPage="1" Script_1="typed" Script_2="hand" Receiver_Name="" Receiver_Company="NORONE ED" GEDI_orientation="270">
			<DL_ZONE gedi_type="GraphicRegion" id="1" col="11" row="12" width="1640" height="2308" function="other"> </DL_ZONE>
			<DL_ZONE gedi_type="TextRegion" id="2" col="1321" row="306" width="290" height="1732" contents="République Française" script="typed" function_1="title" language="french"> </DL_ZONE>
			<DL_ZONE gedi_type="GraphicRegion" id="4" col="1229" row="802" width="168" height="720" function="drawing"> </DL_ZONE>
			<DL_ZONE gedi_type="GraphicRegion" id="5" col="41" row="28" width="1576" height="216" function="drawing"> </DL_ZONE>
			<DL_ZONE gedi_type="GraphicRegion" id="6" col="25" row="2118" width="1582" height="188" function="drawing"> </DL_ZONE>
			<DL_ZONE gedi_type="TextRegion" id="7" col="503" row="696" width="638" height="1134" contents="Ministre des Affaires étrangères&#10;distingue l'entreprise Norone ED&#10;comme étant l'une des 2000 entreprises française ayant&#10;connu la plus forte croissance en 2011&#10;Elle s'est vue décerner La médaille" script="typed" language="french"> </DL_ZONE>
			<DL_ZONE gedi_type="TextRegion" id="9" col="221" row="314" width="138" height="896" contents="Les 2000 entreprises labellisées sont des sociétés française indépendantes comptant&#10;5 à 250 salariés et dont lle chiffre d'affaire a augmenté de plus de 34 % pendant&#10;deux années consécutives. Leur chiffre d'affaire a en moyenne triplé&#10;en deux ans et leur nombre de salariés a plus que doublé sur la période." script="typed" language="french"> </DL_ZONE>
			<DL_ZONE gedi_type="TextRegion" id="10" col="47" row="1048" width="64" height="248" contents="Liberté . Égalité . Fraternité&#10;RÉPUBLIQUE FRANÇAISE" script="typed" language="french"> </DL_ZONE>
			<DL_ZONE gedi_type="GraphicRegion" id="12" col="41" row="1046" width="158" height="254" function="logo"> </DL_ZONE>
			<DL_ZONE gedi_type="GraphicRegion" id="14" col="329" row="1526" width="139" height="280" function="signature"> </DL_ZONE>
			<DL_ZONE gedi_type="TextRegion" id="15" col="367" row="1596" width="86" height="146" contents="Dupuis" script="hand" language="french"> </DL_ZONE>
			<DL_ZONE gedi_type="GraphicRegion" id="17" col="243" row="1428" width="20" height="606" function="underlined-field"> </DL_ZONE>
			<DL_ZONE gedi_type="GraphicRegion" id="18" col="565" row="1162" width="14" height="434" function="underlined-field"> </DL_ZONE>
			<DL_ZONE gedi_type="GraphicRegion" id="19" col="625" row="794" width="18" height="812" function="underlined-field"> </DL_ZONE>
			<DL_ZONE gedi_type="GraphicRegion" id="20" col="683" row="1318" width="16" height="288" function="underlined-field"> </DL_ZONE>
			<DL_ZONE gedi_type="GraphicRegion" id="21" col="873" row="1218" width="22" height="604" function="underlined-field"> </DL_ZONE>
			<DL_ZONE gedi_type="GraphicRegion" id="22" col="1055" row="1028" width="20" height="602" function="underlined-field"> </DL_ZONE>
			<DL_ZONE gedi_type="GraphicRegion" id="23" col="997" row="716" width="18" height="918" function="underlined-field"> </DL_ZONE>
			<DL_ZONE gedi_type="NoiseRegion" id="24" col="989" row="1772" width="24" height="30"> </DL_ZONE>
		</DL_PAGE>
	</DL_DOCUMENT>
</GEDI>