<?xml version="1.0" encoding="UTF-8"?>
<!--GEDI was developed at Language and Media Processing Laboratory, University of Maryland.-->

<GEDI xmlns="http://lamp.cfar.umd.edu/media/projects/GEDI/" GEDI_version="2.3.19" GEDI_date="12/23/2011">
	<USER name="Amina" date="9/19/2012 15:29" dateFormat="mm/dd/yyyy hh:mm">	</USER>
	<USER name="Khizrane" date="8/30/2012 9:17" dateFormat="mm/dd/yyyy hh:mm">	</USER>
	<USER name="MDR-P1" date="3/25/2013 12:45" dateFormat="mm/dd/yyyy hh:mm">	</USER>
	<USER name="MDR-P8" date="9/28/2012 18:32" dateFormat="mm/dd/yyyy hh:mm">	</USER>
	<USER name="MDR-R1" date="10/29/2012 19:54" dateFormat="mm/dd/yyyy hh:mm">	</USER>
	<USER name="MDR-R2" date="11/5/2012 15:25" dateFormat="mm/dd/yyyy hh:mm">	</USER>
	<USER name="MDR-R7" date="11/1/2012 10:04" dateFormat="mm/dd/yyyy hh:mm">	</USER>
	<USER name="Soukaina" date="8/28/2012 13:28" dateFormat="mm/dd/yyyy hh:mm">	</USER>
	<USER name="amina" date="9/20/2012 1:30" dateFormat="mm/dd/yyyy hh:mm">	</USER>
	<DL_DOCUMENT src="QWOXRO.tif" docTag="xml" NrOfPages="1">
		<DL_PAGE gedi_type="DL_PAGE" src="QWOXRO.tif" pageID="1" width="1700" height="2339" Sender_Name="" Document_Date="" Language_4="" Receiver_Name="" Language_3="" Receiver_Company="" Receiver_Address="" Sender_Company="" Sender_Phone="" Receiver_Fax="" Script_2="" Document_Location="" Receiver_Phone="" Sender_Address="" Sender_Fax="" Category="C5" Document_Object="تصميم شارع" Language_1="arabic" NumPage="1" Script_1="hand" Language_2="french">
			<DL_ZONE gedi_type="TextRegion" id="1" col="410" row="635" width="400" height="96" rotation="+90" orientationD="32.142" contents="شارع الحوز" script="hand" language="arabic"> </DL_ZONE>
			<DL_ZONE gedi_type="TextRegion" id="2" polygon="(1234,489);(1427,401);(1463,466);(1424,495);(1451,568);(1246,675);(1217,601);(1261,560)" rotation="+90" contents="مستشفى المواطنين" script="hand" language="arabic"> </DL_ZONE>
			<DL_ZONE gedi_type="TextRegion" id="3" col="717" row="605" width="54" height="49" orientationD="29.876" contents="T" script="hand" language="french"> </DL_ZONE>
			<DL_ZONE gedi_type="TextRegion" id="4" col="510" row="757" width="360" height="65" rotation="+90" orientationD="25.142" contents="موقف حافلات" script="hand" language="arabic"> </DL_ZONE>
			<DL_ZONE gedi_type="TextRegion" id="5" col="1148" row="578" width="616" height="113" rotation="+90" orientationD="-102.277" contents="شارع ابن تومرت" script="hand" language="arabic"> </DL_ZONE>
			<DL_ZONE gedi_type="TextRegion" id="6" polygon="(1135,899);(1302,850);(1320,926);(1356,919);(1366,980);(1334,994);(1353,1066);(1204,1113);(1172,1042);(1202,1022);(1182,972);(1121,978)" rotation="+90" contents="¤{تانوية/ثانوية}¤&#10;¤{الاميرة/الأميرة}¤&#10;نزهة" script="hand" language="arabic"> </DL_ZONE>
			<DL_ZONE gedi_type="TextRegion" id="7" col="249" row="1322" width="244" height="231" rotation="+90" orientationD="17.369" contents="السوق&#10;المركزي" script="hand" language="arabic"> </DL_ZONE>
			<DL_ZONE gedi_type="TextRegion" id="8" col="948" row="1552" width="159" height="65" rotation="+90" orientationD="24.952" contents="بنك الحي" script="hand" language="arabic"> </DL_ZONE>
			<DL_ZONE gedi_type="TextRegion" id="9" polygon="(1349,1481);(1387,1488);(1401,1471);(1503,1469);(1484,1598);(1268,1596);(1264,1523);(1343,1522)" contents="موقف&#10;طاكسيات" script="hand" language="arabic"> </DL_ZONE>
			<DL_ZONE gedi_type="TextRegion" id="10" col="1152" row="1286" width="425" height="91" rotation="-90" orientationD="-5.938" contents="شارع الأطلس" script="hand" language="arabic"> </DL_ZONE>
			<DL_ZONE gedi_type="TextRegion" id="11" col="15" row="1859" width="222" height="177" rotation="+90" orientationD="37.875" contents="مستوصف&#10;الحي" script="hand" language="arabic"> </DL_ZONE>
			<DL_ZONE gedi_type="TextRegion" id="12" polygon="(315,2140);(622,1904);(663,1990);(562,2049);(595,2116);(475,2174);(433,2135);(333,2178)" rotation="+90" contents="بريد المواصلات&#10;¤{البنكية/ السلكية}¤" script="hand" language="arabic"> </DL_ZONE>
			<DL_ZONE gedi_type="TextRegion" id="13" polygon="(496,2233);(596,2170);(708,2138);(732,2157);(730,2198);(619,2244);(555,2296);(522,2266)" rotation="+90" contents="قشلان كنزة" script="hand" language="arabic"> </DL_ZONE>
			<DL_ZONE gedi_type="TextRegion" id="14" polygon="(1035,1967);(1440,2117);(1409,2199);(1013,2048)" rotation="-90" contents="زنقة ورغة" script="hand" language="arabic"> </DL_ZONE>
			<DL_ZONE gedi_type="NoiseRegion" id="15" col="0" row="3" width="31" height="2336"> </DL_ZONE>
			<DL_ZONE gedi_type="NoiseRegion" id="16" col="15" row="2316" width="1685" height="23"> </DL_ZONE>
			<DL_ZONE gedi_type="TextRegion" id="20" polygon="(616,813);(782,746);(804,894);(694,980);(655,956)" rotation="+90" contents="منتزه&#10;الولجة" script="hand" language="arabic"> </DL_ZONE>
			<DL_ZONE gedi_type="GraphicRegion" id="32" col="4" row="20" width="1601" height="2317" function="drawing"> </DL_ZONE>
			<DL_ZONE gedi_type="NoiseRegion" id="33" col="870" row="353" width="140" height="26"> </DL_ZONE>
			<DL_ZONE gedi_type="NoiseRegion" id="35" col="631" row="811" width="29" height="16"> </DL_ZONE>
			<DL_ZONE gedi_type="NoiseRegion" id="38" col="1624" row="1642" width="59" height="52"> </DL_ZONE>
			<DL_ZONE gedi_type="NoiseRegion" id="47" col="222" row="886" width="104" height="32" orientationD="29.745"> </DL_ZONE>
		</DL_PAGE>
	</DL_DOCUMENT>
</GEDI>