<?xml version="1.0" encoding="UTF-8"?>
<!--GEDI was developed at Language and Media Processing Laboratory, University of Maryland.-->

<GEDI xmlns="http://lamp.cfar.umd.edu/media/projects/GEDI/" GEDI_version="2.3.19" GEDI_date="12/23/2011">
	<USER name="MDR-P4" date="2/7/2013 17:00" dateFormat="mm/dd/yyyy hh:mm">	</USER>
	<USER name="MDR-P6" date="1/25/2013 15:55" dateFormat="mm/dd/yyyy hh:mm">	</USER>
	<USER name="MDR-P8" date="2/5/2013 18:48" dateFormat="mm/dd/yyyy hh:mm">	</USER>
	<USER name="MDR_P1" date="2/7/2013 19:06" dateFormat="mm/dd/yyyy hh:mm">	</USER>
	<USER name="Mdr-P5" date="2/1/2013 12:40" dateFormat="mm/dd/yyyy hh:mm">	</USER>
	<DL_DOCUMENT src="QXHHHL.tif" docTag="xml" NrOfPages="1">
		<DL_PAGE gedi_type="DL_PAGE" src="QXHHHL.tif" pageID="1" width="1700" height="2338" Language_2="" Receiver_Name="" Language_3="" Receiver_Company="" Receiver_Address="" Sender_Company="" Sender_Phone="" Receiver_Fax="" Document_Location="" Receiver_Phone="" Sender_Fax="" Category="C1" Document_Date="11/01/2013" Document_Object="FEUILLE DE SOINS" Language_1="french" Language_4="" NumPage="1" Script_1="typed" Script_2="hand" Sender_Address="10 AVENUE DES MIMOSAS LES MÉSANGES 06800 CAGNES SUR MER" Sender_Name="¤{Antoine MEYER|ARZT|Bastien ROUSSEL}¤">
			<DL_ZONE gedi_type="GraphicRegion" id="1" col="59" row="122" width="50" height="48" function="drawing"> </DL_ZONE>
			<DL_ZONE gedi_type="GraphicRegion" id="2" col="135" row="172" width="100" height="51" function="logo"> </DL_ZONE>
			<DL_ZONE gedi_type="TextRegion" id="3" col="145" row="176" width="80" height="42" contents="cerfa" script="typed" language="french"> </DL_ZONE>
			<DL_ZONE gedi_type="TextRegion" id="4" col="141" row="225" width="130" height="22" contents="N° 11389*03" script="typed" function_1="reference" language="french"> </DL_ZONE>
			<DL_ZONE gedi_type="TextRegion" id="5" col="288" row="185" width="247" height="52" contents="joindre la prescription&#10;sauf si renouvellement" script="typed" language="french"> </DL_ZONE>
			<DL_ZONE gedi_type="TextRegion" id="6" polygon="(684,165);(666,167);(535,257);(537,267);(1111,264);(1111,250);(1041,211);(978,176);(938,167)" contents="feuille de soins&#10;pharmacien ou fournisseur&#10;Art. R. 161-40 et suivants du Code de la sécurité sociale&#10;Art. L. 115 du Code des pensions militaires d'invalidité et des victimes de guerre" script="typed" function_2="object" function_1="title" function_3="reference" language="french"> </DL_ZONE>
			<DL_ZONE gedi_type="TextRegion" id="7" col="1233" row="235" width="44" height="23" nextZoneID="10" contents="date" script="typed" language="french"> </DL_ZONE>
			<DL_ZONE gedi_type="GraphicRegion" id="8" col="1536" row="109" width="49" height="46" function="drawing"> </DL_ZONE>
			<DL_ZONE gedi_type="GraphicRegion" id="9" col="1302" row="222" width="213" height="34" function="form-field"> </DL_ZONE>
			<DL_ZONE gedi_type="TextRegion" id="10" col="1289" row="224" width="221" height="32" contents="110113" script="hand" function_1="date" language="french"> </DL_ZONE>
			<DL_ZONE gedi_type="GraphicRegion" id="11" col="130" row="272" width="1388" height="33" function="other" orientationD="0.578"> </DL_ZONE>
			<DL_ZONE gedi_type="TextRegion" id="12" col="524" row="273" width="602" height="25" orientationD="0.571" contents="PERSONNE RECEVANT les SOINS et ASSURE(E) (*)" script="typed" language="french"> </DL_ZONE>
			<DL_ZONE gedi_type="TextRegion" id="13" col="155" row="304" width="1277" height="24" orientationD="0.583" contents="PERSONNE RECEVANT les SOINS (la zone &quot;nom et prénom&quot; est obligatoirement remplie par le pharmacien ou le fournisseur)" script="typed" language="french"> </DL_ZONE>
			<DL_ZONE gedi_type="TextRegion" id="14" col="137" row="331" width="541" height="25" nextZoneID="66" orientationD="0.424" contents="nom et prénom (suivis, s'il y a lieu, du nom d'époux ou d'épouse)" script="typed" language="french"> </DL_ZONE>
			<DL_ZONE gedi_type="TextRegion" id="15" col="140" row="387" width="240" height="22" nextZoneID="67" orientationD="0.477" contents="numéro d'immatriculation" script="typed" language="french"> </DL_ZONE>
			<DL_ZONE gedi_type="TextRegion" id="16" col="140" row="448" width="164" height="23" nextZoneID="68" orientationD="0.0" contents="date de naissance" script="typed" language="french"> </DL_ZONE>
			<DL_ZONE gedi_type="TextRegion" id="17" col="154" row="478" width="676" height="26" orientationD="0.339" contents="ASSUR(E) (à remplir si la personne recevant les soins n'est pas l'assuré(e))" script="typed" language="french"> </DL_ZONE>
			<DL_ZONE gedi_type="TextRegion" id="18" col="139" row="510" width="541" height="26" orientationD="0.635" contents="nom et prénom (suivis, s'il y a lieu, du nom d'époux ou d'épouse)" script="typed" language="french"> </DL_ZONE>
			<DL_ZONE gedi_type="TextRegion" id="19" col="138" row="565" width="258" height="23" orientationD="0.222" contents="numéro d'immatriculation" script="typed" language="french"> </DL_ZONE>
			<DL_ZONE gedi_type="TextRegion" id="20" col="148" row="595" width="313" height="30" orientationD="0.183" contents="ADRESSE de L'ASSURE(E)" script="typed" language="french"> </DL_ZONE>
			<DL_ZONE gedi_type="TextRegion" id="21" polygon="(1125,346);(1123,367);(1100,357);(1038,368);(1037,388);(1037,437);(1327,436);(1324,406);(1197,404);(1196,366);(1462,364);(1465,360);(1488,360);(1503,364);(1524,365);(1519,343)" nextZoneID="69" contents="(à remplir par le pharmacien ou le fournisseur)&#10;code de l'organisme&#10;de rattachement&#10;en cas de dispense d'avance des frais" script="typed" language="french"> </DL_ZONE>
			<DL_ZONE gedi_type="TextRegion" id="22" col="984" row="442" width="383" height="23" orientationD="0.449" contents="rang de naissance, si naissances multiples" script="typed" language="french"> </DL_ZONE>
			<DL_ZONE gedi_type="TextRegion" id="23" col="973" row="464" width="574" height="153" orientationD="0.304" contents="Ce modèle est communiqué à titre&#10;d'information afin que vous puissiez en prendre&#10;connaissance.&#10;Pour votre démarche, le formulaire original doit&#10;être utilisé (exceptée, télétransmission Vitale)" script="typed" language="french"> </DL_ZONE>
			<DL_ZONE gedi_type="TextRegion" id="24" col="423" row="656" width="817" height="25" orientationD="0.561" contents="PHARMACIEN ou FOURNISSEUR (à remplir par le pharmacien ou le fournisseur)" script="typed" language="french"> </DL_ZONE>
			<DL_ZONE gedi_type="TextRegion" id="25" col="154" row="685" width="520" height="27" nextZoneID="73" orientationD="0.441" contents="identification du pharmacien ou du fournisseur" script="typed" language="french"> </DL_ZONE>
			<DL_ZONE gedi_type="TextRegion" id="26" col="1266" row="678" width="142" height="26" orientationD="0.807" contents="prescripteur" script="typed" language="french"> </DL_ZONE>
			<DL_ZONE gedi_type="TextRegion" id="27" col="1149" row="710" width="193" height="21" nextZoneID="70" orientationD="0.594" contents="n° d'identification" script="typed" language="french"> </DL_ZONE>
			<DL_ZONE gedi_type="TextRegion" id="28" col="1151" row="771" width="54" height="26" nextZoneID="71" orientationD="0.0" contents="nom" script="typed" language="french"> </DL_ZONE>
			<DL_ZONE gedi_type="TextRegion" id="29" col="1149" row="834" width="371" height="24" nextZoneID="72" orientationD="0.772" contents="prestation ou traitement prescrit le" script="typed" language="french"> </DL_ZONE>
			<DL_ZONE gedi_type="TextRegion" id="30" col="1152" row="916" width="219" height="28" orientationD="0.262" contents="entente préalable du" script="typed" language="french"> </DL_ZONE>
			<DL_ZONE gedi_type="TextRegion" id="31" col="174" row="958" width="1313" height="25" orientationD="0.655" contents="CONDITIONS de PRISE en CHARGE de la PERSONNE RECEVANT les SOINS (à remplir parle pharmacien ou le fournisseur)" script="typed" language="french"> </DL_ZONE>
			<DL_ZONE gedi_type="TextRegion" id="32" col="248" row="1016" width="123" height="24" orientationD="0.0" contents="MALADIE" script="typed" language="french"> </DL_ZONE>
			<DL_ZONE gedi_type="TextRegion" id="33" col="422" row="1016" width="364" height="23" orientationD="0.63" contents="exonération du ticket modérateur :" script="typed" language="french"> </DL_ZONE>
			<DL_ZONE gedi_type="TextRegion" id="34" col="793" row="1014" width="43" height="17" orientationD="0.0" contents="non" script="typed" language="french"> </DL_ZONE>
			<DL_ZONE gedi_type="TextRegion" id="35" col="926" row="1010" width="35" height="21" contents="oui" script="typed" language="french"> </DL_ZONE>
			<DL_ZONE gedi_type="TextRegion" id="36" col="1045" row="1007" width="427" height="28" orientationD="0.671" contents="(si oui, cochez une case de la ligne suivante)" script="typed" language="french"> </DL_ZONE>
			<DL_ZONE gedi_type="TextRegion" id="37" col="1129" row="1065" width="203" height="27" orientationD="0.282" contents="action de prévention" script="typed" language="french"> </DL_ZONE>
			<DL_ZONE gedi_type="TextRegion" id="38" col="1411" row="1064" width="59" height="23" orientationD="-0.971" contents="autre" script="typed" language="french"> </DL_ZONE>
			<DL_ZONE gedi_type="TextRegion" id="39" col="194" row="1073" width="259" height="29" orientationD="-0.221" contents="soins en rapport avec ALD" script="typed" language="french"> </DL_ZONE>
			<DL_ZONE gedi_type="TextRegion" id="40" col="196" row="1135" width="257" height="28" orientationD="0.446" contents="accident causé par un tiers" script="typed" language="french"> </DL_ZONE>
			<DL_ZONE gedi_type="TextRegion" id="41" col="532" row="1135" width="40" height="21" contents="non" script="typed" language="french"> </DL_ZONE>
			<DL_ZONE gedi_type="TextRegion" id="42" col="657" row="1133" width="39" height="19" contents="oui" script="typed" language="french"> </DL_ZONE>
			<DL_ZONE gedi_type="TextRegion" id="43" col="792" row="1127" width="50" height="28" contents="date" script="typed" language="french"> </DL_ZONE>
			<DL_ZONE gedi_type="TextRegion" id="44" col="870" row="1126" width="274" height="26" contents="JJMMAAAA" script="typed" language="french"> </DL_ZONE>
			<DL_ZONE gedi_type="TextRegion" id="45" col="1194" row="1124" width="277" height="28" orientationD="0.414" contents="personne visée à l'art. L.115" script="typed" function_1="reference" language="french"> </DL_ZONE>
			<DL_ZONE gedi_type="TextRegion" id="46" col="1024" row="1188" width="28" height="20" contents="ou" script="typed" language="french"> </DL_ZONE>
			<DL_ZONE gedi_type="TextRegion" id="47" col="1170" row="1185" width="46" height="21" contents="date" script="typed" language="french"> </DL_ZONE>
			<DL_ZONE gedi_type="TextRegion" id="48" col="1242" row="1181" width="277" height="28" orientationD="0.207" contents="JJMMAAAA" script="typed" language="french"> </DL_ZONE>
			<DL_ZONE gedi_type="TextRegion" id="49" col="252" row="1196" width="79" height="23" contents="AT/MP" script="typed" language="french"> </DL_ZONE>
			<DL_ZONE gedi_type="TextRegion" id="50" col="443" row="1192" width="83" height="24" contents="numéro" script="typed" language="french"> </DL_ZONE>
			<DL_ZONE gedi_type="TextRegion" id="51" col="358" row="1223" width="902" height="26" orientationD="0.635" contents="PRODUITS et PRESTATIONS DELIVRES (à remplir par le pharmacien ou le fournisseur)" script="typed" language="french"> </DL_ZONE>
			<DL_ZONE gedi_type="TextRegion" id="52" col="142" row="1255" width="194" height="24" nextZoneID="74" orientationD="0.591" contents="tarification détaillée" script="typed" language="french"> </DL_ZONE>
			<DL_ZONE gedi_type="TextRegion" id="53" polygon="(1083,1316);(1312,1302);(1320,1402);(1089,1412);(1086,1368);(1072,1363);(1064,1328)" contents="4 34009 34938876 000484 00&#10;SOLUPRED 20 mg&#10;20 Comprimés orodispersables&#10;*Vign. eur.4,84" script="typed" function_1="reference" language="french"> </DL_ZONE>
			<DL_ZONE gedi_type="TextRegion" id="54" polygon="(1085,1506);(1060,1525);(1056,1589);(1076,1592);(1336,1585);(1348,1574);(1339,1496);(1338,1496)" contents="4 3400937734295 000761 00&#10;Amoxicilline - Acide clavulanique Alter®&#10;500mg/62,5 mg ADULTES&#10;24 comprimés pelliculés&#10;Vign. 46076592 eur. 7,61" script="typed" function_1="reference" language="french"> </DL_ZONE>
			<DL_ZONE gedi_type="TextRegion" id="55" polygon="(1353,1436);(1361,1581);(1360,1587);(1048,1594);(1036,1676);(1406,1665);(1405,1514);(1455,1510);(1408,1436)" contents="¤*s¤ ou&#10;¤*¤ments&#10;¤*¤e&#10;des produits et prestations&#10;dans l'ordre de la prescription" script="typed" language="french"> </DL_ZONE>
			<DL_ZONE gedi_type="TextRegion" id="56" polygon="(1014,1493);(1014,1518);(1041,1520);(1041,1493)" contents="co" script="typed" language="french"> </DL_ZONE>
			<DL_ZONE gedi_type="TextRegion" id="57" col="572" row="1882" width="534" height="27" orientationD="0.858" contents="PAIEMENT (à remplir par le pharmacien ou le fournisseur)" script="typed" language="french"> </DL_ZONE>
			<DL_ZONE gedi_type="TextRegion" id="58" col="877" row="1922" width="212" height="47" nextZoneID="76" orientationD="0.541" contents="MONTANT TOTAL&#10;en euros" script="typed" language="french"> </DL_ZONE>
			<DL_ZONE gedi_type="TextRegion" id="59" col="155" row="1996" width="392" height="29" orientationD="0.146" contents="l'assuré(e) n'a pas payé la part obligatoire" script="typed" language="french"> </DL_ZONE>
			<DL_ZONE gedi_type="TextRegion" id="60" col="808" row="1990" width="440" height="26" orientationD="0.651" contents="l'assuré(e) n'a pas payé la part complémentaire" script="typed" language="french"> </DL_ZONE>
			<DL_ZONE gedi_type="TextRegion" id="61" col="1400" row="2026" width="120" height="45" orientationD="1.432" contents="impossibilité&#10;de signer" script="typed" language="french"> </DL_ZONE>
			<DL_ZONE gedi_type="TextRegion" id="62" col="858" row="2035" width="119" height="46" orientationD="0.0" contents="signature de&#10;l'assuré(e)" script="typed" language="french"> </DL_ZONE>
			<DL_ZONE gedi_type="TextRegion" id="63" col="172" row="2056" width="225" height="46" orientationD="0.0" contents="signature du pharmacien&#10;et du fournisseur" script="typed" language="french"> </DL_ZONE>
			<DL_ZONE gedi_type="TextRegion" id="64" col="69" row="1826" width="20" height="395" rotation="-90" contents="GRAPHILABEL - 03 26 85 83 33 - ¤FOC0000100.0 PAGE1¤" script="typed" language="french"> </DL_ZONE>
			<DL_ZONE gedi_type="TextRegion" id="65" col="145" row="2128" width="1397" height="96" orientationD="0.738" contents="La loi rend passible d'amende et/ou d'emprisonnement quiconque se rend coupable de fraudes ou de fausses déclarations (art. L. 337.1 et L. 471-3 du Code de la sécurité sociale, 411-1 du Code pénal)&#10;Les informations figurant sur cette feuille, y compris le détail des actes et des prestations servies, sont destinées à votre organisme d'assurance maladie aux fins de remboursement et de contrôle.&#10;En application de la loi du 6 janvier 1978, vous pouvez obtenir la communication des information vous concernant et, le cas échéant, leur rectification en vous adressant auprès de votre organisme&#10;d'assurance maladie.&#10;(*) voir notice au verso S 3115f" script="typed" function_2="reference" function_1="footer" language="french"> </DL_ZONE>
			<DL_ZONE gedi_type="TextRegion" id="66" col="697" row="321" width="372" height="32" contents="MEYER Antoine" script="hand" language="french"> </DL_ZONE>
			<DL_ZONE gedi_type="TextRegion" id="67" col="480" row="368" width="552" height="45" contents="183290927503917" script="hand" function_1="reference" language="french"> </DL_ZONE>
			<DL_ZONE gedi_type="TextRegion" id="68" polygon="(699,472);(699,438);(972,433);(982,460);(966,466);(922,469)" contents="29091983" script="hand" language="french"> </DL_ZONE>
			<DL_ZONE gedi_type="TextRegion" id="69" polygon="(1200,369);(1200,402);(1219,404);(1324,405);(1528,405);(1510,366);(1493,366);(1488,360);(1468,360);(1463,366)" contents="WC3244181" script="hand" function_1="reference" language="french"> </DL_ZONE>
			<DL_ZONE gedi_type="TextRegion" id="70" polygon="(1196,730);(1422,734);(1440,760);(1298,764);(1183,763);(1180,749)" contents="AZY 23332" script="hand" function_1="reference" language="french"> </DL_ZONE>
			<DL_ZONE gedi_type="TextRegion" id="71" polygon="(1213,772);(1210,782);(1216,802);(1364,794);(1391,762);(1292,766)" contents="Dr ARZT" script="hand" language="french"> </DL_ZONE>
			<DL_ZONE gedi_type="TextRegion" id="72" polygon="(1166,863);(1168,890);(1226,894);(1406,883);(1416,867);(1396,855);(1237,856);(1220,853);(1181,858)" contents="11/01/2013" script="hand" language="french"> </DL_ZONE>
			<DL_ZONE gedi_type="TextRegion" id="73" col="137" row="727" width="737" height="171" contents="ROUSSEL Bastien&#10;10 avenue des Mimosas les Mésanges&#10;06800 CAGNES SUR MER" script="hand" function_1="coordinates" language="french"> </DL_ZONE>
			<DL_ZONE gedi_type="TextRegion" id="74" col="156" row="1283" width="536" height="99" contents="Solupred bte de 20 2X&#10;AMOXYCILLINE 2X" script="hand" language="french"> </DL_ZONE>
			<DL_ZONE gedi_type="TextRegion" id="75" polygon="(520,2052);(502,2059);(497,2100);(700,2093);(722,2054);(715,2041)" contents="Roussel" script="hand" language="french"> </DL_ZONE>
			<DL_ZONE gedi_type="TextRegion" id="76" polygon="(1332,1923);(1328,1956);(1380,1955);(1388,1912)" nextZoneID="78" contents="24" script="hand" language="french"> </DL_ZONE>
			<DL_ZONE gedi_type="TextRegion" id="77" polygon="(1396,1916);(1395,1935);(1404,1955);(1466,1954);(1463,1927);(1459,1923);(1458,1923)" contents="90" script="hand" language="french"> </DL_ZONE>
			<DL_ZONE gedi_type="TextRegion" id="78" col="1385" row="1943" width="9" height="16" nextZoneID="77" contents="," script="typed" language="french"> </DL_ZONE>
			<DL_ZONE gedi_type="TextRegion" id="79" polygon="(1056,2059);(1037,2088);(1048,2092);(1080,2058);(1106,2059);(1008,2172);(1026,2179);(1080,2106);(1112,2073);(1120,2083);(1145,2081);(1104,2119);(1104,2128);(1112,2125);(1172,2073);(1178,2089);(1192,2089);(1211,2068);(1226,2066);(1225,2053);(1207,2053);(1133,2052);(1151,2024);(1145,2017);(1124,2035);(1108,2041);(1092,2043);(1076,2039)" contents="Meyer" script="hand" language="french"> </DL_ZONE>
			<DL_ZONE gedi_type="GraphicRegion" id="80" col="128" row="325" width="1391" height="33" function="other" orientationD="0.618"> </DL_ZONE>
			<DL_ZONE gedi_type="GraphicRegion" id="81" col="126" row="376" width="353" height="42" function="other" orientationD="0.487"> </DL_ZONE>
			<DL_ZONE gedi_type="GraphicRegion" id="82" col="128" row="444" width="569" height="35" function="other" orientationD="0.503"> </DL_ZONE>
			<DL_ZONE gedi_type="GraphicRegion" id="83" col="482" row="372" width="553" height="46" function="form-field" orientationD="0.518"> </DL_ZONE>
			<DL_ZONE gedi_type="GraphicRegion" id="84" col="697" row="439" width="285" height="37" function="form-field" orientationD="0.804"> </DL_ZONE>
			<DL_ZONE gedi_type="GraphicRegion" id="85" col="1194" row="364" width="324" height="41" function="form-field" orientationD="0.354"> </DL_ZONE>
			<DL_ZONE gedi_type="GraphicRegion" id="87" col="983" row="434" width="392" height="34" function="other" orientationD="0.438"> </DL_ZONE>
			<DL_ZONE gedi_type="GraphicRegion" id="88" col="1373" row="432" width="37" height="34" function="form-field" orientationD="1.637"> </DL_ZONE>
			<DL_ZONE gedi_type="GraphicRegion" id="89" col="130" row="504" width="1393" height="35" function="other" orientationD="0.617"> </DL_ZONE>
			<DL_ZONE gedi_type="GraphicRegion" id="90" col="130" row="557" width="353" height="40" function="other" orientationD="0.653"> </DL_ZONE>
			<DL_ZONE gedi_type="GraphicRegion" id="91" function="form-field" polygon="(481,554);(1037,545);(1038,589);(482,595)"> </DL_ZONE>
			<DL_ZONE gedi_type="GraphicRegion" id="92" function="other" polygon="(133,623);(1522,608);(1525,642);(131,657)"> </DL_ZONE>
			<DL_ZONE gedi_type="GraphicRegion" id="93" function="other" polygon="(132,711);(807,707);(810,948);(134,956);(133,956)"> </DL_ZONE>
			<DL_ZONE gedi_type="GraphicRegion" id="94" function="other" polygon="(131,655);(1520,640);(1523,672);(129,687)"> </DL_ZONE>
			<DL_ZONE gedi_type="GraphicRegion" id="95" function="other" polygon="(134,953);(136,987);(1524,969);(1523,939)"> </DL_ZONE>
			<DL_ZONE gedi_type="GraphicRegion" id="96" function="other" polygon="(1146,731);(1521,728);(1520,763);(1144,764)"> </DL_ZONE>
			<DL_ZONE gedi_type="GraphicRegion" id="97" function="other" polygon="(1145,765);(1520,763);(1522,791);(1145,796)"> </DL_ZONE>
			<DL_ZONE gedi_type="GraphicRegion" id="98" function="other" polygon="(1141,851);(1525,847);(1525,883);(1140,886)"> </DL_ZONE>
			<DL_ZONE gedi_type="GraphicRegion" id="99" function="other" polygon="(1146,912);(1524,909);(1524,940);(1141,945);(1141,944)"> </DL_ZONE>
			<DL_ZONE gedi_type="GraphicRegion" id="100" function="other" polygon="(136,1013);(1524,997);(1524,1029);(136,1047)"> </DL_ZONE>
			<DL_ZONE gedi_type="GraphicRegion" id="102" col="142" row="1012" width="44" height="32" function="form-field"> </DL_ZONE>
			<DL_ZONE gedi_type="LineDrawingRegion" id="103" polygon="(169,1026);(190,1008);(180,1001);(162,1022);(142,1018);(142,1046);(150,1049);(164,1035);(188,1048);(192,1042)"> </DL_ZONE>
			<DL_ZONE gedi_type="Group" id="104" col="132" row="991" width="249" height="68" elements="32;102;103"> </DL_ZONE>
			<DL_ZONE gedi_type="GraphicRegion" id="105" col="840" row="1006" width="43" height="30" function="form-field"> </DL_ZONE>
			<DL_ZONE gedi_type="GraphicRegion" id="106" col="982" row="1003" width="45" height="33" function="form-field"> </DL_ZONE>
			<DL_ZONE gedi_type="GraphicRegion" id="107" function="other" polygon="(182,1071);(182,1106);(1525,1090);(1524,1057)"> </DL_ZONE>
			<DL_ZONE gedi_type="GraphicRegion" id="108" function="other" polygon="(182,1131);(182,1166);(863,1157);(863,1125)"> </DL_ZONE>
			<DL_ZONE gedi_type="GraphicRegion" id="109" col="1480" row="1058" width="43" height="32" function="form-field"> </DL_ZONE>
			<DL_ZONE gedi_type="GraphicRegion" id="110" col="1340" row="1058" width="45" height="33" function="form-field"> </DL_ZONE>
			<DL_ZONE gedi_type="GraphicRegion" id="111" col="1480" row="1117" width="42" height="33" function="form-field"> </DL_ZONE>
			<DL_ZONE gedi_type="GraphicRegion" id="112" col="465" row="1069" width="42" height="32" function="form-field"> </DL_ZONE>
			<DL_ZONE gedi_type="GraphicRegion" id="113" function="other" polygon="(138,1192);(576,1188);(578,1220);(137,1225)"> </DL_ZONE>
			<DL_ZONE gedi_type="GraphicRegion" id="114" col="146" row="1192" width="43" height="32" function="form-field"> </DL_ZONE>
			<DL_ZONE gedi_type="GraphicRegion" id="115" col="590" row="1128" width="44" height="31" function="form-field"> </DL_ZONE>
			<DL_ZONE gedi_type="GraphicRegion" id="116" col="716" row="1126" width="42" height="34" function="form-field"> </DL_ZONE>
			<DL_ZONE gedi_type="LineDrawingRegion" id="117" polygon="(622,1142);(639,1128);(630,1121);(615,1138);(608,1130);(600,1132);(591,1146);(596,1170);(602,1169);(617,1150);(636,1160);(642,1158);(640,1151)"> </DL_ZONE>
			<DL_ZONE gedi_type="Group" id="118" col="522" row="1111" width="130" height="69" elements="41;115;117"> </DL_ZONE>
			<DL_ZONE gedi_type="GraphicRegion" id="119" function="form-field" polygon="(863,1126);(1148,1122);(1148,1154);(864,1156)"> </DL_ZONE>
			<DL_ZONE gedi_type="GraphicRegion" id="120" function="other" polygon="(1150,1121);(1150,1154);(1522,1149);(1521,1118)"> </DL_ZONE>
			<DL_ZONE gedi_type="GraphicRegion" id="121" function="form-field" polygon="(576,1188);(580,1220);(899,1216);(899,1184)"> </DL_ZONE>
			<DL_ZONE gedi_type="GraphicRegion" id="122" function="other" polygon="(898,1184);(899,1216);(1239,1212);(1239,1181)"> </DL_ZONE>
			<DL_ZONE gedi_type="GraphicRegion" id="123" function="form-field" polygon="(1240,1182);(1240,1212);(1525,1208);(1525,1178)"> </DL_ZONE>
			<DL_ZONE gedi_type="GraphicRegion" id="124" function="other" polygon="(137,1222);(138,1253);(1526,1237);(1526,1208)"> </DL_ZONE>
			<DL_ZONE gedi_type="GraphicRegion" id="125" function="other" polygon="(140,1252);(144,1884);(924,1873);(917,1244)"> </DL_ZONE>
			<DL_ZONE gedi_type="GraphicRegion" id="126" function="other" polygon="(920,1243);(1528,1238);(1534,1867);(925,1875)"> </DL_ZONE>
			<DL_ZONE gedi_type="GraphicRegion" id="127" function="other" polygon="(146,1884);(147,1915);(1534,1897);(1532,1866)"> </DL_ZONE>
			<DL_ZONE gedi_type="GraphicRegion" id="129" function="other" polygon="(868,1920);(871,1973);(1536,1964);(1535,1908)"> </DL_ZONE>
			<DL_ZONE gedi_type="GraphicRegion" id="130" function="form-field" polygon="(1243,1919);(1242,1954);(1468,1956);(1466,1916)"> </DL_ZONE>
			<DL_ZONE gedi_type="LineDrawingRegion" id="131" polygon="(1222,1956);(1244,1948);(1308,1927);(1372,1912);(1372,1921);(1335,1929);(1307,1936);(1232,1964)"> </DL_ZONE>
			<DL_ZONE gedi_type="GraphicRegion" id="132" function="signature" polygon="(504,2058);(498,2099);(465,2108);(460,2114);(472,2120);(536,2116);(622,2100);(765,2096);(764,2088);(693,2088);(700,2082);(698,2072);(713,2067);(718,2057);(716,2040);(700,2043);(686,2052);(684,2069);(532,2071);(532,2060);(521,2057)"> </DL_ZONE>
			<DL_ZONE gedi_type="GraphicRegion" id="133" function="other" polygon="(147,1980);(148,2038);(1536,2021);(1536,1962)"> </DL_ZONE>
			<DL_ZONE gedi_type="GraphicRegion" id="134" col="708" row="1985" width="42" height="35" function="form-field"> </DL_ZONE>
			<DL_ZONE gedi_type="GraphicRegion" id="135" col="1440" row="1979" width="43" height="32" function="form-field"> </DL_ZONE>
			<DL_ZONE gedi_type="GraphicRegion" id="136" col="1441" row="2070" width="42" height="30" function="form-field"> </DL_ZONE>
			<DL_ZONE gedi_type="GraphicRegion" id="137" function="other" polygon="(147,2038);(148,2125);(1538,2108);(1538,2020);(1538,2019)"> </DL_ZONE>
			<DL_ZONE gedi_type="GraphicRegion" id="138" function="form-field" polygon="(477,2037);(843,2034);(842,2112);(477,2117)"> </DL_ZONE>
			<DL_ZONE gedi_type="GraphicRegion" id="139" function="form-field" polygon="(1014,2031);(1378,2027);(1378,2107);(1014,2111)"> </DL_ZONE>
			<DL_ZONE gedi_type="GraphicRegion" id="151" function="other" polygon="(1017,1286);(1019,1275);(1361,1253);(1367,1263);(1373,1418);(1033,1439)"> </DL_ZONE>
			<DL_ZONE gedi_type="GraphicRegion" id="152" function="other" polygon="(1034,1442);(1358,1433);(1365,1575);(1348,1591);(1040,1596)"> </DL_ZONE>
			<DL_ZONE gedi_type="GraphicRegion" id="153" col="1071" row="1448" width="259" height="57" function="drawing"> </DL_ZONE>
			<DL_ZONE gedi_type="GraphicRegion" id="154" function="drawing" polygon="(1059,1273);(1065,1323);(1323,1307);(1318,1261)"> </DL_ZONE>
			<DL_ZONE gedi_type="GraphicRegion" id="155" col="1555" row="2204" width="58" height="50" function="drawing"> </DL_ZONE>
			<DL_ZONE gedi_type="GraphicRegion" id="156" col="80" row="2229" width="62" height="49" function="drawing"> </DL_ZONE>
		</DL_PAGE>
	</DL_DOCUMENT>
</GEDI>