<?xml version="1.0" encoding="UTF-8"?>
<!--GEDI was developed at Language and Media Processing Laboratory, University of Maryland.-->

<GEDI xmlns="http://lamp.cfar.umd.edu/media/projects/GEDI/" GEDI_version="2.3.19" GEDI_date="12/23/2011">
	<USER name="MDR-P4" date="2/25/2013 12:28" dateFormat="mm/dd/yyyy hh:mm">	</USER>
	<USER name="MDR-P6" date="1/30/2013 11:49" dateFormat="mm/dd/yyyy hh:mm">	</USER>
	<USER name="MDR-P8" date="5/28/2013 15:42" dateFormat="mm/dd/yyyy hh:mm">	</USER>
	<USER name="Mdr-P5" date="1/4/2013 14:40" dateFormat="mm/dd/yyyy hh:mm">	</USER>
	<DL_DOCUMENT src="RAKMWP.tif" docTag="xml" NrOfPages="4">
		<DL_PAGE gedi_type="DL_PAGE" src="RAKMWP.tif" pageID="1" width="543" height="768" Language_2="" Language_4="" Language_3="" Sender_Company="" Receiver_Fax="" Sender_Fax="" Category="C1" Language_1="english" NumPage="4" Script_1="typed" Document_Date="23/12/2011" Document_Location="LOS ANGELES" Document_Object="AFFIDAVIT OF PARENTAGE, PHYSICAL PRESENCE AND SUPPORT" Receiver_Company="U.S. DEPARTMENT OF STATE" Receiver_Address="" Script_2="hand" Sender_Address="HARRISON STREET, LITTLE HALTON MANCHESTER M38 9AP MANCHESTER" Receiver_Name="" Sender_Phone="+44(0)16.17.90.25.22" Receiver_Phone="" Sender_Name="Victoria YOUNGMAN">
			<DL_ZONE gedi_type="TextRegion" id="2" col="103" row="69" width="336" height="45" contents="U.S. Department of State&#10;AFFIDAVIT OF PARENTAGE, PHYSICAL PRESENCE AND SUPPORT" script="typed" function_2="object" function_1="title" language="english"> </DL_ZONE>
			<DL_ZONE gedi_type="TextRegion" id="3" col="170" row="125" width="197" height="24" contents="PART I&#10;(All applicants please complete Part I)" script="typed" language="english"> </DL_ZONE>
			<DL_ZONE gedi_type="TextRegion" id="4" nextZoneID="8" col="267" row="165" width="94" height="15" contents="¤do ******* swear (or affirm):¤" script="typed" language="english"> </DL_ZONE>
			<DL_ZONE gedi_type="TextRegion" id="5" nextZoneID="51" col="70" row="179" width="26" height="9" contents="Name" script="typed" language="english"> </DL_ZONE>
			<DL_ZONE gedi_type="TextRegion" id="6" nextZoneID="5" col="60" row="167" width="10" height="13" contents="I," script="typed" language="english"> </DL_ZONE>
			<DL_ZONE gedi_type="TextRegion" id="8" col="66" row="192" width="206" height="11" contents="That I am a U. S. citizen U. S. non-citizen national by: (choose one)" script="typed" language="english"> </DL_ZONE>
			<DL_ZONE gedi_type="TextRegion" id="9" nextZoneID="11" col="60" row="213" width="36" height="14" contents="1) birth in" script="typed" language="english"> </DL_ZONE>
			<DL_ZONE gedi_type="TextRegion" id="10" nextZoneID="12" col="99" row="209" width="89" height="18" contents="Manchester" script="hand" language="english"> </DL_ZONE>
			<DL_ZONE gedi_type="TextRegion" id="11" nextZoneID="10" col="97" row="226" width="57" height="9" contents="City/Town, State" script="typed" language="english"> </DL_ZONE>
			<DL_ZONE gedi_type="TextRegion" id="12" nextZoneID="14" col="281" row="214" width="13" height="11" contents="on" script="typed" language="english"> </DL_ZONE>
			<DL_ZONE gedi_type="TextRegion" id="13" col="297" row="207" width="75" height="20" contents="4/12/58" script="hand" language="english"> </DL_ZONE>
			<DL_ZONE gedi_type="TextRegion" id="14" nextZoneID="13" col="296" row="224" width="62" height="11" contents="Date (mm-dd-yyyy)" script="typed" language="english"> </DL_ZONE>
			<DL_ZONE gedi_type="TextRegion" id="15" col="335" row="267" width="27" height="16" contents="UK" script="hand" language="english"> </DL_ZONE>
			<DL_ZONE gedi_type="TextRegion" id="16" col="213" row="254" width="49" height="12" contents="Name of Court" script="typed" language="english"> </DL_ZONE>
			<DL_ZONE gedi_type="TextRegion" id="17" col="176" row="245" width="38" height="10" contents="before the" script="typed" language="english"> </DL_ZONE>
			<DL_ZONE gedi_type="TextRegion" id="18" col="123" row="255" width="62" height="12" contents="Date (mm-dd-yyyy)" script="typed" language="english"> </DL_ZONE>
			<DL_ZONE gedi_type="TextRegion" id="19" col="65" row="245" width="61" height="10" contents="2) naturalization on" script="typed" language="english"> </DL_ZONE>
			<DL_ZONE gedi_type="TextRegion" id="20" nextZoneID="25" col="64" row="272" width="56" height="14" contents="3) birth abroad on" script="typed" language="english"> </DL_ZONE>
			<DL_ZONE gedi_type="TextRegion" id="21" nextZoneID="22" col="121" row="270" width="55" height="17" contents="4/12/58" script="hand" language="english"> </DL_ZONE>
			<DL_ZONE gedi_type="TextRegion" id="22" nextZoneID="23" col="176" row="271" width="150" height="13" contents="to U. S. citizen(s) or U. S. non -citizen national(s) in" script="typed" language="english"> </DL_ZONE>
			<DL_ZONE gedi_type="TextRegion" id="23" nextZoneID="15" col="327" row="283" width="27" height="11" contents="Country" script="typed" language="english"> </DL_ZONE>
			<DL_ZONE gedi_type="TextRegion" id="24" col="213" row="298" width="59" height="14" contents="¤Previously¤ Married" script="typed" language="english"> </DL_ZONE>
			<DL_ZONE gedi_type="TextRegion" id="25" nextZoneID="21" col="120" row="285" width="63" height="10" contents="Date (mm-dd-yyyy)" script="typed" language="english"> </DL_ZONE>
			<DL_ZONE gedi_type="TextRegion" id="26" col="163" row="299" width="27" height="10" contents="Married" script="typed" language="english"> </DL_ZONE>
			<DL_ZONE gedi_type="TextRegion" id="27" col="71" row="300" width="74" height="12" contents="That I a (choose one)" script="typed" language="english"> </DL_ZONE>
			<DL_ZONE gedi_type="TextRegion" id="28" nextZoneID="31" col="71" row="325" width="37" height="11" contents="married on" script="typed" language="english"> </DL_ZONE>
			<DL_ZONE gedi_type="TextRegion" id="29" nextZoneID="30" col="107" row="321" width="55" height="16" contents="10/5/83" script="hand" language="english"> </DL_ZONE>
			<DL_ZONE gedi_type="TextRegion" id="30" nextZoneID="32" col="163" row="324" width="10" height="11" contents="to" script="typed" language="english"> </DL_ZONE>
			<DL_ZONE gedi_type="TextRegion" id="31" nextZoneID="29" col="108" row="336" width="61" height="11" contents="Date (mm-dd-yyyy)" script="typed" language="english"> </DL_ZONE>
			<DL_ZONE gedi_type="TextRegion" id="32" nextZoneID="33" col="174" row="337" width="21" height="9" contents="Name" script="typed" language="english"> </DL_ZONE>
			<DL_ZONE gedi_type="TextRegion" id="33" polygon="(173,322);(173,332);(185,338);(255,347);(310,347);(327,321)" contents="Ernest Spolding" script="hand" language="english"> </DL_ZONE>
			<DL_ZONE gedi_type="TextRegion" id="34" col="220" row="365" width="41" height="10" contents="Not Married" script="typed" language="english"> </DL_ZONE>
			<DL_ZONE gedi_type="TextRegion" id="35" col="189" row="366" width="10" height="10" contents="or" script="typed" language="english"> </DL_ZONE>
			<DL_ZONE gedi_type="TextRegion" id="36" nextZoneID="38" col="72" row="366" width="10" height="11" contents="In" script="typed" language="english"> </DL_ZONE>
			<DL_ZONE gedi_type="TextRegion" id="37" col="104" row="365" width="21" height="16" contents="UK" script="typed" language="english"> </DL_ZONE>
			<DL_ZONE gedi_type="TextRegion" id="38" nextZoneID="37" col="84" row="378" width="28" height="11" contents="Country" script="typed" language="english"> </DL_ZONE>
			<DL_ZONE gedi_type="TextRegion" id="39" col="68" row="395" width="105" height="10" contents="That I am the biological parent of" script="typed" language="english"> </DL_ZONE>
			<DL_ZONE gedi_type="TextRegion" id="40" col="67" row="409" width="51" height="11" contents="Name of Child" script="typed" language="english"> </DL_ZONE>
			<DL_ZONE gedi_type="TextRegion" id="41" col="233" row="399" width="51" height="21" contents="Date of Birth&#10;(mm-dd-yyyy)" script="typed" language="english"> </DL_ZONE>
			<DL_ZONE gedi_type="TextRegion" id="42" col="287" row="408" width="45" height="12" contents="Place of Birth" script="typed" language="english"> </DL_ZONE>
			<DL_ZONE gedi_type="TextRegion" id="43" col="296" row="430" width="121" height="15" contents="Manchester UK" script="hand" language="english"> </DL_ZONE>
			<DL_ZONE gedi_type="TextRegion" id="44" col="301" row="451" width="117" height="20" contents="Manchester UK" script="hand" language="english"> </DL_ZONE>
			<DL_ZONE gedi_type="TextRegion" id="45" col="240" row="429" width="50" height="24" contents="6/7/95" script="hand" language="english"> </DL_ZONE>
			<DL_ZONE gedi_type="TextRegion" id="46" col="239" row="453" width="50" height="24" contents="6/25/99" script="hand" language="english"> </DL_ZONE>
			<DL_ZONE gedi_type="TextRegion" id="47" col="78" row="454" width="56" height="18" contents="Lauren" script="hand" language="english"> </DL_ZONE>
			<DL_ZONE gedi_type="TextRegion" id="48" col="81" row="428" width="65" height="22" contents="Wilson" script="hand" language="english"> </DL_ZONE>
			<DL_ZONE gedi_type="TextRegion" id="49" col="70" row="586" width="141" height="13" contents="(continue on a separate sheet, if necessary)" script="typed" language="english"> </DL_ZONE>
			<DL_ZONE gedi_type="TextRegion" id="50" col="229" row="675" width="96" height="11" contents="(continued on the next page)" script="typed" function_1="footer" language="english"> </DL_ZONE>
			<DL_ZONE gedi_type="TextRegion" id="51" nextZoneID="4" polygon="(79,174);(83,178);(150,184);(153,191);(175,185);(199,188);(242,177);(241,168);(223,161);(158,160);(77,160)" contents="Victoria Youngman" script="hand" language="english"> </DL_ZONE>
			<DL_ZONE gedi_type="TableRegion" id="52" polygon="(65,407);(67,584);(473,582);(474,394);(228,397);(228,407)"> </DL_ZONE>
			<DL_ZONE gedi_type="GraphicRegion" id="53" col="81" row="375" width="108" height="6" function="underlined-field"> </DL_ZONE>
			<DL_ZONE gedi_type="GraphicRegion" id="54" col="201" row="360" width="19" height="19" function="form-field"> </DL_ZONE>
			<DL_ZONE gedi_type="GraphicRegion" id="55" col="173" row="334" width="162" height="5" function="underlined-field"> </DL_ZONE>
			<DL_ZONE gedi_type="GraphicRegion" id="56" col="108" row="331" width="55" height="7" function="underlined-field"> </DL_ZONE>
			<DL_ZONE gedi_type="GraphicRegion" id="57" col="147" row="297" width="16" height="17" function="form-field"> </DL_ZONE>
			<DL_ZONE gedi_type="GraphicRegion" id="58" col="194" row="296" width="19" height="17" function="form-field"> </DL_ZONE>
			<DL_ZONE gedi_type="GraphicRegion" id="59" col="328" row="277" width="104" height="7" function="underlined-field"> </DL_ZONE>
			<DL_ZONE gedi_type="GraphicRegion" id="60" col="120" row="280" width="54" height="5" function="underlined-field"> </DL_ZONE>
			<DL_ZONE gedi_type="GraphicRegion" id="61" col="213" row="250" width="186" height="6" function="underlined-field"> </DL_ZONE>
			<DL_ZONE gedi_type="GraphicRegion" id="62" col="125" row="250" width="53" height="6" function="underlined-field"> </DL_ZONE>
			<DL_ZONE gedi_type="GraphicRegion" id="63" col="96" row="221" width="185" height="6" function="underlined-field"> </DL_ZONE>
			<DL_ZONE gedi_type="GraphicRegion" id="64" col="295" row="220" width="77" height="6" function="underlined-field"> </DL_ZONE>
			<DL_ZONE gedi_type="LineDrawingRegion" id="65" col="147" row="299" width="14" height="13"> </DL_ZONE>
			<DL_ZONE gedi_type="Group" id="66" col="137" row="287" width="63" height="37" elements="26;57;65"> </DL_ZONE>
			<DL_ZONE gedi_type="GraphicRegion" id="67" col="66" row="173" width="203" height="6" function="underlined-field"> </DL_ZONE>
			<DL_ZONE gedi_type="GraphicRegion" id="68" col="39" row="124" width="455" height="27" function="other"> </DL_ZONE>
			<DL_ZONE gedi_type="GraphicRegion" id="69" col="37" row="120" width="468" height="555" function="other"> </DL_ZONE>
			<DL_ZONE gedi_type="NoiseRegion" id="281" col="504" row="677" width="6" height="8"> </DL_ZONE>
			<DL_ZONE gedi_type="NoiseRegion" id="282" col="452" row="583" width="9" height="9"> </DL_ZONE>
		</DL_PAGE>
		<DL_PAGE gedi_type="DL_PAGE" src="RAKMWP.tif" pageID="2" width="543" height="768" Language_2="" Sender_Name="" Language_1="" Document_Date="" Language_4="" Receiver_Name="" Language_3="" Receiver_Company="" Receiver_Address="" Sender_Company="" Script_1="" Sender_Phone="" Category="" Receiver_Fax="" Script_2="" Document_Location="" Receiver_Phone="" Sender_Address="" Sender_Fax="" Document_Object="" NumPage="4">
			<DL_ZONE gedi_type="TextRegion" id="70" col="65" row="76" width="204" height="12" contents="That I have been physically present in the United States as follows:" script="typed" language="english"> </DL_ZONE>
			<DL_ZONE gedi_type="TextRegion" id="71" col="246" row="92" width="47" height="18" contents="Date&#10;(mm-dd-yyyy)" script="typed" language="english"> </DL_ZONE>
			<DL_ZONE gedi_type="TextRegion" id="72" col="297" row="91" width="46" height="19" contents="Date&#10;(mm-dd-yyyy)" script="typed" language="english"> </DL_ZONE>
			<DL_ZONE gedi_type="TextRegion" id="73" col="66" row="98" width="60" height="12" contents="Place (City, State)" script="typed" language="english"> </DL_ZONE>
			<DL_ZONE gedi_type="TextRegion" id="74" col="72" row="116" width="88" height="23" contents="Los Angeles" script="hand" language="english"> </DL_ZONE>
			<DL_ZONE gedi_type="TextRegion" id="75" col="69" row="139" width="73" height="21" contents="New York" script="hand" language="english"> </DL_ZONE>
			<DL_ZONE gedi_type="TextRegion" id="76" col="300" row="118" width="50" height="16" contents="2/17/90" script="hand" language="english"> </DL_ZONE>
			<DL_ZONE gedi_type="TextRegion" id="79" col="249" row="119" width="48" height="16" contents="7/3/87" script="hand" language="english"> </DL_ZONE>
			<DL_ZONE gedi_type="TextRegion" id="81" col="248" row="142" width="50" height="18" contents="4/17/92" script="hand" language="english"> </DL_ZONE>
			<DL_ZONE gedi_type="TextRegion" id="83" polygon="(302,145);(305,157);(348,158);(349,137);(312,137);(311,140)" contents="6/22/94" script="hand" language="english"> </DL_ZONE>
			<DL_ZONE gedi_type="TextRegion" id="90" col="61" row="252" width="141" height="14" contents="(Continue on a separate sheet, if necessary)" script="typed" language="english"> </DL_ZONE>
			<DL_ZONE gedi_type="TextRegion" id="91" col="68" row="297" width="58" height="12" contents="Place (Country)" script="typed" language="english"> </DL_ZONE>
			<DL_ZONE gedi_type="TextRegion" id="92" col="204" row="288" width="44" height="20" contents="Date&#10;(mm-dd-yyyy)" script="typed" language="english"> </DL_ZONE>
			<DL_ZONE gedi_type="TextRegion" id="93" col="255" row="289" width="45" height="19" contents="Date&#10;(mm-dd-yyyy)" script="typed" language="english"> </DL_ZONE>
			<DL_ZONE gedi_type="TextRegion" id="94" col="68" row="276" width="166" height="12" contents="That I have been physically present abroad as follows:" script="typed" language="english"> </DL_ZONE>
			<DL_ZONE gedi_type="TextRegion" id="95" col="71" row="312" width="117" height="23" contents="Manchester UK" script="hand" language="english"> </DL_ZONE>
			<DL_ZONE gedi_type="TextRegion" id="96" col="316" row="312" width="69" height="20" contents="Residence" script="hand" language="english"> </DL_ZONE>
			<DL_ZONE gedi_type="TextRegion" id="97" col="256" row="317" width="53" height="19" contents="12/29/12" script="hand" language="english"> </DL_ZONE>
			<DL_ZONE gedi_type="TextRegion" id="98" col="206" row="318" width="45" height="22" contents="4/12/58" script="hand" language="english"> </DL_ZONE>
			<DL_ZONE gedi_type="TextRegion" id="101" col="305" row="263" width="156" height="43" contents="Purpose&#10;¤(Indicate purpose of trip: vacation, residence,&#10;business, studies, U. S. government employment,&#10;U. S. military service, U.S. military dependent, etc. If&#10;working abroad give name of employment)¤" script="typed" language="english"> </DL_ZONE>
			<DL_ZONE gedi_type="TextRegion" id="108" col="70" row="406" width="136" height="11" contents="(Continue on a separate sheet, if necessary)" script="typed" language="english"> </DL_ZONE>
			<DL_ZONE gedi_type="TextRegion" id="109" col="71" row="427" width="323" height="14" contents="That the other biological parent of the above-named child/children for whom I am applying for citizenship in" script="typed" language="english"> </DL_ZONE>
			<DL_ZONE gedi_type="TextRegion" id="111" col="71" row="456" width="22" height="10" nextZoneID="153" contents="Name" script="typed" language="english"> </DL_ZONE>
			<DL_ZONE gedi_type="TextRegion" id="112" col="89" row="474" width="103" height="11" contents="is a citizen or national of the U.S." script="typed" language="english"> </DL_ZONE>
			<DL_ZONE gedi_type="TextRegion" id="113" col="90" row="492" width="80" height="10" contents="is not a citizen of the U.S." script="typed" language="english"> </DL_ZONE>
			<DL_ZONE gedi_type="TextRegion" id="114" col="73" row="515" width="204" height="14" contents="If the other parent in a U.S. citizen/U.S. non-citizen national it is by:" script="typed" language="english"> </DL_ZONE>
			<DL_ZONE gedi_type="TextRegion" id="115" col="67" row="541" width="34" height="11" nextZoneID="116" contents="1) birth in" script="typed" language="english"> </DL_ZONE>
			<DL_ZONE gedi_type="TextRegion" id="116" col="101" row="549" width="55" height="12" nextZoneID="155" contents="City/Town, State" script="typed" language="english"> </DL_ZONE>
			<DL_ZONE gedi_type="TextRegion" id="117" col="289" row="541" width="13" height="9" nextZoneID="118" contents="on" script="typed" language="english"> </DL_ZONE>
			<DL_ZONE gedi_type="TextRegion" id="118" col="302" row="549" width="65" height="9" nextZoneID="154" contents="Date (mm-dd-yyyy)" script="typed" language="english"> </DL_ZONE>
			<DL_ZONE gedi_type="TextRegion" id="119" polygon="(223,560);(224,577);(228,584);(272,586);(288,594);(411,587);(414,559)" contents="Los Angeles Count ." script="hand" language="english"> </DL_ZONE>
			<DL_ZONE gedi_type="TextRegion" id="120" col="69" row="576" width="61" height="11" nextZoneID="125" contents="2) naturalization on" script="typed" language="english"> </DL_ZONE>
			<DL_ZONE gedi_type="TextRegion" id="121" col="70" row="606" width="57" height="11" nextZoneID="128" contents="3) birth abroad on" script="typed" language="english"> </DL_ZONE>
			<DL_ZONE gedi_type="TextRegion" id="122" col="126" row="561" width="62" height="27" nextZoneID="123" contents="12/23/2011" script="hand" language="english"> </DL_ZONE>
			<DL_ZONE gedi_type="TextRegion" id="123" col="185" row="576" width="34" height="10" nextZoneID="124" contents="before the" script="typed" language="english"> </DL_ZONE>
			<DL_ZONE gedi_type="TextRegion" id="124" col="220" row="585" width="48" height="12" nextZoneID="119" contents="Name of Count" script="typed" language="english"> </DL_ZONE>
			<DL_ZONE gedi_type="TextRegion" id="125" col="130" row="587" width="63" height="10" nextZoneID="122" contents="Date (mm-dd-yyyy)" script="typed" language="english"> </DL_ZONE>
			<DL_ZONE gedi_type="TextRegion" id="126" col="181" row="604" width="144" height="11" nextZoneID="127" contents="to U.S. citizen(s)/U.S. non-citizen national(s) in" script="typed" language="english"> </DL_ZONE>
			<DL_ZONE gedi_type="TextRegion" id="127" col="325" row="617" width="30" height="9" nextZoneID="130" contents="Country" script="typed" language="english"> </DL_ZONE>
			<DL_ZONE gedi_type="TextRegion" id="128" col="127" row="616" width="61" height="10" nextZoneID="129" contents="Date (mm-dd-yyyy)" script="typed" language="english"> </DL_ZONE>
			<DL_ZONE gedi_type="TextRegion" id="129" col="129" row="599" width="49" height="18" nextZoneID="126" contents="5/24/55" script="hand" language="english"> </DL_ZONE>
			<DL_ZONE gedi_type="TextRegion" id="130" col="339" row="598" width="33" height="16" contents="UK" script="hand" language="english"> </DL_ZONE>
			<DL_ZONE gedi_type="TextRegion" id="131" col="232" row="674" width="93" height="12" contents="(Continued on the next page)" script="typed" function_1="footer" language="english"> </DL_ZONE>
			<DL_ZONE gedi_type="TableRegion" id="132" col="63" row="90" width="290" height="139"> </DL_ZONE>
			<DL_ZONE gedi_type="TableRegion" id="133" polygon="(470,262);(297,262);(298,289);(62,290);(63,404);(470,402)"> </DL_ZONE>
			<DL_ZONE gedi_type="TextRegion" id="135" col="297" row="113" width="12" height="8" contents="To" script="typed" language="english"> </DL_ZONE>
			<DL_ZONE gedi_type="TextRegion" id="136" col="300" row="135" width="9" height="10" contents="To" script="typed" language="english"> </DL_ZONE>
			<DL_ZONE gedi_type="TextRegion" id="137" col="298" row="156" width="12" height="13" contents="To" script="typed" language="english"> </DL_ZONE>
			<DL_ZONE gedi_type="TextRegion" id="138" col="300" row="180" width="11" height="11" contents="To" script="typed" language="english"> </DL_ZONE>
			<DL_ZONE gedi_type="TextRegion" id="139" col="300" row="202" width="11" height="11" contents="To" script="typed" language="english"> </DL_ZONE>
			<DL_ZONE gedi_type="TextRegion" id="140" col="249" row="203" width="20" height="10" contents="From" script="typed" language="english"> </DL_ZONE>
			<DL_ZONE gedi_type="TextRegion" id="141" col="249" row="181" width="19" height="11" contents="From" script="typed" language="english"> </DL_ZONE>
			<DL_ZONE gedi_type="TextRegion" id="142" col="247" row="160" width="21" height="9" contents="From" script="typed" language="english"> </DL_ZONE>
			<DL_ZONE gedi_type="TextRegion" id="143" col="249" row="136" width="18" height="9" contents="From" script="typed" language="english"> </DL_ZONE>
			<DL_ZONE gedi_type="TextRegion" id="144" col="248" row="113" width="21" height="11" contents="From" script="typed" language="english"> </DL_ZONE>
			<DL_ZONE gedi_type="TextRegion" id="145" col="255" row="312" width="11" height="10" contents="To" script="typed" language="english"> </DL_ZONE>
			<DL_ZONE gedi_type="TextRegion" id="146" col="255" row="335" width="10" height="11" contents="To" script="typed" language="english"> </DL_ZONE>
			<DL_ZONE gedi_type="TextRegion" id="147" col="256" row="356" width="10" height="11" contents="To" script="typed" language="english"> </DL_ZONE>
			<DL_ZONE gedi_type="TextRegion" id="148" col="256" row="378" width="10" height="11" contents="To" script="typed" language="english"> </DL_ZONE>
			<DL_ZONE gedi_type="TextRegion" id="149" col="207" row="379" width="19" height="11" contents="From" script="typed" language="english"> </DL_ZONE>
			<DL_ZONE gedi_type="TextRegion" id="150" col="206" row="357" width="18" height="11" contents="From" script="typed" language="english"> </DL_ZONE>
			<DL_ZONE gedi_type="TextRegion" id="151" col="206" row="334" width="20" height="11" contents="From" script="typed" language="english"> </DL_ZONE>
			<DL_ZONE gedi_type="TextRegion" id="152" col="205" row="311" width="21" height="11" contents="From" script="typed" language="english"> </DL_ZONE>
			<DL_ZONE gedi_type="TextRegion" id="153" polygon="(81,440);(71,453);(79,456);(140,457);(150,466);(202,465);(210,446);(206,440)" contents="Ernest Spolding" script="typed" language="english"> </DL_ZONE>
			<DL_ZONE gedi_type="TextRegion" id="154" col="308" row="532" width="66" height="17" contents="5/24/55" script="hand" language="english"> </DL_ZONE>
			<DL_ZONE gedi_type="TextRegion" id="155" col="103" row="529" width="131" height="19" nextZoneID="117" contents="Manchester UK" script="hand" language="english"> </DL_ZONE>
			<DL_ZONE gedi_type="GraphicRegion" id="156" col="71" row="450" width="203" height="5" function="underlined-field"> </DL_ZONE>
			<DL_ZONE gedi_type="GraphicRegion" id="157" col="71" row="472" width="18" height="17" function="form-field"> </DL_ZONE>
			<DL_ZONE gedi_type="GraphicRegion" id="158" col="71" row="489" width="18" height="17" function="form-field"> </DL_ZONE>
			<DL_ZONE gedi_type="GraphicRegion" id="159" col="101" row="545" width="185" height="6" function="underlined-field"> </DL_ZONE>
			<DL_ZONE gedi_type="GraphicRegion" id="160" col="301" row="543" width="56" height="5" function="underlined-field"> </DL_ZONE>
			<DL_ZONE gedi_type="GraphicRegion" id="161" col="217" row="579" width="189" height="5" function="underlined-field"> </DL_ZONE>
			<DL_ZONE gedi_type="GraphicRegion" id="162" col="325" row="608" width="105" height="8" function="underlined-field"> </DL_ZONE>
			<DL_ZONE gedi_type="GraphicRegion" id="163" col="127" row="581" width="57" height="6" function="underlined-field"> </DL_ZONE>
			<DL_ZONE gedi_type="GraphicRegion" id="164" col="126" row="610" width="55" height="6" function="underlined-field"> </DL_ZONE>
			<DL_ZONE gedi_type="LineDrawingRegion" id="165" col="75" row="491" width="22" height="13"> </DL_ZONE>
			<DL_ZONE gedi_type="Group" id="166" col="61" row="479" width="119" height="37" elements="113;158;165"> </DL_ZONE>
			<DL_ZONE gedi_type="NoiseRegion" id="279" col="85" row="696" width="7" height="8"> </DL_ZONE>
			<DL_ZONE gedi_type="LineDrawingRegion" id="286" polygon="(217,605);(205,619);(212,623);(234,603);(230,600)"> </DL_ZONE>
			<DL_ZONE gedi_type="GraphicRegion" id="287" function="other" polygon="(33,62);(494,58);(505,672);(44,677);(33,110)"> </DL_ZONE>
		</DL_PAGE>
		<DL_PAGE gedi_type="DL_PAGE" src="RAKMWP.tif" pageID="3" width="543" height="768" Language_2="" Sender_Name="" Language_1="" Document_Date="" Language_4="" Receiver_Name="" Language_3="" Receiver_Company="" Receiver_Address="" Sender_Company="" Script_1="" Sender_Phone="" Category="" Receiver_Fax="" Script_2="" Document_Location="" Receiver_Phone="" Sender_Address="" Sender_Fax="" Document_Object="" NumPage="4">
			<DL_ZONE gedi_type="TextRegion" id="168" col="125" row="65" width="284" height="30" contents="PART II&#10;(All applicants with a child/children born out of wedlock)" script="typed" language="english"> </DL_ZONE>
			<DL_ZONE gedi_type="TextRegion" id="169" col="63" row="108" width="411" height="24" contents="That the non-applying parent has been physically present in the United States as follows: (INFORMATION ABOUT THE UNMARRIED&#10;NON-APPLYING PARENT SHOULD ONLY BE PROVIDED IF THAT PARENT IS A U.S. CITIZEN OR U.S. NON-CITIZEN NATIONAL)" script="typed" language="english"> </DL_ZONE>
			<DL_ZONE gedi_type="TextRegion" id="170" col="68" row="142" width="62" height="12" contents="Place (City, State)" script="typed" language="english"> </DL_ZONE>
			<DL_ZONE gedi_type="TextRegion" id="171" col="248" row="135" width="46" height="18" contents="Date&#10;(mm-dd-yyyy)" script="typed" language="english"> </DL_ZONE>
			<DL_ZONE gedi_type="TextRegion" id="172" col="299" row="135" width="45" height="18" contents="Date&#10;(mm-dd-yyyy)" script="typed" language="english"> </DL_ZONE>
			<DL_ZONE gedi_type="TextRegion" id="174" col="303" row="163" width="48" height="18" contents="12/5/88" script="hand" language="english"> </DL_ZONE>
			<DL_ZONE gedi_type="TextRegion" id="176" col="301" row="188" width="53" height="19" contents="5/30/92" script="hand" language="english"> </DL_ZONE>
			<DL_ZONE gedi_type="TextRegion" id="178" col="248" row="165" width="50" height="18" contents="11/3/88" script="hand" language="english"> </DL_ZONE>
			<DL_ZONE gedi_type="TextRegion" id="181" col="249" row="186" width="49" height="19" contents="5/20/92" script="hand" language="english"> </DL_ZONE>
			<DL_ZONE gedi_type="TextRegion" id="182" col="70" row="163" width="91" height="26" contents="Los Angeles" script="hand" language="english"> </DL_ZONE>
			<DL_ZONE gedi_type="TextRegion" id="183" col="71" row="189" width="86" height="25" contents="Las Vegas" script="hand" language="english"> </DL_ZONE>
			<DL_ZONE gedi_type="TextRegion" id="191" col="63" row="296" width="409" height="58" contents="(Continue on a separate sheet, if necessary)&#10;PLEASE STOP HERE! Part II of this document must be signed a Consular Officer or other authorized individual at the&#10;time the ¤****¤ is sworn.&#10;My child was born out of wedlock, and I am the father through whom such child is claiming U.S. citizenship. I agree to provide&#10;financial support for such child until he/she reaches the age of eighteen years." script="typed" function_1="text_section" language="english"> </DL_ZONE>
			<DL_ZONE gedi_type="TextRegion" id="193" col="270" row="371" width="65" height="11" contents="Signature of ¤******¤" script="typed" language="english"> </DL_ZONE>
			<DL_ZONE gedi_type="TextRegion" id="194" col="212" row="392" width="22" height="11" nextZoneID="216" contents="day of" script="typed" language="english"> </DL_ZONE>
			<DL_ZONE gedi_type="TextRegion" id="195" col="70" row="390" width="113" height="14" nextZoneID="215" contents="Subscribed and sworm before me this" script="typed" language="english"> </DL_ZONE>
			<DL_ZONE gedi_type="TextRegion" id="196" col="79" row="421" width="27" height="13" contents="[SEAL]" script="typed" language="english"> </DL_ZONE>
			<DL_ZONE gedi_type="TextRegion" id="197" col="271" row="429" width="152" height="12" contents="Signature and Title of Official Administering Oath" script="typed" language="english"> </DL_ZONE>
			<DL_ZONE gedi_type="TextRegion" id="198" col="229" row="672" width="92" height="12" contents="(Continued on the next page)" script="typed" function_1="footer" language="english"> </DL_ZONE>
			<DL_ZONE gedi_type="TableRegion" id="199" col="65" row="134" width="295" height="161"> </DL_ZONE>
			<DL_ZONE gedi_type="TextRegion" id="202" col="249" row="157" width="19" height="9" contents="From" script="typed" language="english"> </DL_ZONE>
			<DL_ZONE gedi_type="TextRegion" id="203" col="299" row="156" width="12" height="10" contents="To" script="typed" language="english"> </DL_ZONE>
			<DL_ZONE gedi_type="TextRegion" id="204" col="300" row="180" width="11" height="9" contents="To" script="typed" language="english"> </DL_ZONE>
			<DL_ZONE gedi_type="TextRegion" id="205" col="301" row="202" width="11" height="9" contents="To" script="typed" language="english"> </DL_ZONE>
			<DL_ZONE gedi_type="TextRegion" id="206" col="300" row="224" width="12" height="10" contents="To" script="typed" language="english"> </DL_ZONE>
			<DL_ZONE gedi_type="TextRegion" id="207" col="301" row="246" width="10" height="10" contents="To" script="typed" language="english"> </DL_ZONE>
			<DL_ZONE gedi_type="TextRegion" id="208" col="301" row="270" width="12" height="9" contents="To" script="typed" language="english"> </DL_ZONE>
			<DL_ZONE gedi_type="TextRegion" id="209" col="251" row="270" width="19" height="10" contents="From" script="typed" language="english"> </DL_ZONE>
			<DL_ZONE gedi_type="TextRegion" id="210" col="251" row="247" width="18" height="12" contents="From" script="typed" language="english"> </DL_ZONE>
			<DL_ZONE gedi_type="TextRegion" id="211" col="251" row="225" width="21" height="9" contents="From" script="typed" language="english"> </DL_ZONE>
			<DL_ZONE gedi_type="TextRegion" id="212" col="250" row="202" width="19" height="11" contents="From" script="typed" language="english"> </DL_ZONE>
			<DL_ZONE gedi_type="TextRegion" id="213" col="250" row="180" width="20" height="11" contents="From" script="typed" language="english"> </DL_ZONE>
			<DL_ZONE gedi_type="TextRegion" id="214" polygon="(303,347);(294,356);(302,370);(362,371);(380,353);(372,345)" contents="Victoria Y." script="typed" language="english"> </DL_ZONE>
			<DL_ZONE gedi_type="TextRegion" id="215" polygon="(189,388);(188,400);(207,402);(220,388);(216,382)" nextZoneID="194" contents="23rd" script="typed" function_1="date" language="english"> </DL_ZONE>
			<DL_ZONE gedi_type="TextRegion" id="216" polygon="(235,390);(235,402);(317,402);(321,388);(239,382)" nextZoneID="218" contents="December" script="typed" function_1="date" language="english"> </DL_ZONE>
			<DL_ZONE gedi_type="TextRegion" id="217" polygon="(325,391);(330,402);(359,407);(371,397);(357,386);(332,385)" contents="2011 ." script="typed" function_1="date" language="english"> </DL_ZONE>
			<DL_ZONE gedi_type="TextRegion" id="218" col="322" row="396" width="5" height="7" nextZoneID="217" contents="," script="typed" language="english"> </DL_ZONE>
			<DL_ZONE gedi_type="TextRegion" id="219" polygon="(274,408);(276,429);(393,430);(439,426);(428,403);(349,408);(279,403);(276,405)" contents="Albert Hally" script="typed" language="english"> </DL_ZONE>
			<DL_ZONE gedi_type="GraphicRegion" id="221" col="232" row="398" width="90" height="6" function="underlined-field"> </DL_ZONE>
			<DL_ZONE gedi_type="GraphicRegion" id="222" col="325" row="398" width="29" height="6" function="underlined-field"> </DL_ZONE>
			<DL_ZONE gedi_type="GraphicRegion" id="223" col="182" row="399" width="30" height="5" function="underlined-field"> </DL_ZONE>
			<DL_ZONE gedi_type="GraphicRegion" id="224" col="269" row="366" width="156" height="5" function="underlined-field"> </DL_ZONE>
			<DL_ZONE gedi_type="GraphicRegion" id="225" col="269" row="425" width="156" height="5" function="underlined-field"> </DL_ZONE>
			<DL_ZONE gedi_type="GraphicRegion" id="226" col="40" row="60" width="454" height="37" function="other"> </DL_ZONE>
			<DL_ZONE gedi_type="NoiseRegion" id="283" col="269" row="575" width="14" height="12"> </DL_ZONE>
			<DL_ZONE gedi_type="LineDrawingRegion" id="288" polygon="(261,428);(253,437);(262,444);(309,440);(377,441);(422,438);(435,433);(437,427);(430,426);(424,432);(403,434);(344,433);(281,434);(270,435);(290,430);(273,427)"> </DL_ZONE>
			<DL_ZONE gedi_type="GraphicRegion" id="289" function="other" polygon="(37,60);(496,57);(504,671);(45,675)"> </DL_ZONE>
			<DL_ZONE gedi_type="NoiseRegion" id="293" col="352" row="447" width="7" height="6"> </DL_ZONE>
		</DL_PAGE>
		<DL_PAGE gedi_type="DL_PAGE" src="RAKMWP.tif" pageID="4" width="543" height="768" Language_2="" Language_1="" Document_Date="" Language_4="" Receiver_Name="" Language_3="" Receiver_Company="" Sender_Company="" Script_1="" Sender_Phone="" Category="" Receiver_Fax="" Script_2="" Document_Location="" Receiver_Phone="" Sender_Address="" Sender_Fax="" Document_Object="" NumPage="4" Sender_Name="" Receiver_Address="">
			<DL_ZONE gedi_type="TextRegion" id="228" col="161" row="66" width="210" height="26" contents="PART III&#10;(Oath: To be completed by all applicants)" script="typed" language="english"> </DL_ZONE>
			<DL_ZONE gedi_type="TextRegion" id="229" col="57" row="95" width="422" height="102" contents="PLEASE STOP HERE! PART III of the document must be signed before a Consular Officer or other authorized individual at the&#10;time the oath is sworn.&#10;WARNING: False statements made knowingly and willfully in applications for citizenship documentation or affidavits and other supporting&#10;documents are punishable by fine and/or imprisonment under the provisions of 18 USC 1001 and other applicable criminal statutes.&#10;A U.S. consular officer may require additional evidence of one's blood relationship to one's child and/or evidence of one's physical&#10;presence and residence in the United States.&#10;I solemnly swear (or affirm) that all the statements contained in this affidavit are true and complete to the best of my knowledge and belief,&#10;and that this affidavit is for the purpose of establishing my relationship to the aforementioned child/children and his/her/their claim to U.S.&#10;citizenship." script="typed" function_2="reference" function_1="text_section" language="english"> </DL_ZONE>
			<DL_ZONE gedi_type="TextRegion" id="230" col="63" row="214" width="61" height="11" contents="Signature of ¤******¤" script="typed" language="english"> </DL_ZONE>
			<DL_ZONE gedi_type="TextRegion" id="233" col="64" row="243" width="74" height="10" nextZoneID="252" contents="Present Street Address" script="typed" language="english"> </DL_ZONE>
			<DL_ZONE gedi_type="TextRegion" id="234" col="71" row="258" width="90" height="17" contents="Manchester" script="hand" language="english"> </DL_ZONE>
			<DL_ZONE gedi_type="TextRegion" id="235" col="62" row="276" width="18" height="10" nextZoneID="234" contents="City" script="typed" language="english"> </DL_ZONE>
			<DL_ZONE gedi_type="TextRegion" id="236" col="194" row="274" width="18" height="10" contents="State" script="typed" language="english"> </DL_ZONE>
			<DL_ZONE gedi_type="TextRegion" id="237" col="322" row="274" width="27" height="12" nextZoneID="238" contents="Country" script="typed" language="english"> </DL_ZONE>
			<DL_ZONE gedi_type="TextRegion" id="238" col="333" row="255" width="25" height="19" contents="UK" script="hand" language="english"> </DL_ZONE>
			<DL_ZONE gedi_type="TextRegion" id="239" col="145" row="287" width="95" height="18" contents="1617902522" script="hand" language="english"> </DL_ZONE>
			<DL_ZONE gedi_type="TextRegion" id="240" col="145" row="307" width="62" height="11" nextZoneID="239" contents="Telephone Number" script="typed" language="english"> </DL_ZONE>
			<DL_ZONE gedi_type="TextRegion" id="241" col="65" row="306" width="32" height="12" nextZoneID="242" contents="Zip Code" script="typed" language="english"> </DL_ZONE>
			<DL_ZONE gedi_type="TextRegion" id="242" col="66" row="288" width="52" height="17" contents="M38 9AP" script="hand" language="english"> </DL_ZONE>
			<DL_ZONE gedi_type="TextRegion" id="243" col="286" row="330" width="22" height="11" nextZoneID="254" contents="day of" script="typed" language="english"> </DL_ZONE>
			<DL_ZONE gedi_type="TextRegion" id="246" col="64" row="352" width="11" height="10" nextZoneID="258" contents="at" script="typed" language="english"> </DL_ZONE>
			<DL_ZONE gedi_type="TextRegion" id="248" col="63" row="329" width="189" height="13" nextZoneID="253" contents="SUBSCRIBED AND SWORN TO (AFFIRMED) before me this" script="typed" language="english"> </DL_ZONE>
			<DL_ZONE gedi_type="TextRegion" id="249" col="63" row="385" width="135" height="13" contents="Signature and Title of Administering Officer" script="typed" language="english"> </DL_ZONE>
			<DL_ZONE gedi_type="TextRegion" id="250" col="357" row="362" width="26" height="12" contents="[SEAL]" script="typed" language="english"> </DL_ZONE>
			<DL_ZONE gedi_type="TextRegion" id="251" polygon="(110,189);(96,201);(111,216);(119,216);(178,215);(187,196);(177,187)" contents="Victotia Y." script="hand" language="english"> </DL_ZONE>
			<DL_ZONE gedi_type="TextRegion" id="252" col="65" row="224" width="281" height="21" contents="Harrison street, Little Halton Manchester" script="hand" language="english"> </DL_ZONE>
			<DL_ZONE gedi_type="TextRegion" id="253" col="253" row="323" width="26" height="17" nextZoneID="243" contents="23" script="hand" function_1="date" language="english"> </DL_ZONE>
			<DL_ZONE gedi_type="TextRegion" id="254" col="315" row="316" width="80" height="24" nextZoneID="255" contents="December" script="hand" function_1="date" language="english"> </DL_ZONE>
			<DL_ZONE gedi_type="TextRegion" id="255" col="413" row="336" width="7" height="6" nextZoneID="257" contents="," script="typed" language="english"> </DL_ZONE>
			<DL_ZONE gedi_type="TextRegion" id="256" col="441" row="336" width="6" height="7" nextZoneID="246" contents="," script="typed" language="english"> </DL_ZONE>
			<DL_ZONE gedi_type="TextRegion" id="257" col="404" row="318" width="47" height="17" nextZoneID="256" contents="2011 ." script="hand" function_1="date" language="english"> </DL_ZONE>
			<DL_ZONE gedi_type="TextRegion" id="258" polygon="(76,348);(81,359);(86,362);(98,362);(139,361);(147,369);(161,362);(257,363);(259,354);(240,342);(202,339);(121,344);(80,341)" nextZoneID="260" contents="Los Angeles Court." script="hand" function_1="location" language="english"> </DL_ZONE>
			<DL_ZONE gedi_type="TextRegion" id="259" polygon="(75,367);(70,378);(79,383);(153,385);(220,384);(235,377);(223,362);(171,365);(146,371);(140,362);(99,362);(75,360)" contents="Albert Hall" script="hand" language="english"> </DL_ZONE>
			<DL_ZONE gedi_type="TextRegion" id="260" col="268" row="356" width="6" height="9" contents="," script="typed" language="english"> </DL_ZONE>
			<DL_ZONE gedi_type="GraphicRegion" id="262" col="63" row="381" width="157" height="7" function="underlined-field"> </DL_ZONE>
			<DL_ZONE gedi_type="GraphicRegion" id="263" col="75" row="357" width="194" height="7" function="underlined-field"> </DL_ZONE>
			<DL_ZONE gedi_type="GraphicRegion" id="264" col="251" row="335" width="34" height="8" function="underlined-field"> </DL_ZONE>
			<DL_ZONE gedi_type="GraphicRegion" id="265" col="307" row="333" width="107" height="7" function="underlined-field"> </DL_ZONE>
			<DL_ZONE gedi_type="GraphicRegion" id="266" col="420" row="333" width="19" height="7" function="underlined-field"> </DL_ZONE>
			<DL_ZONE gedi_type="GraphicRegion" id="267" col="319" row="269" width="109" height="6" function="underlined-field"> </DL_ZONE>
			<DL_ZONE gedi_type="GraphicRegion" id="268" col="191" row="269" width="108" height="7" function="underlined-field"> </DL_ZONE>
			<DL_ZONE gedi_type="GraphicRegion" id="269" col="143" row="299" width="102" height="8" function="underlined-field"> </DL_ZONE>
			<DL_ZONE gedi_type="GraphicRegion" id="270" col="62" row="300" width="62" height="6" function="underlined-field"> </DL_ZONE>
			<DL_ZONE gedi_type="GraphicRegion" id="271" col="61" row="270" width="109" height="7" function="underlined-field"> </DL_ZONE>
			<DL_ZONE gedi_type="GraphicRegion" id="272" col="63" row="237" width="238" height="6" function="underlined-field"> </DL_ZONE>
			<DL_ZONE gedi_type="GraphicRegion" id="273" col="61" row="212" width="156" height="5" function="underlined-field"> </DL_ZONE>
			<DL_ZONE gedi_type="GraphicRegion" id="274" col="40" row="63" width="454" height="30" function="other"> </DL_ZONE>
			<DL_ZONE gedi_type="NoiseRegion" id="284" col="271" row="575" width="9" height="11"> </DL_ZONE>
			<DL_ZONE gedi_type="LineDrawingRegion" id="290" polygon="(236,376);(243,377);(252,388);(250,396);(228,401);(219,409);(209,403);(178,405);(90,409);(86,403);(88,395);(119,394);(157,393);(188,397);(194,397);(214,394);(231,394);(240,391);(240,385);(223,383)"> </DL_ZONE>
			<DL_ZONE gedi_type="GraphicRegion" id="291" function="other" polygon="(496,58);(505,671);(43,675);(37,62)"> </DL_ZONE>
			<DL_ZONE gedi_type="NoiseRegion" id="292" col="95" row="585" width="8" height="6"> </DL_ZONE>
		</DL_PAGE>
	</DL_DOCUMENT>
</GEDI>