<?xml version="1.0" encoding="UTF-8"?>
<!--GEDI was developed at Language and Media Processing Laboratory, University of Maryland.-->

<GEDI xmlns="http://lamp.cfar.umd.edu/media/projects/GEDI/" GEDI_version="2.3.19" GEDI_date="12/23/2011">
	<USER name="MDR-P6" date="4/16/2013 9:09" dateFormat="mm/dd/yyyy hh:mm">	</USER>
	<USER name="Mdr-P5" date="4/18/2013 17:58" dateFormat="mm/dd/yyyy hh:mm">	</USER>
	<DL_DOCUMENT src="REALUR.tif" docTag="xml" NrOfPages="1">
		<DL_PAGE gedi_type="DL_PAGE" src="REALUR.tif" pageID="1" width="1700" height="2338" Language_2="" Receiver_Name="" Language_4="" Language_3="" Receiver_Address="" Sender_Company="" Receiver_Fax="" Document_Location="" Receiver_Phone="" Sender_Fax="" Category="C4" Document_Date="24/03/2013" Document_Object="CORRESPONDANCE ENTRE MEDECINS" Language_1="french" NumPage="1" Script_1="hand" Sender_Name="Lisa RODRIGUES" Sender_Phone="+33(0)3.98.99.93.31" Script_2="typed" Sender_Address="7, PLACE DE LA LIBERATION, 25790 LES GRAS" Receiver_Company="CHR DE BESANCON">
			<DL_ZONE gedi_type="TextRegion" id="1" col="177" row="204" width="510" height="250" contents="Dr Lisa RODRIGUES&#10;Maladies nerveuses&#10;03 98 99 93 31&#10;7, place de la libération&#10;25790 LES GRAS" script="typed" function_1="coordinates" language="french"> </DL_ZONE>
			<DL_ZONE gedi_type="TextRegion" id="2" col="908" row="204" width="444" height="134" contents="Consultations :&#10;Du lundi au vendredi : 8h30 à 10h&#10;Samedi sur rendez-vous" script="typed" language="french"> </DL_ZONE>
			<DL_ZONE gedi_type="TextRegion" id="3" col="736" row="614" width="533" height="144" contents="CHR de BESANCON&#10;Service NEUROLOGIQUE" script="hand" language="french"> </DL_ZONE>
			<DL_ZONE gedi_type="TextRegion" id="4" col="773" row="877" width="378" height="58" contents="le 24 mars 2013 ." script="hand" function_1="date" language="french"> </DL_ZONE>
			<DL_ZONE gedi_type="TextRegion" id="5" polygon="(450,1088);(424,1260);(204,1258);(122,1366);(124,1422);(266,1422);(356,1982);(606,2068);(938,2022);(1238,1940);(1298,1756);(1402,1744);(1378,1496);(1624,1470);(1616,1364);(1498,1376);(1490,1224);(786,1222);(812,1122);(762,1094)" contents="¤{Chère/Cher}¤ confrère,&#10;Je vous envoie la patiente Bernadette BLONDIAUX présentant les&#10;symptômes de la maladie de Parkinson.&#10;Pourriez-vous procéder aux examens complémentaires suivants:&#10;Test de la spirale,&#10;Faire réaliser des tests d'écriture, de préhensions,&#10;Rechercher des signes d'orientation du tremblement&#10;- Triade Parkinsonienne&#10;- T. essentiel&#10;- T. Cérébelleux&#10;Dans l'attente," script="hand" function_1="text_section" language="french"> </DL_ZONE>
			<DL_ZONE gedi_type="TextRegion" id="6" col="392" row="2212" width="856" height="45" orientationD="0.268" contents="Membre d'une association agréée. Règlement par chèque accepté." script="typed" function_1="footer" language="french"> </DL_ZONE>
			<DL_ZONE gedi_type="LineDrawingRegion" id="7" polygon="(1044,2180);(1122,2152);(1214,2134);(1318,2120);(1334,2120);(1330,2140);(1234,2160);(1142,2180);(1060,2200);(1046,2198)"> </DL_ZONE>
			<DL_ZONE gedi_type="TextRegion" id="12" polygon="(1021,2028);(995,2053);(1026,2177);(1065,2176);(1222,2168);(1256,2159);(1342,2104);(1331,2062)" contents="Rodrigues" script="hand" language="french"> </DL_ZONE>
		</DL_PAGE>
	</DL_DOCUMENT>
</GEDI>