<?xml version="1.0" encoding="UTF-8"?>
<!--GEDI was developed at Language and Media Processing Laboratory, University of Maryland.-->

<GEDI xmlns="http://lamp.cfar.umd.edu/media/projects/GEDI/" GEDI_version="2.3.19" GEDI_date="12/23/2011">
	<USER name="MDR-P4" date="3/8/2013 16:42" dateFormat="mm/dd/yyyy hh:mm">	</USER>
	<DL_DOCUMENT src="RYRCRR.tif" docTag="xml" NrOfPages="1">
		<DL_PAGE gedi_type="DL_PAGE" src="RYRCRR.tif" pageID="1" width="1651" height="2335" Language_2="" Document_Date="" Language_4="" Receiver_Name="" Language_3="" Receiver_Company="" Receiver_Address="" Sender_Company="" Sender_Phone="" Receiver_Fax="" Document_Location="" Receiver_Phone="" Sender_Address="" Sender_Fax="" Category="C2" Document_Object="ARTICLE" Language_1="english" NumPage="1" Script_1="typed" Script_2="hand" Sender_Name="Cecilia GABIZON">
			<DL_ZONE gedi_type="TextRegion" id="1" col="1096" row="237" width="371" height="58" contents="Rio’s killer cops" script="typed" function_1="title" language="english"> </DL_ZONE>
			<DL_ZONE gedi_type="GraphicRegion" id="2" col="1059" row="129" width="456" height="245" function="other"> </DL_ZONE>
			<DL_ZONE gedi_type="GraphicRegion" id="3" col="112" row="127" width="929" height="611" function="other"> </DL_ZONE>
			<DL_ZONE gedi_type="ImageRegion" id="4" col="127" row="131" width="896" height="602"> </DL_ZONE>
			<DL_ZONE gedi_type="TextRegion" id="5" col="1088" row="459" width="407" height="789" contents="This May violent&#10;demonstrations in the&#10;shantytowns of Rio de&#10;Janeiro led to serious&#10;clashes after three police&#10;killings in the space of a&#10;week. The deaths came&#10;during a campaign ”to&#10;disarm the civilian&#10;population” sponsored by&#10;local government and the&#10;non-governmental&#10;organisation Viva Rio.&#10;They are a reminder that&#10;all too often those in&#10;authority are responsible&#10;for the violence." script="typed" function_1="text_section" language="english"> </DL_ZONE>
			<DL_ZONE gedi_type="TextRegion" id="6" nextZoneID="7" col="107" row="759" width="467" height="1455" contents="Sao Conrado is the smartest suburb of&#10;”wonderful” Rio, the cidade maravilhosa.&#10;On the hillside behind it, some 100,000&#10;people are scraping by in the shantytown&#10;of Rocinha, a jumble of red brick shacks&#10;balanced precariously on every available&#10;scrap of land.&#10;Fearful of crime, the rich barricade&#10;themselves in their ghettos but it is&#10;the poor who are most at risk. The&#10;preoccupation of the wealthy with security&#10;is largely psychological. It is true that&#10;half the reported robberies take place in&#10;the up-market districts, but most murders&#10;occur in the shantytowns, the festering&#10;favelas the public authorities choose to&#10;ignore (1).&#10;Sandwiched between Rio’s smart suburbs,&#10;these islands of poverty are viewed as a&#10;”threat to public order”, the order of the&#10;lower town, that is - the ”asphalt”, as they&#10;call the city proper. It is understandable.&#10;How can extreme wealth and absolute&#10;poverty co-exist in peace ? (2) Successive&#10;governments have abandoned any idea&#10;of implementing social welfare, education&#10;and health policies. The state budget&#10;is hopelessly in deficit and the bulk of&#10;resources are in the hands of the better&#10;off who pay relatively little tax. They have&#10;no great need of public infrastructure -&#10;except when it comes to security.&#10;”The social inequality that has been the&#10;norm here for centuries is a time bomb&#10;waiting to explode” : that is the fear of&#10;Ignacio Cano of the Institute for Research&#10;into Religion (ISER), an expert on policy&#10;issues. The main victims of the violence&#10;are the thousands of young people who&#10;live on the dingy hillsides overlooking the&#10;sea. The desperately underfunded state&#10;education system spews them out on to&#10;the streets when they are 14. The best&#10;most of them can hope for is poorly-paid&#10;manual work at the minimum wage ($75&#10;per month) ; the only other option is drugs&#10;where they may earn $100 a week.&#10;In 1997, the most recent year for which&#10;official health ministry figures exist, 7,000&#10;people were murdered in the state of&#10;Rio de Janeiro (the secretariat for public&#10;security puts the figure at about 5,000).&#10;Most of the dead were young and poor,&#10;lived in the outer suburbs and were the&#10;victims of gangland killings. But some fell&#10;victim to the police.&#10;It is 11 pm and a routine patrol. Six&#10;military policemen in grey-blue uniforms,&#10;armed with old rifles and each carrying&#10;two revolvers and a knife, are waiting on&#10;the edge of the Rocinha favela in their&#10;creaking old four-wheel drive. Windows&#10;wound down, they puff away on their&#10;cigarettes, their conversation punctuated&#10;by smutty jokes." script="typed" function_1="text_section" language="english"> </DL_ZONE>
			<DL_ZONE gedi_type="TextRegion" id="7" nextZoneID="9" col="580" row="760" width="460" height="1456" contents="Sergeant Flavio and his men, fingers on&#10;the trigger, have a battle plan in mind&#10;and have drawn the lines to match the&#10;contours of the shantytowns. ”To show the&#10;gangsters we have them surrounded and&#10;they cannot get down into Rio proper”,&#10;the police move in on Rocinha. His belly&#10;protruding, the 45-year-old sergeant runs&#10;ahead and ducks behind the walls ; then&#10;runs on further, followed by his men.&#10;The few passers-by hurry by impassively.&#10;No-one likes the cops here, and the&#10;cops do not like anyone, particularly not&#10;the ”gangsters”. Sergeant Flavio can tell&#10;a gangster immediately. How ? ”A gut&#10;feeling”, he replies. He describes what&#10;could be a photofit of any poor youngster&#10;from the shantytown : shorts at half-mast,&#10;skinny, sunburned.&#10;A young man appears, and immediately&#10;the sergeant bellows at him to put up his&#10;hands, frisks him and reluctantly lets him&#10;go. The police are now moving towards a&#10;place where drugs change hands but the&#10;traffickers - forewarned - have fled. Still a&#10;shot rings out. In the darkness, it is hard&#10;to say who is shooting at whom, but the&#10;police respond with a sustained burst of&#10;fire and head off after the ”dealers”.&#10;There are more shots and a man falls to&#10;the ground. He is wearing a baseball cap,&#10;unarmed. He is dead. The police quickly&#10;drag him into their vehicle and off to the&#10;hospital. Best not to leave a corpse on&#10;the street. It may cause problems. ”That&#10;kid was a dealer” says Sergeant Flavio.&#10;There will always be a chance to prove it&#10;later - if ever questions are asked.&#10;”Initially the investigation is carried out&#10;by a colleague from the same unit.&#10;Often important issues are neglected and&#10;evidence is not collected. The witnesses&#10;are afraid to go to the unit to complain for&#10;fear of reprisals”, says James Cavallero,&#10;the representative of Human Rights Watch&#10;in Brazil. ”Because the police know they&#10;will be able to get away with it, there&#10;is a significant increase in violence. They&#10;know their superiors will cover up for&#10;them. Both the investigation and the trial&#10;should be a matter for the civil courts.”&#10;On 30 August 1993 a group of masked&#10;police burst into the shantytown in the&#10;northern suburb of Rio where Vigario&#10;Geral lived and massacred 21 people in&#10;a revenge attack for the death of one&#10;of their colleagues. For once the citizens&#10;of Rio were up in arms. But in Brazil&#10;the tears are soon wiped away and the&#10;authorities know how to hush things up :&#10;all they have to do is wait. So far only two&#10;police officers have been convicted of the&#10;attack ; they were sentenced to 441 years&#10;imprisonment in April 1997. Ten of their&#10;colleagues were released (in November&#10;1998) in the teeth of both evidence and" script="typed" function_1="text_section" language="english"> </DL_ZONE>
			<DL_ZONE gedi_type="TextRegion" id="9" col="1057" row="1303" width="458" height="911" contents="witness statements. Nineteen have still to&#10;be tried. Vera Lucia, the mother of one&#10;of the victims, points out : ”We’ve been&#10;fighting for justice for five years now.&#10;We’ve received death threats. As far as&#10;the authorities are concerned, my son’s&#10;death, a boy from a poor family, is just of&#10;no consequence.”&#10;On the rare occasions when the police&#10;are put on trial, the charges relate&#10;either to crimes committed outside the&#10;shantytowns or acts of violence that have&#10;hit the headlines, such as the massacre&#10;of eight street children in front of the&#10;church in Candelaria on 23 June 1993.&#10;The death squads, made up of police&#10;officers commissioned by traders to ”clean&#10;up the streets”, were denounced. Of the&#10;seven accused, three were acquitted ; two&#10;sentenced to 204 years ; and in two cases&#10;an appeal is still pending. Since then the&#10;police have undertaken to track down&#10;the death squads themselves. Officially&#10;they no longer exist, but their activities&#10;persist. ”The police were set up 100 years&#10;ago to catch slaves on the run. They&#10;haven’t changed. They’re still protecting&#10;the property of the rich but not the right&#10;to life” admits Helio Luz, a member of&#10;parliament for the Workers’ Party and&#10;head of the civil police from 1995-96.&#10;By Cecilia Gabizon" script="typed" function_1="text_section" language="english"> </DL_ZONE>
			<DL_ZONE gedi_type="TextRegion" id="13" col="1128" row="1327" width="159" height="121" contents="OK" script="hand" function_1="annotation" language="english"> </DL_ZONE>
			<DL_ZONE gedi_type="TextRegion" id="14" polygon="(634,1223);(829,1135);(882,1174);(877,1207);(661,1328);(632,1267)" contents="Not bad" script="hand" function_1="annotation" language="english"> </DL_ZONE>
			<DL_ZONE gedi_type="LineDrawingRegion" id="15" polygon="(442,1308);(504,1301);(565,1310);(581,1326);(600,1305);(588,1290);(622,1283);(650,1299);(650,1331);(634,1346);(611,1333);(599,1351);(609,1367);(609,1406);(607,1453);(591,1483);(558,1511);(525,1526);(481,1529);(440,1517);(408,1492);(388,1470);(370,1447);(374,1385);(415,1338)"> </DL_ZONE>
		</DL_PAGE>
	</DL_DOCUMENT>
</GEDI>