<?xml version="1.0" encoding="UTF-8"?>
<!--GEDI was developed at Language and Media Processing Laboratory, University of Maryland.-->

<GEDI xmlns="http://lamp.cfar.umd.edu/media/projects/GEDI/" GEDI_version="2.3.19" GEDI_date="12/23/2011">
	<USER name="Catherine MAUPLOT" date="1/18/2013 12:30" dateFormat="mm/dd/yyyy hh:mm">	</USER>
	<USER name="MDR-P4" date="2/8/2013 9:53" dateFormat="mm/dd/yyyy hh:mm">	</USER>
	<USER name="MDR-P8" date="5/29/2013 15:05" dateFormat="mm/dd/yyyy hh:mm">	</USER>
	<USER name="MDR_P1" date="2/7/2013 19:06" dateFormat="mm/dd/yyyy hh:mm">	</USER>
	<USER name="Mdr-P5" date="5/29/2013 16:19" dateFormat="mm/dd/yyyy hh:mm">	</USER>
	<DL_DOCUMENT src="SGNHZR.tif" docTag="xml" NrOfPages="1">
		<DL_PAGE gedi_type="DL_PAGE" src="SGNHZR.tif" pageID="1" width="2544" height="3456" Language_2="" Language_4="" Language_3="" Receiver_Company="" Receiver_Address="" Sender_Company="" Sender_Phone="" Receiver_Fax="" Document_Location="" Sender_Address="" Receiver_Phone="" Sender_Fax="" Category="C4" Document_Date="01/09/2011" Document_Object="CERTIFICAT MÉDICAL" Language_1="french" NumPage="1" Script_1="hand" Script_2="typed" Receiver_Name="Clara DUMOULIN" Sender_Name="Fabienne PETIT">
			<DL_ZONE gedi_type="TextRegion" id="1" col="1321" row="290" width="870" height="77" contents="ORDONNANCE" script="typed" function_2="object" function_1="title" language="french"> </DL_ZONE>
			<DL_ZONE gedi_type="TextRegion" id="2" nextZoneID="3" col="1421" row="537" width="130" height="103" contents="N-°" script="typed" language="french"> </DL_ZONE>
			<DL_ZONE gedi_type="TextRegion" id="3" col="1583" row="534" width="294" height="118" contents="7809" script="hand" function_1="reference" language="french"> </DL_ZONE>
			<DL_ZONE gedi_type="TextRegion" id="4" nextZoneID="5" col="895" row="822" width="59" height="68" contents="le" script="typed" language="french"> </DL_ZONE>
			<DL_ZONE gedi_type="TextRegion" id="5" col="1036" row="770" width="780" height="128" contents="01/09/2011" script="hand" function_1="date" language="french"> </DL_ZONE>
			<DL_ZONE gedi_type="TextRegion" id="6" nextZoneID="7" col="208" row="1052" width="740" height="78" contents="Délivrée par le docteur :" script="typed" language="french"> </DL_ZONE>
			<DL_ZONE gedi_type="TextRegion" id="7" col="1028" row="988" width="860" height="134" contents="Petit Fabienne" script="hand" language="french"> </DL_ZONE>
			<DL_ZONE gedi_type="TextRegion" id="8" nextZoneID="18" col="214" row="1201" width="197" height="68" contents="à M :" script="typed" language="french"> </DL_ZONE>
			<DL_ZONE gedi_type="TextRegion" id="9" col="2026" row="1140" width="368" height="122" contents="12 ans" script="hand" language="french"> </DL_ZONE>
			<DL_ZONE gedi_type="TextRegion" id="10" nextZoneID="9" col="1859" row="1196" width="159" height="70" contents="Age :" script="typed" language="french"> </DL_ZONE>
			<DL_ZONE gedi_type="TextRegion" id="11" col="214" row="1366" width="2294" height="687" contents="Attestation  - certificat médical&#10;Je certifie déclarer Mell Clara Dumoulin&#10;apte physiquement et mentalement &#10;à exercer du volley-ball en compétition" script="hand" language="french"> </DL_ZONE>
			<DL_ZONE gedi_type="GraphicRegion" id="12" function="signature" polygon="(1639,2461);(1724,2379);(1944,2438);(2076,2544);(1715,2673)"> </DL_ZONE>
			<DL_ZONE gedi_type="GraphicRegion" id="13" function="underlined-field" polygon="(958,866);(2178,846);(2178,872);(958,884);(962,862)"> </DL_ZONE>
			<DL_ZONE gedi_type="GraphicRegion" id="15" function="underlined-field" polygon="(964,1090);(2224,1080);(2224,1100);(954,1112)"> </DL_ZONE>
			<DL_ZONE gedi_type="GraphicRegion" id="16" function="underlined-field" polygon="(416,1248);(1816,1230);(1816,1258);(416,1268)"> </DL_ZONE>
			<DL_ZONE gedi_type="GraphicRegion" id="17" function="underlined-field" polygon="(2022,1230);(2172,1228);(2176,1250);(2022,1252)"> </DL_ZONE>
			<DL_ZONE gedi_type="TextRegion" id="18" polygon="(394,1234);(474,1172);(782,1152);(1526,1166);(1524,1254);(414,1270)" contents="elle Clara Dumoulin" script="hand" language="french"> </DL_ZONE>
			<DL_ZONE gedi_type="TextRegion" id="19" polygon="(488,3294);(2026,3278);(2028,3338);(1102,3362);(492,3358)" contents="Donnez un peu de sang vous sauverez une vie humaine" script="typed" function_1="footer" language="french"> </DL_ZONE>
			<DL_ZONE gedi_type="TextRegion" id="20" polygon="(1666,2456);(1732,2396);(1819,2445);(1858,2562);(1740,2618);(1740,2660);(1726,2660)" contents="Pe" script="hand" language="french"> </DL_ZONE>
			<DL_ZONE gedi_type="SeparatorRegion" id="21" polygon="(236,3236);(2276,3208);(2280,3252);(240,3272)"> </DL_ZONE>
			<DL_ZONE gedi_type="LineDrawingRegion" id="22" polygon="(216,1518);(502,1496);(1242,1494);(1624,1486);(2014,1492);(2012,1512);(1698,1512);(1412,1508);(1074,1518);(886,1512);(614,1512);(218,1534)"> </DL_ZONE>
			<DL_ZONE gedi_type="NoiseRegion" id="23" polygon="(2317,74);(2417,82);(2376,296);(2258,280)"> </DL_ZONE>
		</DL_PAGE>
	</DL_DOCUMENT>
</GEDI>