<?xml version="1.0" encoding="UTF-8"?>
<!--GEDI was developed at Language and Media Processing Laboratory, University of Maryland.-->

<GEDI xmlns="http://lamp.cfar.umd.edu/media/projects/GEDI/" GEDI_version="2.3.19" GEDI_date="12/23/2011">
	<USER name="MDR-P1" date="3/5/2013 9:48" dateFormat="mm/dd/yyyy hh:mm">	</USER>
	<USER name="MDR-P8" date="3/20/2013 17:09" dateFormat="mm/dd/yyyy hh:mm">	</USER>
	<USER name="MDR-R0" date="12/10/2012 13:06" dateFormat="mm/dd/yyyy hh:mm">	</USER>
	<USER name="MDR-R2" date="12/8/2012 13:35" dateFormat="mm/dd/yyyy hh:mm">	</USER>
	<USER name="MDR-R3" date="2/7/2013 15:15" dateFormat="mm/dd/yyyy hh:mm">	</USER>
	<USER name="MDR-R6" date="12/10/2012 8:40" dateFormat="mm/dd/yyyy hh:mm">	</USER>
	<USER name="MDR_P1" date="2/25/2013 10:54" dateFormat="mm/dd/yyyy hh:mm">	</USER>
	<DL_DOCUMENT src="SPCYYX.tif" docTag="xml" NrOfPages="1">
		<DL_PAGE gedi_type="DL_PAGE" src="SPCYYX.tif" pageID="1" width="1700" height="2338" Language_4="" Receiver_Address="" Sender_Company="" Sender_Phone="" Receiver_Fax="" Receiver_Phone="" Sender_Address="" Sender_Fax="" Category="C2" Language_1="arabic" NumPage="1" Script_1="typed" Script_2="hand" Sender_Name="" Receiver_Name="اسامة عشران" Document_Date="15/07/2012" Document_Object="شيك" Language_2="french" Language_3="english" Document_Location="بيروت" Receiver_Company="مصرف لبنان" GEDI_orientation="270">
			<DL_ZONE gedi_type="TextRegion" id="1" col="1169" row="470" width="62" height="424" contents="BANQUE DU LIBAN" script="typed" language="french"> </DL_ZONE>
			<DL_ZONE gedi_type="GraphicRegion" id="3" col="1134" row="908" width="130" height="124" function="logo"> </DL_ZONE>
			<DL_ZONE gedi_type="TextRegion" id="4" col="1172" row="1044" width="82" height="314" contents="مصرف لبنان" script="typed" language="arabic"> </DL_ZONE>
			<DL_ZONE gedi_type="GraphicRegion" id="5" col="1141" row="1709" width="117" height="499" function="other"> </DL_ZONE>
			<DL_ZONE gedi_type="GraphicRegion" id="6" col="1137" row="1539" width="121" height="137" function="other"> </DL_ZONE>
			<DL_ZONE gedi_type="TextRegion" id="7" col="1174" row="1583" width="46" height="68" contents="LBP" script="typed" language="french"> </DL_ZONE>
			<DL_ZONE gedi_type="TextRegion" id="8" col="1009" row="1792" width="54" height="419" contents="إدفعوا بموجب هذا الشيك" script="typed" language="arabic"> </DL_ZONE>
			<DL_ZONE gedi_type="TextRegion" id="9" nextZoneID="13" col="924" row="2106" width="57" height="102" contents="لامر" script="typed" language="arabic"> </DL_ZONE>
			<DL_ZONE gedi_type="TextRegion" id="10" nextZoneID="14" col="845" row="2101" width="52" height="107" contents="مبلغ" script="typed" language="arabic"> </DL_ZONE>
			<DL_ZONE gedi_type="TextRegion" id="11" col="710" row="2093" width="49" height="112" contents="الامضاء" script="typed" language="arabic"> </DL_ZONE>
			<DL_ZONE gedi_type="TextRegion" id="12" col="711" row="1499" width="41" height="154" contents="Signature" script="typed" language="french"> </DL_ZONE>
			<DL_ZONE gedi_type="TextRegion" id="13" polygon="(992,1436);(993,1793);(935,1811);(909,1515);(943,1423)" contents="اسامة عشران" script="hand" language="arabic"> </DL_ZONE>
			<DL_ZONE gedi_type="TextRegion" id="14" polygon="(904,1345);(904,1516);(915,1771);(932,1801);(871,1822);(836,1711);(834,1575);(849,1350)" contents="ألفين وخمسامئة" script="hand" language="arabic"> </DL_ZONE>
			<DL_ZONE gedi_type="GraphicRegion" id="15" function="signature" polygon="(656,1658);(693,1717);(713,2052);(663,2087);(601,1661)"> </DL_ZONE>
			<DL_ZONE gedi_type="TextRegion" id="16" nextZoneID="21" polygon="(748,1264);(763,1293);(743,1444);(702,1442);(693,1380);(696,1339);(721,1268)" contents="¤{بيروث/بيروت}¤" script="hand" function_1="location" language="arabic"> </DL_ZONE>
			<DL_ZONE gedi_type="TextRegion" id="17" nextZoneID="16" polygon="(699,1233);(713,1252);(711,1342);(711,1367);(696,1381);(681,1332);(683,1239)" contents="مكان الاصدار" script="typed" language="arabic"> </DL_ZONE>
			<DL_ZONE gedi_type="GraphicRegion" id="18" col="933" row="341" width="1745" height="17" function="underlined-field" orientationD="270.591"> </DL_ZONE>
			<DL_ZONE gedi_type="GraphicRegion" id="19" col="859" row="372" width="1719" height="14" function="underlined-field" orientationD="270.566"> </DL_ZONE>
			<DL_ZONE gedi_type="GraphicRegion" id="20" col="778" row="91" width="2113" height="18" function="underlined-field" orientationD="270.488"> </DL_ZONE>
			<DL_ZONE gedi_type="TextRegion" id="21" nextZoneID="22" col="717" row="1089" width="42" height="48" contents="في" script="typed" language="arabic"> </DL_ZONE>
			<DL_ZONE gedi_type="TextRegion" id="22" col="710" row="734" width="60" height="315" contents="15/7/2012" script="hand" function_1="date" language="arabic"> </DL_ZONE>
			<DL_ZONE gedi_type="TextRegion" id="23" col="827" row="890" width="25" height="78" contents="بالاحرف" script="typed" language="arabic"> </DL_ZONE>
			<DL_ZONE gedi_type="TextRegion" id="24" col="827" row="615" width="21" height="272" contents="en toutes lettres / ¤EN LETTRES¤ /" script="typed" language="french"> </DL_ZONE>
			<DL_ZONE gedi_type="TextRegion" id="26" col="692" row="345" width="49" height="195" contents="يدفع في" script="typed" language="arabic"> </DL_ZONE>
			<DL_ZONE gedi_type="TextRegion" id="27" col="694" row="94" width="51" height="196" contents="Payable à" script="typed" language="french"> </DL_ZONE>
			<DL_ZONE gedi_type="TextRegion" id="28" col="695" row="294" width="53" height="49" contents="/ AT" script="typed" language="english"> </DL_ZONE>
			<DL_ZONE gedi_type="LineDrawingRegion" id="29" col="1009" row="354" width="215" height="28" orientationD="125.538"> </DL_ZONE>
			<DL_ZONE gedi_type="LineDrawingRegion" id="30" col="1027" row="506" width="63" height="18" orientationD="130.503"> </DL_ZONE>
			<DL_ZONE gedi_type="LineDrawingRegion" id="31" col="867" row="283" width="91" height="20" orientationD="126.995"> </DL_ZONE>
			<DL_ZONE gedi_type="LineDrawingRegion" id="32" col="777" row="153" width="36" height="11" orientationD="124.992"> </DL_ZONE>
			<DL_ZONE gedi_type="LineDrawingRegion" id="33" col="864" row="126" width="35" height="17" orientationD="130.426"> </DL_ZONE>
			<DL_ZONE gedi_type="TextRegion" id="34" col="729" row="63" width="254" height="30" rotation="+90" contents="THAT HUNTING AND TRADING" script="typed" language="english"> </DL_ZONE>
			<DL_ZONE gedi_type="TextRegion" id="35" col="984" row="95" width="49" height="479" contents="Payez contre ce chèque" script="typed" language="french"> </DL_ZONE>
			<DL_ZONE gedi_type="TextRegion" id="37" col="960" row="99" width="25" height="324" contents="PAY AGAINST THIS CHECk" script="typed" language="english"> </DL_ZONE>
			<DL_ZONE gedi_type="TextRegion" id="40" col="918" row="99" width="38" height="236" contents="A l'ordre de" script="typed" language="french"> </DL_ZONE>
			<DL_ZONE gedi_type="TextRegion" id="42" col="888" row="96" width="29" height="229" contents="TO THE ORDER OF" script="typed" language="english"> </DL_ZONE>
			<DL_ZONE gedi_type="TextRegion" id="44" col="841" row="96" width="44" height="272" contents="La somme de" script="typed" language="french"> </DL_ZONE>
			<DL_ZONE gedi_type="TextRegion" id="45" col="818" row="95" width="24" height="154" contents="THE SUM OF" script="typed" language="english"> </DL_ZONE>
			<DL_ZONE gedi_type="TextRegion" id="46" col="680" row="863" width="33" height="68" contents="placé" script="typed" language="french"> </DL_ZONE>
			<DL_ZONE gedi_type="TextRegion" id="47" col="682" row="1073" width="35" height="78" contents="Date" script="typed" language="french"> </DL_ZONE>
			<DL_ZONE gedi_type="NoiseRegion" id="52" polygon="(712,930);(718,1023);(714,1228);(719,1453);(699,1457);(660,1376);(675,932)"> </DL_ZONE>
			<DL_ZONE gedi_type="NoiseRegion" id="65" col="1443" row="2321" width="223" height="17"> </DL_ZONE>
			<DL_ZONE gedi_type="NoiseRegion" id="66" col="1" row="1626" width="16" height="712"> </DL_ZONE>
			<DL_ZONE gedi_type="GraphicRegion" id="70" col="705" row="715" width="18" height="355" function="underlined-field"> </DL_ZONE>
			<DL_ZONE gedi_type="GraphicRegion" id="71" col="711" row="1149" width="20" height="335" function="underlined-field"> </DL_ZONE>
		</DL_PAGE>
	</DL_DOCUMENT>
</GEDI>