<?xml version="1.0" encoding="UTF-8"?>
<!--GEDI was developed at Language and Media Processing Laboratory, University of Maryland.-->

<GEDI xmlns="http://lamp.cfar.umd.edu/media/projects/GEDI/" GEDI_version="2.3.19" GEDI_date="12/23/2011">
	<USER name="MDR-P1" date="10/29/2012 19:15" dateFormat="mm/dd/yyyy hh:mm">	</USER>
	<USER name="MDR-P2" date="10/26/2012 18:08" dateFormat="mm/dd/yyyy hh:mm">	</USER>
	<USER name="MDR-P4" date="3/22/2013 16:31" dateFormat="mm/dd/yyyy hh:mm">	</USER>
	<USER name="MDR-P6" date="5/28/2013 11:17" dateFormat="mm/dd/yyyy hh:mm">	</USER>
	<USER name="MDR-P8" date="10/30/2012 20:18" dateFormat="mm/dd/yyyy hh:mm">	</USER>
	<USER name="Mdr-P5" date="9/18/2012 14:57" dateFormat="mm/dd/yyyy hh:mm">	</USER>
	<DL_DOCUMENT src="SPMGEW.tif" docTag="xml" NrOfPages="1">
		<DL_PAGE gedi_type="DL_PAGE" src="SPMGEW.tif" pageID="1" width="825" height="1167" Language_2="" Language_4="" Language_3="" Sender_Phone="" Script_2="" Receiver_Fax="" Document_Location="" Sender_Address="" Sender_Fax="" Category="C2" Document_Date="15/06/2012" Document_Object="INVOICE" Language_1="english" NumPage="1" Receiver_Address="BANKFIELD ROAD, TYLDESLEY, M29 8QH MANCHESTER" Receiver_Company="ABC BOOKSTORE" Script_1="typed" Sender_Company="ALT CORPORATION" Receiver_Phone="+44(0)16.17.03.99.90" Sender_Name="Alvin BAPTIST" Receiver_Name="Fiona MEERY">
			<DL_ZONE gedi_type="TextRegion" id="1" col="79" row="117" width="138" height="24" contents="ALT Corporation" script="typed" language="english"> </DL_ZONE>
			<DL_ZONE gedi_type="TextRegion" id="2" col="555" row="118" width="178" height="82" contents="Date: 15th June 2012&#10;Invoice #: 11 - 45789&#10;Customer ID: 545&#10;Expiration Date: 12th July 2012" script="typed" function_2="reference" function_1="date" function_3="object" language="english"> </DL_ZONE>
			<DL_ZONE gedi_type="TextRegion" id="3" col="76" row="214" width="326" height="98" contents="To: Fiona Meery&#10;ABC Bookstore&#10;Bankfield Road, Tyldesley, Manchester&#10;M29 8QH Manchester&#10;1617039990" script="typed" function_1="coordinates" language="english"> </DL_ZONE>
			<DL_ZONE gedi_type="TextRegion" id="4" col="82" row="335" width="67" height="15" contents="Salesperson" script="typed" language="english"> </DL_ZONE>
			<DL_ZONE gedi_type="TextRegion" id="5" col="292" row="332" width="23" height="16" contents="Job" script="typed" language="english"> </DL_ZONE>
			<DL_ZONE gedi_type="TextRegion" id="6" col="459" row="335" width="85" height="15" contents="Payment Terms" script="typed" language="english"> </DL_ZONE>
			<DL_ZONE gedi_type="TextRegion" id="7" col="669" row="337" width="56" height="14" contents="Due Date" script="typed" language="english"> </DL_ZONE>
			<DL_ZONE gedi_type="TextRegion" id="8" col="84" row="355" width="60" height="13" contents="Alvin Baptist" script="typed" language="english"> </DL_ZONE>
			<DL_ZONE gedi_type="TextRegion" id="9" col="292" row="356" width="31" height="12" contents="Sales" script="typed" language="english"> </DL_ZONE>
			<DL_ZONE gedi_type="TextRegion" id="10" col="459" row="356" width="30" height="13" contents="COD" script="typed" language="english"> </DL_ZONE>
			<DL_ZONE gedi_type="TextRegion" id="11" col="669" row="358" width="59" height="14" contents="25-06-2012" script="typed" language="english"> </DL_ZONE>
			<DL_ZONE gedi_type="TextRegion" id="12" col="82" row="392" width="24" height="16" contents="Qty" script="typed" language="english"> </DL_ZONE>
			<DL_ZONE gedi_type="TextRegion" id="13" col="186" row="394" width="146" height="15" contents="Description of the product" script="typed" language="english"> </DL_ZONE>
			<DL_ZONE gedi_type="TextRegion" id="14" col="562" row="396" width="56" height="14" contents="Unit Price" script="typed" language="english"> </DL_ZONE>
			<DL_ZONE gedi_type="TextRegion" id="15" col="668" row="396" width="55" height="14" contents="Line Total" script="typed" language="english"> </DL_ZONE>
			<DL_ZONE gedi_type="TextRegion" id="16" col="83" row="412" width="29" height="17" contents="20.00" script="typed" language="english"> </DL_ZONE>
			<DL_ZONE gedi_type="TextRegion" id="17" col="186" row="414" width="99" height="14" contents="Sketch Book" script="typed" language="english"> </DL_ZONE>
			<DL_ZONE gedi_type="TextRegion" id="18" col="565" row="418" width="99" height="15" contents="$ 20.00" script="typed" language="english"> </DL_ZONE>
			<DL_ZONE gedi_type="TextRegion" id="19" col="671" row="418" width="83" height="14" contents="$ 400.00" script="typed" language="english"> </DL_ZONE>
			<DL_ZONE gedi_type="TextRegion" id="20" col="616" row="801" width="50" height="15" contents="Subtotal" script="typed" language="english"> </DL_ZONE>
			<DL_ZONE gedi_type="TextRegion" id="21" col="616" row="822" width="50" height="15" contents="Sales Tax" script="typed" language="english"> </DL_ZONE>
			<DL_ZONE gedi_type="TextRegion" id="22" col="638" row="842" width="28" height="17" contents="Total" script="typed" language="english"> </DL_ZONE>
			<DL_ZONE gedi_type="TextRegion" id="23" col="672" row="801" width="81" height="18" contents="$ 650.00" script="typed" language="english"> </DL_ZONE>
			<DL_ZONE gedi_type="TextRegion" id="24" col="671" row="841" width="81" height="17" contents="$ 650.00" script="typed" language="english"> </DL_ZONE>
			<DL_ZONE gedi_type="TextRegion" id="25" col="322" row="959" width="192" height="23" contents="Thank you for your business!" script="typed" function_1="footer" language="english"> </DL_ZONE>
			<DL_ZONE gedi_type="TableRegion" id="26" polygon="(79,333);(761,333);(761,376);(80,373)"> </DL_ZONE>
			<DL_ZONE gedi_type="TableRegion" id="27" polygon="(80,390);(760,394);(759,862);(610,861);(610,801);(80,797)"> </DL_ZONE>
			<DL_ZONE gedi_type="TextRegion" id="28" col="718" row="440" width="36" height="12" contents="250.00" script="typed" language="english"> </DL_ZONE>
			<DL_ZONE gedi_type="TextRegion" id="29" col="634" row="440" width="31" height="12" contents="25.00" script="typed" language="english"> </DL_ZONE>
			<DL_ZONE gedi_type="TextRegion" id="30" col="84" row="436" width="28" height="12" contents="10.00" script="typed" language="english"> </DL_ZONE>
			<DL_ZONE gedi_type="TextRegion" id="31" col="188" row="436" width="136" height="13" contents="200 Pages full scape book" script="typed" language="english"> </DL_ZONE>
		</DL_PAGE>
	</DL_DOCUMENT>
</GEDI>