<?xml version="1.0" encoding="UTF-8"?>
<!--GEDI was developed at Language and Media Processing Laboratory, University of Maryland.-->

<GEDI xmlns="http://lamp.cfar.umd.edu/media/projects/GEDI/" GEDI_version="2.3.19" GEDI_date="12/23/2011">
	<USER name="MDR-P8" date="5/28/2013 17:59" dateFormat="mm/dd/yyyy hh:mm">	</USER>
	<USER name="Mdr-P5" date="1/30/2013 17:03" dateFormat="mm/dd/yyyy hh:mm">	</USER>
	<DL_DOCUMENT src="TAQNWG.tif" docTag="xml" NrOfPages="1">
		<DL_PAGE gedi_type="DL_PAGE" src="TAQNWG.tif" pageID="1" width="1728" height="2288" Language_2="" Language_4="" Receiver_Name="" Language_3="" Receiver_Company="" Receiver_Address="" Sender_Company="" Sender_Phone="" Receiver_Fax="" Document_Location="" Receiver_Phone="" Sender_Address="" Sender_Fax="" Category="C3" Document_Date="11/12/2012" Document_Object="CARTE DE NOEL" Language_1="french" NumPage="1" Script_1="hand" Script_2="typed" Sender_Name="Christiane THOMAS" GEDI_orientation="270">
			<DL_ZONE gedi_type="TextRegion" id="1" col="40" row="7" width="206" height="39" rotation="-90" contents="11 12 12 15:21" script="typed" function_1="date" language="french"> </DL_ZONE>
			<DL_ZONE gedi_type="TextRegion" id="2" col="1462" row="7" width="56" height="43" rotation="-90" contents="p.1" script="typed" language="french"> </DL_ZONE>
			<DL_ZONE gedi_type="TextRegion" id="3" polygon="(1337,1624);(1276,428);(1070,252);(903,226);(798,389);(716,1094);(760,1591);(1259,1614)" contents="A l'occasion de cette fête de NOEL , je vous&#10;souhaite plein de bonheur et que santé , joie et&#10;prospérité remplissent les jours qui suivent .&#10;J'espère qu'on se reverra bientôt ,&#10;Milles Pensées" script="hand" function_1="text_section" language="french"> </DL_ZONE>
			<DL_ZONE gedi_type="GraphicRegion" id="6" function="drawing" polygon="(500,164);(64,160);(192,2144);(660,2120);(588,1812);(464,1812);(408,1548);(380,1180);(416,764)"> </DL_ZONE>
			<DL_ZONE gedi_type="GraphicRegion" id="7" function="drawing" polygon="(1540,160);(1168,172);(1180,336);(1324,404);(1340,552);(1432,620);(1516,592);(1592,1748);(1280,1740);(1216,1816);(1304,2076);(1464,2140);(1644,2116)"> </DL_ZONE>
			<DL_ZONE gedi_type="NoiseRegion" id="8" col="1438" row="1326" width="124" height="258"> </DL_ZONE>
			<DL_ZONE gedi_type="NoiseRegion" id="9" col="186" row="2266" width="1194" height="22"> </DL_ZONE>
			<DL_ZONE gedi_type="TextRegion" id="10" polygon="(661,1062);(640,1069);(659,1586);(705,1590);(735,1465);(696,1021)" contents="THOMAS Christiane ." script="hand" language="french"> </DL_ZONE>
			<DL_ZONE gedi_type="GraphicRegion" id="12" function="signature" polygon="(691,1005);(573,1204);(645,1625);(719,1597);(749,1482)"> </DL_ZONE>
		</DL_PAGE>
	</DL_DOCUMENT>
</GEDI>