<?xml version="1.0" encoding="UTF-8"?>
<!--GEDI was developed at Language and Media Processing Laboratory, University of Maryland.-->

<GEDI xmlns="http://lamp.cfar.umd.edu/media/projects/GEDI/" GEDI_version="2.3.19" GEDI_date="12/23/2011">
	<USER name="MDR-P1" date="11/30/2012 11:52" dateFormat="mm/dd/yyyy hh:mm">	</USER>
	<USER name="MDR-P4" date="2/25/2013 18:03" dateFormat="mm/dd/yyyy hh:mm">	</USER>
	<USER name="MDR-P8" date="2/7/2013 18:46" dateFormat="mm/dd/yyyy hh:mm">	</USER>
	<USER name="Mdr-P5" date="11/28/2012 16:58" dateFormat="mm/dd/yyyy hh:mm">	</USER>
	<DL_DOCUMENT src="TBRWOL.tif" docTag="xml" NrOfPages="1">
		<DL_PAGE gedi_type="DL_PAGE" src="TBRWOL.tif" pageID="1" width="1700" height="1100" Language_2="" Sender_Name="" Receiver_Name="" Language_4="" Document_Date="" Language_3="" Receiver_Company="" Receiver_Address="" Sender_Company="" Sender_Phone="" Script_2="" Receiver_Fax="" Document_Location="" Sender_Address="" Receiver_Phone="" Sender_Fax="" Category="C2" Language_1="english" NumPage="1" Script_1="typed" Document_Object="LEAFLET">
			<DL_ZONE gedi_type="TextRegion" id="1" col="918" row="120" width="716" height="562" contents="SMOKING IN&#10;PUBLIC PLACES&#10;IS A&#10;CRIMINAL&#10;OFFENSE&#10;First offense: P500 - P1,000 FINE&#10;Second Offense:P1,000 - P5,000 FINE&#10;Third Offense: P5,000 -P10,000 FINE" script="typed" function_2="object" function_1="title" language="english"> </DL_ZONE>
			<DL_ZONE gedi_type="GraphicRegion" id="2" col="22" row="162" width="814" height="808" function="drawing"> </DL_ZONE>
			<DL_ZONE gedi_type="TextRegion" id="3" col="928" row="958" width="312" height="78" contents="HEALTHY CITY&#10;HEALTHY SOCIETY" script="typed" language="english"> </DL_ZONE>
			<DL_ZONE gedi_type="GraphicRegion" id="6" col="850" row="2" width="848" height="1094" function="other"> </DL_ZONE>
		</DL_PAGE>
	</DL_DOCUMENT>
</GEDI>