<?xml version="1.0" encoding="UTF-8"?>
<!--GEDI was developed at Language and Media Processing Laboratory, University of Maryland.-->

<GEDI xmlns="http://lamp.cfar.umd.edu/media/projects/GEDI/" GEDI_version="2.3.19" GEDI_date="12/23/2011">
	<USER name="MDR-P8" date="2/20/2013 16:05" dateFormat="mm/dd/yyyy hh:mm">	</USER>
	<USER name="MDR-R4" date="1/14/2013 13:35" dateFormat="mm/dd/yyyy hh:mm">	</USER>
	<USER name="MDR-R6" date="1/14/2013 12:55" dateFormat="mm/dd/yyyy hh:mm">	</USER>
	<USER name="MDR_P1" date="2/25/2013 11:31" dateFormat="mm/dd/yyyy hh:mm">	</USER>
	<USER name="MDR_R8" date="1/14/2013 11:01" dateFormat="mm/dd/yyyy hh:mm">	</USER>
	<DL_DOCUMENT src="TEYOON.tif" docTag="xml" NrOfPages="1">
		<DL_PAGE gedi_type="DL_PAGE" src="TEYOON.tif" pageID="1" width="1700" height="2338" Language_2="" Language_4="" Language_3="" Receiver_Company="" Receiver_Address="" Sender_Company="" Sender_Phone="" Script_2="" Receiver_Fax="" Document_Location="" Sender_Address="" Receiver_Phone="" Sender_Fax="" Category="C2" Document_Object="ايصال استلام نقدية" Document_Date="30/02/2012" Language_1="arabic" NumPage="1" Script_1="typed" Receiver_Name="هجيرة مريدن" Sender_Name="عادل الرباح">
			<DL_ZONE gedi_type="GraphicRegion" id="1" col="590" row="226" width="431" height="320" function="logo" orientationD="6.25"> </DL_ZONE>
			<DL_ZONE gedi_type="TextRegion" id="2" col="582" row="548" width="479" height="92" contents="ايصال استلام نقدية" script="typed" function_2="object" function_1="title" language="arabic"> </DL_ZONE>
			<DL_ZONE gedi_type="TextRegion" id="3" col="186" row="675" width="321" height="75" contents="المبلغ :4000 درهم" script="typed" language="arabic"> </DL_ZONE>
			<DL_ZONE gedi_type="TextRegion" id="4" col="1074" row="774" width="388" height="62" contents="التاريخ :2012/02/30" script="typed" function_1="date" language="arabic"> </DL_ZONE>
			<DL_ZONE gedi_type="TextRegion" id="5" col="1024" row="964" width="445" height="58" contents="وصلنا من مريدن هجيرة" script="typed" language="arabic"> </DL_ZONE>
			<DL_ZONE gedi_type="TextRegion" id="6" col="849" row="1060" width="616" height="65" contents="مبلغا وقدره 4000 درهم" script="typed" language="arabic"> </DL_ZONE>
			<DL_ZONE gedi_type="TextRegion" id="7" col="1151" row="1155" width="311" height="61" contents="نقدا بموجب كراء" script="typed" language="arabic"> </DL_ZONE>
			<DL_ZONE gedi_type="TextRegion" id="8" col="1068" row="1249" width="394" height="62" contents="وذلك عن منزل" script="typed" language="arabic"> </DL_ZONE>
			<DL_ZONE gedi_type="TextRegion" id="9" col="298" row="1438" width="356" height="65" contents="المستلم الرباح عادل" script="typed" language="arabic"> </DL_ZONE>
			<DL_ZONE gedi_type="GraphicRegion" id="10" col="191" row="1478" width="121" height="17" function="underlined-field"> </DL_ZONE>
			<DL_ZONE gedi_type="GraphicRegion" id="11" col="492" row="1474" width="48" height="18" function="underlined-field"> </DL_ZONE>
			<DL_ZONE gedi_type="GraphicRegion" id="12" col="1154" row="1282" width="146" height="19" function="underlined-field"> </DL_ZONE>
			<DL_ZONE gedi_type="GraphicRegion" id="13" col="697" row="1285" width="378" height="17" function="underlined-field"> </DL_ZONE>
			<DL_ZONE gedi_type="GraphicRegion" id="14" col="678" row="1192" width="477" height="18" function="underlined-field"> </DL_ZONE>
			<DL_ZONE gedi_type="GraphicRegion" id="15" col="1230" row="1195" width="33" height="8" function="underlined-field"> </DL_ZONE>
			<DL_ZONE gedi_type="GraphicRegion" id="16" col="731" row="1092" width="129" height="21" function="underlined-field"> </DL_ZONE>
			<DL_ZONE gedi_type="GraphicRegion" id="17" col="1066" row="1094" width="188" height="18" function="underlined-field"> </DL_ZONE>
			<DL_ZONE gedi_type="GraphicRegion" id="18" col="870" row="1000" width="161" height="19" function="underlined-field"> </DL_ZONE>
			<DL_ZONE gedi_type="GraphicRegion" id="19" col="1242" row="999" width="43" height="14" function="underlined-field"> </DL_ZONE>
			<DL_ZONE gedi_type="GraphicRegion" id="22" col="271" row="717" width="17" height="14" function="underlined-field"> </DL_ZONE>
			<DL_ZONE gedi_type="GraphicRegion" id="28" col="938" row="1092" width="15" height="19" function="underlined-field"> </DL_ZONE>
			<DL_ZONE gedi_type="NoiseRegion" id="32" col="761" row="2326" width="933" height="12"> </DL_ZONE>
			<DL_ZONE gedi_type="NoiseRegion" id="33" col="2" row="1638" width="7" height="693"> </DL_ZONE>
			<DL_ZONE gedi_type="NoiseRegion" id="40" col="0" row="0" width="10" height="530"> </DL_ZONE>
		</DL_PAGE>
	</DL_DOCUMENT>
</GEDI>