<?xml version="1.0" encoding="UTF-8"?>
<!--GEDI was developed at Language and Media Processing Laboratory, University of Maryland.-->

<GEDI xmlns="http://lamp.cfar.umd.edu/media/projects/GEDI/" GEDI_version="2.3" GEDI_date="01/21/2010">
	<USER name="Adil" date="9/20/2012 16:51" dateFormat="mm/dd/yyyy hh:mm">	</USER>
	<USER name="Khizrane" date="8/23/2012 14:27" dateFormat="mm/dd/yyyy hh:mm">	</USER>
	<USER name="MDR-P4" date="8/29/2012 15:31" dateFormat="mm/dd/yyyy hh:mm">	</USER>
	<USER name="MDR-P8" date="9/20/2012 17:41" dateFormat="mm/dd/yyyy hh:mm">	</USER>
	<USER name="MDR-R2" date="11/5/2012 15:24" dateFormat="mm/dd/yyyy hh:mm">	</USER>
	<USER name="MDR-R3" date="10/23/2012 11:52" dateFormat="mm/dd/yyyy hh:mm">	</USER>
	<USER name="MDR-R6" date="2/5/2013 16:48" dateFormat="mm/dd/yyyy hh:mm">	</USER>
	<USER name="MDR_R8" date="2/7/2013 8:50" dateFormat="mm/dd/yyyy hh:mm">	</USER>
	<DL_DOCUMENT src="TGDXIJ.tif" docTag="xml" NrOfPages="2">
		<DL_PAGE gedi_type="DL_PAGE" src="TGDXIJ.tif" pageID="1" width="1700" height="2339" Language_4="" Document_Date="" Language_3="" Receiver_Address="" Sender_Company="" Receiver_Fax="" Document_Location="" Receiver_Phone="" Sender_Fax="" Category="C1" Language_1="arabic" NumPage="2" Document_Object="استمارة تسجيل اللاعبين" Receiver_Name="" Sender_Name="إيمان الصواف" Sender_Address="شارع الدار البيضاء 32000 -الحسيمة" Sender_Phone="¤{+212(0)6.74.21.00.03|+212(0)5.39.80.78.04}¤" Script_1="typed" Script_2="hand" Language_2="" Receiver_Company="نادي الحسيمة للعدو">
			<DL_ZONE gedi_type="TextRegion" id="1" polygon="(373,246);(370,200);(722,190);(724,239)" contents="استمارة تسجيل اللاعبين" script="typed" function_2="object" function_1="title" language="arabic"> </DL_ZONE>
			<DL_ZONE gedi_type="TextRegion" id="3" polygon="(1013,344);(1013,304);(1201,303);(1204,342)" contents="البيانات الأساسية" script="typed" language="arabic"> </DL_ZONE>
			<DL_ZONE gedi_type="TextRegion" id="5" nextZoneID="6" polygon="(1278,386);(1431,381);(1432,430);(1284,433)" contents="اسم اللاعب:" script="typed" language="arabic"> </DL_ZONE>
			<DL_ZONE gedi_type="TextRegion" id="6" polygon="(1267,379);(947,384);(952,438);(1267,438)" contents="الشملي مليكة" script="hand" language="arabic"> </DL_ZONE>
			<DL_ZONE gedi_type="TextRegion" id="8" nextZoneID="199" polygon="(1291,458);(1425,451);(1428,502);(1293,507)" contents="اسم الشهرة:" script="typed" language="arabic"> </DL_ZONE>
			<DL_ZONE gedi_type="TextRegion" id="9" nextZoneID="10" polygon="(1273,538);(1417,531);(1421,579);(1277,587)" contents="تاريخ الميلاد:" script="typed" language="arabic"> </DL_ZONE>
			<DL_ZONE gedi_type="TextRegion" id="10" polygon="(862,521);(1219,522);(1224,599);(860,592)" contents="21 نونبر 1990" script="hand" language="arabic"> </DL_ZONE>
			<DL_ZONE gedi_type="TextRegion" id="11" nextZoneID="13" polygon="(1426,629);(1425,608);(1298,611);(1304,651);(1428,648)" contents="أسم النادي:" script="typed" language="arabic"> </DL_ZONE>
			<DL_ZONE gedi_type="TextRegion" id="13" polygon="(1271,606);(892,606);(832,611);(832,644);(839,663);(934,660);(1278,655);(1278,628)" contents="نادي الحسيمة للعدو" script="hand" language="arabic"> </DL_ZONE>
			<DL_ZONE gedi_type="TextRegion" id="15" polygon="(782,684);(869,680);(1199,680);(1199,728);(879,744);(797,742);(782,723)" contents="إلياس القاسمي" script="hand" language="arabic"> </DL_ZONE>
			<DL_ZONE gedi_type="TextRegion" id="17" nextZoneID="15" polygon="(1212,672);(1426,665);(1428,724);(1213,728)" contents="اسم المدرب الحالي:" script="typed" language="arabic"> </DL_ZONE>
			<DL_ZONE gedi_type="TextRegion" id="18" nextZoneID="19" polygon="(1222,755);(1419,750);(1422,801);(1222,809)" contents="النوع (ذكر/أنثى):" script="typed" language="arabic"> </DL_ZONE>
			<DL_ZONE gedi_type="TextRegion" id="19" polygon="(1189,738);(1026,744);(1027,797);(1207,800)" contents="أنثى" script="hand" language="arabic"> </DL_ZONE>
			<DL_ZONE gedi_type="TextRegion" id="20" nextZoneID="21" polygon="(1328,826);(1422,821);(1422,868);(1330,872)" contents="الطول:" script="typed" language="arabic"> </DL_ZONE>
			<DL_ZONE gedi_type="TextRegion" id="21" polygon="(1301,814);(1164,822);(1164,878);(1307,874)" contents="1m 80" script="hand" language="arabic"> </DL_ZONE>
			<DL_ZONE gedi_type="TextRegion" id="22" nextZoneID="23" polygon="(1346,898);(1422,895);(1428,945);(1345,950)" contents="الوزن:" script="typed" language="arabic"> </DL_ZONE>
			<DL_ZONE gedi_type="TextRegion" id="23" polygon="(1332,889);(1198,892);(1204,957);(1337,957)" contents="75 kg" script="hand" language="arabic"> </DL_ZONE>
			<DL_ZONE gedi_type="TextRegion" id="24" polygon="(1022,968);(850,980);(855,1029);(1038,1018)" contents="اليمنى" script="hand" language="arabic"> </DL_ZONE>
			<DL_ZONE gedi_type="TextRegion" id="25" nextZoneID="24" polygon="(1082,978);(1426,969);(1427,1014);(1082,1027)" contents="اليد المستخدمة (اليسرى/اليمنى):" script="typed" language="arabic"> </DL_ZONE>
			<DL_ZONE gedi_type="TextRegion" id="26" polygon="(1012,1037);(814,1052);(819,1113);(1027,1105)" contents="متزوجة" script="hand" language="arabic"> </DL_ZONE>
			<DL_ZONE gedi_type="TextRegion" id="27" nextZoneID="26" polygon="(1035,1057);(1432,1044);(1432,1094);(1041,1104)" contents="الحالة الاجتماعية (أعزب/متزوج):" script="typed" language="arabic"> </DL_ZONE>
			<DL_ZONE gedi_type="TextRegion" id="28" polygon="(1030,1121);(1182,1117);(1186,1166);(1035,1166)" contents="معفية" script="hand" language="arabic"> </DL_ZONE>
			<DL_ZONE gedi_type="TextRegion" id="29" nextZoneID="28" polygon="(1211,1119);(1422,1111);(1425,1163);(1222,1170)" contents="الموقف من التجديد:" script="typed" language="arabic"> </DL_ZONE>
			<DL_ZONE gedi_type="TextRegion" id="30" nextZoneID="34" polygon="(841,1204);(1038,1196);(1424,1188);(1426,1239);(1089,1243);(848,1253);(841,1234)" contents="الموقف الحالي ) مستمر دولي / مستمر محلي / اعتزال )" script="typed" language="arabic"> </DL_ZONE>
			<DL_ZONE gedi_type="TextRegion" id="32" nextZoneID="33" polygon="(1040,1266);(1425,1257);(1428,1312);(1045,1322)" contents="التصنيف (محلي/دولي/أولمبي):" script="typed" language="arabic"> </DL_ZONE>
			<DL_ZONE gedi_type="TextRegion" id="33" polygon="(1000,1264);(852,1273);(857,1338);(1008,1324)" contents="دولي" script="hand" language="arabic"> </DL_ZONE>
			<DL_ZONE gedi_type="TextRegion" id="34" polygon="(804,1184);(511,1194);(511,1269);(819,1255)" contents="مستمر دولي" script="hand" language="arabic"> </DL_ZONE>
			<DL_ZONE gedi_type="TextRegion" id="35" nextZoneID="39" polygon="(1198,1347);(1424,1338);(1429,1390);(1203,1395)" contents="تاريخ ممارسة اللعبة:" script="typed" language="arabic"> </DL_ZONE>
			<DL_ZONE gedi_type="TextRegion" id="36" nextZoneID="40" polygon="(1255,1419);(1425,1417);(1424,1462);(1257,1465)" contents="محافظة الميلاد:" script="typed" language="arabic"> </DL_ZONE>
			<DL_ZONE gedi_type="TextRegion" id="37" nextZoneID="41" polygon="(1239,1498);(1427,1491);(1425,1539);(1237,1545)" contents="رقم جواز السفر:" script="typed" language="arabic"> </DL_ZONE>
			<DL_ZONE gedi_type="TextRegion" id="38" nextZoneID="42" polygon="(1213,1562);(1429,1554);(1433,1611);(1216,1619)" contents="تاريخ تجديد الجواز:" script="typed" language="arabic"> </DL_ZONE>
			<DL_ZONE gedi_type="TextRegion" id="39" col="1014" row="1347" width="121" height="44" contents="2006" script="hand" language="arabic"> </DL_ZONE>
			<DL_ZONE gedi_type="TextRegion" id="40" col="1005" row="1411" width="207" height="74" contents="الحسيمة" script="hand" language="arabic"> </DL_ZONE>
			<DL_ZONE gedi_type="TextRegion" id="41" col="954" row="1493" width="264" height="46" contents="36410026" script="hand" function_1="reference" language="arabic"> </DL_ZONE>
			<DL_ZONE gedi_type="TextRegion" id="42" col="991" row="1557" width="184" height="58" contents="2012" script="hand" language="arabic"> </DL_ZONE>
			<DL_ZONE gedi_type="TextRegion" id="43" nextZoneID="46" col="1197" row="1832" width="233" height="45" contents="رقم البطاقة الشخصية:" script="typed" language="arabic"> </DL_ZONE>
			<DL_ZONE gedi_type="TextRegion" id="44" col="1238" row="1943" width="190" height="45" contents="بيانات الاتصال" script="typed" language="arabic"> </DL_ZONE>
			<DL_ZONE gedi_type="TextRegion" id="45" nextZoneID="200" col="1268" row="2018" width="161" height="47" contents="عنوان اللاعب:" script="typed" language="arabic"> </DL_ZONE>
			<DL_ZONE gedi_type="TextRegion" id="46" col="717" row="1815" width="328" height="65" contents="AB302101" script="hand" function_1="reference" language="arabic"> </DL_ZONE>
			<DL_ZONE gedi_type="TextRegion" id="47" nextZoneID="201" col="1239" row="2102" width="187" height="42" contents="البريد الإلكتروني" script="typed" language="arabic"> </DL_ZONE>
			<DL_ZONE gedi_type="GraphicRegion" id="139" function="underlined-field" polygon="(371,420);(1279,409);(1275,425);(375,435)"> </DL_ZONE>
			<DL_ZONE gedi_type="GraphicRegion" id="140" function="underlined-field" polygon="(282,510);(282,490);(856,480);(1288,483);(1288,502);(596,511)"> </DL_ZONE>
			<DL_ZONE gedi_type="GraphicRegion" id="144" function="underlined-field" polygon="(281,566);(1272,552);(1271,578);(281,583)"> </DL_ZONE>
			<DL_ZONE gedi_type="NoiseRegion" id="163" col="721" row="1801" width="30" height="24"> </DL_ZONE>
			<DL_ZONE gedi_type="NoiseRegion" id="168" col="1" row="2313" width="1677" height="23"> </DL_ZONE>
			<DL_ZONE gedi_type="GraphicRegion" id="171" function="other" polygon="(150,2145);(147,2195);(1530,2177);(1531,2064);(1510,149);(1428,149);(138,159);(139,328)"> </DL_ZONE>
			<DL_ZONE gedi_type="GraphicRegion" id="173" function="other" polygon="(203,177);(894,178);(900,256);(198,259)"> </DL_ZONE>
			<DL_ZONE gedi_type="GraphicRegion" id="174" function="other" polygon="(968,291);(1171,287);(1226,288);(1224,317);(1225,361);(1052,363);(968,363);(968,340)"> </DL_ZONE>
			<DL_ZONE gedi_type="NoiseRegion" id="197" col="722" row="131" width="33" height="16"> </DL_ZONE>
			<DL_ZONE gedi_type="NoiseRegion" id="198" col="723" row="0" width="266" height="25"> </DL_ZONE>
			<DL_ZONE gedi_type="TextRegion" id="199" col="1074" row="447" width="185" height="64" contents="إيمان" script="hand" language="arabic"> </DL_ZONE>
			<DL_ZONE gedi_type="TextRegion" id="200" col="414" row="2006" width="835" height="78" contents="شارع الدار البيضاء 32000 -الحسيمة" script="hand" language="arabic"> </DL_ZONE>
			<DL_ZONE gedi_type="TextRegion" id="201" col="670" row="2084" width="561" height="78" contents="Imane-d@gmail.com" script="hand" language="arabic"> </DL_ZONE>
			<DL_ZONE gedi_type="GraphicRegion" id="202" col="294" row="634" width="1005" height="21" function="underlined-field"> </DL_ZONE>
			<DL_ZONE gedi_type="GraphicRegion" id="203" col="291" row="710" width="918" height="20" function="underlined-field"> </DL_ZONE>
			<DL_ZONE gedi_type="GraphicRegion" id="204" col="313" row="780" width="905" height="22" function="underlined-field"> </DL_ZONE>
			<DL_ZONE gedi_type="GraphicRegion" id="205" col="315" row="857" width="1014" height="20" function="underlined-field"> </DL_ZONE>
			<DL_ZONE gedi_type="GraphicRegion" id="206" col="318" row="935" width="1024" height="18" function="underlined-field"> </DL_ZONE>
			<DL_ZONE gedi_type="GraphicRegion" id="207" col="326" row="1005" width="747" height="21" function="underlined-field"> </DL_ZONE>
			<DL_ZONE gedi_type="GraphicRegion" id="208" col="325" row="1083" width="707" height="18" function="underlined-field"> </DL_ZONE>
			<DL_ZONE gedi_type="GraphicRegion" id="209" col="330" row="1155" width="882" height="19" function="underlined-field"> </DL_ZONE>
			<DL_ZONE gedi_type="GraphicRegion" id="210" col="326" row="1229" width="513" height="19" function="underlined-field"> </DL_ZONE>
			<DL_ZONE gedi_type="GraphicRegion" id="211" col="323" row="1306" width="720" height="14" function="underlined-field"> </DL_ZONE>
			<DL_ZONE gedi_type="GraphicRegion" id="212" col="333" row="1380" width="864" height="14" function="underlined-field"> </DL_ZONE>
			<DL_ZONE gedi_type="GraphicRegion" id="213" col="338" row="1453" width="913" height="17" function="underlined-field"> </DL_ZONE>
			<DL_ZONE gedi_type="GraphicRegion" id="214" col="341" row="1524" width="893" height="21" function="underlined-field"> </DL_ZONE>
			<DL_ZONE gedi_type="GraphicRegion" id="215" col="336" row="1598" width="873" height="22" function="underlined-field"> </DL_ZONE>
			<DL_ZONE gedi_type="GraphicRegion" id="216" col="243" row="1858" width="949" height="22" function="underlined-field"> </DL_ZONE>
			<DL_ZONE gedi_type="GraphicRegion" id="217" col="379" row="2053" width="882" height="19" function="underlined-field"> </DL_ZONE>
			<DL_ZONE gedi_type="GraphicRegion" id="218" col="387" row="2129" width="846" height="21" function="underlined-field"> </DL_ZONE>
			<DL_ZONE gedi_type="NoiseRegion" id="219" col="1" row="5" width="14" height="2306"> </DL_ZONE>
			<DL_ZONE gedi_type="NoiseRegion" id="220" col="68" row="1731" width="20" height="27"> </DL_ZONE>
		</DL_PAGE>
		<DL_PAGE gedi_type="DL_PAGE" src="TGDXIJ.tif" pageID="2" width="1700" height="2339" Sender_Name="" Receiver_Name="" Language_4="" Document_Date="" Language_3="" Receiver_Company="" Receiver_Address="" Sender_Company="" Receiver_Fax="" Document_Location="" Sender_Address="" Receiver_Phone="" Sender_Fax="" Language_2="" NumPage="2" Document_Object="" Language_1="" Category="" Script_1="" Script_2="" Sender_Phone="">
			<DL_ZONE gedi_type="GraphicRegion" id="175" function="other" polygon="(144,161);(1512,158);(1518,2172);(150,2186)"> </DL_ZONE>
			<DL_ZONE gedi_type="TextRegion" id="2" col="872" row="287" width="315" height="63" contents="0674210003" script="hand" language="arabic"> </DL_ZONE>
			<DL_ZONE gedi_type="TextRegion" id="176" col="866" row="365" width="344" height="64" contents="0539807804" script="hand" language="arabic"> </DL_ZONE>
			<DL_ZONE gedi_type="TextRegion" id="4" nextZoneID="2" col="1193" row="288" width="231" height="62" contents="رقم التليفون المحمول:" script="typed" language="arabic"> </DL_ZONE>
			<DL_ZONE gedi_type="TextRegion" id="177" nextZoneID="176" col="1216" row="367" width="212" height="60" contents="رقم تليفون المنزل:" script="typed" language="arabic"> </DL_ZONE>
			<DL_ZONE gedi_type="TextRegion" id="178" col="1200" row="448" width="237" height="53" contents="البيانات الوظيفية" script="typed" language="arabic"> </DL_ZONE>
			<DL_ZONE gedi_type="TextRegion" id="7" col="806" row="521" width="183" height="65" contents="الرياضة" script="hand" language="arabic"> </DL_ZONE>
			<DL_ZONE gedi_type="TextRegion" id="179" nextZoneID="7" col="1004" row="524" width="430" height="55" contents="مجال العمل (السياحة/التكنولوجي/...):" script="typed" language="arabic"> </DL_ZONE>
			<DL_ZONE gedi_type="TextRegion" id="180" nextZoneID="181" col="1293" row="600" width="140" height="53" contents="جهة العمل:" script="typed" language="arabic"> </DL_ZONE>
			<DL_ZONE gedi_type="TextRegion" id="181" col="1054" row="595" width="199" height="69" contents="الحسيمة" script="hand" language="arabic"> </DL_ZONE>
			<DL_ZONE gedi_type="TextRegion" id="182" col="990" row="670" width="196" height="56" contents="عداءة" script="hand" language="arabic"> </DL_ZONE>
			<DL_ZONE gedi_type="TextRegion" id="12" nextZoneID="182" col="1234" row="672" width="193" height="66" contents="المسمى الوظيفي:" script="typed" language="arabic"> </DL_ZONE>
			<DL_ZONE gedi_type="TextRegion" id="183" nextZoneID="14" col="1213" row="749" width="220" height="51" contents="الهوايات الشخصية:" script="typed" language="arabic"> </DL_ZONE>
			<DL_ZONE gedi_type="TextRegion" id="14" col="1014" row="744" width="172" height="68" contents="السفر" script="hand" language="arabic"> </DL_ZONE>
			<DL_ZONE gedi_type="TextRegion" id="184" col="1194" row="818" width="234" height="57" contents="العقوبات والجزاءات:" script="typed" language="arabic"> </DL_ZONE>
			<DL_ZONE gedi_type="TextRegion" id="16" nextZoneID="185" col="1181" row="897" width="250" height="55" contents="ملاحظات عن اللاعب" script="typed" language="arabic"> </DL_ZONE>
			<DL_ZONE gedi_type="TextRegion" id="185" col="561" row="880" width="591" height="81" contents="لاعبة ممتازة ومنضبطة" script="hand" language="arabic"> </DL_ZONE>
			<DL_ZONE gedi_type="TextRegion" id="186" col="899" row="1014" width="544" height="433" contents="مسوغات اللاعب&#10;صورة شهادة الميلاد&#10;صورة جواز سفر&#10;صورة شخصية للاعب (4*6)&#10;صورة للاعب داخل الملعب (من1إلى 5 صور)&#10;صورة شهادة الخبرة" script="typed" language="arabic"> </DL_ZONE>
			<DL_ZONE gedi_type="GraphicRegion" id="187" function="underlined-field" polygon="(350,927);(1178,921);(1176,943);(349,945)"> </DL_ZONE>
			<DL_ZONE gedi_type="GraphicRegion" id="188" col="374" row="327" width="817" height="16" function="underlined-field"> </DL_ZONE>
			<DL_ZONE gedi_type="GraphicRegion" id="189" col="386" row="401" width="842" height="16" function="underlined-field"> </DL_ZONE>
			<DL_ZONE gedi_type="GraphicRegion" id="190" col="505" row="557" width="499" height="16" function="underlined-field"> </DL_ZONE>
			<DL_ZONE gedi_type="GraphicRegion" id="191" col="462" row="629" width="831" height="16" function="underlined-field"> </DL_ZONE>
			<DL_ZONE gedi_type="GraphicRegion" id="192" col="401" row="703" width="832" height="19" function="underlined-field"> </DL_ZONE>
			<DL_ZONE gedi_type="GraphicRegion" id="193" col="373" row="779" width="841" height="19" function="underlined-field"> </DL_ZONE>
			<DL_ZONE gedi_type="GraphicRegion" id="194" col="360" row="853" width="847" height="17" function="underlined-field"> </DL_ZONE>
			<DL_ZONE gedi_type="LineDrawingRegion" id="195" col="1054" row="849" width="78" height="23"> </DL_ZONE>
			<DL_ZONE gedi_type="NoiseRegion" id="31" col="725" row="134" width="38" height="19"> </DL_ZONE>
			<DL_ZONE gedi_type="NoiseRegion" id="196" col="2" row="2318" width="1692" height="20"> </DL_ZONE>
		</DL_PAGE>
	</DL_DOCUMENT>
</GEDI>