<?xml version="1.0" encoding="UTF-8"?>
<!--GEDI was developed at Language and Media Processing Laboratory, University of Maryland.-->

<GEDI xmlns="http://lamp.cfar.umd.edu/media/projects/GEDI/" GEDI_version="2.3.19" GEDI_date="12/23/2011">
	<USER name="MDR-P4" date="3/29/2013 10:26" dateFormat="mm/dd/yyyy hh:mm">	</USER>
	<USER name="Mdr-P5" date="3/22/2013 16:38" dateFormat="mm/dd/yyyy hh:mm">	</USER>
	<DL_DOCUMENT src="THTULB.tif" docTag="xml" NrOfPages="1">
		<DL_PAGE gedi_type="DL_PAGE" src="THTULB.tif" pageID="1" width="2544" height="3456" Language_2="" Language_4="" Language_3="" Receiver_Company="" Receiver_Address="" Sender_Company="" Sender_Phone="" Receiver_Fax="" Document_Location="" Receiver_Phone="" Sender_Fax="" Category="C4" Document_Date="" Document_Object="ORDONNANCE" Language_1="french" NumPage="1" Receiver_Name="Didier SOVI" Sender_Address="7 RUE DES JARDINS 68500 RIMBACHZELL" Sender_Name="Kelly SIMON" Script_1="typed" Script_2="hand">
			<DL_ZONE gedi_type="TextRegion" id="1" col="1428" row="293" width="651" height="201" contents="Consultations :&#10;Du lundi au vendredi : 8h30 à 10h&#10;Samedi sur rendez-vous" script="typed" language="french"> </DL_ZONE>
			<DL_ZONE gedi_type="TextRegion" id="2" col="317" row="277" width="748" height="357" contents="Docteur : SIMON Kelly&#10;Maladies nerveuses&#10;Adresse : 7 Rue des Jardins&#10;68500 RIMBACHZELL" script="typed" function_1="coordinates" language="french"> </DL_ZONE>
			<DL_ZONE gedi_type="TextRegion" id="3" polygon="(439,855);(308,1054);(379,1278);(535,1333);(568,1710);(1276,1721);(1532,1653);(2412,1057);(2388,792)" contents="Veuillez faire pratiquer ¤{a/à}¤ Mr SOVI Didier,&#10;39 ans , des examens en ¤{complement/complément}¤ du scanner.&#10;Notamment,&#10;Une ¤{arteriographie/artériographie}¤&#10;Un Doppler&#10;Un Electromyogramme." script="hand" language="french"> </DL_ZONE>
			<DL_ZONE gedi_type="TextRegion" id="4" col="1778" row="2738" width="399" height="114" contents="Dr SIMON" script="hand" language="french"> </DL_ZONE>
			<DL_ZONE gedi_type="TextRegion" id="5" col="584" row="3240" width="1285" height="99" contents="Membre d'une association agréée. Règlement par chèque accepté." script="typed" function_1="footer" language="french"> </DL_ZONE>
			<DL_ZONE gedi_type="GraphicRegion" id="9" col="1713" row="2533" width="426" height="182" function="signature"> </DL_ZONE>
			<DL_ZONE gedi_type="Group" id="10" col="1703" row="2523" width="484" height="339" elements="4;9"> </DL_ZONE>
			<DL_ZONE gedi_type="NoiseRegion" id="11" col="5" row="3432" width="1003" height="24"> </DL_ZONE>
			<DL_ZONE gedi_type="LineDrawingRegion" id="15" col="385" row="1338" width="120" height="52"> </DL_ZONE>
			<DL_ZONE gedi_type="LineDrawingRegion" id="16" col="390" row="1486" width="123" height="55"> </DL_ZONE>
			<DL_ZONE gedi_type="LineDrawingRegion" id="17" col="401" row="1617" width="115" height="55"> </DL_ZONE>
		</DL_PAGE>
	</DL_DOCUMENT>
</GEDI>