<?xml version="1.0" encoding="UTF-8"?>
<!--GEDI was developed at Language and Media Processing Laboratory, University of Maryland.-->

<GEDI xmlns="http://lamp.cfar.umd.edu/media/projects/GEDI/" GEDI_version="2.3.19" GEDI_date="12/23/2011">
	<USER name="MDR-P6" date="10/12/2012 13:43" dateFormat="mm/dd/yyyy hh:mm">	</USER>
	<USER name="MDR-P8" date="1/31/2013 19:43" dateFormat="mm/dd/yyyy hh:mm">	</USER>
	<USER name="Mdr-P5" date="1/16/2013 15:59" dateFormat="mm/dd/yyyy hh:mm">	</USER>
	<DL_DOCUMENT src="TKWYXR.tif" docTag="xml" NrOfPages="1">
		<DL_PAGE gedi_type="DL_PAGE" src="TKWYXR.tif" pageID="1" width="1651" height="2335" Language_2="" Document_Date="" Language_4="" Receiver_Name="" Language_3="" Receiver_Company="" Receiver_Address="" Sender_Company="" Sender_Phone="" Receiver_Fax="" Document_Location="" Receiver_Phone="" Sender_Address="" Sender_Fax="" Category="C3" Document_Object="CARTE POUR LA FÊTE DES MÈRES" Language_1="french" NumPage="1" Script_1="hand" Script_2="typed" Sender_Name="Ingrid">
			<DL_ZONE gedi_type="TextRegion" id="1" polygon="(260,260);(248,324);(280,940);(740,948);(782,930);(782,834);(1474,840);(1500,772);(1498,748);(1118,734);(1114,586);(1504,592);(1500,412);(924,392);(906,236)" contents="Ma P'tite Maman,&#10;Toujours aussi peu d'imagination et d'originalité&#10;mais toujours autant d'amour et de tendresse&#10;pour cette nouvelle fête des mères.&#10;Je te souhaite une merveilleuse fête des mères !&#10;Je t'aime très fort." script="hand" function_1="text_section" language="french"> </DL_ZONE>
			<DL_ZONE gedi_type="TextRegion" id="2" polygon="(870,980);(852,1068);(960,1102);(1040,1054);(1032,990)" contents="Ingrid" script="hand" language="french"> </DL_ZONE>
			<DL_ZONE gedi_type="GraphicRegion" id="4" function="drawing" polygon="(1254,1014);(1314,1098);(1330,1098);(1380,1024);(1374,992);(1338,996);(1324,1012);(1314,998);(1282,1002)"> </DL_ZONE>
			<DL_ZONE gedi_type="TextRegion" id="6" col="1064" row="1850" width="368" height="250" contents="Je t'aime&#10;Maman !" script="typed" language="french"> </DL_ZONE>
			<DL_ZONE gedi_type="GraphicRegion" id="7" function="drawing" polygon="(194,1898);(206,2008);(430,2008);(648,2074);(772,2146);(972,2226);(1034,2230);(1002,2116);(1052,2026);(1062,1816);(1058,1714);(1486,1780);(1482,1712);(1474,1642);(1290,1592);(1152,1606);(1060,1298);(994,1298);(480,1670)"> </DL_ZONE>
			<DL_ZONE gedi_type="NoiseRegion" id="8" col="1632" row="6" width="12" height="2302"> </DL_ZONE>
			<DL_ZONE gedi_type="ImageRegion" id="9" polygon="(708,1527);(700,1729);(720,2070);(772,2090);(919,2078);(1037,2035);(1056,1935);(1047,1756);(1029,1602);(1000,1435);(918,1375)"> </DL_ZONE>
		</DL_PAGE>
	</DL_DOCUMENT>
</GEDI>