<?xml version="1.0" encoding="UTF-8"?>
<!--GEDI was developed at Language and Media Processing Laboratory, University of Maryland.-->

<GEDI xmlns="http://lamp.cfar.umd.edu/media/projects/GEDI/" GEDI_version="2.3.19" GEDI_date="12/23/2011">
	<USER name="MDR-P1" date="9/18/2012 10:36" dateFormat="mm/dd/yyyy hh:mm">	</USER>
	<USER name="MDR-P6" date="10/31/2012 13:08" dateFormat="mm/dd/yyyy hh:mm">	</USER>
	<USER name="MDR-P7" date="9/19/2012 14:21" dateFormat="mm/dd/yyyy hh:mm">	</USER>
	<USER name="MDR-P8" date="3/22/2013 17:34" dateFormat="mm/dd/yyyy hh:mm">	</USER>
	<DL_DOCUMENT src="TTUSQP.tif" docTag="xml" NrOfPages="1">
		<DL_PAGE gedi_type="DL_PAGE" src="TTUSQP.tif" pageID="1" width="1651" height="2335" Language_2="" Language_3="" Sender_Company="" Receiver_Fax="" Script_2="" Receiver_Phone="" Sender_Fax="" Category="C3" Document_Date="13/09/2012" Document_Location="PUXIEUX" Language_1="french" Document_Object="VENTE DE L'APPARTEMENT SITUÉ À 25 GRAND RUE" Language_4="" NumPage="1" Script_1="hand" Receiver_Company="IMOBI AGENCE" Sender_Phone="+33(0)3.37.36.84.90" Receiver_Address="72 GRAND RUE 54800 PUXIEUX" Sender_Address="25 GRAND RUE 54800 PUXIEUX" Sender_Name="Evelyne FERNANDES" Receiver_Name="Bertrand">
			<DL_ZONE gedi_type="TextRegion" id="1" col="58" row="115" width="516" height="278" contents="Fernandes Evelyne&#10;25 Grand rue&#10;54800 Puxieux .&#10;Tel : 03 . 37 . 36 . 84. 90" script="hand" function_1="coordinates" language="french"> </DL_ZONE>
			<DL_ZONE gedi_type="TextRegion" id="3" col="917" row="356" width="578" height="72" contents="A Puxieux, le 13/09/2012" script="hand" function_2="location" function_1="date" language="french"> </DL_ZONE>
			<DL_ZONE gedi_type="TextRegion" id="5" col="730" row="490" width="789" height="243" contents="IMobi agence&#10;A l'attention de Monsieur Bertrand&#10;72 Grand rue .&#10;54 800 Puxieux ." script="hand" function_1="coordinates" language="french"> </DL_ZONE>
			<DL_ZONE gedi_type="TextRegion" id="7" col="62" row="759" width="1341" height="101" contents="objet : Vente de l'appartement situé à 25 Grand rue" script="hand" function_1="object" language="french"> </DL_ZONE>
			<DL_ZONE gedi_type="NoiseRegion" id="9" col="1623" row="0" width="27" height="2331"> </DL_ZONE>
			<DL_ZONE gedi_type="TextRegion" id="10" col="71" row="909" width="1547" height="867" contents="Monsieur Bertrand ,&#10;J'ai l'honneur de vous informer que je vends mon appartement&#10;situé ¤{à/au}¤ 25 Grand rue .&#10;J'ai pris la décision au moin d'¤{Aout/Août}¤ et comme je n'ai&#10;encore jamais vendu un bien et n'avais aucune idée&#10;du prix que je ¤{pourrai/pourrais}¤ demander , sauf les indications&#10;dans les journaux .&#10;J'ai pensé donc passer par vous , pour avoir des conseils .&#10;En vous remerciant pour vos prestations , je vous prie&#10;d'agréer , Monsieur , l'expression de mes salutations distinguées" script="hand" function_1="text_section" language="french"> </DL_ZONE>
			<DL_ZONE gedi_type="GraphicRegion" id="14" col="1003" row="1896" width="179" height="170" function="signature"> </DL_ZONE>
			<DL_ZONE gedi_type="TextRegion" id="15" col="122" row="1784" width="486" height="94" contents="Fernandes Evelyne" script="hand" language="french"> </DL_ZONE>
			<DL_ZONE gedi_type="Group" id="16" col="112" row="1774" width="1080" height="302" elements="14;15"> </DL_ZONE>
		</DL_PAGE>
	</DL_DOCUMENT>
</GEDI>