<?xml version="1.0" encoding="UTF-8"?>
<!--GEDI was developed at Language and Media Processing Laboratory, University of Maryland.-->

<GEDI xmlns="http://lamp.cfar.umd.edu/media/projects/GEDI/" GEDI_version="2.3.19" GEDI_date="12/23/2011">
	<USER name="Catherine MAUPLOT" date="11/30/2012 7:12" dateFormat="mm/dd/yyyy hh:mm">	</USER>
	<USER name="MDR-P4" date="2/8/2013 18:17" dateFormat="mm/dd/yyyy hh:mm">	</USER>
	<USER name="MDR-P8" date="5/28/2013 15:20" dateFormat="mm/dd/yyyy hh:mm">	</USER>
	<DL_DOCUMENT src="TYMAYO.tif" docTag="xml" NrOfPages="1">
		<DL_PAGE gedi_type="DL_PAGE" src="TYMAYO.tif" pageID="1" width="1651" height="2335" Language_2="" Language_4="" Language_3="" Receiver_Company="" Sender_Phone="" Receiver_Fax="" Receiver_Phone="" Category="C4" Document_Date="21/08/2012" Document_Location="SUCY EN BRIE" Document_Object="NOTIFICATION DE MUTATION" Language_1="french" NumPage="1" Receiver_Address="20, BD DIDEROT 75012 PARIS" Script_1="typed" Script_2="hand" Sender_Address="51, RUE DE LA FOSSE ROUGE 94370 SUCY EN BRIE" Sender_Company="LIBREO" Sender_Fax="¤{+33(0)1.40.43.46.00|+33(0)1.40.43.46.01}¤" Receiver_Name="Liliane SOUCCI" Sender_Name="Simo¤N¤">
			<DL_ZONE gedi_type="TextRegion" id="1" col="214" row="238" width="338" height="334" contents="LibreO&#10;51, rue de la fosse rouge&#10;94370 Sucy en Brie&#10;01.40.43.46.00&#10;01.40.43.46.01&#10;www.libre0.net" script="typed" language="french"> </DL_ZONE>
			<DL_ZONE gedi_type="TextRegion" id="2" col="774" row="596" width="320" height="184" contents="Madame Liliane Soucci,&#10;20, bd Diderot&#10;75012 Paris" script="typed" function_1="coordinates" language="french"> </DL_ZONE>
			<DL_ZONE gedi_type="TextRegion" id="3" col="772" row="862" width="426" height="42" contents="A Sucy en Brie, le 21 août  2012" script="typed" function_2="date" function_1="location" language="french"> </DL_ZONE>
			<DL_ZONE gedi_type="TextRegion" id="4" col="216" row="988" width="1082" height="41" contents="Objet : Notification de votre mutation au sein de notre établissement de Sannary" script="typed" function_1="object" language="french"> </DL_ZONE>
			<DL_ZONE gedi_type="TextRegion" id="5" col="206" row="1098" width="1216" height="530" contents="Madame,&#10;Nous vous proposons, par la présente lettre, une mutation au sein de notre établissement&#10;de Sannary situé 15, rue Bouquet.&#10;Ce projet de mutation est motivé pour les raisons suivantes : manque de personnel&#10;dans l'établissement, ancienneté.&#10;Nous vous laissons jusqu'au 21 octobre 2012 pour nous faire part de votre décision. A&#10;défaut de réponse de votre part, passé ce délai, nous ¤{considérons/considérerons}¤ que vous refusez notre&#10;proposition et pourrons en déduire toutes les conséquences qui s'imposent.&#10;Nous vous informons que les autres éléments de votre contrat de travail demeurent&#10;inchangés.&#10;Nous vous prions d'agréer, Madame, l'expression de nos salutations distinguées." script="typed" function_1="text_section" language="french"> </DL_ZONE>
			<DL_ZONE gedi_type="TextRegion" id="6" col="751" row="1762" width="203" height="194" contents="Simo¤r¤" script="hand" language="french"> </DL_ZONE>
		</DL_PAGE>
	</DL_DOCUMENT>
</GEDI>