<?xml version="1.0" encoding="UTF-8"?>
<!--GEDI was developed at Language and Media Processing Laboratory, University of Maryland.-->

<GEDI xmlns="http://lamp.cfar.umd.edu/media/projects/GEDI/" GEDI_version="2.3.19" GEDI_date="12/23/2011">
	<USER name="MDR-P8" date="4/24/2013 17:37" dateFormat="mm/dd/yyyy hh:mm">	</USER>
	<USER name="MDR-R1" date="4/11/2013 12:02" dateFormat="mm/dd/yyyy hh:mm">	</USER>
	<USER name="MDR-R2" date="4/11/2013 12:53" dateFormat="mm/dd/yyyy hh:mm">	</USER>
	<USER name="MDR-R4" date="4/12/2013 17:12" dateFormat="mm/dd/yyyy hh:mm">	</USER>
	<USER name="MDR-R6" date="4/22/2013 9:10" dateFormat="mm/dd/yyyy hh:mm">	</USER>
	<DL_DOCUMENT src="UABVHM.tif" docTag="xml" NrOfPages="1">
		<DL_PAGE gedi_type="DL_PAGE" src="UABVHM.tif" pageID="1" width="1700" height="2338" Language_4="" Receiver_Name="" Language_3="" Receiver_Address="" Sender_Company="" Receiver_Fax="" Script_2="" Receiver_Phone="" Category="C3" Document_Date="28/02/2013" Document_Location="العرائش" Document_Object="طلب انتقال مدرسي" Language_1="arabic" Language_2="french" NumPage="1" Receiver_Company="مدرسة إمام الشافعي" Script_1="hand" Sender_Address="شارع صلاح الدين الأيوبي العرائش 92000" Sender_Fax="+212(0)5.39.52.02.63" Sender_Phone="+212(0)5.39.52.02.62" Sender_Name="نجمة الفرا">
			<DL_ZONE gedi_type="TextRegion" id="1" col="15" row="57" width="529" height="97" contents="العرائش : 28 فبراير 2013" script="hand" function_2="date" function_1="location" language="arabic"> </DL_ZONE>
			<DL_ZONE gedi_type="TextRegion" id="2" col="924" row="225" width="662" height="363" contents="الفرا نجمة&#10;شارع صلاح الدين الأيوبي&#10;العرائش - 92000&#10;الهاتف : 05.39.52.02.62&#10;الفاكس : 05.39.52.02.63" script="hand" function_1="coordinates" language="arabic"> </DL_ZONE>
			<DL_ZONE gedi_type="TextRegion" id="3" col="683" row="766" width="836" height="108" contents="الموضوع : طلب إنتقال مدرسي:" script="hand" function_1="object" language="arabic"> </DL_ZONE>
			<DL_ZONE gedi_type="TextRegion" id="4" col="54" row="605" width="878" height="125" contents="إلى السيد مدير مدرسة إمام الشافعي" script="hand" language="arabic"> </DL_ZONE>
			<DL_ZONE gedi_type="TextRegion" id="5" polygon="(1613,901);(784,887);(333,865);(150,872);(133,1528);(123,1880);(248,1884);(1641,1913)" contents="أما بعد، يسرني أن أكتب إليكم هذه الرسالة لأبلغكم من&#10;خلالها عن رغبتي الملحة في ¤{أخد/أخذ}¤ إنتقال إبني من مدرستكم&#10;إلى مدرسة إبن زيدون القريبة من محل إقامتي الجديدة،&#10;الموجودة بشارع صلاح الدين الأيوبي.&#10;وما يزيد من فخري وامتناني كون إبني كان يحصل على&#10;أعلى العلامات ما يدل على مستوى التدريس الجيد وعلى&#10;كفاءة المدرسين لدى مؤسستكم، لكن لسوء الحظ اضطررت&#10;لطلب هذا الانتقال بسبب شراء منزلي الجديد والبعيد&#10;عن مكان وجود مؤسستكم.&#10;وتقبلوا، سيدي المدير فائق احترامي وتقديري" script="hand" function_1="text_section" language="arabic"> </DL_ZONE>
			<DL_ZONE gedi_type="TextRegion" id="6" col="147" row="1904" width="334" height="112" contents="الفرا نجمة" script="hand" language="arabic"> </DL_ZONE>
			<DL_ZONE gedi_type="TextRegion" id="7" col="260" row="2070" width="93" height="100" contents="Cng" script="hand" language="french"> </DL_ZONE>
			<DL_ZONE gedi_type="NoiseRegion" id="10" col="195" row="587" width="12" height="11"> </DL_ZONE>
			<DL_ZONE gedi_type="GraphicRegion" id="14" col="255" row="2056" width="266" height="121" function="signature"> </DL_ZONE>
			<DL_ZONE gedi_type="Group" id="15" col="137" row="1894" width="394" height="293" elements="6;7;14"> </DL_ZONE>
			<DL_ZONE gedi_type="NoiseRegion" id="20" col="649" row="2277" width="23" height="12"> </DL_ZONE>
			<DL_ZONE gedi_type="NoiseRegion" id="21" col="1439" row="2325" width="218" height="12"> </DL_ZONE>
			<DL_ZONE gedi_type="NoiseRegion" id="22" col="6" row="1253" width="7" height="1074"> </DL_ZONE>
			<DL_ZONE gedi_type="NoiseRegion" id="23" col="3" row="4" width="5" height="298"> </DL_ZONE>
		</DL_PAGE>
	</DL_DOCUMENT>
</GEDI>