<?xml version="1.0" encoding="UTF-8"?>
<!--GEDI was developed at Language and Media Processing Laboratory, University of Maryland.-->

<GEDI xmlns="http://lamp.cfar.umd.edu/media/projects/GEDI/" GEDI_version="2.3.19" GEDI_date="12/23/2011">
	<USER name="MDR-P8" date="4/24/2013 17:37" dateFormat="mm/dd/yyyy hh:mm">	</USER>
	<USER name="MDR-R2" date="4/22/2013 9:34" dateFormat="mm/dd/yyyy hh:mm">	</USER>
	<USER name="MDR_R8" date="4/17/2013 13:59" dateFormat="mm/dd/yyyy hh:mm">	</USER>
	<DL_DOCUMENT src="UBIPBC.tif" docTag="xml" NrOfPages="1">
		<DL_PAGE gedi_type="DL_PAGE" src="UBIPBC.tif" pageID="1" width="1651" height="2335" Language_2="" Sender_Name="" Document_Date="" Language_4="" Receiver_Name="" Language_3="" Receiver_Company="" Receiver_Address="" Sender_Company="" Sender_Phone="" Receiver_Fax="" Script_2="" Document_Location="" Receiver_Phone="" Sender_Address="" Sender_Fax="" Category="C2" Document_Object="مقال صحفي" Language_1="arabic" NumPage="1" Script_1="typed" GEDI_orientation="90">
			<DL_ZONE gedi_type="TextRegion" id="1" col="412" row="1491" width="85" height="462" contents="تجاذب ثلاثي الطرف بين واشنطن وموسكو وبكين" script="typed" function_1="title" language="arabic"> </DL_ZONE>
			<DL_ZONE gedi_type="GraphicRegion" id="2" col="375" row="1472" width="160" height="500" function="other"> </DL_ZONE>
			<DL_ZONE gedi_type="TextRegion" id="3" col="378" row="398" width="658" height="500" nextZoneID="4" contents="نادراً ما اعطي حدثٌ تفسيرات مغلوطة، من ناحية&#10;انعكاسه على العلاقات الدولية، كما اعطيت الاعتداءات&#10;على نيويورك وواشنطن. فكثيراً ما أعيد التذكير بهجوم&#10;بيرل هاربر الذي وقع في 7 كانون الأول/ديسمبر عام &#10;1941. وبالنسبة الى دعاة الحرب فان لهذا النوع&#10;من المقارنة بعداً وظيفياً واضحاً، هو تبرير الصيغة&#10;الجديدة للنزعة التدخلية لدى واشنطن. فبعد &quot;الحرب&#10;الانسانية&quot; التي خاضتها إدارة كلينتون، ها هي إدارة&#10;بوش الجديدة، وتحت شعار &quot;الحرب على الارهاب&quot;،&#10;تقرر المساهمة في تصويب المسار على مستوى العالم.&#10;وفي الوقت نفسه تعمل وزارة الخارجية على تعميم رسالة&#10;تُنقل على نطاق واسع في وسائل الاعلام، توضح أن&#10;الولايات المتحدة اختارت أخيراً هذا الموقف &quot;التعددي&#10;الطرف&quot; بعدما بدا ان الفريق الجديد في البيت الأبيض&#10;قد رفضه في بادئ الأمر [2] . لكن يمكن استخلاص&#10;الكثير من العبر في هذا المجال عبر مقارنة الحوادث&#10;الجارية بحرب الخليج. ففي تلك الحقبة، ومن أجل" script="typed" function_1="text_section" language="arabic"> </DL_ZONE>
			<DL_ZONE gedi_type="TextRegion" id="4" col="382" row="934" width="895" height="503" nextZoneID="5" contents="مصالحة بلاده والرأي العام مع الحرب، حرص الرئيس&#10;جورج بوش الأب على إحاطة نفسه بتحالف دولي واسع&#10;[3] ، وعلى تأمين التغطية عبر قرارات الأمم المتحدة&#10;وعلى الحصول على مشاركة موسكو وبكين، الناشطة&#10;او المتغاضية. إضافة الى الكثير من العوامل التي&#10;أدت دوراً حاسماً للحصول، في كانون الثاني/يناير عام &#10;1991، على الضوء الأخضر من الكونغرس، وبأغلبية&#10;ضئيلة، من أجل استخدام القوات المسلحة الأميركية.&#10;وبعد عشر سنين يغرق الرئيس جورج بوش الابن، الذي&#10;يستبعد ان يعود الى هذا النوع من &quot;تعددية الطرف&quot;،&#10;يغرق اكثر في &quot;التصرف الاحادي الجانب&quot; تحت غطاء&#10;&quot;التحالف&quot;، وهذا ما اوضحه جيداً السيد أوبير فيدرين&#10;حين قال: &quot;إن الولايات المتحدة تبقى ميالة الى التصرف&#10;المنفرد حتى في عودتها الى الالتزام&quot; [4] . ولنعد&#10;الى المقارنة بحرب الخليج. ففي العام 1991 تصرفت&#10;الولايات المتحدة في إطار مهمة كلفها إياها مجلس&#10;الأمن الدولي، حتى وإن كانت هذه الحرب تخاض عملياً&#10;باسم الأمم المتحدة من دون ان تخوضها هي بنفسها،&#10;وهذا ما لم يتوانَ عن الاشارة اليه أمينها العام وقتذاك&#10;السيد خافيير بيريز ديكويلار. وقد اتخذت إدارة الرئيس&#10;بوش الأب الذريعة نفسها، اي محدودية المهمة التي&#10;كلفتها إياها الأمم المتحدة إضافة الى تمنيات حلفائها&#10;الإقليميين كيلا تصل بجيشها الى بغداد لاسقاط نظام&#10;الرئيس صدام حسين. والعكس يجري هذه المرة،" script="typed" function_1="text_section" language="arabic"> </DL_ZONE>
			<DL_ZONE gedi_type="TextRegion" id="5" col="553" row="1470" width="732" height="504" contents="فبحسب ما صدر عن وزير الدفاع دونالد رامسفيلد،&#10;&quot;إن طبيعة المهمة هي التي تحدد طبيعة التحالف،&#10;ولن نسمح للتحالفات بأن تحدد طبيعة المهمة&quot; [5] .&#10;وبالطبع فان واشنطن هي التي تحدد هذه المهمة.&#10;وبناء عليه، تعمدت الولايات المتحدة رفض عرض&#10;مجلس الأمن الذي أعلن عن استعداده، بناء على&#10;القرار 1368 الصادر في 12 أيلول/سبتمبر، لاتخاذ جميع&#10;الاجراءات الضرورية من أجل رد انتقامي على اعتداءات&#10;اليوم السابق وذلك في إطار ميثاق الأمم المتحدة. كما&#10;انها رفضت عرض حلفائها الاكثر قرباً الذين سارعوا&#10;الى إثارة موضوع المادة الخامسة من معاهدة حلف&#10;¤{الطلسي/الأطلسي}¤ للمرة الأولى، وهي تنص على التضامن&#10;الدفاعي بين الدول الأعضاء في حلف الأطلسي. فقد&#10;فضلت خوض الحرب وحدها مع الحليف الوفي انتوني &#10;لير (وقد باتت بعض الألسنة الخبيثة تسميه &quot;نائب&#10;رئيس الولايات المتحدة بلير&quot;) ¤{وأحتفظت/واحتفظت }¤ لنفسها بحق&#10;دعوة حلفائها الى المشاركة العسكرية إفرادياً، وبحسب&#10;حاجاتها، وبناء على شروطها الخاصة وتحت قيادتها&#10;المطلقة." script="typed" function_1="text_section" language="arabic"> </DL_ZONE>
			<DL_ZONE gedi_type="ImageRegion" id="6" col="1049" row="509" width="206" height="276"> </DL_ZONE>
			<DL_ZONE gedi_type="GraphicRegion" id="7" col="1038" row="397" width="226" height="498" function="other"> </DL_ZONE>
			<DL_ZONE gedi_type="NoiseRegion" id="8" col="1626" row="5" width="24" height="2326"> </DL_ZONE>
		</DL_PAGE>
	</DL_DOCUMENT>
</GEDI>