<?xml version="1.0" encoding="UTF-8"?>
<!--GEDI was developed at Language and Media Processing Laboratory, University of Maryland.-->

<GEDI xmlns="http://lamp.cfar.umd.edu/media/projects/GEDI/" GEDI_version="2.3.19" GEDI_date="12/23/2011">
	<USER name="MDR-P6" date="4/22/2013 15:58" dateFormat="mm/dd/yyyy hh:mm">	</USER>
	<USER name="Mdr-P5" date="4/16/2013 10:03" dateFormat="mm/dd/yyyy hh:mm">	</USER>
	<DL_DOCUMENT src="UGJEDL.tif" docTag="xml" NrOfPages="1">
		<DL_PAGE gedi_type="DL_PAGE" src="UGJEDL.tif" pageID="1" width="1728" height="2149" Language_2="" Receiver_Name="" Language_4="" Language_3="" Sender_Company="" Receiver_Fax="" Receiver_Phone="" Category="C3" Document_Date="¤{20/06/2012|01/03/2013}¤" Document_Location="SCHIRMECK" Document_Object="DEMANDE DE DEROGATION" Language_1="french" Script_1="hand" Script_2="typed" Sender_Address="18 RUE RUELLE SAULCY 67130 SCHIRMECK" Sender_Name="Maëva CARRE" Sender_Phone="+33(0)3.79.98.11.81" Sender_Fax="+33(0)1.45.22.32.14" NumPage="1" Receiver_Company="ECOLE ELEMENTAIRE PRIMAIRE" Receiver_Address="30 RUE PRINCIPALE 67130 SCHIRMECK" GEDI_orientation="180">
			<DL_ZONE gedi_type="TextRegion" id="1" col="73" row="0" width="1530" height="34" rotation="180" contents="Fax émis par : 0145223214 01-03-13 12:29 Pg : 1/1" script="typed" function_2="date" function_1="footer" language="french"> </DL_ZONE>
			<DL_ZONE gedi_type="TextRegion" id="2" col="1081" row="1805" width="571" height="332" contents="Madame CARRE Maëva&#10;18 ruelle Saulcy&#10;67 130 Schirmeck&#10;03.79.98.11.81" script="hand" function_1="coordinates" language="french"> </DL_ZONE>
			<DL_ZONE gedi_type="TextRegion" id="3" col="18" row="1471" width="602" height="295" contents="ECOLE ELEMENTAIRE PRIMAIRE&#10;A M. LE DIRECTEUR&#10;30, rue Principale&#10;67 130 SCHIRMECK" script="hand" function_1="coordinates" language="french"> </DL_ZONE>
			<DL_ZONE gedi_type="TextRegion" id="4" col="74" row="1369" width="535" height="97" contents="Schirmeck, le 20/06/12" script="hand" function_2="location" function_1="date" language="french"> </DL_ZONE>
			<DL_ZONE gedi_type="TextRegion" id="5" col="1034" row="1355" width="640" height="98" contents="Objet : Demande de dérogation" script="hand" function_1="object" language="french"> </DL_ZONE>
			<DL_ZONE gedi_type="TextRegion" id="6" polygon="(892,1317);(1137,1334);(1594,1327);(1694,1090);(1687,808);(1671,427);(1687,247);(1657,199);(618,203);(377,294);(88,290);(42,404);(70,941);(48,1198);(84,1259);(892,1266)" contents="Cher Monsieur Le Directeur,&#10;Je me permets de vous contacter dans le cadre de la nouvelle inscription&#10;scolaire de mon fils Antoine CARRE pour l'année 2012 - 2013 .&#10;En effet mon fils aura 6 ans à compter du 20 Octobre prochain ,&#10;Or pour être admis en première année du primaire un enfant doit avoir&#10;6 ans avant le 30 septembre .&#10;A ce titre , je ¤{souhaiterai/souhaiterais}¤ obtenir une dérogation pour mon fils&#10;afin qu'il puisse commencer l'année scolaire en CP comme il se doit.&#10;Mon fils a les aptitudes requises nécessaires pour l'entrée en CP,&#10;que ce soit en communications verbales ou écrites. Il a également une bonne&#10;connaissance des ¤{lettre/lettres}¤ et des chiffres , ce qui je pense est important en CP.&#10;Je suis à votre entière disposition si vous souhaitez me rencontrer.&#10;Dans l'attente de votre retour, je vous souhaite , Cher Monsieur le&#10;Directeur, l'expression de mes salutations distinguées." script="hand" function_1="text_section" language="french"> </DL_ZONE>
			<DL_ZONE gedi_type="GraphicRegion" id="7" col="242" row="65" width="248" height="155" function="signature"> </DL_ZONE>
			<DL_ZONE gedi_type="NoiseRegion" id="12" col="1666" row="19" width="26" height="443"> </DL_ZONE>
		</DL_PAGE>
	</DL_DOCUMENT>
</GEDI>