<?xml version="1.0" encoding="UTF-8"?>
<!--GEDI was developed at Language and Media Processing Laboratory, University of Maryland.-->

<GEDI xmlns="http://lamp.cfar.umd.edu/media/projects/GEDI/" GEDI_version="2.3.19" GEDI_date="12/23/2011">
	<USER name="MDR-P1" date="3/1/2013 11:25" dateFormat="mm/dd/yyyy hh:mm">	</USER>
	<USER name="MDR-P8" date="2/12/2013 14:58" dateFormat="mm/dd/yyyy hh:mm">	</USER>
	<USER name="MDR-R1" date="11/21/2012 11:42" dateFormat="mm/dd/yyyy hh:mm">	</USER>
	<USER name="MDR-R6" date="11/20/2012 16:13" dateFormat="mm/dd/yyyy hh:mm">	</USER>
	<USER name="MDR-R7" date="2/26/2013 16:22" dateFormat="mm/dd/yyyy hh:mm">	</USER>
	<USER name="MDR_P1" date="2/25/2013 10:22" dateFormat="mm/dd/yyyy hh:mm">	</USER>
	<USER name="Taoudi" date="11/21/2012 13:56" dateFormat="mm/dd/yyyy hh:mm">	</USER>
	<DL_DOCUMENT src="UJQXYD.tif" docTag="xml" NrOfPages="1">
		<DL_PAGE gedi_type="DL_PAGE" src="UJQXYD.tif" pageID="1" width="1700" height="2339" Receiver_Name="" Language_4="" Document_Date="" Language_3="" Receiver_Company="" Receiver_Address="" Receiver_Fax="" Document_Location="" Receiver_Phone="" Category="C4" Document_Object="وصفة طبية" Language_1="arabic" NumPage="1" Language_2="french" Sender_Name="بسيم الذهبي" Sender_Phone="+212(0)5.36.33.80.01" Sender_Fax="+212(0)5.36.33.80.02" Sender_Company="" Sender_Address="شارع سيدي عثمان 62000 الناضور" Script_1="typed" Script_2="hand">
			<DL_ZONE gedi_type="TextRegion" id="1" col="490" row="194" width="602" height="210" contents="الدكتور الذهبي بسيم&#10;اختصاصي أمراض الجلد و الأعضاء التناسلية&#10;الهاتف : 01 80 33 36 05&#10;الفاكس : 02 80 33 36 05" script="typed" function_2="header" function_1="coordinates" language="arabic"> </DL_ZONE>
			<DL_ZONE gedi_type="TextRegion" id="2" col="424" row="466" width="655" height="591" contents="¤آستاف¤&#10;¤جوج¤ كبسولة x اليوم&#10;مكسيلاس&#10;ملعقة صغيرة 3 x اليوم" script="hand" language="arabic"> </DL_ZONE>
			<DL_ZONE gedi_type="TextRegion" id="3" polygon="(322,1178);(346,1093);(554,1086);(648,1098);(681,1164);(385,1198);(314,1198)" contents="D. Bassim" script="hand" language="french"> </DL_ZONE>
			<DL_ZONE gedi_type="SeparatorRegion" id="5" polygon="(325,439);(325,429);(1256,418);(1256,431)"> </DL_ZONE>
			<DL_ZONE gedi_type="SeparatorRegion" id="18" polygon="(292,2029);(292,2017);(1318,1999);(1318,2014)"> </DL_ZONE>
			<DL_ZONE gedi_type="TextRegion" id="19" col="613" row="2039" width="416" height="50" contents="شارع سيدي عثمان 62000 الناضور" script="typed" function_1="footer" language="arabic"> </DL_ZONE>
			<DL_ZONE gedi_type="NoiseRegion" id="21" col="4" row="2326" width="1672" height="12"> </DL_ZONE>
			<DL_ZONE gedi_type="NoiseRegion" id="24" col="1641" row="47" width="59" height="462"> </DL_ZONE>
			<DL_ZONE gedi_type="NoiseRegion" id="26" col="0" row="0" width="18" height="2307"> </DL_ZONE>
			<DL_ZONE gedi_type="GraphicRegion" id="27" function="signature" polygon="(334,1101);(249,1241);(281,1284);(526,1244);(738,1250);(718,1147);(666,1101);(594,1099)"> </DL_ZONE>
		</DL_PAGE>
	</DL_DOCUMENT>
</GEDI>