<?xml version="1.0" encoding="UTF-8"?>
<!--GEDI was developed at Language and Media Processing Laboratory, University of Maryland.-->

<GEDI xmlns="http://lamp.cfar.umd.edu/media/projects/GEDI/" GEDI_version="2.3.19" GEDI_date="12/23/2011">
	<USER name="MDR-P6" date="4/17/2013 14:49" dateFormat="mm/dd/yyyy hh:mm">	</USER>
	<DL_DOCUMENT src="UNJTGJ.tif" docTag="xml" NrOfPages="1">
		<DL_PAGE gedi_type="DL_PAGE" src="UNJTGJ.tif" pageID="1" width="1651" height="2335" Language_2="" Sender_Name="" Receiver_Name="" Language_3="" Receiver_Company="" Receiver_Address="" Sender_Company="" Sender_Phone="" Receiver_Fax="" Document_Location="" Receiver_Phone="" Sender_Address="" Sender_Fax="" Category="C2" Document_Object="PLAN" Language_1="french" Document_Date="10/04/2013" Language_4="" NumPage="1" Script_1="hand" Script_2="typed" GEDI_orientation="270">
			<DL_ZONE gedi_type="TextRegion" id="1" polygon="(994,323);(1011,468);(910,521);(898,513);(881,365)" contents="Place&#10;monde" script="hand" function_1="annotation" language="french"> </DL_ZONE>
			<DL_ZONE gedi_type="TextRegion" id="2" polygon="(1391,676);(1405,770);(1412,909);(1400,1057);(1356,1073);(1346,971);(1356,684)" contents="* Trajet à pied" script="hand" function_1="annotation" language="french"> </DL_ZONE>
			<DL_ZONE gedi_type="TextRegion" id="3" polygon="(1152,1097);(1116,1112);(1131,1199);(1167,1192)" contents="Perrault" script="hand" function_1="annotation" language="french"> </DL_ZONE>
			<DL_ZONE gedi_type="TextRegion" id="4" polygon="(1105,1310);(1094,1315);(1054,1468);(1084,1456);(1135,1322)" contents="Rue ¤{Secrètan/Secrétan}¤" script="hand" function_1="annotation" language="french"> </DL_ZONE>
			<DL_ZONE gedi_type="TextRegion" id="5" polygon="(1091,1771);(1094,1899);(1022,1916);(1011,1790);(1014,1778);(1076,1766)" contents="¤{Mètro/Métro}¤&#10;Jaurès" script="hand" function_1="annotation" language="french"> </DL_ZONE>
			<DL_ZONE gedi_type="TextRegion" id="6" col="675" row="1823" width="385" height="50" rotation="-90" orientationD="325.774" contents="PAR E-MAIL LE 10 MARS 2013" script="typed" function_1="date" language="french"> </DL_ZONE>
			<DL_ZONE gedi_type="GraphicRegion" id="7" col="675" row="1823" width="385" height="50" function="stamp" orientationD="325.774"> </DL_ZONE>
			<DL_ZONE gedi_type="TextRegion" id="8" col="405" row="1528" width="32" height="27" contents="M" script="typed" language="french"> </DL_ZONE>
			<DL_ZONE gedi_type="TextRegion" id="9" col="967" row="1587" width="27" height="33" contents="M" script="typed" language="french"> </DL_ZONE>
			<DL_ZONE gedi_type="LineDrawingRegion" id="10" polygon="(1008,303);(1043,485);(978,512);(998,587);(1002,620);(999,684);(998,766);(1002,825);(1004,849);(997,866);(1006,879);(1019,906);(1028,928);(1031,942);(1029,949);(1016,946);(1011,940);(972,937);(963,902);(982,883);(987,860);(992,841);(990,753);(990,641);(988,611);(978,559);(969,525);(945,532);(921,534);(882,545);(872,549);(875,507);(872,465);(863,403);(858,373);(856,347);(909,317)"> </DL_ZONE>
			<DL_ZONE gedi_type="LineDrawingRegion" id="11" polygon="(991,950);(968,937);(953,944);(957,956);(980,968)"> </DL_ZONE>
			<DL_ZONE gedi_type="LineDrawingRegion" id="12" polygon="(986,982);(964,974);(959,993);(974,1001);(982,1000)"> </DL_ZONE>
			<DL_ZONE gedi_type="LineDrawingRegion" id="13" polygon="(1016,1073);(996,1062);(984,1076);(1002,1088)"> </DL_ZONE>
			<DL_ZONE gedi_type="LineDrawingRegion" id="14" polygon="(1060,1074);(1044,1065);(1022,1073);(1018,1086);(1041,1091);(1052,1086)"> </DL_ZONE>
			<DL_ZONE gedi_type="LineDrawingRegion" id="15" polygon="(1138,1087);(1129,1077);(1114,1073);(1109,1064);(1100,1064);(1083,1088);(1108,1091);(1122,1089);(1128,1101);(1140,1096)"> </DL_ZONE>
			<DL_ZONE gedi_type="LineDrawingRegion" id="16" polygon="(1169,1213);(1147,1195);(1134,1215);(1154,1231)"> </DL_ZONE>
			<DL_ZONE gedi_type="LineDrawingRegion" id="17" polygon="(1159,1242);(1153,1231);(1141,1225);(1127,1230);(1124,1237);(1119,1247);(1120,1257);(1131,1265);(1146,1267);(1154,1262)"> </DL_ZONE>
			<DL_ZONE gedi_type="LineDrawingRegion" id="18" polygon="(1008,1578);(1002,1578);(987,1600);(1006,1607);(1026,1603);(1028,1581);(1023,1575)"> </DL_ZONE>
			<DL_ZONE gedi_type="LineDrawingRegion" id="19" polygon="(984,1609);(1035,1708);(1056,1760);(1087,1746);(1124,1884);(1126,1905);(1108,1914);(1085,1913);(1064,1917);(1039,1927);(1020,1938);(1006,1951);(1005,1915);(1000,1868);(991,1834);(985,1808);(986,1790);(994,1773);(1044,1759);(978,1616)"> </DL_ZONE>
			<DL_ZONE gedi_type="GraphicRegion" id="20" col="375" row="604" width="980" height="1146" function="drawing"> </DL_ZONE>
		</DL_PAGE>
	</DL_DOCUMENT>
</GEDI>