<?xml version="1.0" encoding="UTF-8"?>
<!--GEDI was developed at Language and Media Processing Laboratory, University of Maryland.-->

<GEDI xmlns="http://lamp.cfar.umd.edu/media/projects/GEDI/" GEDI_version="2.3.19" GEDI_date="12/23/2011">
	<USER name="MDR-P2" date="8/14/2012 12:05" dateFormat="mm/dd/yyyy hh:mm">	</USER>
	<USER name="MDR-P4" date="3/22/2013 11:50" dateFormat="mm/dd/yyyy hh:mm">	</USER>
	<USER name="MDR-P6" date="5/28/2013 10:11" dateFormat="mm/dd/yyyy hh:mm">	</USER>
	<USER name="MDR-P8" date="8/16/2012 17:58" dateFormat="mm/dd/yyyy hh:mm">	</USER>
	<DL_DOCUMENT src="UQIVQJ.tif" docTag="xml" NrOfPages="1">
		<DL_PAGE gedi_type="DL_PAGE" src="UQIVQJ.tif" pageID="1" width="825" height="1167" Sender_Name="" Receiver_Company="" Sender_Company="" Sender_Phone="" Receiver_Fax="" Document_Location="" Sender_Address="" Sender_Fax="" Category="C2" Document_Object="INVOICE" Language_1="english" Document_Date="" NumPage="1" Script_1="typed" Receiver_Phone="+44(0)16.18.65.02.89" Script_2="" Language_2="" Language_3="" Language_4="" Receiver_Address="137 BARTON ROAD, STRETFORD, MANCHESTER, M32 8 DN, MANCHESTER" Receiver_Name="Daniel CHAPLAIN">
			<DL_ZONE gedi_type="TextRegion" id="1" col="199" row="73" width="41" height="12" contents="Bill To" script="typed" language="english"> </DL_ZONE>
			<DL_ZONE gedi_type="TextRegion" id="2" col="125" row="90" width="171" height="107" contents="Chaplain Daniel, 137 Barton&#10;Road.,Stretford&#10;Manchester, M32 8 DN&#10;Manchester&#10;Tele. 1618650289" script="typed" function_1="coordinates" language="english"> </DL_ZONE>
			<DL_ZONE gedi_type="TextRegion" id="3" col="527" row="87" width="169" height="110" contents="Chaplain Daniel 137 Barton&#10;Road., Stretford&#10;Manchester, M32 8 DN&#10;Manchester&#10;Tele. 1618650289" script="typed" function_1="coordinates" language="english"> </DL_ZONE>
			<DL_ZONE gedi_type="TextRegion" id="4" col="129" row="236" width="115" height="13" contents="Purchase Order No" script="typed" language="english"> </DL_ZONE>
			<DL_ZONE gedi_type="TextRegion" id="5" col="263" row="237" width="81" height="13" contents="Customer ID" script="typed" language="english"> </DL_ZONE>
			<DL_ZONE gedi_type="TextRegion" id="6" col="401" row="235" width="97" height="15" contents="Sales Person ID" script="typed" language="english"> </DL_ZONE>
			<DL_ZONE gedi_type="TextRegion" id="7" col="532" row="235" width="94" height="17" contents="Payment terms" script="typed" language="english"> </DL_ZONE>
			<DL_ZONE gedi_type="TextRegion" id="8" col="653" row="236" width="66" height="12" contents="Mater No" script="typed" language="english"> </DL_ZONE>
			<DL_ZONE gedi_type="TextRegion" id="9" col="129" row="282" width="34" height="14" contents="566D" script="typed" function_1="reference" language="english"> </DL_ZONE>
			<DL_ZONE gedi_type="TextRegion" id="10" col="273" row="282" width="20" height="12" contents="54" script="typed" language="english"> </DL_ZONE>
			<DL_ZONE gedi_type="TextRegion" id="11" col="411" row="283" width="34" height="15" contents="jd 78" script="typed" language="english"> </DL_ZONE>
			<DL_ZONE gedi_type="TextRegion" id="12" col="545" row="282" width="75" height="17" contents="ON cheque" script="typed" language="english"> </DL_ZONE>
			<DL_ZONE gedi_type="TextRegion" id="13" col="669" row="283" width="12" height="13" contents="8" script="typed" language="english"> </DL_ZONE>
			<DL_ZONE gedi_type="TextRegion" id="14" col="130" row="316" width="52" height="14" contents="Ordered" script="typed" language="english"> </DL_ZONE>
			<DL_ZONE gedi_type="TextRegion" id="15" col="200" row="315" width="51" height="16" contents="Shipped" script="typed" language="english"> </DL_ZONE>
			<DL_ZONE gedi_type="TextRegion" id="16" col="263" row="315" width="53" height="31" contents="item&#10;Number" script="typed" language="english"> </DL_ZONE>
			<DL_ZONE gedi_type="TextRegion" id="17" col="340" row="315" width="68" height="17" contents="Description" script="typed" language="english"> </DL_ZONE>
			<DL_ZONE gedi_type="TextRegion" id="18" col="551" row="317" width="56" height="14" contents="Discount" script="typed" language="english"> </DL_ZONE>
			<DL_ZONE gedi_type="TextRegion" id="19" col="624" row="315" width="60" height="17" contents="Unit Price" script="typed" language="english"> </DL_ZONE>
			<DL_ZONE gedi_type="TextRegion" id="20" col="697" row="315" width="57" height="16" contents="Ext. Price" script="typed" language="english"> </DL_ZONE>
			<DL_ZONE gedi_type="TextRegion" id="21" col="130" row="353" width="17" height="14" contents="20" script="typed" language="english"> </DL_ZONE>
			<DL_ZONE gedi_type="TextRegion" id="22" col="200" row="351" width="20" height="16" contents="15" script="typed" language="english"> </DL_ZONE>
			<DL_ZONE gedi_type="TextRegion" id="23" col="266" row="352" width="16" height="13" contents="67" script="typed" language="english"> </DL_ZONE>
			<DL_ZONE gedi_type="TextRegion" id="24" col="338" row="351" width="194" height="18" contents="Amul cheese P no 46 30kg" script="typed" language="english"> </DL_ZONE>
			<DL_ZONE gedi_type="TextRegion" id="25" col="552" row="351" width="26" height="16" contents="2 %" script="typed" language="english"> </DL_ZONE>
			<DL_ZONE gedi_type="TextRegion" id="26" col="626" row="350" width="52" height="16" contents="Rs. 3800" script="typed" language="english"> </DL_ZONE>
			<DL_ZONE gedi_type="TextRegion" id="27" col="505" row="846" width="61" height="15" contents="Subtotal" script="typed" language="english"> </DL_ZONE>
			<DL_ZONE gedi_type="TextRegion" id="28" col="507" row="865" width="34" height="15" contents="Misc." script="typed" language="english"> </DL_ZONE>
			<DL_ZONE gedi_type="TextRegion" id="29" col="508" row="882" width="63" height="14" contents="TAX 5%" script="typed" language="english"> </DL_ZONE>
			<DL_ZONE gedi_type="TextRegion" id="30" col="507" row="900" width="49" height="17" contents="Freight" script="typed" language="english"> </DL_ZONE>
			<DL_ZONE gedi_type="TextRegion" id="31" col="505" row="921" width="95" height="11" contents="Trade discount" script="typed" language="english"> </DL_ZONE>
			<DL_ZONE gedi_type="TextRegion" id="32" col="508" row="938" width="34" height="12" contents="Total" script="typed" language="english"> </DL_ZONE>
			<DL_ZONE gedi_type="TextRegion" id="33" col="599" row="70" width="46" height="15" contents="Ship To" script="typed" language="english"> </DL_ZONE>
			<DL_ZONE gedi_type="GraphicRegion" id="34" col="116" row="62" width="211" height="142" function="other"> </DL_ZONE>
			<DL_ZONE gedi_type="GraphicRegion" id="35" col="518" row="63" width="206" height="140" function="other"> </DL_ZONE>
			<DL_ZONE gedi_type="TextRegion" id="36" col="701" row="350" width="62" height="17" contents="57000 INR" script="typed" language="english"> </DL_ZONE>
			<DL_ZONE gedi_type="GraphicRegion" id="37" col="498" row="839" width="287" height="134" function="other"> </DL_ZONE>
			<DL_ZONE gedi_type="GraphicRegion" id="38" col="118" row="227" width="651" height="58" function="other"> </DL_ZONE>
			<DL_ZONE gedi_type="TableRegion" id="40" col="118" row="310" width="656" height="518"> </DL_ZONE>
			<DL_ZONE gedi_type="TextRegion" id="41" col="627" row="936" width="71" height="15" contents="INR 61446" script="typed" language="english"> </DL_ZONE>
			<DL_ZONE gedi_type="TextRegion" id="42" col="628" row="846" width="40" height="14" contents="55860" script="typed" language="english"> </DL_ZONE>
			<DL_ZONE gedi_type="TextRegion" id="43" col="625" row="865" width="22" height="11" contents="nil" script="typed" language="english"> </DL_ZONE>
			<DL_ZONE gedi_type="TextRegion" id="44" col="625" row="882" width="33" height="14" contents="5586" script="typed" language="english"> </DL_ZONE>
			<DL_ZONE gedi_type="TextRegion" id="45" col="654" row="901" width="28" height="15" contents="nil" script="typed" language="english"> </DL_ZONE>
			<DL_ZONE gedi_type="TextRegion" id="46" col="627" row="917" width="20" height="17" contents="nil" script="typed" language="english"> </DL_ZONE>
		</DL_PAGE>
	</DL_DOCUMENT>
</GEDI>