<?xml version="1.0" encoding="UTF-8"?>
<!--GEDI was developed at Language and Media Processing Laboratory, University of Maryland.-->

<GEDI xmlns="http://lamp.cfar.umd.edu/media/projects/GEDI/" GEDI_version="2.3.19" GEDI_date="12/23/2011">
	<USER name="MDR-P6" date="4/3/2013 15:03" dateFormat="mm/dd/yyyy hh:mm">	</USER>
	<USER name="MDR-P8" date="4/23/2013 14:29" dateFormat="mm/dd/yyyy hh:mm">	</USER>
	<DL_DOCUMENT src="UTFMBK.tif" docTag="xml" NrOfPages="1">
		<DL_PAGE gedi_type="DL_PAGE" src="UTFMBK.tif" pageID="1" width="1270" height="1754" Language_2="" Document_Date="" Language_4="" Receiver_Name="" Language_3="" Receiver_Company="" Receiver_Address="" Sender_Company="" Receiver_Fax="" Script_2="" Document_Location="" Receiver_Phone="" Sender_Address="" Sender_Fax="" Category="C3" Document_Object="INVITATION" Language_1="french" NumPage="1" Script_1="hand" Sender_Phone="+33(0)3.60.89.76.68" Sender_Name="¤{Claude ROBIN|Aurélie ROBIN}¤">
			<DL_ZONE gedi_type="GraphicRegion" id="1" col="24" row="24" width="1116" height="1540" function="other"> </DL_ZONE>
			<DL_ZONE gedi_type="ImageRegion" id="3" col="50" row="53" width="1072" height="1487"> </DL_ZONE>
			<DL_ZONE gedi_type="TextRegion" id="5" polygon="(444,502);(352,498);(310,598);(178,602);(184,1060);(210,1086);(370,1094);(388,1214);(496,1218);(496,1328);(626,1376);(746,1374);(850,1334);(910,1146);(922,1066);(1016,1060);(1028,1008);(1016,680);(938,516)" contents="M &amp; Mme Robin Claude &amp; Aurélie&#10;sont heureux de vous ¤{invitez/inviter}¤ le dimanche&#10;17 mars 2013 à venir célébrer dans la&#10;magnifique église d'Amance le ¤{baptème/baptême}¤&#10;de Julie. Vous êtes également conviés&#10;à prolonger ce moment autour d'un&#10;repas à la maison, après la cérémonie.&#10;Merci de confirmer votre présence avant le 10&#10;mars au 03.60.89.76.68&#10;Au plaisir de vous revoir&#10;bientôt,&#10;Claude &amp; Aurélie&#10;Robin." script="hand" function_1="text_section" language="french"> </DL_ZONE>
		</DL_PAGE>
	</DL_DOCUMENT>
</GEDI>