<?xml version="1.0" encoding="UTF-8"?>
<!--GEDI was developed at Language and Media Processing Laboratory, University of Maryland.-->

<GEDI xmlns="http://lamp.cfar.umd.edu/media/projects/GEDI/" GEDI_version="2.3.19" GEDI_date="12/23/2011">
	<USER name="MDR-P8" date="2/20/2013 16:05" dateFormat="mm/dd/yyyy hh:mm">	</USER>
	<USER name="MDR-R4" date="12/24/2012 10:50" dateFormat="mm/dd/yyyy hh:mm">	</USER>
	<USER name="MDR-R6" date="12/22/2012 10:22" dateFormat="mm/dd/yyyy hh:mm">	</USER>
	<USER name="MDR_P1" date="2/25/2013 11:36" dateFormat="mm/dd/yyyy hh:mm">	</USER>
	<USER name="MDR_R8" date="12/22/2012 11:04" dateFormat="mm/dd/yyyy hh:mm">	</USER>
	<DL_DOCUMENT src="UYRUFH.tif" docTag="xml" NrOfPages="1">
		<DL_PAGE gedi_type="DL_PAGE" src="UYRUFH.tif" pageID="1" width="1700" height="2338" Document_Date="" Language_4="" Language_3="" Receiver_Company="" Receiver_Address="" Sender_Company="" Receiver_Fax="" Document_Location="" Receiver_Phone="" Category="C3" Document_Object="إعلان عن غياب" Language_1="arabic" NumPage="1" Script_1="hand" Script_2="typed" Sender_Address="شارع مولاي يوسف 50000 مكناس" Sender_Name="فوزية شوري" Receiver_Name="أحمد العلالي" Sender_Fax="¤{+212(0)5.35.52.40.19|+212(0)5.35.52.40.22}¤" Sender_Phone="¤{+212(0)5.35.52.40.19|+212(0)5.35.52.40.22}¤" Language_2="">
			<DL_ZONE gedi_type="TextRegion" id="1" col="847" row="83" width="393" height="120" contents="شارع مولاي يوسف 50000 مكناس&#10;19 40 52 35 05&#10;22 40 52 35 05" script="typed" language="arabic"> </DL_ZONE>
			<DL_ZONE gedi_type="TextRegion" id="2" col="155" row="427" width="1393" height="1160" contents="بسم الله الرحمان الرحيم&#10;إلى زميلي في العمل أحمد العلالي&#10;أحيطكم علما بأنني سأتغيب عن العمل طيلة&#10;الفترة الممتدة ما بين 2011/05/11 إلى 2011/05/20&#10;لذا أرجو منكم أن تقوموا مقامي طيلة هذه المدة&#10;وأن تتصلوا بي عند حصول أي طارئ.&#10;والسلام" script="hand" function_1="text_section" language="arabic"> </DL_ZONE>
			<DL_ZONE gedi_type="TextRegion" id="3" col="491" row="1655" width="346" height="97" contents="شوري فوزية" script="hand" language="arabic"> </DL_ZONE>
			<DL_ZONE gedi_type="GraphicRegion" id="4" col="198" row="110" width="336" height="194" function="logo"> </DL_ZONE>
			<DL_ZONE gedi_type="GraphicRegion" id="12" col="456" row="1780" width="295" height="130" function="signature"> </DL_ZONE>
			<DL_ZONE gedi_type="Group" id="13" col="446" row="1645" width="401" height="275" elements="3;12"> </DL_ZONE>
			<DL_ZONE gedi_type="TextRegion" id="14" col="542" row="2192" width="577" height="47" contents="vehicule@yahoo.fr www.vehicule.co.ma" script="typed" function_1="footer" language="arabic"> </DL_ZONE>
			<DL_ZONE gedi_type="NoiseRegion" id="17" col="1163" row="2324" width="505" height="14"> </DL_ZONE>
			<DL_ZONE gedi_type="NoiseRegion" id="19" col="1591" row="2" width="80" height="135"> </DL_ZONE>
			<DL_ZONE gedi_type="NoiseRegion" id="21" col="0" row="0" width="8" height="2338"> </DL_ZONE>
		</DL_PAGE>
	</DL_DOCUMENT>
</GEDI>