<?xml version="1.0" encoding="UTF-8"?>
<!--GEDI was developed at Language and Media Processing Laboratory, University of Maryland.-->

<GEDI xmlns="http://lamp.cfar.umd.edu/media/projects/GEDI/" GEDI_version="2.3.19" GEDI_date="12/23/2011">
	<USER name="MDR-P6" date="4/22/2013 16:19" dateFormat="mm/dd/yyyy hh:mm">	</USER>
	<USER name="Mdr-P5" date="4/16/2013 9:23" dateFormat="mm/dd/yyyy hh:mm">	</USER>
	<DL_DOCUMENT src="VCXKDF.tif" docTag="xml" NrOfPages="1">
		<DL_PAGE gedi_type="DL_PAGE" src="VCXKDF.tif" pageID="1" width="1700" height="2328" Language_2="" Language_4="" Receiver_Name="" Language_3="" Sender_Company="" Receiver_Fax="" Script_2="" Receiver_Phone="" Sender_Fax="" Category="C3" Document_Date="24/02/2013" Document_Location="PLESNOIS" Document_Object="OPOSITION A MON CHEQUIER" Language_1="french" NumPage="1" Script_1="hand" Receiver_Address="11 RUE DU PUITS 57140 PLESNOIS" Receiver_Company="BANKOS" Sender_Address="1 BIS RUE VILLIERS 57140 PLESNOIS" Sender_Name="Margueritte MENARD" Sender_Phone="+33(0)3.46.43.98.35">
			<DL_ZONE gedi_type="TextRegion" id="1" col="22" row="8" width="647" height="363" contents="Mme MENARD Margueritte&#10;1 , bis rue de Villiers&#10;57 140 PLESNOIS&#10;Tel : 03 46 43 98 35" script="hand" function_1="coordinates" language="french"> </DL_ZONE>
			<DL_ZONE gedi_type="TextRegion" id="2" col="967" row="466" width="516" height="260" contents="BANKOS&#10;11 , rue du puits&#10;57140 PLESNOIS" script="hand" function_1="coordinates" language="french"> </DL_ZONE>
			<DL_ZONE gedi_type="TextRegion" id="3" col="979" row="777" width="526" height="184" contents="PLENOIS&#10;Le 24 février 2013" script="hand" function_2="date" function_1="location" language="french"> </DL_ZONE>
			<DL_ZONE gedi_type="TextRegion" id="4" col="58" row="717" width="618" height="336" contents="objet :&#10;opposition à mon ¤{chèquier/chéquier}¤&#10;Lettre recommandée avec&#10;accusé de réception" script="hand" function_1="object" language="french"> </DL_ZONE>
			<DL_ZONE gedi_type="TextRegion" id="5" polygon="(1660,1092);(46,1096);(96,2243);(879,2254);(1047,2166);(1302,2166);(1653,2123)" contents="Madame, Monsieur,&#10;Je vous ai contacté ce matin par téléphone, pour faire&#10;opposition aux paiements des chèques n° 86 017 , n° 86 018,&#10;et n° 86019 .&#10;Je vous confirme par la présente mon opposition pour&#10;vol des chèques cités ci-dessus de mon compte 045557897.&#10;En effet , ces 3 dernier chèques m'ont été ¤{volé/volés}¤ .&#10;J'ai immédiatement porter plainte à la Gendarmerie ,&#10;Vous trouverez ci-joint le récépissé du dépôt de cette&#10;plainte .&#10;Veuillez , agréer , Madame, Monsieur , à l'expression de mes&#10;sentiments les plus dévoués" script="hand" function_1="text_section" language="french"> </DL_ZONE>
			<DL_ZONE gedi_type="TextRegion" id="6" polygon="(1318,2176);(1018,2240);(1040,2315);(1157,2319);(1343,2276);(1352,2197)" contents="Mme Menard" script="hand" language="french"> </DL_ZONE>
			<DL_ZONE gedi_type="LineDrawingRegion" id="13" polygon="(1324,2248);(1326,2272);(1496,2240);(1498,2214);(1464,2204);(1326,2219);(1152,2247);(970,2295);(956,2310);(970,2322);(1135,2279);(1290,2245);(1397,2226);(1452,2226);(1412,2236)"> </DL_ZONE>
			<DL_ZONE gedi_type="NoiseRegion" id="14" col="825" row="1" width="649" height="262"> </DL_ZONE>
			<DL_ZONE gedi_type="NoiseRegion" id="15" col="1" row="0" width="26" height="2328"> </DL_ZONE>
		</DL_PAGE>
	</DL_DOCUMENT>
</GEDI>