<?xml version="1.0" encoding="UTF-8"?>
<!--GEDI was developed at Language and Media Processing Laboratory, University of Maryland.-->

<GEDI xmlns="http://lamp.cfar.umd.edu/media/projects/GEDI/" GEDI_version="2.3.19" GEDI_date="12/23/2011">
	<USER name="Adil" date="8/10/2012 14:19" dateFormat="mm/dd/yyyy hh:mm">	</USER>
	<USER name="MDR-P6" date="5/28/2013 11:01" dateFormat="mm/dd/yyyy hh:mm">	</USER>
	<USER name="MDR-P7" date="8/16/2012 12:36" dateFormat="mm/dd/yyyy hh:mm">	</USER>
	<USER name="MDR-P8" date="10/29/2012 19:22" dateFormat="mm/dd/yyyy hh:mm">	</USER>
	<USER name="Soukaina" date="8/13/2012 12:28" dateFormat="mm/dd/yyyy hh:mm">	</USER>
	<DL_DOCUMENT src="VDEVOU.tif" docTag="xml" NrOfPages="1">
		<DL_PAGE gedi_type="DL_PAGE" src="VDEVOU.tif" pageID="1" width="1651" height="2335" Language_2="" Language_4="" Document_Date="" Language_3="" Receiver_Company="" Sender_Company="" Receiver_Fax="" Document_Location="" Receiver_Phone="" Category="C3" Language_1="french" NumPage="1" Receiver_Address="3, ROUTE DU HAVRE 2707 AUVRAY" Script_1="hand" Script_2="typed" Sender_Address="1, RUE DES BLEUETS APPENWIHR 68280" Document_Object="DÉCLARATION D'UNE FUITE D'EAU" Sender_Name="Olivia PARIS" Sender_Fax="¤{+33(0)3.42.88.70.06|+33(0)3.42.88.70.08}¤" Sender_Phone="¤{+33(0)3.42.88.70.06|+33(0)3.42.88.70.08}¤" Receiver_Name="BERGSON">
			<DL_ZONE gedi_type="TextRegion" id="1" col="187" row="103" width="245" height="241" contents="Olivia Paris&#10;1, rue des Bleuets&#10;Appenwihr&#10;68280&#10;03.42.88.70.06&#10;03.42.88.70.08" script="typed" function_1="coordinates" language="french"> </DL_ZONE>
			<DL_ZONE gedi_type="TextRegion" id="2" col="1034" row="427" width="551" height="283" contents="à Mme Bergson&#10;3, route du Havre&#10;2707 Auvray" script="hand" function_1="coordinates" language="french"> </DL_ZONE>
			<DL_ZONE gedi_type="TextRegion" id="3" polygon="(1606,2016);(703,2048);(672,2116);(74,2162);(33,771);(509,771);(508,909);(1609,887);(1627,1524);(1610,1927)" contents="Madame,&#10;Je me permets de vous écrire suite à&#10;la réception de l'état des lieux fait par&#10;l'agence Immobilière IMMOTEL ce mois de&#10;juillet 2008, et concernant l'appartement&#10;du 1, rue des Bleuets. En effet, j'ai&#10;Constaté à mon arrivée dans le logement&#10;une fuite d'eau persistante au niveau&#10;du plafond de la salle de bain,&#10;ayant provoqué des tâches sur la&#10;peinture.&#10;Je reste à votre disposition pour toute&#10;question.&#10;Cordialement," script="hand" function_1="text_section" language="french"> </DL_ZONE>
			<DL_ZONE gedi_type="TextRegion" id="4" col="613" row="2123" width="405" height="118" contents="03.42.88.70.06 03.42.88.70.08&#10;Olivia.paris@mail.com&#10;www.oliviaparis.fr" script="typed" function_1="footer" language="french"> </DL_ZONE>
			<DL_ZONE gedi_type="TextRegion" id="5" col="1217" row="2043" width="364" height="59" contents="Olivia Paris" script="hand" language="french"> </DL_ZONE>
			<DL_ZONE gedi_type="GraphicRegion" id="6" col="1288" row="2107" width="273" height="88" function="signature"> </DL_ZONE>
			<DL_ZONE gedi_type="GraphicRegion" id="7" col="827" row="162" width="410" height="220" function="logo"> </DL_ZONE>
			<DL_ZONE gedi_type="Group" id="8" col="1207" row="2033" width="384" height="172" elements="5;6"> </DL_ZONE>
			<DL_ZONE gedi_type="NoiseRegion" id="9" col="1628" row="1" width="21" height="2333"> </DL_ZONE>
		</DL_PAGE>
	</DL_DOCUMENT>
</GEDI>