<?xml version="1.0" encoding="UTF-8"?>
<!--GEDI was developed at Language and Media Processing Laboratory, University of Maryland.-->

<GEDI xmlns="http://lamp.cfar.umd.edu/media/projects/GEDI/" GEDI_version="2.3.19" GEDI_date="12/23/2011">
	<USER name="MDR-P8" date="4/24/2013 17:37" dateFormat="mm/dd/yyyy hh:mm">	</USER>
	<USER name="MDR-R2" date="4/12/2013 8:24" dateFormat="mm/dd/yyyy hh:mm">	</USER>
	<USER name="MDR-R4" date="4/12/2013 16:55" dateFormat="mm/dd/yyyy hh:mm">	</USER>
	<USER name="MDR-R9" date="4/11/2013 15:02" dateFormat="mm/dd/yyyy hh:mm">	</USER>
	<DL_DOCUMENT src="VEXCXL.tif" docTag="xml" NrOfPages="1">
		<DL_PAGE gedi_type="DL_PAGE" src="VEXCXL.tif" pageID="1" width="1700" height="2300" Language_2="" Language_4="" Language_3="" Receiver_Company="" Receiver_Address="" Sender_Company="" Sender_Phone="" Receiver_Fax="" Document_Location="" Sender_Address="" Receiver_Phone="" Sender_Fax="" Category="C4" Document_Date="10/10/2009" Document_Object="وصفة طبية" Language_1="arabic" NumPage="1" Script_1="hand" Script_2="typed" Sender_Name="حكيم المرابط" Receiver_Name="أمين الخالقي">
			<DL_ZONE gedi_type="TextRegion" id="1" col="1354" row="355" width="167" height="51" nextZoneID="2" contents="الإسم :" script="typed" language="arabic"> </DL_ZONE>
			<DL_ZONE gedi_type="TextRegion" id="2" col="1027" row="339" width="317" height="73" contents="الخالقي أمين" script="hand" language="arabic"> </DL_ZONE>
			<DL_ZONE gedi_type="TextRegion" id="3" col="1360" row="426" width="163" height="62" nextZoneID="12" contents="تحريرا في" script="typed" language="arabic"> </DL_ZONE>
			<DL_ZONE gedi_type="TextRegion" id="5" col="1081" row="440" width="55" height="37" contents="200" script="typed" function_1="date" language="arabic"> </DL_ZONE>
			<DL_ZONE gedi_type="TextRegion" id="6" col="558" row="369" width="133" height="51" nextZoneID="8" contents="العيادة :" script="typed" language="arabic"> </DL_ZONE>
			<DL_ZONE gedi_type="TextRegion" id="7" col="490" row="449" width="206" height="53" nextZoneID="9" contents="إستشارة يوم :" script="typed" language="arabic"> </DL_ZONE>
			<DL_ZONE gedi_type="TextRegion" id="8" polygon="(94,370);(542,364);(552,426);(420,443);(293,454);(95,467)" contents="الدكتور المرابط حكيم" script="hand" language="arabic"> </DL_ZONE>
			<DL_ZONE gedi_type="TextRegion" id="9" polygon="(167,466);(322,456);(474,460);(471,507);(294,511);(162,510)" contents="2009 / 10 / 10" script="hand" function_1="date" language="arabic"> </DL_ZONE>
			<DL_ZONE gedi_type="TextRegion" id="10" col="420" row="645" width="1169" height="451" contents="① رينوميسين ← 3 مرات في اليوم&#10;② دوليبران ← 2 مرات في اليوم&#10;③ أستاف ← 3 مرات في اليوم" script="hand" language="arabic"> </DL_ZONE>
			<DL_ZONE gedi_type="TextRegion" id="12" col="1287" row="442" width="51" height="37" nextZoneID="15" contents="10" script="hand" function_1="date" language="arabic"> </DL_ZONE>
			<DL_ZONE gedi_type="TextRegion" id="13" col="1196" row="437" width="55" height="43" nextZoneID="16" contents="10" script="hand" function_1="date" language="arabic"> </DL_ZONE>
			<DL_ZONE gedi_type="TextRegion" id="14" col="1138" row="434" width="31" height="42" nextZoneID="5" contents="9" script="hand" function_1="date" language="arabic"> </DL_ZONE>
			<DL_ZONE gedi_type="TextRegion" id="15" polygon="(1270,438);(1285,442);(1278,476);(1267,477)" nextZoneID="13" contents="/" script="typed" function_1="date" language="arabic"> </DL_ZONE>
			<DL_ZONE gedi_type="TextRegion" id="16" polygon="(1177,442);(1189,440);(1181,476);(1172,473)" nextZoneID="14" contents="/" script="typed" function_1="date" language="arabic"> </DL_ZONE>
			<DL_ZONE gedi_type="NoiseRegion" id="19" col="161" row="2288" width="1498" height="10"> </DL_ZONE>
			<DL_ZONE gedi_type="NoiseRegion" id="20" col="650" row="2240" width="20" height="13"> </DL_ZONE>
		</DL_PAGE>
	</DL_DOCUMENT>
</GEDI>