<?xml version="1.0" encoding="UTF-8"?>
<!--GEDI was developed at Language and Media Processing Laboratory, University of Maryland.-->

<GEDI xmlns="http://lamp.cfar.umd.edu/media/projects/GEDI/" GEDI_version="2.3.19" GEDI_date="12/23/2011">
	<USER name="Catherine MAUPLOT" date="12/14/2012 11:18" dateFormat="mm/dd/yyyy hh:mm">	</USER>
	<USER name="Mdr-P5" date="1/29/2013 13:12" dateFormat="mm/dd/yyyy hh:mm">	</USER>
	<DL_DOCUMENT src="VJQTGC.tif" docTag="xml" NrOfPages="1">
		<DL_PAGE gedi_type="DL_PAGE" src="VJQTGC.tif" pageID="1" width="1660" height="2288" Language_2="" Sender_Name="" Receiver_Name="" Language_4="" Language_3="" Receiver_Company="" Receiver_Address="" Sender_Company="" Sender_Phone="" Receiver_Fax="" Document_Location="" Sender_Address="" Receiver_Phone="" Sender_Fax="" Category="C2" Document_Object="PLAN DE MAISON" Language_1="french" NumPage="1" Script_1="hand" Script_2="typed" Document_Date="10/12/2012">
			<DL_ZONE gedi_type="TextRegion" id="1" col="46" row="6" width="1424" height="35" contents="10 12 12 17:33  p.9" script="typed" function_2="date" function_1="header" language="french"> </DL_ZONE>
			<DL_ZONE gedi_type="NoiseRegion" id="2" col="18" row="2236" width="1084" height="50"> </DL_ZONE>
			<DL_ZONE gedi_type="GraphicRegion" id="3" function="drawing" polygon="(202,1878);(1468,1880);(1480,1368);(812,1348);(804,732);(672,380);(532,380);(236,412)"> </DL_ZONE>
			<DL_ZONE gedi_type="LineDrawingRegion" id="4" col="796" row="1580" width="64" height="54"> </DL_ZONE>
			<DL_ZONE gedi_type="LineDrawingRegion" id="5" col="844" row="1485" width="84" height="76"> </DL_ZONE>
			<DL_ZONE gedi_type="TextRegion" id="6" polygon="(264,1674);(402,1662);(446,1705);(460,1768);(385,1818);(302,1810);(296,1749);(266,1734)" contents="Cuisine&#10;à&#10;refaire" script="hand" function_1="annotation" language="french"> </DL_ZONE>
			<DL_ZONE gedi_type="TextRegion" id="7" polygon="(622,1738);(644,1749);(688,1790);(681,1818);(632,1829);(605,1820);(592,1788)" contents="S.B&#10;2" script="hand" function_1="annotation" language="french"> </DL_ZONE>
			<DL_ZONE gedi_type="TextRegion" id="8" polygon="(266,1482);(365,1486);(388,1517);(446,1509);(452,1558);(429,1577);(394,1568);(285,1600)" contents="Salle&#10;à manger" script="hand" function_1="annotation" language="french"> </DL_ZONE>
			<DL_ZONE gedi_type="TextRegion" id="9" polygon="(766,1429);(914,1429);(962,1462);(1021,1490);(1004,1506);(781,1536);(752,1516)" contents="Agrandir&#10;la chambre" script="hand" function_1="annotation" language="french"> </DL_ZONE>
			<DL_ZONE gedi_type="TextRegion" id="10" polygon="(1346,1702);(1416,1700);(1434,1740);(1388,1790);(1360,1782);(1342,1768)" contents="S.B&#10;1" script="hand" language="french"> </DL_ZONE>
			<DL_ZONE gedi_type="TextRegion" id="11" polygon="(1246,1445);(1385,1433);(1417,1485);(1434,1518);(1405,1557);(1250,1590);(1237,1526)" contents="Chambre&#10;principale" script="hand" function_1="annotation" language="french"> </DL_ZONE>
			<DL_ZONE gedi_type="LineDrawingRegion" id="21" col="272" row="1677" width="24" height="9"> </DL_ZONE>
			<DL_ZONE gedi_type="TextRegion" id="22" polygon="(520,824);(650,840);(728,977);(549,1034);(501,897)" contents="réduire&#10;le &#10;Salon" script="hand" function_1="annotation" language="french"> </DL_ZONE>
		</DL_PAGE>
	</DL_DOCUMENT>
</GEDI>