<?xml version="1.0" encoding="UTF-8"?>
<!--GEDI was developed at Language and Media Processing Laboratory, University of Maryland.-->

<GEDI xmlns="http://lamp.cfar.umd.edu/media/projects/GEDI/" GEDI_version="2.3.19" GEDI_date="12/23/2011">
	<USER name="MDR-P1" date="9/18/2012 14:36" dateFormat="mm/dd/yyyy hh:mm">	</USER>
	<USER name="MDR-P2" date="8/22/2012 10:39" dateFormat="mm/dd/yyyy hh:mm">	</USER>
	<USER name="MDR-P6" date="5/28/2013 11:38" dateFormat="mm/dd/yyyy hh:mm">	</USER>
	<USER name="MDR-P7" date="9/27/2012 13:33" dateFormat="mm/dd/yyyy hh:mm">	</USER>
	<USER name="MDR-P8" date="9/21/2012 15:34" dateFormat="mm/dd/yyyy hh:mm">	</USER>
	<USER name="MDR_R8" date="10/25/2012 16:10" dateFormat="mm/dd/yyyy hh:mm">	</USER>
	<DL_DOCUMENT src="VOSNOB.tif" docTag="xml" NrOfPages="1">
		<DL_PAGE gedi_type="DL_PAGE" src="VOSNOB.tif" pageID="1" width="1651" height="2335" Sender_Company="" Document_Location="" Sender_Address="" Sender_Fax="" Document_Date="06/08/2012" Document_Object="FACTURE" Receiver_Company="3 STRIKES" Receiver_Address="RUE DU MOULIN 90 1465 TOURINNES LAMBERT" Sender_Phone="+33(0)3.66.44.87.33" Category="C2" Language_1="french" NumPage="1" Script_1="hand" Script_2="typed" Language_3="" Language_4="" Language_2="english" Receiver_Phone="+33(0)1.07.01.47.4X" Receiver_Fax="+33(0)1.07.01.47.4X" Receiver_Name="Albert JOURDAN" Sender_Name="LACROIX">
			<DL_ZONE gedi_type="TextRegion" id="1" polygon="(672,244);(677,183);(841,159);(921,203);(930,246)" contents="3 strikes" script="typed" language="english"> </DL_ZONE>
			<DL_ZONE gedi_type="TextRegion" id="2" col="331" row="290" width="291" height="101" contents="Rue du Moulin 90&#10;1465 Tourinnes Lambert&#10;Tél/Fax: 010 70 14 74" script="typed" function_1="coordinates" language="french"> </DL_ZONE>
			<DL_ZONE gedi_type="TextRegion" id="3" nextZoneID="73" col="1074" row="292" width="164" height="33" contents="Facture n°:" script="typed" language="french"> </DL_ZONE>
			<DL_ZONE gedi_type="TextRegion" id="4" col="1058" row="394" width="214" height="43" contents="FACTURE" script="typed" function_2="object" function_1="title" language="french"> </DL_ZONE>
			<DL_ZONE gedi_type="TextRegion" id="5" col="400" row="526" width="148" height="33" contents="Adressé à" script="typed" language="french"> </DL_ZONE>
			<DL_ZONE gedi_type="TextRegion" id="6" nextZoneID="74" col="171" row="581" width="67" height="26" contents="Nom" script="typed" language="french"> </DL_ZONE>
			<DL_ZONE gedi_type="TextRegion" id="7" nextZoneID="97" col="172" row="616" width="104" height="27" contents="Adresse" script="typed" language="french"> </DL_ZONE>
			<DL_ZONE gedi_type="TextRegion" id="8" nextZoneID="75" col="171" row="650" width="143" height="32" contents="Code postal" script="typed" language="french"> </DL_ZONE>
			<DL_ZONE gedi_type="TextRegion" id="9" nextZoneID="76" col="172" row="683" width="129" height="33" contents="Téléphone" script="typed" language="french"> </DL_ZONE>
			<DL_ZONE gedi_type="TextRegion" id="10" nextZoneID="77" col="572" row="650" width="96" height="29" contents="Localité" script="typed" language="french"> </DL_ZONE>
			<DL_ZONE gedi_type="TextRegion" id="11" nextZoneID="78" col="1002" row="578" width="57" height="28" contents="Date" script="typed" language="french"> </DL_ZONE>
			<DL_ZONE gedi_type="TextRegion" id="12" nextZoneID="79" col="1001" row="614" width="120" height="28" contents="Référence" script="typed" language="french"> </DL_ZONE>
			<DL_ZONE gedi_type="TextRegion" id="13" nextZoneID="80" col="1000" row="646" width="147" height="33" contents="Responsable" script="typed" language="french"> </DL_ZONE>
			<DL_ZONE gedi_type="TextRegion" id="14" nextZoneID="81" col="1001" row="682" width="66" height="29" contents="TVA" script="typed" language="french"> </DL_ZONE>
			<DL_ZONE gedi_type="TextRegion" id="15" col="174" row="763" width="136" height="30" contents="Référence" script="typed" language="french"> </DL_ZONE>
			<DL_ZONE gedi_type="TextRegion" id="16" col="348" row="764" width="118" height="29" contents="Quantité" script="typed" language="french"> </DL_ZONE>
			<DL_ZONE gedi_type="TextRegion" id="17" col="493" row="763" width="157" height="31" contents="Description" script="typed" language="french"> </DL_ZONE>
			<DL_ZONE gedi_type="TextRegion" id="18" col="1020" row="764" width="73" height="28" contents="Code" script="typed" language="french"> </DL_ZONE>
			<DL_ZONE gedi_type="TextRegion" id="19" col="1182" row="764" width="60" height="26" contents="P.U." script="typed" language="french"> </DL_ZONE>
			<DL_ZONE gedi_type="TextRegion" id="20" col="1325" row="763" width="116" height="28" contents="Montant" script="typed" language="french"> </DL_ZONE>
			<DL_ZONE gedi_type="TextRegion" id="21" col="161" row="820" width="147" height="40" contents="ZA7180" script="hand" function_1="reference" language="french"> </DL_ZONE>
			<DL_ZONE gedi_type="TextRegion" id="23" col="156" row="984" width="161" height="42" contents="ZK6020" script="hand" function_1="reference" language="french"> </DL_ZONE>
			<DL_ZONE gedi_type="TextRegion" id="25" col="160" row="1212" width="150" height="48" contents="ZT4021" script="hand" function_1="reference" language="french"> </DL_ZONE>
			<DL_ZONE gedi_type="TextRegion" id="26" col="377" row="818" width="30" height="41" contents="1" script="hand" language="french"> </DL_ZONE>
			<DL_ZONE gedi_type="TextRegion" id="28" col="359" row="980" width="40" height="36" contents="1" script="hand" language="french"> </DL_ZONE>
			<DL_ZONE gedi_type="TextRegion" id="31" polygon="(960,920);(487,942);(490,880);(470,820);(573,794);(698,793);(988,796);(989,826)" contents="- Réfrigérateur de 120 pouces&#10;de Modèle Samvoy&#10;capable de congél¤er¤ un&#10;aliment après 10 minutes ." script="hand" language="french"> </DL_ZONE>
			<DL_ZONE gedi_type="TextRegion" id="33" polygon="(461,1235);(474,962);(969,958);(1015,1107);(978,1293);(930,1365);(657,1422);(475,1433)" contents="- Téléviseur de 110 pouces&#10;avec écran en couleur&#10;avec distance d'allumage&#10;de haute portée (échantillon&#10;en mode prototype souhaitable)&#10;Regina marque souhaitée&#10;pour le prototype .&#10;- un climatiseur de type&#10;20 pouces avec vitesse&#10;qui va au-delà de la norme&#10;de fabrication. Marque&#10;Sama pour le prototype&#10;souhaité -" script="hand" language="french"> </DL_ZONE>
			<DL_ZONE gedi_type="TextRegion" id="36" col="1006" row="832" width="108" height="47" contents="3728" script="hand" function_1="reference" language="french"> </DL_ZONE>
			<DL_ZONE gedi_type="TextRegion" id="39" col="1014" row="1025" width="97" height="46" contents="4531" script="hand" function_1="reference" language="french"> </DL_ZONE>
			<DL_ZONE gedi_type="TextRegion" id="40" col="1007" row="1172" width="113" height="45" contents="5430" script="hand" function_1="reference" language="french"> </DL_ZONE>
			<DL_ZONE gedi_type="TextRegion" id="46" col="1319" row="802" width="141" height="52" contents="300 €" script="hand" language="french"> </DL_ZONE>
			<DL_ZONE gedi_type="TextRegion" id="48" col="1303" row="956" width="135" height="53" contents="400 €" script="hand" language="french"> </DL_ZONE>
			<DL_ZONE gedi_type="TextRegion" id="51" nextZoneID="64" col="1321" row="1710" width="63" height="34" contents="910" script="hand" language="french"> </DL_ZONE>
			<DL_ZONE gedi_type="TextRegion" id="52" nextZoneID="68" col="1323" row="1829" width="74" height="39" contents="910" script="hand" language="french"> </DL_ZONE>
			<DL_ZONE gedi_type="TextRegion" id="53" col="410" row="1710" width="232" height="35" contents="Détails paiement" script="typed" language="french"> </DL_ZONE>
			<DL_ZONE gedi_type="TextRegion" id="54" col="485" row="1768" width="125" height="30" contents="Virement" script="typed" language="french"> </DL_ZONE>
			<DL_ZONE gedi_type="TextRegion" id="55" col="487" row="1802" width="100" height="35" contents="Chèque" script="typed" language="french"> </DL_ZONE>
			<DL_ZONE gedi_type="TextRegion" id="56" col="486" row="1841" width="127" height="34" contents="Comptant" script="typed" language="french"> </DL_ZONE>
			<DL_ZONE gedi_type="TextRegion" id="57" col="431" row="1876" width="354" height="31" contents="Réf à rappeler: 2009031" script="typed" function_1="reference" language="french"> </DL_ZONE>
			<DL_ZONE gedi_type="TextRegion" id="58" nextZoneID="51" col="1166" row="1711" width="110" height="25" contents="Total htva" script="typed" language="french"> </DL_ZONE>
			<DL_ZONE gedi_type="TextRegion" id="59" col="1042" row="1740" width="234" height="29" contents="TVA 0,00%" script="typed" language="french"> </DL_ZONE>
			<DL_ZONE gedi_type="TextRegion" id="60" col="1208" row="1773" width="69" height="25" contents="6,00%" script="typed" language="french"> </DL_ZONE>
			<DL_ZONE gedi_type="TextRegion" id="61" col="1193" row="1801" width="82" height="28" contents="21,00%" script="typed" language="french"> </DL_ZONE>
			<DL_ZONE gedi_type="TextRegion" id="62" nextZoneID="52" col="1129" row="1829" width="147" height="30" contents="TOTAL tvac" script="typed" language="french"> </DL_ZONE>
			<DL_ZONE gedi_type="TextRegion" id="63" col="1156" row="1860" width="118" height="27" contents="Dont TVA" script="typed" language="french"> </DL_ZONE>
			<DL_ZONE gedi_type="TextRegion" id="64" col="1437" row="1711" width="23" height="29" contents="€" script="typed" language="french"> </DL_ZONE>
			<DL_ZONE gedi_type="TextRegion" id="65" col="1390" row="1742" width="67" height="26" contents="0,00 €" script="typed" language="french"> </DL_ZONE>
			<DL_ZONE gedi_type="TextRegion" id="66" col="1388" row="1770" width="68" height="26" contents="0,00 €" script="typed" language="french"> </DL_ZONE>
			<DL_ZONE gedi_type="TextRegion" id="67" col="1390" row="1803" width="69" height="25" contents="0,00 €" script="typed" language="french"> </DL_ZONE>
			<DL_ZONE gedi_type="TextRegion" id="68" col="1438" row="1831" width="23" height="25" contents="€" script="typed" language="french"> </DL_ZONE>
			<DL_ZONE gedi_type="TextRegion" id="69" col="1388" row="1860" width="70" height="27" contents="0,00 €" script="typed" language="french"> </DL_ZONE>
			<DL_ZONE gedi_type="TextRegion" id="70" col="168" row="1970" width="1248" height="65" contents="Les conditions générales de ventes applicables sont reprises au verso du présent document et sont supposées&#10;avoir été lues et approuvées par le client." script="typed" language="french"> </DL_ZONE>
			<DL_ZONE gedi_type="TextRegion" id="71" col="295" row="2093" width="1034" height="29" contents="TVA : BE 0765 590 892 - RPM Nivelles - CBC : 732 5951903 59 - Dexia : 908 2304603 07" script="typed" function_2="reference" function_1="footer" language="french"> </DL_ZONE>
			<DL_ZONE gedi_type="SeparatorRegion" id="72" col="93" row="2057" width="1403" height="22"> </DL_ZONE>
			<DL_ZONE gedi_type="TextRegion" id="73" col="1266" row="277" width="140" height="53" contents="724001" script="hand" function_1="reference" language="french"> </DL_ZONE>
			<DL_ZONE gedi_type="TextRegion" id="74" col="359" row="561" width="171" height="51" contents="LACROIX" script="hand" language="french"> </DL_ZONE>
			<DL_ZONE gedi_type="TextRegion" id="75" col="355" row="647" width="138" height="35" contents="54 320" script="hand" language="french"> </DL_ZONE>
			<DL_ZONE gedi_type="TextRegion" id="76" col="352" row="682" width="324" height="38" contents="03.66.44.87.33" script="hand" language="french"> </DL_ZONE>
			<DL_ZONE gedi_type="TextRegion" id="77" col="691" row="638" width="179" height="46" contents="MAXEVILLE" script="hand" language="french"> </DL_ZONE>
			<DL_ZONE gedi_type="TextRegion" id="78" col="1156" row="572" width="238" height="36" contents="06 - 08 - 12" script="hand" function_1="date" language="french"> </DL_ZONE>
			<DL_ZONE gedi_type="TextRegion" id="79" col="1186" row="611" width="261" height="33" contents="1020ZA4419" script="hand" function_1="reference" language="french"> </DL_ZONE>
			<DL_ZONE gedi_type="TextRegion" id="80" col="1167" row="642" width="392" height="41" contents="Monsieur ALBERT Joudan" script="hand" language="french"> </DL_ZONE>
			<DL_ZONE gedi_type="TextRegion" id="81" col="1196" row="680" width="92" height="39" contents="0 %" script="hand" language="french"> </DL_ZONE>
			<DL_ZONE gedi_type="SeparatorRegion" id="82" col="119" row="446" width="1393" height="21"> </DL_ZONE>
			<DL_ZONE gedi_type="GraphicRegion" id="83" col="348" row="606" width="596" height="14" function="underlined-field"> </DL_ZONE>
			<DL_ZONE gedi_type="GraphicRegion" id="84" col="349" row="642" width="594" height="11" function="underlined-field"> </DL_ZONE>
			<DL_ZONE gedi_type="GraphicRegion" id="85" col="351" row="675" width="201" height="13" function="underlined-field"> </DL_ZONE>
			<DL_ZONE gedi_type="GraphicRegion" id="86" col="350" row="712" width="589" height="10" function="underlined-field"> </DL_ZONE>
			<DL_ZONE gedi_type="GraphicRegion" id="87" col="682" row="676" width="258" height="12" function="underlined-field"> </DL_ZONE>
			<DL_ZONE gedi_type="GraphicRegion" id="88" col="1150" row="607" width="320" height="12" function="underlined-field"> </DL_ZONE>
			<DL_ZONE gedi_type="GraphicRegion" id="89" col="1151" row="641" width="326" height="10" function="underlined-field"> </DL_ZONE>
			<DL_ZONE gedi_type="GraphicRegion" id="90" col="1152" row="671" width="324" height="14" function="underlined-field"> </DL_ZONE>
			<DL_ZONE gedi_type="GraphicRegion" id="91" col="1149" row="707" width="326" height="13" function="underlined-field"> </DL_ZONE>
			<DL_ZONE gedi_type="GraphicRegion" id="92" function="form-field" polygon="(413,1792);(400,1794);(395,1782);(402,1767);(418,1770);(423,1782)"> </DL_ZONE>
			<DL_ZONE gedi_type="GraphicRegion" id="93" function="form-field" polygon="(407,1827);(395,1827);(394,1814);(405,1802);(417,1806);(421,1821)"> </DL_ZONE>
			<DL_ZONE gedi_type="GraphicRegion" id="94" function="form-field" polygon="(410,1867);(396,1862);(398,1847);(411,1837);(425,1852)"> </DL_ZONE>
			<DL_ZONE gedi_type="GraphicRegion" id="95" col="1284" row="1708" width="192" height="186" function="other"> </DL_ZONE>
			<DL_ZONE gedi_type="GraphicRegion" id="96" col="146" row="1958" width="1322" height="89" function="other"> </DL_ZONE>
			<DL_ZONE gedi_type="TextRegion" id="97" polygon="(355,646);(368,610);(883,608);(876,642);(450,646)" contents="25 RUE R MIESENBACH" script="hand" language="french"> </DL_ZONE>
			<DL_ZONE gedi_type="LineDrawingRegion" id="98" polygon="(387,1785);(405,1757);(434,1763);(422,1798)"> </DL_ZONE>
			<DL_ZONE gedi_type="GraphicRegion" id="102" col="378" row="1757" width="478" height="171" function="other"> </DL_ZONE>
			<DL_ZONE gedi_type="TextRegion" id="103" col="363" row="1207" width="28" height="38" contents="1" script="hand" language="french"> </DL_ZONE>
			<DL_ZONE gedi_type="TextRegion" id="104" col="1302" row="1162" width="131" height="51" contents="210 €" script="hand" language="french"> </DL_ZONE>
			<DL_ZONE gedi_type="NoiseRegion" id="105" col="1630" row="0" width="19" height="2333"> </DL_ZONE>
			<DL_ZONE gedi_type="Group" id="106" col="377" row="1747" width="243" height="61" elements="54;92;98"> </DL_ZONE>
		</DL_PAGE>
	</DL_DOCUMENT>
</GEDI>