<?xml version="1.0" encoding="UTF-8"?>
<!--GEDI was developed at Language and Media Processing Laboratory, University of Maryland.-->

<GEDI xmlns="http://lamp.cfar.umd.edu/media/projects/GEDI/" GEDI_version="2.3" GEDI_date="01/21/2010">
	<USER name="Amina" date="9/18/2012 19:02" dateFormat="mm/dd/yyyy hh:mm">	</USER>
	<USER name="MDR-P8" date="10/24/2012 18:25" dateFormat="mm/dd/yyyy hh:mm">	</USER>
	<USER name="MDR-R2" date="11/5/2012 15:25" dateFormat="mm/dd/yyyy hh:mm">	</USER>
	<USER name="MDR-R6" date="10/25/2012 17:27" dateFormat="mm/dd/yyyy hh:mm">	</USER>
	<USER name="Soukaina" date="8/24/2012 13:04" dateFormat="mm/dd/yyyy hh:mm">	</USER>
	<USER name="amina" date="9/19/2012 1:12" dateFormat="mm/dd/yyyy hh:mm">	</USER>
	<USER name="asmae" date="8/29/2012 9:41" dateFormat="mm/dd/yyyy hh:mm">	</USER>
	<DL_DOCUMENT src="VRGDXP.tif" docTag="xml" NrOfPages="1">
		<DL_PAGE gedi_type="DL_PAGE" src="VRGDXP.tif" pageID="1" width="1700" height="2339" Language_2="" Sender_Name="" Receiver_Name="" Language_4="" Document_Date="" Language_3="" Receiver_Company="" Receiver_Address="" Sender_Company="" Sender_Phone="" Script_2="" Receiver_Fax="" Document_Location="" Sender_Address="" Receiver_Phone="" Sender_Fax="" Category="C2" Document_Object="خريطة المكسيك" Language_1="arabic" NumPage="1" Script_1="hand" GEDI_orientation="0">
			<DL_ZONE gedi_type="TextRegion" id="1" col="713" row="1634" width="297" height="82" orientationD="105.39" contents="إنتهاء الرحلة" script="hand" function_1="annotation" language="arabic"> </DL_ZONE>
			<DL_ZONE gedi_type="TextRegion" id="3" col="892" row="1313" width="186" height="92" orientationD="101.793" contents="مكسيكو" script="hand" function_1="annotation" language="arabic"> </DL_ZONE>
			<DL_ZONE gedi_type="LineDrawingRegion" id="5" col="830" row="1540" width="31" height="41" orientationD="104.931"> </DL_ZONE>
			<DL_ZONE gedi_type="LineDrawingRegion" id="6" col="965" row="1217" width="41" height="39" orientationD="85.236"> </DL_ZONE>
			<DL_ZONE gedi_type="LineDrawingRegion" id="7" col="1216" row="1053" width="38" height="37" orientationD="119.197"> </DL_ZONE>
			<DL_ZONE gedi_type="TextRegion" id="8" col="1292" row="1093" width="304" height="63" orientationD="104.082" contents="إنطلاق الرحلة" script="hand" function_1="annotation" language="arabic"> </DL_ZONE>
			<DL_ZONE gedi_type="LineDrawingRegion" id="10" polygon="(1199,1037);(1114,1076);(1005,1161);(976,1218);(950,1288);(909,1360);(854,1440);(842,1514);(863,1518);(888,1429);(971,1312);(1016,1188);(1211,1061)"> </DL_ZONE>
			<DL_ZONE gedi_type="GraphicRegion" id="11" col="33" row="87" width="1630" height="2151" function="drawing"> </DL_ZONE>
			<DL_ZONE gedi_type="NoiseRegion" id="12" col="3" row="2" width="8" height="2337"> </DL_ZONE>
			<DL_ZONE gedi_type="NoiseRegion" id="13" col="1" row="2316" width="1699" height="22"> </DL_ZONE>
			<DL_ZONE gedi_type="TextRegion" id="14" col="795" row="1530" width="187" height="69" orientationD="99.211" contents="¤كلنيان¤" script="hand" function_1="annotation" language="arabic"> </DL_ZONE>
			<DL_ZONE gedi_type="NoiseRegion" id="17" col="1654" row="418" width="29" height="22"> </DL_ZONE>
			<DL_ZONE gedi_type="NoiseRegion" id="18" col="1662" row="1992" width="11" height="16"> </DL_ZONE>
		</DL_PAGE>
	</DL_DOCUMENT>
</GEDI>