<?xml version="1.0" encoding="UTF-8"?>
<!--GEDI was developed at Language and Media Processing Laboratory, University of Maryland.-->

<GEDI xmlns="http://lamp.cfar.umd.edu/media/projects/GEDI/" GEDI_version="2.3.19" GEDI_date="12/23/2011">
	<USER name="MDR-P6" date="4/16/2013 8:27" dateFormat="mm/dd/yyyy hh:mm">	</USER>
	<USER name="Mdr-P5" date="4/18/2013 17:28" dateFormat="mm/dd/yyyy hh:mm">	</USER>
	<DL_DOCUMENT src="VTIOAD.tif" docTag="xml" NrOfPages="1">
		<DL_PAGE gedi_type="DL_PAGE" src="VTIOAD.tif" pageID="1" width="1700" height="2333" Language_2="" Language_4="" Language_3="" Receiver_Company="" Receiver_Address="" Sender_Company="" Sender_Phone="" Receiver_Fax="" Receiver_Phone="" Sender_Address="" Category="C4" Document_Date="28/02/2013" Document_Location="LE BEAUSSET" Document_Object="CERTIFICAT MEDICAL" Language_1="french" NumPage="1" Script_1="typed" Script_2="hand" Sender_Fax="" Sender_Name="Patrice MATHIEU" Receiver_Name="Jean LOUBIN">
			<DL_ZONE gedi_type="NoiseRegion" id="1" col="0" row="0" width="1656" height="2332"> </DL_ZONE>
			<DL_ZONE gedi_type="GraphicRegion" id="2" col="208" row="52" width="659" height="497" function="other"> </DL_ZONE>
			<DL_ZONE gedi_type="TextRegion" id="3" nextZoneID="4" col="902" row="172" width="245" height="96" contents="LE BEAUSSET" script="hand" function_1="location" language="french"> </DL_ZONE>
			<DL_ZONE gedi_type="TextRegion" id="4" nextZoneID="5" col="1150" row="208" width="40" height="46" contents="le" script="typed" language="french"> </DL_ZONE>
			<DL_ZONE gedi_type="TextRegion" id="5" nextZoneID="6" col="1218" row="179" width="193" height="70" contents="28/02/13" script="hand" function_1="date" language="french"> </DL_ZONE>
			<DL_ZONE gedi_type="TextRegion" id="6" col="1412" row="243" width="17" height="16" contents="." script="typed" language="french"> </DL_ZONE>
			<DL_ZONE gedi_type="TextRegion" id="7" col="870" row="350" width="597" height="69" contents="CERTIFICAT MÉDICAL" script="typed" function_2="object" function_1="title" language="french"> </DL_ZONE>
			<DL_ZONE gedi_type="TextRegion" id="8" nextZoneID="9" col="200" row="593" width="453" height="48" contents="Je soussigné, Docteur" script="typed" language="french"> </DL_ZONE>
			<DL_ZONE gedi_type="TextRegion" id="9" nextZoneID="10" col="686" row="560" width="415" height="78" contents="MATHIEU Patrice" script="hand" language="french"> </DL_ZONE>
			<DL_ZONE gedi_type="TextRegion" id="10" nextZoneID="11" col="206" row="678" width="594" height="56" contents="certifie que : M., Mme, l'enfant" script="typed" language="french"> </DL_ZONE>
			<DL_ZONE gedi_type="TextRegion" id="11" col="854" row="648" width="300" height="80" contents="Jean LOUBIN" script="hand" language="french"> </DL_ZONE>
			<DL_ZONE gedi_type="TextRegion" id="12" col="284" row="777" width="682" height="53" contents="Peut participer à la rentrée scolaire" script="typed" language="french"> </DL_ZONE>
			<DL_ZONE gedi_type="TextRegion" id="13" col="284" row="869" width="988" height="123" contents="Doit être dispensé d'éducation physique et sportive&#10;pendant jours, à compter du" script="typed" language="french"> </DL_ZONE>
			<DL_ZONE gedi_type="TextRegion" id="14" polygon="(1478,1029);(278,1030);(281,1151);(625,1151);(627,1086);(1475,1086)" contents="Ne présente aucune contre-indication apparente à la pratique&#10;du sport suivant :" script="typed" language="french"> </DL_ZONE>
			<DL_ZONE gedi_type="TextRegion" id="15" col="278" row="1189" width="1212" height="114" contents="Ne présente actuellement aucun signe cliniquement décelable&#10;d'affection contagieuse" script="typed" language="french"> </DL_ZONE>
			<DL_ZONE gedi_type="TextRegion" id="16" col="284" row="1346" width="593" height="54" contents="Est apte à la vie en collectivité" script="typed" language="french"> </DL_ZONE>
			<DL_ZONE gedi_type="TextRegion" id="17" nextZoneID="18" col="276" row="1440" width="722" height="48" contents="Ne pourra fréquenter l'école pendant" script="typed" language="french"> </DL_ZONE>
			<DL_ZONE gedi_type="TextRegion" id="18" nextZoneID="19" col="1114" row="1405" width="75" height="72" contents="7" script="hand" language="french"> </DL_ZONE>
			<DL_ZONE gedi_type="TextRegion" id="19" nextZoneID="20" col="1365" row="1437" width="120" height="53" contents="jours," script="typed" language="french"> </DL_ZONE>
			<DL_ZONE gedi_type="TextRegion" id="20" nextZoneID="21" col="288" row="1506" width="267" height="49" contents="à compter du" script="typed" language="french"> </DL_ZONE>
			<DL_ZONE gedi_type="TextRegion" id="21" col="601" row="1487" width="247" height="62" contents="01/03/13" script="hand" language="french"> </DL_ZONE>
			<DL_ZONE gedi_type="TextRegion" id="22" col="281" row="1597" width="1218" height="112" contents="Est malade. La présence de sa mère/son père est indispensable&#10;auprès de lui pendant jours, à compter du" script="typed" language="french"> </DL_ZONE>
			<DL_ZONE gedi_type="TextRegion" id="23" col="284" row="1748" width="1097" height="120" contents="Présente un état de santé nécessitant un arrêt de travail&#10;de jours, à compter du" script="typed" language="french"> </DL_ZONE>
			<DL_ZONE gedi_type="TextRegion" id="24" col="284" row="1911" width="388" height="59" contents="Vaccinations à jour" script="typed" language="french"> </DL_ZONE>
			<DL_ZONE gedi_type="TextRegion" id="25" col="965" row="2012" width="221" height="56" contents="Signature :" script="typed" language="french"> </DL_ZONE>
			<DL_ZONE gedi_type="TextRegion" id="26" nextZoneID="27" col="211" row="2125" width="549" height="53" contents="Nombre de cases cochées :" script="typed" language="french"> </DL_ZONE>
			<DL_ZONE gedi_type="TextRegion" id="27" col="766" row="2116" width="55" height="64" contents="1" script="hand" language="french"> </DL_ZONE>
			<DL_ZONE gedi_type="TextRegion" id="28" polygon="(1405,2007);(1322,2010);(1197,2039);(1218,2109);(1421,2056)" contents="¤MATHIEU¤" script="hand" language="french"> </DL_ZONE>
			<DL_ZONE gedi_type="GraphicRegion" id="29" function="signature" polygon="(1202,2018);(1192,2028);(1218,2103);(1296,2092);(1295,2111);(1314,2138);(1391,2181);(1419,2202);(1448,2199);(1403,2167);(1373,2112);(1408,2111);(1416,2087);(1352,2079);(1363,2066);(1416,2053);(1407,2034);(1375,2008)"> </DL_ZONE>
			<DL_ZONE gedi_type="GraphicRegion" id="30" col="216" row="1904" width="59" height="50" function="form-field"> </DL_ZONE>
			<DL_ZONE gedi_type="GraphicRegion" id="31" col="216" row="1741" width="57" height="55" function="form-field"> </DL_ZONE>
			<DL_ZONE gedi_type="GraphicRegion" id="32" col="214" row="1592" width="54" height="55" function="form-field"> </DL_ZONE>
			<DL_ZONE gedi_type="GraphicRegion" id="33" col="216" row="1431" width="54" height="52" function="form-field"> </DL_ZONE>
			<DL_ZONE gedi_type="GraphicRegion" id="34" col="216" row="1336" width="52" height="53" function="form-field"> </DL_ZONE>
			<DL_ZONE gedi_type="GraphicRegion" id="35" col="214" row="1182" width="53" height="52" function="form-field"> </DL_ZONE>
			<DL_ZONE gedi_type="GraphicRegion" id="36" col="214" row="1022" width="56" height="53" function="form-field"> </DL_ZONE>
			<DL_ZONE gedi_type="GraphicRegion" id="37" col="212" row="864" width="53" height="50" function="form-field"> </DL_ZONE>
			<DL_ZONE gedi_type="GraphicRegion" id="38" col="212" row="769" width="56" height="53" function="form-field"> </DL_ZONE>
			<DL_ZONE gedi_type="GraphicRegion" id="39" col="883" row="235" width="271" height="16" function="underlined-field"> </DL_ZONE>
			<DL_ZONE gedi_type="GraphicRegion" id="40" col="1198" row="233" width="213" height="16" function="underlined-field"> </DL_ZONE>
			<DL_ZONE gedi_type="GraphicRegion" id="41" col="649" row="617" width="838" height="20" function="underlined-field"> </DL_ZONE>
			<DL_ZONE gedi_type="GraphicRegion" id="42" col="793" row="707" width="702" height="18" function="underlined-field"> </DL_ZONE>
			<DL_ZONE gedi_type="GraphicRegion" id="43" col="441" row="963" width="322" height="16" function="underlined-field"> </DL_ZONE>
			<DL_ZONE gedi_type="GraphicRegion" id="44" col="632" row="1120" width="863" height="18" function="underlined-field"> </DL_ZONE>
			<DL_ZONE gedi_type="GraphicRegion" id="45" col="992" row="1464" width="375" height="15" function="underlined-field"> </DL_ZONE>
			<DL_ZONE gedi_type="GraphicRegion" id="46" col="544" row="1528" width="981" height="19" function="underlined-field"> </DL_ZONE>
			<DL_ZONE gedi_type="GraphicRegion" id="47" col="694" row="1683" width="181" height="16" function="underlined-field"> </DL_ZONE>
			<DL_ZONE gedi_type="GraphicRegion" id="48" col="1242" row="1682" width="245" height="14" function="underlined-field"> </DL_ZONE>
			<DL_ZONE gedi_type="GraphicRegion" id="49" col="344" row="1848" width="373" height="10" function="underlined-field"> </DL_ZONE>
			<DL_ZONE gedi_type="GraphicRegion" id="50" col="1099" row="1840" width="389" height="13" function="underlined-field"> </DL_ZONE>
			<DL_ZONE gedi_type="LineDrawingRegion" id="51" polygon="(235,1427);(222,1423);(201,1467);(206,1499);(230,1503);(260,1487);(267,1464);(256,1445);(315,1410);(344,1402);(334,1386);(297,1405);(251,1427)"> </DL_ZONE>
			<DL_ZONE gedi_type="Group" id="52" col="191" row="1376" width="1304" height="189" elements="17;18;19;20;21;33;51"> </DL_ZONE>
			<DL_ZONE gedi_type="LineDrawingRegion" id="53" col="448" row="697" width="88" height="12" orientationD="2.603"> </DL_ZONE>
			<DL_ZONE gedi_type="LineDrawingRegion" id="54" col="531" row="704" width="83" height="18" orientationD="3.447"> </DL_ZONE>
			<DL_ZONE gedi_type="LineDrawingRegion" id="55" polygon="(675,649);(651,661);(635,686);(635,718);(649,744);(680,755);(717,755);(752,749);(784,733);(800,720);(800,696);(782,665);(760,654);(723,653);(699,657)"> </DL_ZONE>
			<DL_ZONE gedi_type="LineDrawingRegion" id="56" col="1150" row="957" width="36" height="21"> </DL_ZONE>
			<DL_ZONE gedi_type="GraphicRegion" id="57" col="1189" row="959" width="293" height="24" function="underlined-field"> </DL_ZONE>
		</DL_PAGE>
	</DL_DOCUMENT>
</GEDI>