<?xml version="1.0" encoding="UTF-8"?>
<!--GEDI was developed at Language and Media Processing Laboratory, University of Maryland.-->

<GEDI xmlns="http://lamp.cfar.umd.edu/media/projects/GEDI/" GEDI_version="2.3.19" GEDI_date="12/23/2011">
	<USER name="MDR-P6" date="5/28/2013 16:05" dateFormat="mm/dd/yyyy hh:mm">	</USER>
	<USER name="MDR-P8" date="1/31/2013 19:43" dateFormat="mm/dd/yyyy hh:mm">	</USER>
	<USER name="Mdr-P5" date="1/15/2013 17:15" dateFormat="mm/dd/yyyy hh:mm">	</USER>
	<DL_DOCUMENT src="VVRILL.tif" docTag="xml" NrOfPages="1">
		<DL_PAGE gedi_type="DL_PAGE" src="VVRILL.tif" pageID="1" width="1651" height="2335" Language_2="" Sender_Name="" Document_Date="" Language_4="" Language_3="" Receiver_Company="" Receiver_Address="" Sender_Phone="" Receiver_Fax="" Receiver_Phone="" Sender_Address="" Sender_Fax="" Category="C2" Document_Location="PARIS" Document_Object="DIPLÔME DE FORMATRICE FLE NIVEAU 1" Language_1="french" NumPage="1" Script_1="typed" Script_2="hand" Sender_Company="ALLIANCE FRANÇAISE" Receiver_Name="Nadine DESCHAMPS" GEDI_orientation="90">
			<DL_ZONE gedi_type="TextRegion" id="1" col="244" row="279" width="390" height="1678" contents="ALLIANCE FRANÇAISE&#10;Diplôme de Formatrice FLE niveau 1&#10;Année 1992" script="typed" function_2="object" function_1="title" language="french"> </DL_ZONE>
			<DL_ZONE gedi_type="TextRegion" id="2" polygon="(1092,2109);(1092,931);(1042,931);(1042,185);(974,187);(974,643);(840,643);(844,2111)" contents="Le Conseil d'Administration de l'Alliance Française atteste que Nadine Deschamps&#10;né(e) le 12/07/1970 à Nice&#10;a satisfait aux épreuves écrites et orales prescrites pour l'obtention du Diplôme de Formatrice FLE niveau 1&#10;En foi de quoi le présent diplôme lui a été délivré avec mention Très bien" script="typed" function_1="text_section" language="french"> </DL_ZONE>
			<DL_ZONE gedi_type="TextRegion" id="3" col="1082" row="339" width="38" height="122" contents="Paris, le" script="typed" function_1="location" language="french"> </DL_ZONE>
			<DL_ZONE gedi_type="TextRegion" id="4" col="1188" row="939" width="34" height="320" contents="Le Président du Jury d'examen" script="typed" language="french"> </DL_ZONE>
			<DL_ZONE gedi_type="TextRegion" id="5" nextZoneID="7" col="1192" row="1429" width="28" height="118" contents="Le Titulaire" script="typed" language="french"> </DL_ZONE>
			<DL_ZONE gedi_type="TextRegion" id="6" col="1188" row="1721" width="37" height="242" contents="La directrice de l'École" script="typed" language="french"> </DL_ZONE>
			<DL_ZONE gedi_type="TextRegion" id="7" polygon="(1304,1645);(1386,1649);(1356,1345);(1276,1319);(1256,1505);(1256,1599)" contents="NDeschamps" script="hand" language="french"> </DL_ZONE>
			<DL_ZONE gedi_type="GraphicRegion" id="10" col="1246" row="1265" width="224" height="410" function="signature"> </DL_ZONE>
			<DL_ZONE gedi_type="GraphicRegion" id="11" col="20" row="27" width="1588" height="2284" function="other"> </DL_ZONE>
			<DL_ZONE gedi_type="NoiseRegion" id="12" col="1622" row="5" width="22" height="2322"> </DL_ZONE>
		</DL_PAGE>
	</DL_DOCUMENT>
</GEDI>