<?xml version="1.0" encoding="UTF-8"?>
<!--GEDI was developed at Language and Media Processing Laboratory, University of Maryland.-->

<GEDI xmlns="http://lamp.cfar.umd.edu/media/projects/GEDI/" GEDI_version="2.3.19" GEDI_date="12/23/2011">
	<USER name="MDR-P1" date="10/29/2012 12:11" dateFormat="mm/dd/yyyy hh:mm">	</USER>
	<USER name="MDR-P4" date="10/26/2012 10:43" dateFormat="mm/dd/yyyy hh:mm">	</USER>
	<USER name="MDR-P6" date="5/28/2013 15:49" dateFormat="mm/dd/yyyy hh:mm">	</USER>
	<USER name="MDR-P8" date="2/4/2013 11:40" dateFormat="mm/dd/yyyy hh:mm">	</USER>
	<USER name="Mdr-P5" date="10/8/2012 11:12" dateFormat="mm/dd/yyyy hh:mm">	</USER>
	<DL_DOCUMENT src="VYNURD.tif" docTag="xml" NrOfPages="1">
		<DL_PAGE gedi_type="DL_PAGE" src="VYNURD.tif" pageID="1" width="2477" height="3503" Language_2="" Language_3="" Receiver_Company="" Receiver_Address="" Sender_Company="" Receiver_Fax="" Document_Location="" Receiver_Phone="" Category="C3" Document_Date="03/09/2012" Language_1="english" Language_4="" NumPage="1" Script_1="hand" Script_2="typed" Sender_Address="TRENT LANE, CASTLE DONINGTON DERBY, DERBYSHIRE DE74 2PY DERBY" Sender_Fax="+44(0)13.32.81.05.05" Sender_Phone="+44(0)13.32.81.05.04" Document_Object="PERSONAL NOTICE" Sender_Name="Allyson GARRY" Receiver_Name="Harmony MOCK">
			<DL_ZONE gedi_type="TextRegion" id="1" col="298" row="157" width="624" height="283" contents="Address : Trent Lane, Castle&#10;Donington Derby, Derbyshire&#10;DE74 2PY Derby&#10;Phone : 1332810504&#10;Fax : 1332810505" script="typed" language="english"> </DL_ZONE>
			<DL_ZONE gedi_type="TextRegion" id="2" col="1627" row="646" width="556" height="148" contents="3rd sept . 2012" script="hand" function_1="date" language="english"> </DL_ZONE>
			<DL_ZONE gedi_type="TextRegion" id="3" col="305" row="827" width="1923" height="1414" contents="To&#10;Mock Harmony&#10;Your bill amounts&#10;120 $ for the month of August&#10;has not been paid. Kindly pay&#10;the dues by the 6th of Sept . Failing&#10;to do so the connection will&#10;be cut ." script="hand" function_1="text_section" language="english"> </DL_ZONE>
			<DL_ZONE gedi_type="TextRegion" id="4" col="1073" row="2416" width="586" height="336" contents="Thanks&#10;GAllyson ." script="hand" language="english"> </DL_ZONE>
			<DL_ZONE gedi_type="TextRegion" id="5" col="757" row="3324" width="970" height="70" contents="&lt;allysong@yahoo.com&gt; &lt;garryvision.com&gt;" script="typed" function_1="footer" language="english"> </DL_ZONE>
			<DL_ZONE gedi_type="GraphicRegion" id="6" col="1405" row="165" width="474" height="411" function="logo"> </DL_ZONE>
		</DL_PAGE>
	</DL_DOCUMENT>
</GEDI>