<?xml version="1.0" encoding="UTF-8"?>
<!--GEDI was developed at Language and Media Processing Laboratory, University of Maryland.-->

<GEDI xmlns="http://lamp.cfar.umd.edu/media/projects/GEDI/" GEDI_version="2.3.19" GEDI_date="12/23/2011">
	<USER name="MDR-P6" date="1/17/2013 17:46" dateFormat="mm/dd/yyyy hh:mm">	</USER>
	<USER name="MDR-P8" date="2/6/2013 19:42" dateFormat="mm/dd/yyyy hh:mm">	</USER>
	<USER name="MDR_P1" date="2/7/2013 19:06" dateFormat="mm/dd/yyyy hh:mm">	</USER>
	<DL_DOCUMENT src="WFSQXL.tif" docTag="xml" NrOfPages="1">
		<DL_PAGE gedi_type="DL_PAGE" src="WFSQXL.tif" pageID="1" width="1728" height="2284" Language_2="" Language_4="" Language_3="" Receiver_Company="" Receiver_Address="" Sender_Company="" Script_2="" Document_Location="" Sender_Address="" Category="C4" Document_Object="DEMANDE DE DEVIS" Language_1="french" NumPage="1" Script_1="typed" Receiver_Name="ALBERT" Receiver_Fax="+33(0)1.64.02.05.04" Receiver_Phone="+33(0)1.64.02.05.47" Sender_Name="LACROIX" Sender_Fax="+33(0)3.25.34.01.25" Sender_Phone="+33(0)3.25.34.01.23" Document_Date="¤{05/01/2012|09/01/2013}¤">
			<DL_ZONE gedi_type="TextRegion" id="1" col="39" row="9" width="1479" height="35" contents="09 1 13 10:24 p.1" script="typed" function_2="date" function_1="header" language="french"> </DL_ZONE>
			<DL_ZONE gedi_type="TextRegion" id="2" col="613" row="239" width="799" height="197" contents="Télécopie" script="typed" function_1="title" language="french"> </DL_ZONE>
			<DL_ZONE gedi_type="TextRegion" id="3" col="256" row="468" width="466" height="164" contents="Objet : Demande de devis&#10;CC :&#10;Date : 05 janvier 2012" script="typed" function_2="date" function_1="object" language="french"> </DL_ZONE>
			<DL_ZONE gedi_type="TextRegion" id="6" col="260" row="678" width="1205" height="194" contents="À : M. Albert De : Mme Lacroix&#10;Téléphone :01 64 02 05 47 Téléphone : 03 25 34 01 23&#10;Télécopie : 01 64 02 05 04 Télécopie :03 25 34 01 25" script="typed" language="french"> </DL_ZONE>
			<DL_ZONE gedi_type="TextRegion" id="7" col="252" row="983" width="1214" height="376" contents="Commentaires :&#10;Monsieur Albert.&#10;Je vous prie de m'envoyer le devis de la commande effectuée dans votre société. En&#10;effet, je vous avais déjà envoyé une lettre, mais n'ayant toujours pas de réponse de votre part&#10;depuis plusieurs semaines, je me permets de vous le demander à nouveau.&#10;Bien cordialement,&#10;Madame Lacroix." script="typed" function_1="text_section" language="french"> </DL_ZONE>
			<DL_ZONE gedi_type="NoiseRegion" id="8" col="322" row="254" width="1307" height="159"> </DL_ZONE>
			<DL_ZONE gedi_type="GraphicRegion" id="9" function="drawing" polygon="(551,307);(202,303);(207,987);(245,987);(244,338);(547,338)"> </DL_ZONE>
		</DL_PAGE>
	</DL_DOCUMENT>
</GEDI>