<?xml version="1.0" encoding="UTF-8"?>
<!--GEDI was developed at Language and Media Processing Laboratory, University of Maryland.-->

<GEDI xmlns="http://lamp.cfar.umd.edu/media/projects/GEDI/" GEDI_version="2.3.19" GEDI_date="12/23/2011">
	<USER name="MDR-P6" date="4/22/2013 11:00" dateFormat="mm/dd/yyyy hh:mm">	</USER>
	<USER name="Mdr-P5" date="4/23/2013 15:10" dateFormat="mm/dd/yyyy hh:mm">	</USER>
	<DL_DOCUMENT src="WLCTES.tif" docTag="xml" NrOfPages="1">
		<DL_PAGE gedi_type="DL_PAGE" src="WLCTES.tif" pageID="1" width="1651" height="2335" Language_2="" Sender_Name="" Document_Date="" Language_4="" Receiver_Name="" Language_3="" Receiver_Company="" Receiver_Address="" Sender_Company="" Sender_Phone="" Receiver_Fax="" Script_2="" Document_Location="" Receiver_Phone="" Sender_Address="" Sender_Fax="" Category="C2" Document_Object="TRACT" Language_1="french" NumPage="1" Script_1="typed">
			<DL_ZONE gedi_type="TextRegion" id="1" col="208" row="536" width="1180" height="1152" contents="L'AMOUR&#10;c'est sale&#10;et gratuit&#10;C'EST POUR ÇA&#10;QUE C'EST BON" script="typed" language="french"> </DL_ZONE>
			<DL_ZONE gedi_type="GraphicRegion" id="2" col="48" row="96" width="1520" height="2140" function="other"> </DL_ZONE>
			<DL_ZONE gedi_type="GraphicRegion" id="3" col="1004" row="194" width="446" height="282" function="drawing"> </DL_ZONE>
			<DL_ZONE gedi_type="GraphicRegion" id="4" col="320" row="1760" width="790" height="440" function="drawing"> </DL_ZONE>
		</DL_PAGE>
	</DL_DOCUMENT>
</GEDI>