<?xml version="1.0" encoding="UTF-8"?>
<!--GEDI was developed at Language and Media Processing Laboratory, University of Maryland.-->

<GEDI xmlns="http://lamp.cfar.umd.edu/media/projects/GEDI/" GEDI_version="2.3.19" GEDI_date="12/23/2011">
	<USER name="MDR-P6" date="1/23/2013 17:24" dateFormat="mm/dd/yyyy hh:mm">	</USER>
	<USER name="MDR-P8" date="2/6/2013 11:11" dateFormat="mm/dd/yyyy hh:mm">	</USER>
	<USER name="MDR_P1" date="2/7/2013 19:06" dateFormat="mm/dd/yyyy hh:mm">	</USER>
	<DL_DOCUMENT src="WQRDZG.tif" docTag="xml" NrOfPages="1">
		<DL_PAGE gedi_type="DL_PAGE" src="WQRDZG.tif" pageID="1" width="3400" height="4679" Language_2="" Receiver_Name="" Language_4="" Language_3="" Receiver_Company="" Receiver_Address="" Sender_Company="" Sender_Phone="" Script_2="" Receiver_Fax="" Document_Location="" Sender_Address="" Receiver_Phone="" Sender_Fax="" Category="C3" Document_Date="" Document_Object="INVITATION POUR PAQUES" Language_1="french" NumPage="1" Script_1="hand" Sender_Name="Alban GARNIER">
			<DL_ZONE gedi_type="GraphicRegion" id="1" function="drawing" polygon="(392,456);(1676,456);(1676,2176);(396,2200)"> </DL_ZONE>
			<DL_ZONE gedi_type="NoiseRegion" id="3" col="2476" row="964" width="304" height="160"> </DL_ZONE>
			<DL_ZONE gedi_type="NoiseRegion" id="4" col="3088" row="1108" width="104" height="132"> </DL_ZONE>
			<DL_ZONE gedi_type="GraphicRegion" id="6" col="2632" row="2952" width="200" height="236" function="drawing"> </DL_ZONE>
			<DL_ZONE gedi_type="TextRegion" id="7" col="4" row="2344" width="1704" height="2335" contents="Salut les p'tits Lapins.&#10;J'aimerais que nous soyons&#10;tous réunis pour attendre les&#10;cloches. C'est pourquoi je&#10;vous propose que nous nous&#10;retrouvions ce dimanche 21 Avril&#10;¤2¤001 autour d'un bon feu et rien&#10;¤d¤e moins que de ces tendres gigots&#10;¤d¤'agneau. Bien évidemment&#10;le chocolat est de rigueur !!&#10;¤P¤ourriez-vous simplement me&#10;¤c¤onfirmer votre présence au&#10;moins trois jours avant, histoire&#10;¤q¤ue je puisse faire mes courses&#10;A très vite.&#10;Je vous embrasse.&#10;Alban Garnier" script="hand" function_1="text_section" language="french"> </DL_ZONE>
			<DL_ZONE gedi_type="GraphicRegion" id="8" function="other" polygon="(3240,32);(3296,4608);(32,4632);(16,8);(1640,16)"> </DL_ZONE>
		</DL_PAGE>
	</DL_DOCUMENT>
</GEDI>