<?xml version="1.0" encoding="UTF-8"?>
<!--GEDI was developed at Language and Media Processing Laboratory, University of Maryland.-->

<GEDI xmlns="http://lamp.cfar.umd.edu/media/projects/GEDI/" GEDI_version="2.3.19" GEDI_date="12/23/2011">
	<USER name="MDR-P4" date="2/25/2013 17:04" dateFormat="mm/dd/yyyy hh:mm">	</USER>
	<USER name="MDR-P6" date="1/29/2013 10:46" dateFormat="mm/dd/yyyy hh:mm">	</USER>
	<USER name="MDR_P1" date="1/31/2013 19:09" dateFormat="mm/dd/yyyy hh:mm">	</USER>
	<USER name="Mdr-P5" date="5/29/2013 14:58" dateFormat="mm/dd/yyyy hh:mm">	</USER>
	<DL_DOCUMENT src="WWQGGY.tif" docTag="xml" NrOfPages="1">
		<DL_PAGE gedi_type="DL_PAGE" src="WWQGGY.tif" pageID="1" width="1240" height="1754" Language_2="" Sender_Name="" Receiver_Name="" Language_4="" Document_Date="" Language_3="" Receiver_Company="" Receiver_Address="" Sender_Company="" Sender_Phone="" Receiver_Fax="" Document_Location="" Sender_Address="" Receiver_Phone="" Sender_Fax="" Category="C3" Document_Object="GROCERY LIST" Language_1="english" NumPage="1" Script_2="" Script_1="hand">
			<DL_ZONE gedi_type="GraphicRegion" id="1" col="308" row="460" width="542" height="612" function="other"> </DL_ZONE>
			<DL_ZONE gedi_type="TextRegion" id="2" col="362" row="630" width="292" height="263" contents="Eggs&#10;Flour&#10;Sugar&#10;Milk&#10;Baking Powder&#10;Vanilla&#10;Butter" script="hand" language="english"> </DL_ZONE>
			<DL_ZONE gedi_type="NoiseRegion" id="6" col="515" row="838" width="17" height="12"> </DL_ZONE>
			<DL_ZONE gedi_type="NoiseRegion" id="7" col="1188" row="829" width="15" height="17"> </DL_ZONE>
			<DL_ZONE gedi_type="NoiseRegion" id="8" col="227" row="775" width="18" height="13"> </DL_ZONE>
		</DL_PAGE>
	</DL_DOCUMENT>
</GEDI>