<?xml version="1.0" encoding="UTF-8"?>
<!--GEDI was developed at Language and Media Processing Laboratory, University of Maryland.-->

<GEDI xmlns="http://lamp.cfar.umd.edu/media/projects/GEDI/" GEDI_version="2.3.19" GEDI_date="12/23/2011">
	<USER name="MDR-P6" date="10/1/2012 14:30" dateFormat="mm/dd/yyyy hh:mm">	</USER>
	<USER name="MDR-P8" date="1/31/2013 19:43" dateFormat="mm/dd/yyyy hh:mm">	</USER>
	<USER name="Mdr-P5" date="1/15/2013 17:18" dateFormat="mm/dd/yyyy hh:mm">	</USER>
	<DL_DOCUMENT src="WWXMRJ.tif" docTag="xml" NrOfPages="1">
		<DL_PAGE gedi_type="DL_PAGE" src="WWXMRJ.tif" pageID="1" width="1651" height="2335" Language_2="" Sender_Name="" Document_Date="" Language_4="" Receiver_Name="" Language_3="" Receiver_Company="" Receiver_Address="" Sender_Company="" Sender_Phone="" Receiver_Fax="" Script_2="" Document_Location="" Receiver_Phone="" Sender_Address="" Sender_Fax="" Category="C2" Language_1="french" NumPage="1" Script_1="typed" Document_Object="TRACT: RENCONTRES INTER-RELIGIONS">
			<DL_ZONE gedi_type="TextRegion" id="1" col="292" row="352" width="1024" height="312" contents="Explique-moi&#10;ta religion !" script="typed" function_1="title" language="french"> </DL_ZONE>
			<DL_ZONE gedi_type="TextRegion" id="2" col="308" row="1192" width="1036" height="284" contents="6ème Rencontre Fraternelle&#10;des religions à Sartrouville&#10;(Juifs, Chrétiens, Musulmans)" script="typed" function_1="object" language="french"> </DL_ZONE>
			<DL_ZONE gedi_type="TextRegion" id="3" col="380" row="1572" width="868" height="216" contents="Dimanche 3 avril 2011&#10;de 15h00 à 18h30" script="typed" language="french"> </DL_ZONE>
			<DL_ZONE gedi_type="TextRegion" id="4" col="370" row="1880" width="860" height="208" contents="Au Gymnase&#10;Romain Rolland&#10;(6 rue de Marseille à Sartrouville)" script="typed" language="french"> </DL_ZONE>
			<DL_ZONE gedi_type="GraphicRegion" id="5" function="drawing" polygon="(404,736);(1188,736);(1188,876);(1288,900);(1288,1088);(1148,1152);(828,1160);(392,1156);(280,1020);(340,876)"> </DL_ZONE>
			<DL_ZONE gedi_type="GraphicRegion" id="7" col="172" row="244" width="1280" height="496" function="other"> </DL_ZONE>
			<DL_ZONE gedi_type="GraphicRegion" id="8" col="52" row="96" width="1512" height="20" function="other"> </DL_ZONE>
			<DL_ZONE gedi_type="GraphicRegion" id="11" col="48" row="116" width="22" height="2134" function="other"> </DL_ZONE>
			<DL_ZONE gedi_type="NoiseRegion" id="12" col="0" row="1" width="1650" height="10"> </DL_ZONE>
			<DL_ZONE gedi_type="NoiseRegion" id="13" col="1627" row="11" width="23" height="2322"> </DL_ZONE>
			<DL_ZONE gedi_type="SeparatorRegion" id="16" col="543" row="1799" width="519" height="23"> </DL_ZONE>
			<DL_ZONE gedi_type="SeparatorRegion" id="17" col="534" row="1541" width="527" height="26"> </DL_ZONE>
		</DL_PAGE>
	</DL_DOCUMENT>
</GEDI>