<?xml version="1.0" encoding="UTF-8"?>
<!--GEDI was developed at Language and Media Processing Laboratory, University of Maryland.-->

<GEDI xmlns="http://lamp.cfar.umd.edu/media/projects/GEDI/" GEDI_version="2.3.19" GEDI_date="12/23/2011">
	<USER name="MDR-P6" date="5/28/2013 16:05" dateFormat="mm/dd/yyyy hh:mm">	</USER>
	<USER name="MDR-P8" date="1/31/2013 19:43" dateFormat="mm/dd/yyyy hh:mm">	</USER>
	<USER name="Mdr-P5" date="1/15/2013 17:23" dateFormat="mm/dd/yyyy hh:mm">	</USER>
	<DL_DOCUMENT src="XDDADH.tif" docTag="xml" NrOfPages="1">
		<DL_PAGE gedi_type="DL_PAGE" src="XDDADH.tif" pageID="1" width="1651" height="2335" Language_2="" Sender_Name="" Language_4="" Language_3="" Receiver_Company="" Receiver_Address="" Sender_Company="" Sender_Phone="" Receiver_Fax="" Script_2="" Document_Location="" Receiver_Phone="" Sender_Fax="" Category="C2" Document_Date="25/04/2009" Document_Object="CARTE VITALE" Language_1="french" NumPage="1" Script_1="typed" Sender_Address="" Receiver_Name="Marie-Laure LUCAS" GEDI_orientation="270">
			<DL_ZONE gedi_type="TextRegion" id="1" col="1188" row="522" width="1282" height="113" orientationD="268.745" contents="carte d'assurance maladie" script="typed" function_2="object" function_1="title" language="french"> </DL_ZONE>
			<DL_ZONE gedi_type="TextRegion" id="2" polygon="(740,1122);(897,1066);(890,1214);(944,1214);(962,1273);(895,1304);(933,1365);(940,1636);(868,1814);(751,1800);(751,1698);(769,1679);(754,1641);(755,1562);(751,1533);(754,1504);(753,1479);(753,1414);(754,1218)" contents="vitale" script="typed" language="french"> </DL_ZONE>
			<DL_ZONE gedi_type="TextRegion" id="3" col="572" row="617" width="635" height="47" orientationD="269.368" contents="2 62 10 78 365 256 12" script="typed" function_1="reference" language="french"> </DL_ZONE>
			<DL_ZONE gedi_type="TextRegion" id="4" col="488" row="644" width="159" height="35" orientationD="270.0" contents="LUCAS" script="typed" language="french"> </DL_ZONE>
			<DL_ZONE gedi_type="TextRegion" id="5" col="408" row="648" width="330" height="34" orientationD="270.0" contents="MARIE-LAURE" script="typed" language="french"> </DL_ZONE>
			<DL_ZONE gedi_type="TextRegion" id="6" polygon="(753,1370);(753,1429);(751,1550);(750,1718);(746,1745);(750,1786);(713,1794);(717,1372)" contents="23 579 00001 4" script="typed" function_1="reference" language="french"> </DL_ZONE>
			<DL_ZONE gedi_type="TextRegion" id="7" col="677" row="1434" width="304" height="45" orientationD="270.188" contents="24/04/2009" script="typed" function_1="date" language="french"> </DL_ZONE>
			<DL_ZONE gedi_type="GraphicRegion" id="9" function="other" polygon="(1257,482);(1207,446);(321,436);(281,472);(253,1825);(298,1862);(1182,1877);(1234,1838)"> </DL_ZONE>
			<DL_ZONE gedi_type="GraphicRegion" id="12" col="509" row="597" width="42" height="699" function="form-field"> </DL_ZONE>
			<DL_ZONE gedi_type="GraphicRegion" id="13" col="413" row="614" width="36" height="679" function="underlined-field"> </DL_ZONE>
			<DL_ZONE gedi_type="GraphicRegion" id="14" col="335" row="613" width="40" height="679" function="underlined-field"> </DL_ZONE>
			<DL_ZONE gedi_type="GraphicRegion" id="15" col="685" row="1346" width="42" height="451" function="form-field"> </DL_ZONE>
			<DL_ZONE gedi_type="GraphicRegion" id="16" col="621" row="1412" width="41" height="384" function="form-field"> </DL_ZONE>
			<DL_ZONE gedi_type="TextRegion" id="17" col="627" row="1192" width="39" height="202" contents="EMISE LE" script="typed" language="french"> </DL_ZONE>
			<DL_ZONE gedi_type="GraphicRegion" id="18" col="717" row="576" width="238" height="258" function="drawing"> </DL_ZONE>
			<DL_ZONE gedi_type="GraphicRegion" id="19" col="414" row="508" width="128" height="70" function="drawing"> </DL_ZONE>
			<DL_ZONE gedi_type="GraphicRegion" id="20" function="drawing" polygon="(978,1072);(968,1049);(672,1142);(692,1207);(983,1127)"> </DL_ZONE>
		</DL_PAGE>
	</DL_DOCUMENT>
</GEDI>