<?xml version="1.0" encoding="UTF-8"?>
<!--GEDI was developed at Language and Media Processing Laboratory, University of Maryland.-->

<GEDI xmlns="http://lamp.cfar.umd.edu/media/projects/GEDI/" GEDI_version="2.3.19" GEDI_date="12/23/2011">
	<USER name="MDR-P4" date="3/29/2013 11:25" dateFormat="mm/dd/yyyy hh:mm">	</USER>
	<USER name="Mdr-P5" date="3/28/2013 16:01" dateFormat="mm/dd/yyyy hh:mm">	</USER>
	<DL_DOCUMENT src="XMNBGR.tif" docTag="xml" NrOfPages="1">
		<DL_PAGE gedi_type="DL_PAGE" src="XMNBGR.tif" pageID="1" width="1098" height="719" Language_2="" Receiver_Name="" Language_4="" Document_Date="" Language_3="" Receiver_Company="" Receiver_Address="" Script_2="" Receiver_Fax="" Document_Location="" Receiver_Phone="" Category="C2" Document_Object="CARTE DE VISITE" Language_1="french" NumPage="1" Script_1="typed" Sender_Address="3 RUE DU PAON BLEU 90150 LARIVIERE" Sender_Company="CSC DES HAUTS PINS" Sender_Fax="+33(0)3.44.39.54.21" Sender_Name="Angélique DUPONT" Sender_Phone="+33(0)3.44.39.66.11">
			<DL_ZONE gedi_type="TextRegion" id="1" col="57" row="98" width="470" height="66" contents="CSC des Hauts Pins" script="typed" function_1="title" language="french"> </DL_ZONE>
			<DL_ZONE gedi_type="TextRegion" id="2" col="45" row="179" width="938" height="452" contents="Angélique Dupont&#10;Secrétaire comptable&#10;Centre Socio Culturel des Hauts Pins&#10;3 rue du Paon Bleu&#10;90150 LARIVIERE&#10;Téléphone&#10;03 44 39 66 11&#10;Télécopie&#10;03 44 39 54 21&#10;csc.hautspins@wanadoo.fr" script="typed" function_1="coordinates" language="french"> </DL_ZONE>
			<DL_ZONE gedi_type="GraphicRegion" id="3" col="947" row="76" width="106" height="97" function="logo"> </DL_ZONE>
			<DL_ZONE gedi_type="GraphicRegion" id="4" col="15" row="575" width="1071" height="139" function="other" orientationD="0.16"> </DL_ZONE>
			<DL_ZONE gedi_type="GraphicRegion" id="5" col="35" row="16" width="1050" height="103" function="other" orientationD="-0.273"> </DL_ZONE>
		</DL_PAGE>
	</DL_DOCUMENT>
</GEDI>