<?xml version="1.0" encoding="UTF-8"?>
<!--GEDI was developed at Language and Media Processing Laboratory, University of Maryland.-->

<GEDI xmlns="http://lamp.cfar.umd.edu/media/projects/GEDI/" GEDI_version="2.3.19" GEDI_date="12/23/2011">
	<USER name="MDR-P4" date="2/25/2013 12:41" dateFormat="mm/dd/yyyy hh:mm">	</USER>
	<USER name="MDR-P6" date="1/30/2013 11:54" dateFormat="mm/dd/yyyy hh:mm">	</USER>
	<USER name="MDR-P8" date="5/28/2013 15:42" dateFormat="mm/dd/yyyy hh:mm">	</USER>
	<DL_DOCUMENT src="XOMXOD.tif" docTag="xml" NrOfPages="4">
		<DL_PAGE gedi_type="DL_PAGE" src="XOMXOD.tif" pageID="1" width="1240" height="1753" Language_2="" Receiver_Name="" Language_4="" Language_3="" Receiver_Address="" Sender_Company="" Receiver_Fax="" Receiver_Phone="" Sender_Fax="" NumPage="4" Category="C1" Document_Date="16/06/2012" Document_Location="LOS ANGELES" Language_1="english" Receiver_Company="U.S. DEPARTMENT OF STATE" Script_1="typed" Script_2="hand" Sender_Phone="+44(0)20.76.64.88.27" Sender_Address="100 PALL MALL, SW1Y5NN LONDON UK" Document_Object="AFFIDAVIT OF PARENTAGE, PHYSICAL PRESENCE AND SUPPORT" Sender_Name="Abel STEADWORTHY">
			<DL_ZONE gedi_type="TextRegion" id="1" col="237" row="168" width="760" height="97" contents="U.S. Department of State&#10;AFFIDAVIT OF PARENTAGE, PHYSICAL PRESENCE AND SUPPORT" script="typed" function_2="object" function_1="title" language="english"> </DL_ZONE>
			<DL_ZONE gedi_type="TextRegion" id="2" col="395" row="284" width="431" height="56" contents="PART I&#10;(All applicants please complete Part I)" script="typed" language="english"> </DL_ZONE>
			<DL_ZONE gedi_type="TextRegion" id="3" nextZoneID="5" col="140" row="381" width="19" height="28" contents="I," script="typed" language="english"> </DL_ZONE>
			<DL_ZONE gedi_type="TextRegion" id="4" col="617" row="377" width="210" height="26" contents="do solemnly swear (or affirm):" script="typed" language="english"> </DL_ZONE>
			<DL_ZONE gedi_type="TextRegion" id="5" nextZoneID="65" col="162" row="410" width="50" height="21" contents="Name" script="typed" language="english"> </DL_ZONE>
			<DL_ZONE gedi_type="TextRegion" id="6" col="162" row="440" width="462" height="28" contents="That I am a U.S. citizen/U.S. non-citizen national by: (choose one)" script="typed" language="english"> </DL_ZONE>
			<DL_ZONE gedi_type="TextRegion" id="7" nextZoneID="9" col="146" row="490" width="74" height="26" contents="1) birth in" script="typed" language="english"> </DL_ZONE>
			<DL_ZONE gedi_type="TextRegion" id="8" nextZoneID="10" col="646" row="488" width="29" height="25" contents="on" script="typed" language="english"> </DL_ZONE>
			<DL_ZONE gedi_type="TextRegion" id="9" nextZoneID="67" col="223" row="515" width="128" height="24" contents="City/Town, State" script="typed" language="english"> </DL_ZONE>
			<DL_ZONE gedi_type="TextRegion" id="10" nextZoneID="68" col="680" row="512" width="141" height="20" contents="Date (mm-dd-yyyy)" script="typed" language="english"> </DL_ZONE>
			<DL_ZONE gedi_type="TextRegion" id="11" col="146" row="557" width="141" height="24" contents="2) naturalization on" script="typed" language="english"> </DL_ZONE>
			<DL_ZONE gedi_type="TextRegion" id="12" col="412" row="559" width="75" height="24" contents="before the" script="typed" language="english"> </DL_ZONE>
			<DL_ZONE gedi_type="TextRegion" id="13" col="285" row="582" width="136" height="26" contents="Date (mm-dd-yyyy)" script="typed" language="english"> </DL_ZONE>
			<DL_ZONE gedi_type="TextRegion" id="14" col="489" row="581" width="109" height="24" contents="Name of Court" script="typed" language="english"> </DL_ZONE>
			<DL_ZONE gedi_type="TextRegion" id="15" nextZoneID="17" col="146" row="623" width="130" height="26" contents="3) birth abroad on" script="typed" language="english"> </DL_ZONE>
			<DL_ZONE gedi_type="TextRegion" id="16" nextZoneID="18" col="404" row="622" width="340" height="27" contents="to U.S. citizen(s) or U.S. non-citizen national(s) in" script="typed" language="english"> </DL_ZONE>
			<DL_ZONE gedi_type="TextRegion" id="17" nextZoneID="40" col="275" row="651" width="140" height="26" contents="Date (mm-dd-yyyy)" script="typed" language="english"> </DL_ZONE>
			<DL_ZONE gedi_type="TextRegion" id="18" nextZoneID="41" col="752" row="646" width="62" height="23" contents="Country" script="typed" language="english"> </DL_ZONE>
			<DL_ZONE gedi_type="TextRegion" id="19" col="166" row="688" width="168" height="23" contents="That I am (choose one)" script="typed" language="english"> </DL_ZONE>
			<DL_ZONE gedi_type="TextRegion" id="20" col="375" row="684" width="61" height="26" contents="Married" script="typed" language="english"> </DL_ZONE>
			<DL_ZONE gedi_type="TextRegion" id="21" col="485" row="685" width="135" height="26" contents="Previously Married" script="typed" language="english"> </DL_ZONE>
			<DL_ZONE gedi_type="TextRegion" id="22" nextZoneID="24" col="165" row="744" width="80" height="22" contents="married on" script="typed" language="english"> </DL_ZONE>
			<DL_ZONE gedi_type="TextRegion" id="23" nextZoneID="25" col="373" row="740" width="26" height="21" contents="to" script="typed" language="english"> </DL_ZONE>
			<DL_ZONE gedi_type="TextRegion" id="24" nextZoneID="72" col="245" row="771" width="140" height="21" contents="Date (mm-dd-yyyy)" script="typed" language="english"> </DL_ZONE>
			<DL_ZONE gedi_type="TextRegion" id="25" nextZoneID="43" col="396" row="769" width="51" height="23" contents="Name" script="typed" language="english"> </DL_ZONE>
			<DL_ZONE gedi_type="TextRegion" id="26" nextZoneID="29" col="166" row="835" width="23" height="26" contents="in" script="typed" language="english"> </DL_ZONE>
			<DL_ZONE gedi_type="TextRegion" id="27" col="430" row="838" width="25" height="23" contents="or" script="typed" language="english"> </DL_ZONE>
			<DL_ZONE gedi_type="TextRegion" id="28" col="505" row="833" width="88" height="30" contents="Not Married" script="typed" language="english"> </DL_ZONE>
			<DL_ZONE gedi_type="TextRegion" id="29" nextZoneID="44" col="188" row="864" width="69" height="24" contents="Country" script="typed" language="english"> </DL_ZONE>
			<DL_ZONE gedi_type="TextRegion" id="30" col="158" row="899" width="239" height="27" contents="That I am the biological parent of:" script="typed" language="english"> </DL_ZONE>
			<DL_ZONE gedi_type="TextRegion" id="31" col="158" row="934" width="109" height="26" contents="Name of Child" script="typed" language="english"> </DL_ZONE>
			<DL_ZONE gedi_type="TextRegion" id="32" col="538" row="917" width="107" height="42" contents="Date of Birth&#10;(mm-dd-yyyy)" script="typed" language="english"> </DL_ZONE>
			<DL_ZONE gedi_type="TextRegion" id="33" col="659" row="933" width="101" height="23" contents="Place of Birth" script="typed" language="english"> </DL_ZONE>
			<DL_ZONE gedi_type="TextRegion" id="34" col="159" row="1337" width="314" height="30" contents="(Continue on a separate sheet, if necessary)" script="typed" language="english"> </DL_ZONE>
			<DL_ZONE gedi_type="TextRegion" id="35" col="535" row="1541" width="210" height="26" contents="(Continued on the next page)" script="typed" function_1="footer" language="english"> </DL_ZONE>
			<DL_ZONE gedi_type="TextRegion" id="40" nextZoneID="16" polygon="(320,609);(439,611);(422,630);(412,650);(274,650);(276,619)" contents="05/23/1969" script="hand" language="english"> </DL_ZONE>
			<DL_ZONE gedi_type="TextRegion" id="41" polygon="(767,598);(1003,599);(1045,622);(1033,651);(969,637);(963,657);(930,657);(935,642);(764,642)" contents="United Kingdom" script="hand" language="english"> </DL_ZONE>
			<DL_ZONE gedi_type="TextRegion" id="43" polygon="(628,724);(791,735);(784,794);(753,793);(751,770);(446,774);(452,727)" contents="Susan Monday" script="hand" language="english"> </DL_ZONE>
			<DL_ZONE gedi_type="TextRegion" id="44" polygon="(302,826);(298,864);(199,864);(196,824)" contents="U.K." script="hand" language="english"> </DL_ZONE>
			<DL_ZONE gedi_type="TextRegion" id="45" col="177" row="975" width="149" height="43" contents="Lucas" script="hand" language="english"> </DL_ZONE>
			<DL_ZONE gedi_type="TextRegion" id="46" col="546" row="966" width="147" height="57" contents="08/12/95" script="hand" language="english"> </DL_ZONE>
			<DL_ZONE gedi_type="TextRegion" id="47" col="701" row="969" width="305" height="48" contents="London - UK." script="hand" language="english"> </DL_ZONE>
			<DL_ZONE gedi_type="GraphicRegion" id="48" col="93" row="277" width="1038" height="71" function="other"> </DL_ZONE>
			<DL_ZONE gedi_type="GraphicRegion" id="49" col="158" row="396" width="461" height="15" function="underlined-field"> </DL_ZONE>
			<DL_ZONE gedi_type="GraphicRegion" id="50" col="219" row="506" width="419" height="13" function="underlined-field"> </DL_ZONE>
			<DL_ZONE gedi_type="GraphicRegion" id="51" col="676" row="504" width="174" height="15" function="underlined-field"> </DL_ZONE>
			<DL_ZONE gedi_type="GraphicRegion" id="52" col="283" row="575" width="125" height="12" function="underlined-field"> </DL_ZONE>
			<DL_ZONE gedi_type="GraphicRegion" id="53" col="485" row="567" width="422" height="18" function="underlined-field"> </DL_ZONE>
			<DL_ZONE gedi_type="GraphicRegion" id="54" col="279" row="644" width="124" height="8" function="underlined-field"> </DL_ZONE>
			<DL_ZONE gedi_type="GraphicRegion" id="55" col="751" row="637" width="236" height="12" function="underlined-field"> </DL_ZONE>
			<DL_ZONE gedi_type="GraphicRegion" id="56" col="333" row="678" width="40" height="36" function="form-field"> </DL_ZONE>
			<DL_ZONE gedi_type="GraphicRegion" id="57" col="444" row="677" width="36" height="40" function="form-field"> </DL_ZONE>
			<DL_ZONE gedi_type="GraphicRegion" id="58" col="245" row="759" width="130" height="14" function="underlined-field"> </DL_ZONE>
			<DL_ZONE gedi_type="GraphicRegion" id="59" col="395" row="762" width="373" height="10" function="underlined-field"> </DL_ZONE>
			<DL_ZONE gedi_type="GraphicRegion" id="60" col="186" row="855" width="243" height="17" function="underlined-field"> </DL_ZONE>
			<DL_ZONE gedi_type="GraphicRegion" id="61" col="459" row="825" width="41" height="39" function="form-field"> </DL_ZONE>
			<DL_ZONE gedi_type="GraphicRegion" id="64" function="other" polygon="(1138,269);(1158,1532);(103,1549);(87,281)"> </DL_ZONE>
			<DL_ZONE gedi_type="TextRegion" id="65" nextZoneID="4" polygon="(243,366);(496,367);(486,420);(468,423);(451,409);(170,408);(166,370)" contents="Abel Steadworthy" script="hand" language="english"> </DL_ZONE>
			<DL_ZONE gedi_type="LineDrawingRegion" id="66" col="154" row="448" width="198" height="20"> </DL_ZONE>
			<DL_ZONE gedi_type="TextRegion" id="67" nextZoneID="8" polygon="(269,475);(515,478);(511,514);(236,514);(233,478)" contents="London UK." script="hand" language="english"> </DL_ZONE>
			<DL_ZONE gedi_type="TextRegion" id="68" polygon="(746,463);(819,456);(900,475);(876,519);(846,511);(813,506);(685,509);(683,469)" contents="05/23/1969" script="hand" language="english"> </DL_ZONE>
			<DL_ZONE gedi_type="LineDrawingRegion" id="69" col="409" row="630" width="125" height="12"> </DL_ZONE>
			<DL_ZONE gedi_type="LineDrawingRegion" id="70" col="339" row="683" width="31" height="35"> </DL_ZONE>
			<DL_ZONE gedi_type="Group" id="71" col="323" row="668" width="123" height="60" elements="20;56;70"> </DL_ZONE>
			<DL_ZONE gedi_type="TextRegion" id="72" nextZoneID="23" polygon="(293,729);(301,726);(303,716);(423,719);(419,735);(410,742);(400,772);(380,765);(349,766);(346,774);(279,771);(253,765);(254,731)" contents="03/03/1985" script="hand" language="english"> </DL_ZONE>
			<DL_ZONE gedi_type="TextRegion" id="73" col="177" row="1032" width="148" height="44" contents="Nicole" script="hand" language="english"> </DL_ZONE>
			<DL_ZONE gedi_type="TextRegion" id="74" col="548" row="1023" width="135" height="59" contents="08/02/96" script="hand" language="english"> </DL_ZONE>
			<DL_ZONE gedi_type="TextRegion" id="75" col="704" row="1019" width="292" height="50" contents="London - UK." script="hand" language="english"> </DL_ZONE>
			<DL_ZONE gedi_type="TableRegion" id="76" polygon="(154,929);(519,929);(518,914);(770,914);(770,943);(1081,943);(1086,1325);(167,1338)"> </DL_ZONE>
		</DL_PAGE>
		<DL_PAGE gedi_type="DL_PAGE" src="XOMXOD.tif" pageID="2" width="1240" height="1753" Language_2="" Language_1="" Sender_Name="" Receiver_Name="" Language_4="" Document_Date="" Language_3="" Receiver_Company="" Receiver_Address="" Sender_Company="" Script_1="" Category="" Sender_Phone="" Script_2="" Receiver_Fax="" Document_Location="" Sender_Address="" Receiver_Phone="" Sender_Fax="" Document_Object="" NumPage="4">
			<DL_ZONE gedi_type="TextRegion" id="77" col="153" row="176" width="466" height="25" contents="That I have been physically present in the United States as follows:" script="typed" language="english"> </DL_ZONE>
			<DL_ZONE gedi_type="TextRegion" id="78" col="168" row="264" width="184" height="51" contents="New York" script="hand" language="english"> </DL_ZONE>
			<DL_ZONE gedi_type="TextRegion" id="82" col="296" row="1282" width="129" height="59" nextZoneID="130" contents="10/10/2010" script="hand" language="english"> </DL_ZONE>
			<DL_ZONE gedi_type="TextRegion" id="83" polygon="(816,1286);(814,1294);(892,1287);(897,1328);(707,1334);(678,1340);(658,1350);(647,1335);(521,1337);(521,1284)" contents="Los Angeles Court" script="hand" language="english"> </DL_ZONE>
			<DL_ZONE gedi_type="TextRegion" id="84" polygon="(573,281);(608,282);(617,262);(674,263);(681,310);(565,316);(564,286)" contents="05/12/86" script="hand" language="english"> </DL_ZONE>
			<DL_ZONE gedi_type="TextRegion" id="85" polygon="(713,280);(748,257);(820,269);(801,310);(698,309);(693,287)" contents="04/1/87" script="hand" language="english"> </DL_ZONE>
			<DL_ZONE gedi_type="TextRegion" id="87" polygon="(707,332);(717,310);(807,309);(801,353);(683,360);(682,333)" contents="06/05/90" script="hand" language="english"> </DL_ZONE>
			<DL_ZONE gedi_type="TextRegion" id="90" col="156" row="223" width="131" height="29" contents="Place (City, State)" script="typed" language="english"> </DL_ZONE>
			<DL_ZONE gedi_type="TextRegion" id="91" col="565" row="214" width="100" height="40" contents="Date&#10;(mm-dd-yyyy)" script="typed" language="english"> </DL_ZONE>
			<DL_ZONE gedi_type="TextRegion" id="92" col="682" row="209" width="103" height="47" contents="Date&#10;(mm-dd-yyyy)" script="typed" language="english"> </DL_ZONE>
			<DL_ZONE gedi_type="TextRegion" id="93" col="567" row="261" width="42" height="19" contents="From" script="typed" language="english"> </DL_ZONE>
			<DL_ZONE gedi_type="TextRegion" id="94" col="682" row="261" width="23" height="21" contents="To" script="typed" language="english"> </DL_ZONE>
			<DL_ZONE gedi_type="TextRegion" id="95" col="568" row="315" width="40" height="16" contents="From" script="typed" language="english"> </DL_ZONE>
			<DL_ZONE gedi_type="TextRegion" id="96" col="683" row="311" width="22" height="22" contents="To" script="typed" language="english"> </DL_ZONE>
			<DL_ZONE gedi_type="TextRegion" id="97" col="567" row="367" width="45" height="14" contents="From" script="typed" language="english"> </DL_ZONE>
			<DL_ZONE gedi_type="TextRegion" id="98" col="686" row="366" width="19" height="18" contents="To" script="typed" language="english"> </DL_ZONE>
			<DL_ZONE gedi_type="TextRegion" id="99" col="568" row="418" width="41" height="22" contents="From" script="typed" language="english"> </DL_ZONE>
			<DL_ZONE gedi_type="TextRegion" id="100" col="683" row="415" width="25" height="26" contents="To" script="typed" language="english"> </DL_ZONE>
			<DL_ZONE gedi_type="TextRegion" id="101" col="568" row="467" width="44" height="24" contents="From" script="typed" language="english"> </DL_ZONE>
			<DL_ZONE gedi_type="TextRegion" id="102" col="681" row="466" width="26" height="22" contents="To" script="typed" language="english"> </DL_ZONE>
			<DL_ZONE gedi_type="TextRegion" id="103" col="154" row="579" width="310" height="29" contents="(Continue on a separate sheet, if necessary)" script="typed" language="english"> </DL_ZONE>
			<DL_ZONE gedi_type="TextRegion" id="104" col="155" row="631" width="387" height="25" contents="That I have been physically present abroad as follows:" script="typed" language="english"> </DL_ZONE>
			<DL_ZONE gedi_type="TextRegion" id="105" col="163" row="676" width="122" height="27" contents="Place (Country)" script="typed" language="english"> </DL_ZONE>
			<DL_ZONE gedi_type="TextRegion" id="106" col="468" row="660" width="103" height="48" contents="Date&#10;(mm-dd-yyyy)" script="typed" language="english"> </DL_ZONE>
			<DL_ZONE gedi_type="TextRegion" id="107" col="579" row="659" width="103" height="46" contents="Date&#10;(mm-dd-yyyy)" script="typed" language="english"> </DL_ZONE>
			<DL_ZONE gedi_type="TextRegion" id="108" col="693" row="598" width="360" height="108" contents="Purpose&#10;(indicate purpose of trip: vacation, residence,&#10;business, studies, U.S. government employment,&#10;U.S. military service, U.S. military dependent, etc. If&#10;working abroad give name of employer)" script="typed" language="english"> </DL_ZONE>
			<DL_ZONE gedi_type="TextRegion" id="109" col="471" row="714" width="45" height="22" contents="From" script="typed" language="english"> </DL_ZONE>
			<DL_ZONE gedi_type="TextRegion" id="110" col="587" row="714" width="23" height="24" contents="To" script="typed" language="english"> </DL_ZONE>
			<DL_ZONE gedi_type="TextRegion" id="111" col="472" row="767" width="45" height="22" contents="From" script="typed" language="english"> </DL_ZONE>
			<DL_ZONE gedi_type="TextRegion" id="112" col="587" row="766" width="23" height="24" contents="To" script="typed" language="english"> </DL_ZONE>
			<DL_ZONE gedi_type="TextRegion" id="113" col="473" row="817" width="45" height="22" contents="From" script="typed" language="english"> </DL_ZONE>
			<DL_ZONE gedi_type="TextRegion" id="114" col="587" row="817" width="23" height="24" contents="To" script="typed" language="english"> </DL_ZONE>
			<DL_ZONE gedi_type="TextRegion" id="115" col="470" row="867" width="45" height="22" contents="From" script="typed" language="english"> </DL_ZONE>
			<DL_ZONE gedi_type="TextRegion" id="116" col="589" row="867" width="23" height="24" contents="To" script="typed" language="english"> </DL_ZONE>
			<DL_ZONE gedi_type="TextRegion" id="117" col="163" row="926" width="309" height="28" contents="(Continue on a separate sheet, if necessary)" script="typed" language="english"> </DL_ZONE>
			<DL_ZONE gedi_type="TextRegion" id="118" col="167" row="979" width="740" height="24" contents="That the other biological parent of the above-named child/children for whom I am applying for citizenship is" script="typed" language="english"> </DL_ZONE>
			<DL_ZONE gedi_type="TextRegion" id="119" col="168" row="1040" width="48" height="26" nextZoneID="165" contents="Name" script="typed" language="english"> </DL_ZONE>
			<DL_ZONE gedi_type="TextRegion" id="120" col="207" row="1085" width="235" height="25" contents="is a citizen or national of the U.S." script="typed" language="english"> </DL_ZONE>
			<DL_ZONE gedi_type="TextRegion" id="121" col="205" row="1122" width="190" height="25" contents="is not a citizen of the U.S." script="typed" language="english"> </DL_ZONE>
			<DL_ZONE gedi_type="TextRegion" id="122" col="171" row="1176" width="462" height="32" contents="If the other parent is a U.S. citizen/U.S. non-citizen national it is by:" script="typed" language="english"> </DL_ZONE>
			<DL_ZONE gedi_type="TextRegion" id="123" col="158" row="1237" width="77" height="26" contents="1) birth in" script="typed" language="english"> </DL_ZONE>
			<DL_ZONE gedi_type="TextRegion" id="124" col="663" row="1237" width="24" height="22" contents="on" script="typed" language="english"> </DL_ZONE>
			<DL_ZONE gedi_type="TextRegion" id="125" col="238" row="1257" width="128" height="22" contents="City/Town, State" script="typed" language="english"> </DL_ZONE>
			<DL_ZONE gedi_type="TextRegion" id="126" col="161" row="1315" width="133" height="29" nextZoneID="129" contents="2) naturalization on" script="typed" language="english"> </DL_ZONE>
			<DL_ZONE gedi_type="TextRegion" id="127" col="160" row="1378" width="130" height="28" nextZoneID="128" contents="3) birth abroad on" script="typed" language="english"> </DL_ZONE>
			<DL_ZONE gedi_type="TextRegion" id="128" col="290" row="1407" width="142" height="26" nextZoneID="171" contents="Date (mm-dd-yyyy)" script="typed" language="english"> </DL_ZONE>
			<DL_ZONE gedi_type="TextRegion" id="129" col="301" row="1342" width="142" height="21" nextZoneID="82" contents="Date (mm-dd-yyyy)" script="typed" language="english"> </DL_ZONE>
			<DL_ZONE gedi_type="TextRegion" id="130" col="425" row="1314" width="76" height="23" nextZoneID="131" contents="before the" script="typed" language="english"> </DL_ZONE>
			<DL_ZONE gedi_type="TextRegion" id="131" col="504" row="1337" width="114" height="27" nextZoneID="83" contents="Name of Court" script="typed" language="english"> </DL_ZONE>
			<DL_ZONE gedi_type="TextRegion" id="132" col="416" row="1385" width="327" height="21" nextZoneID="133" contents="to U.S. citizen(s)/U.S. non-citizen national(s) in" script="typed" language="english"> </DL_ZONE>
			<DL_ZONE gedi_type="TextRegion" id="133" col="741" row="1406" width="64" height="28" nextZoneID="169" contents="Country" script="typed" language="english"> </DL_ZONE>
			<DL_ZONE gedi_type="TextRegion" id="134" col="524" row="1539" width="213" height="23" contents="(Continued on the next page)" script="typed" function_1="footer" language="english"> </DL_ZONE>
			<DL_ZONE gedi_type="TextRegion" id="135" col="692" row="1254" width="143" height="26" contents="Date (mm-dd-yyyy)" script="typed" language="english"> </DL_ZONE>
			<DL_ZONE gedi_type="TableRegion" id="136" col="150" row="203" width="654" height="317"> </DL_ZONE>
			<DL_ZONE gedi_type="TableRegion" id="137" polygon="(156,667);(687,650);(686,593);(1072,591);(1077,915);(161,926)"> </DL_ZONE>
			<DL_ZONE gedi_type="GraphicRegion" id="138" col="158" row="1028" width="465" height="13" function="underlined-field"> </DL_ZONE>
			<DL_ZONE gedi_type="GraphicRegion" id="139" col="168" row="1081" width="35" height="34" function="form-field"> </DL_ZONE>
			<DL_ZONE gedi_type="GraphicRegion" id="140" col="162" row="1119" width="39" height="36" function="form-field"> </DL_ZONE>
			<DL_ZONE gedi_type="GraphicRegion" id="141" col="235" row="1241" width="417" height="19" function="underlined-field"> </DL_ZONE>
			<DL_ZONE gedi_type="GraphicRegion" id="142" col="689" row="1241" width="127" height="13" function="underlined-field"> </DL_ZONE>
			<DL_ZONE gedi_type="GraphicRegion" id="143" col="299" row="1327" width="121" height="15" function="underlined-field"> </DL_ZONE>
			<DL_ZONE gedi_type="GraphicRegion" id="144" col="502" row="1320" width="422" height="22" function="underlined-field"> </DL_ZONE>
			<DL_ZONE gedi_type="GraphicRegion" id="145" col="290" row="1395" width="121" height="12" function="underlined-field"> </DL_ZONE>
			<DL_ZONE gedi_type="GraphicRegion" id="146" col="740" row="1388" width="249" height="15" function="underlined-field"> </DL_ZONE>
			<DL_ZONE gedi_type="TextRegion" id="150" polygon="(170,322);(356,322);(359,365);(289,366);(289,381);(269,381);(260,369);(168,362)" contents="Los Angeles" script="hand" language="english"> </DL_ZONE>
			<DL_ZONE gedi_type="TextRegion" id="151" polygon="(176,373);(253,376);(269,385);(289,385);(299,378);(309,375);(332,386);(337,405);(329,413);(287,415);(283,429);(266,429);(260,415);(171,415)" contents="Los Angeles" script="hand" language="english"> </DL_ZONE>
			<DL_ZONE gedi_type="TextRegion" id="152" polygon="(176,422);(233,422);(260,429);(264,436);(284,432);(293,426);(313,430);(330,442);(319,466);(303,475);(282,475);(280,463);(167,459)" contents="Chicago" script="hand" language="english"> </DL_ZONE>
			<DL_ZONE gedi_type="TextRegion" id="153" polygon="(173,469);(267,472);(270,481);(323,481);(373,492);(367,516);(297,524);(297,539);(277,541);(270,525);(166,528)" contents="Los Angeles" script="hand" language="english"> </DL_ZONE>
			<DL_ZONE gedi_type="TextRegion" id="154" polygon="(608,316);(660,312);(677,329);(674,355);(634,362);(602,363);(582,366);(562,353);(562,332);(604,330)" contents="03/21/90" script="hand" language="english"> </DL_ZONE>
			<DL_ZONE gedi_type="TextRegion" id="155" polygon="(571,382);(608,380);(618,369);(677,367);(677,406);(642,412);(637,419);(625,419);(627,412);(611,410);(608,419);(594,416);(588,410);(559,418);(555,390)" contents="02/10/96" script="hand" language="english"> </DL_ZONE>
			<DL_ZONE gedi_type="TextRegion" id="156" polygon="(733,359);(810,363);(824,370);(810,408);(767,408);(767,416);(708,415);(708,409);(684,408);(683,386);(705,385);(711,369)" contents="06/28/96" script="hand" language="english"> </DL_ZONE>
			<DL_ZONE gedi_type="TextRegion" id="157" polygon="(568,435);(609,428);(615,413);(625,413);(620,426);(641,425);(652,412);(665,410);(665,429);(687,443);(700,443);(701,461);(651,461);(647,478);(634,476);(631,466);(612,463);(608,468);(565,468)" contents="04/23/2000" script="hand" language="english"> </DL_ZONE>
			<DL_ZONE gedi_type="TextRegion" id="158" polygon="(708,425);(741,422);(746,418);(776,418);(787,410);(811,409);(811,425);(854,426);(854,453);(784,461);(776,472);(753,469);(743,465);(733,472);(720,469);(715,459);(703,462)" contents="08/18/2000" script="hand" language="english"> </DL_ZONE>
			<DL_ZONE gedi_type="TextRegion" id="159" polygon="(654,462);(665,472);(665,482);(688,482);(698,493);(697,514);(687,521);(582,528);(556,512);(568,485);(614,476);(618,466);(632,469);(630,478);(645,479)" contents="05/18/2010" script="hand" language="english"> </DL_ZONE>
			<DL_ZONE gedi_type="TextRegion" id="160" polygon="(725,476);(744,476);(750,469);(770,473);(768,479);(820,472);(857,476);(866,504);(850,512);(748,525);(704,526);(707,492)" contents="10/25/2010" script="hand" language="english"> </DL_ZONE>
			<DL_ZONE gedi_type="TextRegion" id="161" col="167" row="715" width="289" height="68" contents="United Kingdom" script="hand" language="english"> </DL_ZONE>
			<DL_ZONE gedi_type="TextRegion" id="162" polygon="(468,733);(509,725);(519,714);(571,713);(578,733);(578,760);(546,758);(542,768);(516,764);(505,766);(481,767);(459,757)" contents="05/23/69" script="hand" language="english"> </DL_ZONE>
			<DL_ZONE gedi_type="TextRegion" id="163" polygon="(589,727);(618,723);(627,708);(690,708);(713,733);(710,763);(642,777);(598,766);(581,753)" contents="06/16/2012" script="typed" language="english"> </DL_ZONE>
			<DL_ZONE gedi_type="TextRegion" id="164" col="731" row="713" width="235" height="51" contents="Residence." script="hand" language="english"> </DL_ZONE>
			<DL_ZONE gedi_type="TextRegion" id="165" polygon="(206,1000);(536,1002);(524,1073);(473,1066);(466,1042);(191,1039);(190,1019)" contents="Susan Monday." script="hand" language="english"> </DL_ZONE>
			<DL_ZONE gedi_type="LineDrawingRegion" id="166" col="171" row="1081" width="26" height="34"> </DL_ZONE>
			<DL_ZONE gedi_type="Group" id="167" col="158" row="1071" width="294" height="54" elements="120;139;166"> </DL_ZONE>
			<DL_ZONE gedi_type="LineDrawingRegion" id="168" col="241" row="1225" width="106" height="23"> </DL_ZONE>
			<DL_ZONE gedi_type="TextRegion" id="169" col="770" row="1354" width="112" height="50" contents="UK." script="hand" language="english"> </DL_ZONE>
			<DL_ZONE gedi_type="LineDrawingRegion" id="170" col="462" row="1386" width="82" height="15"> </DL_ZONE>
			<DL_ZONE gedi_type="TextRegion" id="171" polygon="(302,1368);(312,1368);(315,1360);(345,1357);(345,1366);(367,1366);(375,1355);(386,1354);(386,1366);(448,1363);(455,1371);(443,1411);(433,1407);(366,1407);(356,1418);(342,1416);(346,1406);(322,1404);(322,1417);(306,1417);(307,1404);(292,1404);(287,1374)" nextZoneID="132" contents="06/18/1969" script="hand" language="english"> </DL_ZONE>
			<DL_ZONE gedi_type="GraphicRegion" id="270" function="other" polygon="(80,142);(1134,134);(1152,1540);(98,1546)"> </DL_ZONE>
		</DL_PAGE>
		<DL_PAGE gedi_type="DL_PAGE" src="XOMXOD.tif" pageID="3" width="1240" height="1753" Language_2="" Language_1="" Sender_Name="" Receiver_Name="" Language_4="" Document_Date="" Language_3="" Receiver_Company="" Receiver_Address="" Sender_Company="" Script_1="" Category="" Sender_Phone="" Script_2="" Receiver_Fax="" Document_Location="" Sender_Address="" Receiver_Phone="" Sender_Fax="" Document_Object="" NumPage="4">
			<DL_ZONE gedi_type="TextRegion" id="172" col="289" row="155" width="640" height="65" contents="PART II&#10;(All applicants with a child/children born out of wedlock)" script="typed" language="english"> </DL_ZONE>
			<DL_ZONE gedi_type="TextRegion" id="173" col="156" row="247" width="933" height="53" contents="That the non-applying parent has been physically present in the United States as follows: (INFORMATION ABOUT THE UNMARRIED&#10;NON-APPLYING PARENT SHOULD ONLY BE PROVIDED IF THAT PARENT IS A U.S. CITIZEN OR U.S. NON-CITIZEN NATIONAL)" script="typed" language="english"> </DL_ZONE>
			<DL_ZONE gedi_type="TextRegion" id="174" col="158" row="332" width="135" height="24" contents="Place (City, State)" script="typed" language="english"> </DL_ZONE>
			<DL_ZONE gedi_type="TextRegion" id="175" col="569" row="314" width="103" height="36" contents="Date&#10;(mm-dd-yyyy)" script="typed" language="english"> </DL_ZONE>
			<DL_ZONE gedi_type="TextRegion" id="176" col="679" row="312" width="104" height="38" contents="Date&#10;(mm-dd-yyyy)" script="typed" language="english"> </DL_ZONE>
			<DL_ZONE gedi_type="TextRegion" id="177" col="571" row="361" width="43" height="19" contents="From" script="typed" language="english"> </DL_ZONE>
			<DL_ZONE gedi_type="TextRegion" id="178" col="687" row="361" width="30" height="19" contents="To" script="typed" language="english"> </DL_ZONE>
			<DL_ZONE gedi_type="TextRegion" id="179" col="572" row="413" width="42" height="26" contents="From" script="typed" language="english"> </DL_ZONE>
			<DL_ZONE gedi_type="TextRegion" id="180" col="688" row="413" width="22" height="20" contents="To" script="typed" language="english"> </DL_ZONE>
			<DL_ZONE gedi_type="TextRegion" id="181" col="574" row="466" width="47" height="20" contents="From" script="typed" language="english"> </DL_ZONE>
			<DL_ZONE gedi_type="TextRegion" id="182" col="689" row="462" width="24" height="24" contents="To" script="typed" language="english"> </DL_ZONE>
			<DL_ZONE gedi_type="TextRegion" id="183" col="575" row="516" width="44" height="22" contents="From" script="typed" language="english"> </DL_ZONE>
			<DL_ZONE gedi_type="TextRegion" id="184" col="689" row="516" width="28" height="24" contents="To" script="typed" language="english"> </DL_ZONE>
			<DL_ZONE gedi_type="TextRegion" id="185" col="573" row="568" width="45" height="25" contents="From" script="typed" language="english"> </DL_ZONE>
			<DL_ZONE gedi_type="TextRegion" id="186" col="689" row="565" width="26" height="23" contents="To" script="typed" language="english"> </DL_ZONE>
			<DL_ZONE gedi_type="TextRegion" id="187" col="573" row="619" width="42" height="22" contents="From" script="typed" language="english"> </DL_ZONE>
			<DL_ZONE gedi_type="TextRegion" id="188" col="691" row="617" width="23" height="21" contents="To" script="typed" language="english"> </DL_ZONE>
			<DL_ZONE gedi_type="TextRegion" id="189" col="158" row="680" width="915" height="134" contents="(Continue on a separate sheet, if necessary)&#10;PLEASE STOP HERE! Part II of this document must be signed before a Consular Officer or other authorized individual at the&#10;time the oath is sworn.&#10;My child was born out of wedlock, and I am the father through whom such child is claiming U.S. citizenship. I agree to provide&#10;financial support for such child until he/she reaches the age of eighteen years." script="typed" function_1="text_section" language="english"> </DL_ZONE>
			<DL_ZONE gedi_type="TextRegion" id="190" col="618" row="853" width="139" height="21" contents="Signature of Affiant" script="typed" language="english"> </DL_ZONE>
			<DL_ZONE gedi_type="TextRegion" id="191" col="163" row="894" width="257" height="32" nextZoneID="199" contents="Subscribed and sworn before me this" script="typed" language="english"> </DL_ZONE>
			<DL_ZONE gedi_type="TextRegion" id="192" col="487" row="898" width="52" height="22" nextZoneID="200" contents="day of" script="typed" language="english"> </DL_ZONE>
			<DL_ZONE gedi_type="TextRegion" id="193" col="185" row="968" width="58" height="24" contents="[SEAL]" script="typed" language="english"> </DL_ZONE>
			<DL_ZONE gedi_type="TextRegion" id="194" col="617" row="982" width="343" height="26" contents="Signature and Title of Official Administering Oath" script="typed" language="english"> </DL_ZONE>
			<DL_ZONE gedi_type="TextRegion" id="195" col="532" row="1539" width="215" height="24" contents="(Continued on the next page)" script="typed" function_1="footer" language="english"> </DL_ZONE>
			<DL_ZONE gedi_type="TextRegion" id="199" col="420" row="880" width="58" height="53" nextZoneID="192" contents="16" script="hand" function_1="date" language="english"> </DL_ZONE>
			<DL_ZONE gedi_type="TextRegion" id="200" col="544" row="881" width="242" height="43" contents="June, 2012." script="hand" function_1="date" language="english"> </DL_ZONE>
			<DL_ZONE gedi_type="TextRegion" id="201" col="625" row="1009" width="255" height="69" contents="Frank Colt" script="hand" language="english"> </DL_ZONE>
			<DL_ZONE gedi_type="GraphicRegion" id="203" function="other" polygon="(98,157);(1124,140);(1124,214);(97,227)"> </DL_ZONE>
			<DL_ZONE gedi_type="TableRegion" id="204" col="154" row="310" width="665" height="367"> </DL_ZONE>
			<DL_ZONE gedi_type="GraphicRegion" id="205" col="617" row="839" width="358" height="15" function="underlined-field"> </DL_ZONE>
			<DL_ZONE gedi_type="GraphicRegion" id="207" col="420" row="916" width="68" height="7" function="underlined-field"> </DL_ZONE>
			<DL_ZONE gedi_type="GraphicRegion" id="208" col="538" row="912" width="266" height="17" function="underlined-field"> </DL_ZONE>
			<DL_ZONE gedi_type="GraphicRegion" id="209" col="618" row="972" width="358" height="17" function="underlined-field"> </DL_ZONE>
			<DL_ZONE gedi_type="GraphicRegion" id="210" function="other" polygon="(157,146);(1131,133);(1159,1533);(104,1550);(85,147)"> </DL_ZONE>
			<DL_ZONE gedi_type="TextRegion" id="211" col="618" row="932" width="311" height="50" contents="frank Colt." script="hand" language="english"> </DL_ZONE>
			<DL_ZONE gedi_type="TextRegion" id="212" polygon="(629,803);(652,803);(661,816);(698,810);(716,797);(738,796);(747,774);(778,774);(782,797);(944,800);(961,829);(947,856);(897,867);(870,850);(623,850)" contents="Abel Steadworthy" script="hand" language="english"> </DL_ZONE>
			<DL_ZONE gedi_type="GraphicRegion" id="214" function="signature" polygon="(628,1009);(652,1005);(681,993);(707,1003);(718,1025);(849,1018);(883,1065);(883,1076);(819,1098);(589,1093);(604,1069);(601,1033);(609,1020)"> </DL_ZONE>
			<DL_ZONE gedi_type="Group" id="215" col="579" row="922" width="360" height="186" elements="211;214"> </DL_ZONE>
			<DL_ZONE gedi_type="LineDrawingRegion" id="267" polygon="(886,858);(856,860);(748,864);(676,862);(625,846);(605,818);(617,792);(673,777);(754,781);(802,798);(824,824);(832,810);(812,786);(762,770);(710,766);(641,773);(601,792);(585,820);(594,841);(633,872);(700,878);(790,876);(869,873);(898,869)"> </DL_ZONE>
			<DL_ZONE gedi_type="NoiseRegion" id="268" col="792" row="842" width="37" height="16"> </DL_ZONE>
			<DL_ZONE gedi_type="NoiseRegion" id="269" col="618" row="1316" width="27" height="17"> </DL_ZONE>
		</DL_PAGE>
		<DL_PAGE gedi_type="DL_PAGE" src="XOMXOD.tif" pageID="4" width="1240" height="1753" Language_2="" Language_1="" Sender_Name="" Receiver_Name="" Language_4="" Document_Date="" Language_3="" Receiver_Company="" Receiver_Address="" Sender_Company="" Script_1="" Category="" Sender_Phone="" Script_2="" Receiver_Fax="" Document_Location="" Sender_Address="" Receiver_Phone="" Sender_Fax="" Document_Object="" NumPage="4">
			<DL_ZONE gedi_type="TextRegion" id="216" col="144" row="512" width="477" height="49" contents="100, Pall Mall SW1Y5NN." script="hand" language="english"> </DL_ZONE>
			<DL_ZONE gedi_type="TextRegion" id="217" col="177" row="586" width="139" height="49" contents="London" script="hand" language="english"> </DL_ZONE>
			<DL_ZONE gedi_type="TextRegion" id="219" col="739" row="578" width="105" height="50" contents="UK." script="hand" language="english"> </DL_ZONE>
			<DL_ZONE gedi_type="TextRegion" id="220" col="146" row="658" width="177" height="41" contents="SW1Y 5NN" script="hand" language="english"> </DL_ZONE>
			<DL_ZONE gedi_type="TextRegion" id="221" col="337" row="653" width="209" height="48" contents="2076648827" script="hand" language="english"> </DL_ZONE>
			<DL_ZONE gedi_type="TextRegion" id="222" col="590" row="735" width="52" height="43" nextZoneID="236" contents="16" script="hand" function_1="date" language="english"> </DL_ZONE>
			<DL_ZONE gedi_type="TextRegion" id="223" col="705" row="731" width="221" height="49" nextZoneID="254" contents="June 2012." script="hand" function_1="date" language="english"> </DL_ZONE>
			<DL_ZONE gedi_type="TextRegion" id="224" polygon="(222,913);(349,916);(347,945);(333,965);(264,975);(163,967);(154,926);(180,909)" contents="Frank Colt" script="hand" language="english"> </DL_ZONE>
			<DL_ZONE gedi_type="TextRegion" id="226" col="379" row="145" width="467" height="66" contents="PART III&#10;(Oath: To be completed by all applicants)" script="typed" language="english"> </DL_ZONE>
			<DL_ZONE gedi_type="TextRegion" id="228" col="146" row="493" width="140" height="21" contents="Signature of affiant" script="typed" language="english"> </DL_ZONE>
			<DL_ZONE gedi_type="TextRegion" id="229" col="148" row="561" width="164" height="18" nextZoneID="216" contents="Present Street Address" script="typed" language="english"> </DL_ZONE>
			<DL_ZONE gedi_type="TextRegion" id="230" col="144" row="634" width="37" height="21" nextZoneID="217" contents="City" script="typed" language="english"> </DL_ZONE>
			<DL_ZONE gedi_type="TextRegion" id="231" col="441" row="631" width="45" height="19" contents="State" script="typed" language="english"> </DL_ZONE>
			<DL_ZONE gedi_type="TextRegion" id="232" col="737" row="628" width="59" height="23" nextZoneID="219" contents="Country" script="typed" language="english"> </DL_ZONE>
			<DL_ZONE gedi_type="TextRegion" id="233" col="147" row="705" width="85" height="25" nextZoneID="220" contents="Zip Code" script="typed" language="english"> </DL_ZONE>
			<DL_ZONE gedi_type="TextRegion" id="234" col="337" row="704" width="132" height="20" nextZoneID="221" contents="Telephone Number" script="typed" language="english"> </DL_ZONE>
			<DL_ZONE gedi_type="TextRegion" id="235" col="149" row="754" width="426" height="26" nextZoneID="222" contents="SUBSCRIBED AND SWORN TO (AFFIRMED) before me this" script="typed" language="english"> </DL_ZONE>
			<DL_ZONE gedi_type="TextRegion" id="236" col="656" row="752" width="47" height="25" nextZoneID="223" contents="day of" script="typed" language="english"> </DL_ZONE>
			<DL_ZONE gedi_type="TextRegion" id="237" col="153" row="808" width="22" height="21" nextZoneID="261" contents="at" script="typed" language="english"> </DL_ZONE>
			<DL_ZONE gedi_type="TextRegion" id="238" col="819" row="829" width="61" height="28" contents="[SEAL]" script="typed" language="english"> </DL_ZONE>
			<DL_ZONE gedi_type="TextRegion" id="239" col="148" row="884" width="308" height="22" contents="Signature and Title of Administering Officer" script="typed" language="english"> </DL_ZONE>
			<DL_ZONE gedi_type="GraphicRegion" id="240" col="146" row="485" width="356" height="14" function="underlined-field"> </DL_ZONE>
			<DL_ZONE gedi_type="GraphicRegion" id="242" col="143" row="544" width="544" height="15" function="underlined-field"> </DL_ZONE>
			<DL_ZONE gedi_type="GraphicRegion" id="243" col="138" row="622" width="254" height="15" function="underlined-field"> </DL_ZONE>
			<DL_ZONE gedi_type="GraphicRegion" id="244" col="442" row="615" width="243" height="13" function="underlined-field"> </DL_ZONE>
			<DL_ZONE gedi_type="GraphicRegion" id="245" col="731" row="614" width="249" height="17" function="underlined-field"> </DL_ZONE>
			<DL_ZONE gedi_type="GraphicRegion" id="246" col="146" row="694" width="150" height="8" function="underlined-field"> </DL_ZONE>
			<DL_ZONE gedi_type="GraphicRegion" id="247" col="334" row="690" width="230" height="10" function="underlined-field"> </DL_ZONE>
			<DL_ZONE gedi_type="GraphicRegion" id="248" col="579" row="770" width="81" height="9" function="underlined-field"> </DL_ZONE>
			<DL_ZONE gedi_type="GraphicRegion" id="249" col="707" row="766" width="239" height="12" function="underlined-field"> </DL_ZONE>
			<DL_ZONE gedi_type="GraphicRegion" id="250" col="959" row="760" width="48" height="13" function="underlined-field"> </DL_ZONE>
			<DL_ZONE gedi_type="GraphicRegion" id="251" col="141" row="870" width="370" height="19" function="underlined-field"> </DL_ZONE>
			<DL_ZONE gedi_type="GraphicRegion" id="252" col="170" row="816" width="454" height="17" function="underlined-field"> </DL_ZONE>
			<DL_ZONE gedi_type="TextRegion" id="253" col="945" row="764" width="11" height="16" contents="," script="typed" language="english"> </DL_ZONE>
			<DL_ZONE gedi_type="TextRegion" id="254" col="1009" row="766" width="13" height="18" contents="," script="typed" language="english"> </DL_ZONE>
			<DL_ZONE gedi_type="GraphicRegion" id="257" function="other" polygon="(1127,137);(1124,213);(94,221);(93,156)"> </DL_ZONE>
			<DL_ZONE gedi_type="GraphicRegion" id="258" function="other" polygon="(1128,137);(1155,1537);(107,1544);(80,147)"> </DL_ZONE>
			<DL_ZONE gedi_type="GraphicRegion" id="259" function="signature" polygon="(147,913);(174,896);(214,889);(257,887);(302,894);(317,913);(353,913);(383,949);(386,972);(345,1009);(237,1035);(178,1053);(161,1030);(141,992);(120,953);(136,924)"> </DL_ZONE>
			<DL_ZONE gedi_type="TextRegion" id="260" polygon="(183,834);(204,836);(299,844);(297,857);(326,840);(419,840);(449,863);(433,880);(353,882);(170,882);(167,856)" contents="frank Colt." script="hand" language="english"> </DL_ZONE>
			<DL_ZONE gedi_type="TextRegion" id="261" polygon="(204,793);(262,791);(269,788);(286,791);(342,786);(383,793);(408,783);(508,784);(525,804);(524,824);(402,834);(325,833);(326,841);(302,851);(302,836);(199,833);(189,817);(193,797)" contents="Los Angeles Court." script="hand" function_1="location" language="english"> </DL_ZONE>
			<DL_ZONE gedi_type="TextRegion" id="262" polygon="(174,462);(246,453);(262,449);(276,449);(294,459);(352,453);(446,453);(472,472);(476,508);(452,512);(406,506);(386,493);(156,495);(157,471)" contents="Abel Steadworthy" script="hand" language="english"> </DL_ZONE>
			<DL_ZONE gedi_type="TextRegion" id="263" polygon="(140,230);(1086,219);(1089,429);(224,438);(226,451);(137,453)" contents="PLEASE STOP HERE! PART III of the document must be signed before a Consular Officer or other authorized individual at the&#10;time the oath is sworn.&#10;WARNING: False statements made knowingly and willfully in applications for citizenship documentation or affidavits and other supporting&#10;documents are punishable by fine and/or imprisonment under the provisions of 18 USC 1001 and other applicable criminal statutes.&#10;A U.S. consular officer may require additional evidence of one's blood relationship to one's child and/or evidence of one's physical&#10;presence and residence in the United States.&#10;I solemnly swear (or affirm) that all the statements contained in this affidavit are true and complete to the best of my knowledge and belief,&#10;and that this affidavit is for the purpose of establishing my relationship to the aforementioned child/children and his/her/their claim to U.S.&#10;citizenship." script="typed" function_2="reference" function_1="text_section" language="english"> </DL_ZONE>
			<DL_ZONE gedi_type="Group" id="266" col="110" row="824" width="349" height="239" elements="259;260"> </DL_ZONE>
			<DL_ZONE gedi_type="LineDrawingRegion" id="271" polygon="(392,520);(330,524);(217,528);(149,528);(96,505);(77,480);(109,442);(232,418);(360,409);(437,409);(458,426);(452,460);(441,468);(433,465);(446,438);(440,425);(381,422);(269,429);(173,441);(117,457);(98,478);(100,489);(125,505);(209,516);(321,513);(397,508);(417,508);(452,512);(426,520)"> </DL_ZONE>
			<DL_ZONE gedi_type="NoiseRegion" id="272" col="309" row="497" width="35" height="16"> </DL_ZONE>
		</DL_PAGE>
	</DL_DOCUMENT>
</GEDI>