<?xml version="1.0" encoding="UTF-8"?>
<!--GEDI was developed at Language and Media Processing Laboratory, University of Maryland.-->

<GEDI xmlns="http://lamp.cfar.umd.edu/media/projects/GEDI/" GEDI_version="2.3.19" GEDI_date="12/23/2011">
	<USER name="MDR-P8" date="2/12/2013 14:58" dateFormat="mm/dd/yyyy hh:mm">	</USER>
	<USER name="MDR-R1" date="11/22/2012 10:57" dateFormat="mm/dd/yyyy hh:mm">	</USER>
	<USER name="MDR_P1" date="2/25/2013 10:14" dateFormat="mm/dd/yyyy hh:mm">	</USER>
	<USER name="MDR_R8" date="11/21/2012 15:03" dateFormat="mm/dd/yyyy hh:mm">	</USER>
	<USER name="Taoudi" date="11/22/2012 12:18" dateFormat="mm/dd/yyyy hh:mm">	</USER>
	<DL_DOCUMENT src="XROACR.tif" docTag="xml" NrOfPages="1">
		<DL_PAGE gedi_type="DL_PAGE" src="XROACR.tif" pageID="1" width="2338" height="1700" Language_2="" Sender_Name="" Document_Date="" Language_4="" Receiver_Name="" Language_3="" Receiver_Company="" Receiver_Address="" Sender_Company="" Sender_Phone="" Receiver_Fax="" Script_2="" Document_Location="" Receiver_Phone="" Sender_Address="" Sender_Fax="" Category="C2" Document_Object="خريطة ليبيا" Language_1="arabic" NumPage="1" Script_1="hand" GEDI_orientation="180">
			<DL_ZONE gedi_type="LineDrawingRegion" id="1" polygon="(1550,1208);(1503,1214);(1483,1173);(1523,1152);(1508,986);(1435,841);(1406,821);(1408,785);(1362,797);(1344,914);(1279,941);(1197,889);(1113,921);(944,927);(992,1023);(1042,1136);(1041,1188);(971,1183);(972,1108);(981,1067);(906,942);(931,904);(1118,885);(1186,839);(1221,845);(1303,898);(1323,868);(1329,779);(1379,753);(1445,762);(1477,821);(1509,920);(1542,1032)"> </DL_ZONE>
			<DL_ZONE gedi_type="TextRegion" id="2" polygon="(1703,1190);(1552,1202);(1547,1144);(1696,1108)" contents="المطار" script="hand" function_1="annotation" language="arabic"> </DL_ZONE>
			<DL_ZONE gedi_type="TextRegion" id="4" polygon="(1659,882);(1509,914);(1492,865);(1468,783);(1492,710);(1665,694);(1677,753);(1627,771)" contents="الإقامة&#10;في&#10;¤{الفندق/فندق}¤&#10;الجرذان" script="hand" function_1="annotation" language="arabic"> </DL_ZONE>
			<DL_ZONE gedi_type="TextRegion" id="9" polygon="(1324,847);(1285,868);(1198,838);(1160,841);(1138,870);(1069,868);(1074,744);(1247,747);(1312,786)" contents="زيارة صديقتي&#10;مجيدة" script="hand" function_1="annotation" language="arabic"> </DL_ZONE>
			<DL_ZONE gedi_type="TextRegion" id="11" polygon="(965,1179);(924,1185);(800,1185);(760,1185);(771,1070);(856,1047);(966,1062)" contents="زيارة مدينة&#10;طرابلس" script="hand" function_1="annotation" language="arabic"> </DL_ZONE>
			<DL_ZONE gedi_type="GraphicRegion" id="13" col="552" row="10" width="1295" height="1314" function="drawing"> </DL_ZONE>
			<DL_ZONE gedi_type="NoiseRegion" id="14" col="2" row="908" width="21" height="765"> </DL_ZONE>
			<DL_ZONE gedi_type="NoiseRegion" id="15" col="7" row="4" width="2324" height="17"> </DL_ZONE>
		</DL_PAGE>
	</DL_DOCUMENT>
</GEDI>