<?xml version="1.0" encoding="UTF-8"?>
<!--GEDI was developed at Language and Media Processing Laboratory, University of Maryland.-->

<GEDI xmlns="http://lamp.cfar.umd.edu/media/projects/GEDI/" GEDI_version="2.3.19" GEDI_date="12/23/2011">
	<USER name="MDR-P4" date="3/25/2013 17:06" dateFormat="mm/dd/yyyy hh:mm">	</USER>
	<USER name="MDR-P6" date="3/13/2013 15:55" dateFormat="mm/dd/yyyy hh:mm">	</USER>
	<DL_DOCUMENT src="XSHFJT.tif" docTag="xml" NrOfPages="1">
		<DL_PAGE gedi_type="DL_PAGE" src="XSHFJT.tif" pageID="1" width="1651" height="2335" Sender_Name="" Document_Date="" Receiver_Name="" Language_3="" Receiver_Company="" Receiver_Address="" Sender_Company="" Sender_Phone="" Receiver_Fax="" Script_2="" Document_Location="" Receiver_Phone="" Sender_Address="" Sender_Fax="" Language_4="" NumPage="1" Category="C2" Language_2="" Language_1="english" Script_1="typed" Document_Object="LEAFLET" GEDI_orientation="270">
			<DL_ZONE gedi_type="TextRegion" id="1" col="163" row="1136" width="1336" height="616" contents="Reading&#10;this&#10;leaflet&#10;could&#10;save&#10;your&#10;football&#10;career" script="typed" language="english"> </DL_ZONE>
			<DL_ZONE gedi_type="TextRegion" id="2" col="147" row="324" width="296" height="736" contents="don't test positive&#10;for doping, even&#10;by mistake" script="typed" language="english"> </DL_ZONE>
			<DL_ZONE gedi_type="GraphicRegion" id="3" col="1609" row="42" width="2272" height="1568" function="other" orientationD="269.849"> </DL_ZONE>
			<DL_ZONE gedi_type="NoiseRegion" id="4" col="1625" row="0" width="26" height="2334"> </DL_ZONE>
		</DL_PAGE>
	</DL_DOCUMENT>
</GEDI>