<?xml version="1.0" encoding="UTF-8"?>
<!--GEDI was developed at Language and Media Processing Laboratory, University of Maryland.-->

<GEDI xmlns="http://lamp.cfar.umd.edu/media/projects/GEDI/" GEDI_version="2.3.19" GEDI_date="12/23/2011">
	<USER name="MDR-P8" date="4/24/2013 17:37" dateFormat="mm/dd/yyyy hh:mm">	</USER>
	<USER name="MDR-R1" date="4/11/2013 12:02" dateFormat="mm/dd/yyyy hh:mm">	</USER>
	<USER name="MDR-R2" date="4/11/2013 13:03" dateFormat="mm/dd/yyyy hh:mm">	</USER>
	<USER name="MDR-R6" date="4/22/2013 9:33" dateFormat="mm/dd/yyyy hh:mm">	</USER>
	<DL_DOCUMENT src="XSNRPC.tif" docTag="xml" NrOfPages="1">
		<DL_PAGE gedi_type="DL_PAGE" src="XSNRPC.tif" pageID="1" width="1700" height="2338" Language_4="" Receiver_Name="" Language_3="" Receiver_Address="" Receiver_Fax="" Script_2="" Receiver_Phone="" Language_1="arabic" Language_2="french" NumPage="1" Category="C3" Document_Date="01/03/2013" Document_Location="العرائش" Document_Object="طلب تأمين على السيارة" Receiver_Company="مجموعة وفا تأمين" Script_1="hand" Sender_Address="شارع صلاح الدين الأيوبي العرائش 92000" Sender_Company="" Sender_Fax="+212(0)5.39.52.02.63" Sender_Phone="+212(0)5.39.52.02.62" Sender_Name="نجمة الفرا">
			<DL_ZONE gedi_type="TextRegion" id="1" col="34" row="62" width="594" height="88" contents="العرائش في : 01 مارس 2013" script="hand" function_2="date" function_1="location" language="arabic"> </DL_ZONE>
			<DL_ZONE gedi_type="TextRegion" id="2" col="939" row="222" width="675" height="412" contents="الفرا نجمة&#10;شارع صلاح الدين الأيوبي&#10;العرائش - 92000&#10;الهاتف : 05.39.52.02.62&#10;الفاكس : 05.39.52.02.63" script="hand" function_1="coordinates" language="arabic"> </DL_ZONE>
			<DL_ZONE gedi_type="TextRegion" id="3" col="109" row="665" width="917" height="101" contents="إلى السيد مدير مجموعة وفا ¤{تأمين/للتأمين}¤." script="hand" language="arabic"> </DL_ZONE>
			<DL_ZONE gedi_type="TextRegion" id="4" col="609" row="806" width="954" height="97" contents="الموضوع : طلب تأمين على السيارة :" script="hand" function_1="object" language="arabic"> </DL_ZONE>
			<DL_ZONE gedi_type="TextRegion" id="5" col="114" row="938" width="1482" height="908" contents="وبعد ،&#10;أفيدكم علما أنه في يوم الأربعاء 27 فبراير 2013 تعرضت&#10;لحادثة سير في المدار الحضري لمدينة العرائش نتيجة&#10;خطأ فادح صدر عن الطرف الآخر الذي لم يحترم ¤{الاشارة/الإشارة}¤&#10;الضوئية الحمراء مما أدى إلى تصادم السيارتين مما&#10;خلف خسائر في أجهزة السيارة.&#10;وبصفتي زبونا وفيا لدى شركتكم أطالبكم بالقيام&#10;بالإجراءات ¤{الازمة/اللازمة}¤ للحصول عن التعويض في أقرب وقت.&#10;وتفضلوا، ¤{سيدى/سيدي}¤، بقبول أسمى إحترامي." script="hand" function_1="text_section" language="arabic"> </DL_ZONE>
			<DL_ZONE gedi_type="TextRegion" id="7" col="237" row="2003" width="81" height="92" contents="Cng" script="hand" language="french"> </DL_ZONE>
			<DL_ZONE gedi_type="GraphicRegion" id="8" col="233" row="1998" width="252" height="107" function="signature"> </DL_ZONE>
			<DL_ZONE gedi_type="Group" id="9" col="174" row="1857" width="321" height="258" elements="7;8;17"> </DL_ZONE>
			<DL_ZONE gedi_type="NoiseRegion" id="16" col="145" row="2324" width="1534" height="11"> </DL_ZONE>
			<DL_ZONE gedi_type="TextRegion" id="17" col="184" row="1867" width="284" height="92" contents="الفرا نجمة" script="hand" language="arabic"> </DL_ZONE>
		</DL_PAGE>
	</DL_DOCUMENT>
</GEDI>