<?xml version="1.0" encoding="UTF-8"?>
<!--GEDI was developed at Language and Media Processing Laboratory, University of Maryland.-->

<GEDI xmlns="http://lamp.cfar.umd.edu/media/projects/GEDI/" GEDI_version="2.3.19" GEDI_date="12/23/2011">
	<USER name="MDR-P6" date="4/16/2013 10:54" dateFormat="mm/dd/yyyy hh:mm">	</USER>
	<USER name="MDR-P8" date="4/23/2013 15:22" dateFormat="mm/dd/yyyy hh:mm">	</USER>
	<USER name="Mdr-P5" date="4/22/2013 9:56" dateFormat="mm/dd/yyyy hh:mm">	</USER>
	<DL_DOCUMENT src="XTMQML.tif" docTag="xml" NrOfPages="1">
		<DL_PAGE gedi_type="DL_PAGE" src="XTMQML.tif" pageID="1" width="2544" height="3456" Language_2="" Receiver_Name="" Language_4="" Language_3="" Receiver_Address="" Document_Location="" Category="C4" Document_Date="02/03/2013" Document_Object="COMMANDE DE LAISSES" Language_1="french" NumPage="1" Script_2="" Script_1="typed" Sender_Name="Lydie ETIENNE" Receiver_Company="ANIMALZOO" Sender_Company="AMIS DES CHIENS" Receiver_Fax="+33(0)1.56.43.72.73" Receiver_Phone="+33(0)1.56.43.72.74" Sender_Address="15, RUE DU MONNERET, 70400 TREMOINS" Sender_Fax="+33(0)3.16.97.33.43" Sender_Phone="+33(0)3.16.97.33.42">
			<DL_ZONE gedi_type="TextRegion" id="1" col="381" row="177" width="361" height="229" contents="15 Rue du Monneret&#10;70400 Trémoins&#10;¤{Tel/Tél}¤ : 03 16 97 33 42&#10;Fax : 03 16 97 33 43&#10;www.amisdeschiens.fr" script="typed" function_1="coordinates" language="french"> </DL_ZONE>
			<DL_ZONE gedi_type="TextRegion" id="2" col="1460" row="249" width="633" height="80" contents="AMIS DES CHIENS" script="typed" language="french"> </DL_ZONE>
			<DL_ZONE gedi_type="GraphicRegion" id="3" col="1399" row="180" width="768" height="223" function="other"> </DL_ZONE>
			<DL_ZONE gedi_type="TextRegion" id="4" col="222" row="553" width="1054" height="228" contents="Télécopie" script="typed" function_1="title" language="french"> </DL_ZONE>
			<DL_ZONE gedi_type="TextRegion" id="5" col="383" row="831" width="1671" height="78" contents="À : ANIMALZOO De : AMIS DES CHIENS" script="typed" language="french"> </DL_ZONE>
			<DL_ZONE gedi_type="TextRegion" id="6" col="392" row="954" width="1316" height="62" contents="Télécopie : 01 56 43 72 73 Nombre de pages : 1" script="typed" language="french"> </DL_ZONE>
			<DL_ZONE gedi_type="TextRegion" id="7" col="386" row="1063" width="1470" height="56" contents="Téléphone : 01 56 43 72 74 Date : 02/03/13" script="typed" function_1="date" language="french"> </DL_ZONE>
			<DL_ZONE gedi_type="TextRegion" id="8" col="392" row="1169" width="994" height="47" contents="Objet : Commande de laisses Cc :" script="typed" function_1="object" language="french"> </DL_ZONE>
			<DL_ZONE gedi_type="TextRegion" id="9" col="390" row="1296" width="177" height="51" contents="x Urgent" script="typed" language="french"> </DL_ZONE>
			<DL_ZONE gedi_type="TextRegion" id="10" col="611" row="1298" width="264" height="45" contents="Pour révision" script="typed" language="french"> </DL_ZONE>
			<DL_ZONE gedi_type="TextRegion" id="11" col="923" row="1296" width="391" height="51" contents="Pour commentaires" script="typed" language="french"> </DL_ZONE>
			<DL_ZONE gedi_type="TextRegion" id="12" col="1359" row="1298" width="351" height="49" contents="Veuillez répondre" script="typed" language="french"> </DL_ZONE>
			<DL_ZONE gedi_type="TextRegion" id="13" col="1759" row="1296" width="338" height="51" contents="Veuillez recycler" script="typed" language="french"> </DL_ZONE>
			<DL_ZONE gedi_type="TextRegion" id="14" col="215" row="1495" width="1904" height="817" contents="Bonjour,&#10;Veuillez recevoir notre nouvelle commande et la traiter en urgence si possible , nous sommes en rupture de&#10;stock&#10;- 3 laisses courtes strass bleues à 12€ HT l'unité&#10;- 4 laisses courtes strass roses à 12 €HT l'unité&#10;- 2 laisses longues noires à 17€ HT l'unité&#10;- 5 laisses à enrouleur rouge à 20€ HT l'unité&#10;Total 218€ HT payé par virement ordinaire fin de mois le 30&#10;Merci de renouveler votre RIB à l'attention de notre service comptabilité fournisseurs avec votre facture&#10;Bien cordialement&#10;Lydie ETIENNE" script="typed" function_1="text_section" language="french"> </DL_ZONE>
			<DL_ZONE gedi_type="GraphicRegion" id="15" col="383" row="1417" width="1763" height="15" function="underlined-field"> </DL_ZONE>
			<DL_ZONE gedi_type="GraphicRegion" id="16" col="386" row="1220" width="1740" height="16" function="underlined-field"> </DL_ZONE>
			<DL_ZONE gedi_type="GraphicRegion" id="17" col="392" row="1117" width="1734" height="13" function="underlined-field"> </DL_ZONE>
			<DL_ZONE gedi_type="GraphicRegion" id="18" col="390" row="1012" width="1738" height="18" function="underlined-field"> </DL_ZONE>
			<DL_ZONE gedi_type="GraphicRegion" id="19" col="388" row="914" width="1738" height="8" function="underlined-field"> </DL_ZONE>
			<DL_ZONE gedi_type="GraphicRegion" id="20" col="569" row="1297" width="39" height="39" function="form-field"> </DL_ZONE>
			<DL_ZONE gedi_type="GraphicRegion" id="21" col="882" row="1297" width="38" height="40" function="form-field"> </DL_ZONE>
			<DL_ZONE gedi_type="GraphicRegion" id="22" col="1320" row="1297" width="38" height="40" function="form-field"> </DL_ZONE>
			<DL_ZONE gedi_type="GraphicRegion" id="23" col="1718" row="1300" width="38" height="37" function="form-field"> </DL_ZONE>
			<DL_ZONE gedi_type="SeparatorRegion" id="24" col="1323" row="3254" width="994" height="23"> </DL_ZONE>
		</DL_PAGE>
	</DL_DOCUMENT>
</GEDI>