<?xml version="1.0" encoding="UTF-8"?>
<!--GEDI was developed at Language and Media Processing Laboratory, University of Maryland.-->

<GEDI xmlns="http://lamp.cfar.umd.edu/media/projects/GEDI/" GEDI_version="2.3.19" GEDI_date="12/23/2011">
	<USER name="Catherine MAUPLOT" date="4/30/2013 10:45" dateFormat="mm/dd/yyyy hh:mm">	</USER>
	<USER name="MDR-P4" date="4/29/2013 18:03" dateFormat="mm/dd/yyyy hh:mm">	</USER>
	<USER name="MDR-P8" date="4/30/2013 15:58" dateFormat="mm/dd/yyyy hh:mm">	</USER>
	<USER name="Mdr-P5" date="4/24/2013 10:02" dateFormat="mm/dd/yyyy hh:mm">	</USER>
	<DL_DOCUMENT src="XUPXHV.tif" docTag="xml" NrOfPages="1">
		<DL_PAGE gedi_type="DL_PAGE" src="XUPXHV.tif" pageID="1" width="1651" height="2335" Language_2="" Sender_Name="" Language_4="" Document_Date="" Language_3="" Receiver_Company="" Receiver_Address="" Sender_Phone="" Script_2="" Receiver_Fax="" Document_Location="" Receiver_Phone="" Sender_Fax="" Category="C2" Document_Object="STUDENT CARD" Language_1="english" NumPage="1" Receiver_Name="Shirley PHILLIPS" Script_1="typed" Sender_Address="12 UNITY STREET 13135 UNIFY LA" Sender_Company="UNIVERSITY OF MICHIBAN" GEDI_orientation="90">
			<DL_ZONE gedi_type="TextRegion" id="1" col="65" row="545" width="106" height="1322" contents="FULL TIME TERTIARY STUDENT" script="typed" function_1="title" language="english"> </DL_ZONE>
			<DL_ZONE gedi_type="TextRegion" id="2" col="201" row="1689" width="244" height="516" contents="¤{SurnamePhillips/Surname Phillips}¤&#10;First ¤{NameShirley/Name Shirley}¤&#10;D.O.B 13/01/1980" script="typed" language="english"> </DL_ZONE>
			<DL_ZONE gedi_type="TextRegion" id="3" col="738" row="862" width="187" height="693" contents="UNIVERSITY OF MICHIBAN&#10;12 UNITY STREET&#10;13134 UNIFY, LA" script="typed" function_1="coordinates" language="english"> </DL_ZONE>
			<DL_ZONE gedi_type="TextRegion" id="4" col="939" row="1767" width="192" height="509" contents="15000" script="typed" language="english"> </DL_ZONE>
			<DL_ZONE gedi_type="TextRegion" id="5" polygon="(433,1387);(438,1902);(542,1897);(547,1713);(1024,1718);(1019,1581);(549,1578);(547,1387)" contents="T" script="typed" language="english"> </DL_ZONE>
			<DL_ZONE gedi_type="TextRegion" id="6" col="479" row="877" width="709" height="1446" contents="¤e¤tro adelaide met delaide metro adelaide ¤*¤&#10;¤e¤tro adelaide met delaide metro adelaide ¤*¤&#10;¤e¤tro adelaide met delaide metro adelaide ¤*¤&#10;¤e¤tro adelaide met delaide metro adelaide ¤*¤&#10;¤e¤tro adelaide met delaide metro adelaide ¤*¤&#10;¤e¤tro adelaide met delaide metro adelaide ¤*¤&#10;¤e¤tro adelaide met delaide metro adelaide ¤*¤&#10;¤e¤tro adelaide metro adelaide metro adelaide metro adelaide ¤*¤&#10;¤e¤tro adelaide metro adelaide metro adelaide metro adelaide ¤*¤" script="typed" language="english"> </DL_ZONE>
			<DL_ZONE gedi_type="TextRegion" id="7" col="1271" row="243" width="82" height="333" nextZoneID="8" contents="VALID TO" script="typed" language="english"> </DL_ZONE>
			<DL_ZONE gedi_type="TextRegion" id="8" col="1365" row="456" width="80" height="276" contents="14/02/2014" script="typed" language="english"> </DL_ZONE>
			<DL_ZONE gedi_type="GraphicRegion" id="9" col="1225" row="1295" width="192" height="522" function="drawing"> </DL_ZONE>
			<DL_ZONE gedi_type="GraphicRegion" id="10" col="1260" row="133" width="97" height="600" function="other"> </DL_ZONE>
			<DL_ZONE gedi_type="GraphicRegion" id="11" col="1256" row="128" width="239" height="618" function="other"> </DL_ZONE>
			<DL_ZONE gedi_type="GraphicRegion" id="12" col="200" row="131" width="994" height="744" function="other"> </DL_ZONE>
			<DL_ZONE gedi_type="GraphicRegion" id="13" col="55" row="127" width="121" height="2153" function="other"> </DL_ZONE>
		</DL_PAGE>
	</DL_DOCUMENT>
</GEDI>