<?xml version="1.0" encoding="UTF-8"?>
<!--GEDI was developed at Language and Media Processing Laboratory, University of Maryland.-->

<GEDI xmlns="http://lamp.cfar.umd.edu/media/projects/GEDI/" GEDI_version="2.3.19" GEDI_date="12/23/2011">
	<USER name="MDR-P6" date="10/24/2012 23:48" dateFormat="mm/dd/yyyy hh:mm">	</USER>
	<USER name="MDR-P8" date="1/31/2013 19:43" dateFormat="mm/dd/yyyy hh:mm">	</USER>
	<USER name="Mdr-P5" date="1/14/2013 18:29" dateFormat="mm/dd/yyyy hh:mm">	</USER>
	<DL_DOCUMENT src="YEHPPB.tif" docTag="xml" NrOfPages="1">
		<DL_PAGE gedi_type="DL_PAGE" src="YEHPPB.tif" pageID="1" width="2480" height="3507" Language_2="" Receiver_Name="" Language_4="" Language_3="" Receiver_Company="" Receiver_Address="" Sender_Company="" Sender_Phone="" Receiver_Fax="" Document_Location="" Receiver_Phone="" Sender_Fax="" Category="C1" Document_Object="QUESTIONNAIRE EN VUE D'UN MARIAGE" Language_1="french" NumPage="1" Script_1="typed" Script_2="hand" Sender_Address="2100 VIEILLE ROUTE DE CARROS 06510 GATTIÈRES" Sender_Name="Fabienne Geneviève BARBIER" Document_Date="">
			<DL_ZONE gedi_type="TextRegion" id="1" col="610" row="630" width="1178" height="44" contents="QUESTIONNAIRE A REMPLIR PAR CHACUN DES FUTURS ÉPOUX" script="typed" function_2="object" function_1="title" language="french"> </DL_ZONE>
			<DL_ZONE gedi_type="SeparatorRegion" id="2" col="1102" row="702" width="187" height="18"> </DL_ZONE>
			<DL_ZONE gedi_type="TextRegion" id="3" col="476" row="792" width="714" height="40" nextZoneID="21" contents="DATE et LIEU de CÉLÉBRATION du MARIAGE :" script="typed" language="french"> </DL_ZONE>
			<DL_ZONE gedi_type="TextRegion" id="4" col="448" row="850" width="281" height="35" nextZoneID="22" contents="* Prénoms et nom :" script="typed" language="french"> </DL_ZONE>
			<DL_ZONE gedi_type="TextRegion" id="5" col="446" row="906" width="363" height="34" nextZoneID="23" contents="* Domicile et résidence :" script="typed" language="french"> </DL_ZONE>
			<DL_ZONE gedi_type="TextRegion" id="6" col="448" row="1018" width="418" height="38" nextZoneID="24" contents="* Date et lieu de naissance :" script="typed" language="french"> </DL_ZONE>
			<DL_ZONE gedi_type="TextRegion" id="7" col="446" row="1130" width="208" height="30" nextZoneID="25" contents="* Profession :" script="typed" language="french"> </DL_ZONE>
			<DL_ZONE gedi_type="TextRegion" id="8" col="446" row="1178" width="346" height="35" nextZoneID="26" contents="* Nationalité d'origine :" script="typed" language="french"> </DL_ZONE>
			<DL_ZONE gedi_type="LineDrawingRegion" id="9" col="457" row="1198" width="28" height="12" orientationD="62.526"> </DL_ZONE>
			<DL_ZONE gedi_type="TextRegion" id="10" col="449" row="1240" width="608" height="34" nextZoneID="27" orientationD="0.0" contents="* Degré de parenté avec le futur conjoint :" script="typed" language="french"> </DL_ZONE>
			<DL_ZONE gedi_type="TextRegion" id="11" col="1344" row="1185" width="140" height="31" nextZoneID="28" contents="actuelle :" script="typed" language="french"> </DL_ZONE>
			<DL_ZONE gedi_type="TextRegion" id="12" col="480" row="1293" width="1337" height="36" nextZoneID="29" contents="Depuis quelle date résidez-vous d'une façon ininterrompue dans la circonscription du Consulat ?" script="typed" language="french"> </DL_ZONE>
			<DL_ZONE gedi_type="TextRegion" id="13" col="477" row="1402" width="945" height="38" nextZoneID="31" contents="Quelle a été votre résidence précédente et quelle a été sa durée ?" script="typed" language="french"> </DL_ZONE>
			<DL_ZONE gedi_type="TextRegion" id="14" col="476" row="1516" width="901" height="37" nextZoneID="32" contents="Des publications ont-elles déjà été faites et dans quels lieux ?" script="typed" language="french"> </DL_ZONE>
			<DL_ZONE gedi_type="TextRegion" id="15" col="474" row="1629" width="578" height="39" nextZoneID="33" contents="Y a-t-il eu des oppositions au mariage ?" script="typed" language="french"> </DL_ZONE>
			<DL_ZONE gedi_type="TextRegion" id="16" col="476" row="1684" width="605" height="40" contents="Date de la copie d'acte de naissance présentée :" script="typed" language="french"> </DL_ZONE>
			<DL_ZONE gedi_type="TextRegion" id="17" col="441" row="1742" width="704" height="36" nextZoneID="34" contents="* Prénoms, nom, profession et domicile du père :" script="typed" language="french"> </DL_ZONE>
			<DL_ZONE gedi_type="TextRegion" id="18" col="445" row="1962" width="755" height="39" nextZoneID="35" contents="* Prénoms, nom, profession et domicile de la mère :" script="typed" language="french"> </DL_ZONE>
			<DL_ZONE gedi_type="TextRegion" id="19" polygon="(472,2241);(472,2334);(1028,2333);(1037,2281);(1937,2274);(1933,2240)" contents="Si vous avez moins de 18 ans et si vos parents sont décédés, indiquez les prénoms, noms, professions&#10;et domiciles de vos aïeuls et aïeules :" script="typed" language="french"> </DL_ZONE>
			<DL_ZONE gedi_type="TextRegion" id="20" polygon="(466,2568);(469,2666);(594,2661);(596,2609);(1933,2608);(1930,2570)" contents="S'ils sont tous décédés, indiquez la date à laquelle le consentement du conseil de famille a été&#10;obtenu :" script="typed" language="french"> </DL_ZONE>
			<DL_ZONE gedi_type="TextRegion" id="21" col="1197" row="768" width="593" height="58" contents="30/07/2012 à Gattieres" script="hand" language="french"> </DL_ZONE>
			<DL_ZONE gedi_type="TextRegion" id="22" col="762" row="832" width="854" height="49" contents="Fabienne ¤G¤eneviève Barbier" script="hand" language="french"> </DL_ZONE>
			<DL_ZONE gedi_type="TextRegion" id="23" polygon="(832,884);(833,945);(472,945);(477,998);(1030,989);(1032,933);(1769,940);(1764,884)" contents="2100 vieille route de Carros&#10;06510 à Gattières" script="hand" language="french"> </DL_ZONE>
			<DL_ZONE gedi_type="TextRegion" id="24" col="910" row="990" width="679" height="55" contents="04/10/1970 à Limar" script="hand" language="french"> </DL_ZONE>
			<DL_ZONE gedi_type="TextRegion" id="25" col="692" row="1096" width="256" height="61" contents="Avocate" script="hand" language="french"> </DL_ZONE>
			<DL_ZONE gedi_type="TextRegion" id="26" col="828" row="1168" width="317" height="57" contents="Française" script="hand" language="french"> </DL_ZONE>
			<DL_ZONE gedi_type="TextRegion" id="27" col="1086" row="1229" width="203" height="39" contents="aucun" script="hand" language="french"> </DL_ZONE>
			<DL_ZONE gedi_type="TextRegion" id="28" col="1506" row="1162" width="288" height="54" contents="Française" script="hand" language="french"> </DL_ZONE>
			<DL_ZONE gedi_type="TextRegion" id="29" col="509" row="1329" width="349" height="44" contents="01/03/2000" script="hand" language="french"> </DL_ZONE>
			<DL_ZONE gedi_type="TextRegion" id="30" col="481" row="1445" width="475" height="48" contents="1970 à 2000" script="hand" language="french"> </DL_ZONE>
			<DL_ZONE gedi_type="TextRegion" id="31" col="1442" row="1393" width="371" height="43" nextZoneID="30" contents="A Limar de" script="hand" language="french"> </DL_ZONE>
			<DL_ZONE gedi_type="TextRegion" id="32" col="1385" row="1496" width="120" height="56" contents="Non" script="hand" language="french"> </DL_ZONE>
			<DL_ZONE gedi_type="TextRegion" id="33" col="1088" row="1622" width="132" height="42" contents="Non" script="hand" language="french"> </DL_ZONE>
			<DL_ZONE gedi_type="TextRegion" id="34" polygon="(500,1780);(477,1956);(1398,1962);(1388,1885);(705,1890);(716,1837);(806,1842);(989,1844);(1121,1848);(1485,1829);(1492,1796);(1397,1765);(1285,1769);(1136,1782)" contents="Michel Jean Jacques Barbier&#10;Avocat&#10;32 chemin du Bois, Montignon" script="hand" function_1="coordinates" language="french"> </DL_ZONE>
			<DL_ZONE gedi_type="TextRegion" id="35" polygon="(489,2005);(473,2172);(1105,2181);(1308,2193);(1406,2158);(1378,2132);(1238,2100);(764,2101);(766,2074);(834,2074);(857,2058);(1590,2054);(1588,2024);(1484,1993);(1372,1997);(1204,2005)" contents="Hélène Jeanne Claire Barbier&#10;¤R¤etraitée&#10;32 chemin du Bois, Montignon" script="hand" function_1="coordinates" language="french"> </DL_ZONE>
			<DL_ZONE gedi_type="LineDrawingRegion" id="36" polygon="(1032,2353);(1180,2286);(1198,2290);(1142,2312);(1040,2364)"> </DL_ZONE>
			<DL_ZONE gedi_type="LineDrawingRegion" id="37" polygon="(612,2701);(738,2613);(754,2612);(749,2621);(617,2712)"> </DL_ZONE>
			<DL_ZONE gedi_type="TextRegion" id="38" col="472" row="2866" width="1114" height="36" contents="(1).- Les seules questions auxquelles doivent répondre les étrangers sont marquées d'un astérisque.*" script="typed" language="french"> </DL_ZONE>
			<DL_ZONE gedi_type="TextRegion" id="39" col="476" row="2953" width="1452" height="35" contents="Edi 2/Fév. 94 AE 82/EC" script="typed" function_2="reference" function_1="footer" language="french"> </DL_ZONE>
			<DL_ZONE gedi_type="SeparatorRegion" id="40" col="256" row="3012" width="1797" height="16" orientationD="-0.287"> </DL_ZONE>
			<DL_ZONE gedi_type="GraphicRegion" id="41" col="1205" row="816" width="715" height="11" function="underlined-field" orientationD="0.24"> </DL_ZONE>
			<DL_ZONE gedi_type="GraphicRegion" id="42" col="749" row="869" width="1168" height="10" function="underlined-field" orientationD="0.196"> </DL_ZONE>
			<DL_ZONE gedi_type="GraphicRegion" id="43" col="822" row="926" width="1099" height="7" function="underlined-field" orientationD="0.261"> </DL_ZONE>
			<DL_ZONE gedi_type="GraphicRegion" id="44" col="481" row="977" width="1440" height="11" function="underlined-field" orientationD="0.119"> </DL_ZONE>
			<DL_ZONE gedi_type="GraphicRegion" id="45" col="885" row="1034" width="1031" height="12" function="underlined-field" orientationD="0.278"> </DL_ZONE>
			<DL_ZONE gedi_type="GraphicRegion" id="46" col="477" row="1090" width="1447" height="14" function="underlined-field" orientationD="0.238"> </DL_ZONE>
			<DL_ZONE gedi_type="GraphicRegion" id="47" col="673" row="1144" width="1256" height="10" function="underlined-field" orientationD="0.182"> </DL_ZONE>
			<DL_ZONE gedi_type="GraphicRegion" id="48" col="812" row="1198" width="513" height="11" function="underlined-field" orientationD="0.112"> </DL_ZONE>
			<DL_ZONE gedi_type="GraphicRegion" id="49" col="1498" row="1198" width="431" height="9" function="underlined-field" orientationD="0.665"> </DL_ZONE>
			<DL_ZONE gedi_type="GraphicRegion" id="50" col="1081" row="1254" width="847" height="9" function="underlined-field" orientationD="0.406"> </DL_ZONE>
			<DL_ZONE gedi_type="GraphicRegion" id="51" col="1830" row="1306" width="98" height="10" function="underlined-field" orientationD="0.585"> </DL_ZONE>
			<DL_ZONE gedi_type="GraphicRegion" id="52" col="478" row="1366" width="1450" height="9" function="underlined-field" orientationD="0.237"> </DL_ZONE>
			<DL_ZONE gedi_type="GraphicRegion" id="53" col="477" row="1484" width="1448" height="16" function="underlined-field" orientationD="0.396"> </DL_ZONE>
			<DL_ZONE gedi_type="GraphicRegion" id="55" col="478" row="1596" width="1450" height="12" function="underlined-field" orientationD="0.277"> </DL_ZONE>
			<DL_ZONE gedi_type="GraphicRegion" id="56" col="1393" row="1540" width="532" height="7" function="underlined-field" orientationD="0.323"> </DL_ZONE>
			<DL_ZONE gedi_type="GraphicRegion" id="57" col="1072" row="1650" width="856" height="9" function="underlined-field" orientationD="0.268"> </DL_ZONE>
			<DL_ZONE gedi_type="GraphicRegion" id="58" col="1084" row="1709" width="844" height="7" function="underlined-field" orientationD="0.339"> </DL_ZONE>
			<DL_ZONE gedi_type="GraphicRegion" id="59" col="1170" row="1760" width="758" height="12" function="underlined-field" orientationD="0.227"> </DL_ZONE>
			<DL_ZONE gedi_type="GraphicRegion" id="60" col="477" row="1819" width="1451" height="11" function="underlined-field" orientationD="0.355"> </DL_ZONE>
			<DL_ZONE gedi_type="GraphicRegion" id="61" col="477" row="1881" width="1448" height="11" function="underlined-field" orientationD="0.277"> </DL_ZONE>
			<DL_ZONE gedi_type="GraphicRegion" id="62" col="478" row="1936" width="1451" height="11" function="underlined-field" orientationD="0.237"> </DL_ZONE>
			<DL_ZONE gedi_type="GraphicRegion" id="63" col="1221" row="1989" width="709" height="12" function="underlined-field" orientationD="0.242"> </DL_ZONE>
			<DL_ZONE gedi_type="GraphicRegion" id="64" col="478" row="2046" width="1451" height="11" function="underlined-field" orientationD="0.316"> </DL_ZONE>
			<DL_ZONE gedi_type="GraphicRegion" id="65" col="477" row="2101" width="1451" height="11" function="underlined-field" orientationD="0.276"> </DL_ZONE>
			<DL_ZONE gedi_type="GraphicRegion" id="66" col="477" row="2157" width="1452" height="12" function="underlined-field" orientationD="0.276"> </DL_ZONE>
			<DL_ZONE gedi_type="GraphicRegion" id="67" col="478" row="2211" width="1451" height="12" function="underlined-field" orientationD="0.079"> </DL_ZONE>
			<DL_ZONE gedi_type="GraphicRegion" id="68" col="1060" row="2321" width="869" height="9" function="underlined-field" orientationD="0.264"> </DL_ZONE>
			<DL_ZONE gedi_type="GraphicRegion" id="69" col="474" row="2376" width="1454" height="14" function="underlined-field" orientationD="0.236"> </DL_ZONE>
			<DL_ZONE gedi_type="GraphicRegion" id="70" col="478" row="2430" width="1452" height="10" function="underlined-field" orientationD="0.276"> </DL_ZONE>
			<DL_ZONE gedi_type="GraphicRegion" id="71" col="477" row="2488" width="1457" height="10" function="underlined-field" orientationD="0.236"> </DL_ZONE>
			<DL_ZONE gedi_type="GraphicRegion" id="72" col="476" row="2542" width="1457" height="10" function="underlined-field" orientationD="0.236"> </DL_ZONE>
			<DL_ZONE gedi_type="GraphicRegion" id="73" col="614" row="2650" width="1315" height="12" function="underlined-field" orientationD="0.174"> </DL_ZONE>
			<DL_ZONE gedi_type="GraphicRegion" id="74" col="1438" row="1426" width="487" height="13" function="underlined-field" orientationD="0.471"> </DL_ZONE>
			<DL_ZONE gedi_type="NoiseRegion" id="75" col="2447" row="10" width="30" height="3496"> </DL_ZONE>
			<DL_ZONE gedi_type="NoiseRegion" id="76" col="0" row="2" width="2442" height="20"> </DL_ZONE>
			<DL_ZONE gedi_type="NoiseRegion" id="77" col="67" row="133" width="43" height="376"> </DL_ZONE>
		</DL_PAGE>
	</DL_DOCUMENT>
</GEDI>