<?xml version="1.0" encoding="UTF-8"?>
<!--GEDI was developed at Language and Media Processing Laboratory, University of Maryland.-->

<GEDI xmlns="http://lamp.cfar.umd.edu/media/projects/GEDI/" GEDI_version="2.3.19" GEDI_date="12/23/2011">
	<USER name="Mdr-P5" date="3/20/2013 18:09" dateFormat="mm/dd/yyyy hh:mm">	</USER>
	<DL_DOCUMENT src="YFFBFV.tif" docTag="xml" NrOfPages="1">
		<DL_PAGE gedi_type="DL_PAGE" src="YFFBFV.tif" pageID="1" width="1728" height="2288" Language_2="" Language_4="" Language_3="" Receiver_Company="" Sender_Company="" Sender_Phone="" Receiver_Fax="" Receiver_Phone="" Sender_Fax="" Category="C3" Document_Date="¤{23/01/2013|11/05/2012}¤" Document_Location="LOURDES" Document_Object="INVITATION" Language_1="french" NumPage="1" Script_1="hand" Script_2="typed" Receiver_Address="9 ALLEE ROBERT DE HOCQUES 27180 EVREUX" Receiver_Name="Michel VORGEL" Sender_Address="63 ROUTE DE BARTRES RES LASTAZOU BÂT F 65100 LOURDES" Sender_Name="Julien MOREL">
			<DL_ZONE gedi_type="TextRegion" id="1" col="38" row="7" width="1502" height="33" contents="23 1 13 17:14 p.1" script="typed" function_2="date" function_1="header" language="french"> </DL_ZONE>
			<DL_ZONE gedi_type="TextRegion" id="2" col="1268" row="64" width="458" height="393" contents="M Julien Morel&#10;63 route de Bartres&#10;RES LASTAZOU&#10;BÂT F&#10;65100 LOURDES" script="hand" function_1="coordinates" language="french"> </DL_ZONE>
			<DL_ZONE gedi_type="TextRegion" id="3" col="1247" row="517" width="460" height="141" contents="Lourdes, le 11 mai 2012" script="hand" function_2="date" function_1="location" language="french"> </DL_ZONE>
			<DL_ZONE gedi_type="TextRegion" id="4" col="20" row="37" width="693" height="356" contents="Destinataire :&#10;M. Michel Vorzel&#10;9 allée Robert de Hocques&#10;27180&#10;EVREUX" script="hand" function_1="coordinates" language="french"> </DL_ZONE>
			<DL_ZONE gedi_type="TextRegion" id="5" polygon="(609,480);(94,476);(12,524);(5,602);(16,1270);(77,1359);(476,1362);(910,1232);(1664,1234);(1566,769);(858,634);(617,617)" contents="Cher Monsieur Vorzel,&#10;Je vous écris pour répondre à l'invitation au mariage de&#10;votre fille que vous m'avez envoyée. Ce serait une&#10;joie pour moi d'y assister. Et je voudrai vous&#10;confirmer ma présence à la date que vous avez&#10;indiqué.&#10;Veuillez accepter, Monsieur, toutes mes sincères félicitations&#10;à vous et à votre fille,&#10;cordialement,&#10;Julien Morel" script="hand" function_1="text_section" language="french"> </DL_ZONE>
			<DL_ZONE gedi_type="TextRegion" id="6" polygon="(962,1321);(862,1416);(739,1368);(734,1462);(736,1524);(1029,1516);(1010,1436);(991,1321)" contents="¤Jul¤" script="hand" language="french"> </DL_ZONE>
			<DL_ZONE gedi_type="LineDrawingRegion" id="11" col="674" row="1422" width="88" height="27"> </DL_ZONE>
			<DL_ZONE gedi_type="NoiseRegion" id="12" col="68" row="2248" width="1118" height="39"> </DL_ZONE>
		</DL_PAGE>
	</DL_DOCUMENT>
</GEDI>