<?xml version="1.0" encoding="UTF-8"?>
<!--GEDI was developed at Language and Media Processing Laboratory, University of Maryland.-->

<GEDI xmlns="http://lamp.cfar.umd.edu/media/projects/GEDI/" GEDI_version="2.3.19" GEDI_date="12/23/2011">
	<USER name="Catherine MAUPLOT" date="11/25/2012 16:48" dateFormat="mm/dd/yyyy hh:mm">	</USER>
	<USER name="MDR-P4" date="2/8/2013 18:17" dateFormat="mm/dd/yyyy hh:mm">	</USER>
	<USER name="MDR-P6" date="11/29/2012 15:36" dateFormat="mm/dd/yyyy hh:mm">	</USER>
	<USER name="MDR-P8" date="5/28/2013 14:36" dateFormat="mm/dd/yyyy hh:mm">	</USER>
	<DL_DOCUMENT src="YGRXBM.tif" docTag="xml" NrOfPages="1">
		<DL_PAGE gedi_type="DL_PAGE" src="YGRXBM.tif" pageID="1" width="831" height="1175" Language_2="" Language_4="" Language_3="" Receiver_Company="" Sender_Phone="" Receiver_Fax="" Receiver_Phone="" Sender_Address="" Category="C2" Document_Date="15/11/2012" Document_Location="PARIS" Document_Object="CONTRAT DE RUPTURE CONVENTIONNELLE" Language_1="french" NumPage="1" Receiver_Address="6 ALLÉE DE LA BOURDONNAIS 93600 AULNAY SOUS BOIS" Script_1="typed" Script_2="hand" Sender_Company="TRADOS" Sender_Fax="" Sender_Name="Sylvie MARTINS" Receiver_Name="Alexandra MORARU">
			<DL_ZONE gedi_type="GraphicRegion" id="1" col="174" row="972" width="123" height="48" function="signature"> </DL_ZONE>
			<DL_ZONE gedi_type="GraphicRegion" id="2" col="570" row="964" width="112" height="71" function="signature"> </DL_ZONE>
			<DL_ZONE gedi_type="TextRegion" id="3" col="283" row="98" width="260" height="19" contents="Contrat de rupture conventionnelle" script="typed" function_1="object" language="french"> </DL_ZONE>
			<DL_ZONE gedi_type="TextRegion" id="4" polygon="(88,126);(724,132);(740,238);(744,818);(678,815);(84,811)" contents="Entre les soussignés :&#10;Mlle Sylvie Martins,&#10;représentant la société Trados immatriculée au RCS sous le numéro RCS Paris A 321 654 987&#10;située à Paris,&#10;Agissant en qualité de chef d'entreprise&#10;ci-après dénommé l'employeur,&#10;Mlle Alexandra Moraru,&#10;Immatriculée à la Sécurité sociale sous le numéro 2 65 06 56 89 15 33&#10;demeurant au 6 allée de la Bourdonnais 93600 Aulnay sous Bois&#10;ci-après dénommé le salarié,&#10;Il a été convenu ce qui suit :&#10;Article 1 : Principe de l'accord&#10;Les parties conviennent que la présente convention de rupture du contrat de travail ne&#10;constitue ni un licenciement ni une démission, mais une rupture d'un commun accord des&#10;parties du contrat de travail conclu le (indiquer la date de conclusion du contrat de travail).&#10;Cette rupture conventionnelle est établie en application de l'article L. 1237-11 et suivants du&#10;Code du travail.&#10;Article 2 : Date effective de la rupture&#10;La rupture du contrat de travail interviendra au plus tôt le 25/11/2012, soit le lendemain du&#10;jour de l'homologation de la convention par la DDTEFP (Direction départementale du travail,&#10;de l'emploi et de la formation professionnelle) (4). Les parties renoncent, ainsi, à l'exécution &#10;d'un préavis et aucune indemnité compensatrice de préavis n'est due au salarié.&#10;Article 3 : Indemnité de rupture conventionnelle&#10;Mlle Moraru percevra une indemnité de rupture conventionnelle d'un montant de 250 euros&#10;(l'indemnité de rupture conventionnelle ne peut être inférieure à 1/5ème de mois de salaire par&#10;année d'ancienneté auquel s'ajoute 2/15ème de mois de salaire par année au-delà de 10 ans&#10;d'ancienneté ou, si elle est plus favorable, l'indemnité de rupture conventionnelle prévue par la convention collective)." script="typed" function_2="reference" function_1="text_section" language="french"> </DL_ZONE>
			<DL_ZONE gedi_type="TextRegion" id="8" polygon="(111,928);(210,922);(303,923);(303,951);(214,962);(97,967)" contents="lu et approuvé" script="hand" language="french"> </DL_ZONE>
			<DL_ZONE gedi_type="TextRegion" id="9" polygon="(715,910);(736,922);(712,958);(616,961);(547,949);(556,922);(593,922);(612,924);(626,929);(687,927)" contents="lu et approuvé" script="hand" language="french"> </DL_ZONE>
			<DL_ZONE gedi_type="TextRegion" id="10" col="178" row="973" width="116" height="38" contents="SB" script="hand" language="french"> </DL_ZONE>
			<DL_ZONE gedi_type="TextRegion" id="11" col="587" row="965" width="51" height="67" contents="A" script="hand" language="french"> </DL_ZONE>
			<DL_ZONE gedi_type="TextRegion" id="17" col="92" row="897" width="320" height="23" contents="Signature de l'employeur (ou son représentant)" script="typed" language="french"> </DL_ZONE>
			<DL_ZONE gedi_type="TextRegion" id="20" col="548" row="902" width="135" height="20" contents="Signature du salarié" script="typed" language="french"> </DL_ZONE>
			<DL_ZONE gedi_type="TextRegion" id="21" col="91" row="821" width="473" height="66" contents="Fait en double exemplaire à Paris, le 15/11/2012&#10;Signature à faire précéder de la mention manuscrite &quot;lu et approuvé&quot;" script="hand" function_2="date" function_1="location" language="french"> </DL_ZONE>
		</DL_PAGE>
	</DL_DOCUMENT>
</GEDI>