<?xml version="1.0" encoding="UTF-8"?>
<!--GEDI was developed at Language and Media Processing Laboratory, University of Maryland.-->

<GEDI xmlns="http://lamp.cfar.umd.edu/media/projects/GEDI/" GEDI_version="2.3.19" GEDI_date="12/23/2011">
	<USER name="MDR-P4" date="3/22/2013 11:39" dateFormat="mm/dd/yyyy hh:mm">	</USER>
	<USER name="MDR-P6" date="5/28/2013 10:17" dateFormat="mm/dd/yyyy hh:mm">	</USER>
	<USER name="MDR-P7" date="8/16/2012 15:11" dateFormat="mm/dd/yyyy hh:mm">	</USER>
	<USER name="Mdr-P5" date="8/10/2012 15:18" dateFormat="mm/dd/yyyy hh:mm">	</USER>
	<DL_DOCUMENT src="YHNJQL.tif" docTag="xml" NrOfPages="1">
		<DL_PAGE gedi_type="DL_PAGE" src="YHNJQL.tif" pageID="1" width="826" height="1168" Language_2="" Language_4="" Receiver_Name="" Language_3="" Receiver_Company="" Receiver_Address="" Receiver_Fax="" Document_Location="" Receiver_Phone="" Category="C3" Document_Date="08/02/2012" Document_Object="HALLOWEEN" Language_1="english" NumPage="1" Script_1="hand" Script_2="typed" Sender_Address="20 ATLANTIS AVENUE LONDON, GREATER LONDON E 16, 2 BF LONDON" Sender_Company="FLASH MAGIC" Sender_Fax="+44(0)20.70.55.54.90" Sender_Phone="+44(0)20.70.55.54.90" Sender_Name="Aindreis ABEL">
			<DL_ZONE gedi_type="TextRegion" id="1" col="294" row="128" width="115" height="22" contents="FLASH MAGIC" script="typed" language="english"> </DL_ZONE>
			<DL_ZONE gedi_type="TextRegion" id="2" col="459" row="56" width="238" height="149" contents="Aindreis Abel&#10;20Atlantis Avenue london&#10;Greater London E 16 , 2 BF&#10;London&#10;Tele. 2070556650" script="typed" function_1="coordinates" language="english"> </DL_ZONE>
			<DL_ZONE gedi_type="TextRegion" id="3" col="461" row="210" width="153" height="26" contents="Fax 2070555490" script="hand" language="english"> </DL_ZONE>
			<DL_ZONE gedi_type="TextRegion" id="4" col="352" row="1016" width="152" height="44" contents="Www.flashmagic.com&#10;abel@flashmagic.com" script="typed" function_1="footer" language="english"> </DL_ZONE>
			<DL_ZONE gedi_type="TextRegion" id="5" col="210" row="239" width="217" height="33" contents="Date - 8-2-12" script="hand" function_1="date" language="english"> </DL_ZONE>
			<DL_ZONE gedi_type="TextRegion" id="6" col="250" row="311" width="494" height="395" contents="Hi,&#10;All my valued customers.&#10;Good News - arrival of&#10;new collection of costumes&#10;for Halloween wilde range.&#10;Special discount&#10;Hurry up visit shop" script="hand" function_1="text_section" language="english"> </DL_ZONE>
			<DL_ZONE gedi_type="TextRegion" id="7" polygon="(303,801);(305,829);(335,821);(331,801)" contents="Aa" script="hand" language="english"> </DL_ZONE>
			<DL_ZONE gedi_type="TextRegion" id="8" col="103" row="31" width="34" height="34" contents="Po" script="hand" language="english"> </DL_ZONE>
			<DL_ZONE gedi_type="LineDrawingRegion" id="12" polygon="(148,44);(126,89);(132,95);(157,51)"> </DL_ZONE>
			<DL_ZONE gedi_type="GraphicRegion" id="13" col="177" row="61" width="110" height="84" function="logo"> </DL_ZONE>
			<DL_ZONE gedi_type="NoiseRegion" id="14" col="26" row="14" width="54" height="35"> </DL_ZONE>
			<DL_ZONE gedi_type="GraphicRegion" id="15" col="298" row="788" width="107" height="48" function="signature"> </DL_ZONE>
		</DL_PAGE>
	</DL_DOCUMENT>
</GEDI>