<?xml version="1.0" encoding="UTF-8"?>
<!--GEDI was developed at Language and Media Processing Laboratory, University of Maryland.-->

<GEDI xmlns="http://lamp.cfar.umd.edu/media/projects/GEDI/" GEDI_version="2.3.19" GEDI_date="12/23/2011">
	<USER name="MDR-P4" date="3/29/2013 15:15" dateFormat="mm/dd/yyyy hh:mm">	</USER>
	<USER name="MDR-P6" date="3/11/2013 16:48" dateFormat="mm/dd/yyyy hh:mm">	</USER>
	<USER name="Mdr-P5" date="3/26/2013 15:12" dateFormat="mm/dd/yyyy hh:mm">	</USER>
	<DL_DOCUMENT src="YJFBSN.tif" docTag="xml" NrOfPages="1">
		<DL_PAGE gedi_type="DL_PAGE" src="YJFBSN.tif" pageID="1" width="1275" height="1754" Language_4="" Receiver_Name="" Language_3="" Receiver_Address="" Sender_Company="" Script_2="" Document_Location="" Sender_Address="" Language_2="" Category="C4" Document_Date="22/01/2013" Document_Object="COMMANDE DE LEGUMES" Language_1="french" NumPage="1" Script_1="typed" Sender_Name="Jacqueline MOREL" Receiver_Company="LEGUMERIE GARREL" Receiver_Fax="+33(0)3.05.73.44.66" Receiver_Phone="+33(0)3.05.73.44.65" Sender_Fax="+33(0)3.05.73.21.26" Sender_Phone="+33(0)3.05.73.19.86">
			<DL_ZONE gedi_type="TextRegion" id="1" col="353" row="172" width="696" height="155" contents="Télécopie" script="typed" function_1="title" language="french"> </DL_ZONE>
			<DL_ZONE gedi_type="TextRegion" id="2" col="182" row="346" width="325" height="90" contents="Objet : Commande de légumes&#10;CC :&#10;Date : 22/01/13" script="typed" function_2="date" function_1="object" language="french"> </DL_ZONE>
			<DL_ZONE gedi_type="TextRegion" id="3" col="177" row="454" width="736" height="168" contents="À : LEGUMERIE GARREL De : Morel Jacqueline&#10;Téléphone : Téléphone :&#10;03 05 73 44 65 03 05 73 19 86&#10;Télécopie : Télécopie :&#10;03 05 73 44 66 03 05 73 21 26" script="typed" language="french"> </DL_ZONE>
			<DL_ZONE gedi_type="TextRegion" id="4" col="178" row="663" width="880" height="472" contents="Commentaires :&#10;J'aurais besoin des légumes suivants :&#10;10 poireaux&#10;2 Kg de ¤{navet rond/navets ronds}¤&#10;10 Kg de ¤{pomme de terre/pommes de terre}¤&#10;5 Kg de ¤{carotte/carottes}¤&#10;2 ¤{Chou vert frisé/Choux verts frisés}¤&#10;Merci de bien vouloir me préparer cette commande,je viendrai les chercher comme à&#10;mon habitude, vendredi avant 12h.&#10;Bien cordialement," script="typed" function_1="text_section" language="french"> </DL_ZONE>
			<DL_ZONE gedi_type="TextRegion" id="5" col="837" row="1212" width="223" height="39" contents="MOREL Jacqueline" script="typed" language="french"> </DL_ZONE>
			<DL_ZONE gedi_type="GraphicRegion" id="6" col="801" row="1279" width="299" height="65" function="signature"> </DL_ZONE>
			<DL_ZONE gedi_type="Group" id="7" col="791" row="1202" width="319" height="152" elements="5;6"> </DL_ZONE>
			<DL_ZONE gedi_type="GraphicRegion" id="10" col="278" row="180" width="826" height="116" function="other" orientationD="-0.416"> </DL_ZONE>
			<DL_ZONE gedi_type="GraphicRegion" id="11" function="drawing" polygon="(137,724);(163,723);(164,250);(382,246);(380,221);(140,224);(139,225)"> </DL_ZONE>
			<DL_ZONE gedi_type="NoiseRegion" id="12" col="1" row="1736" width="1259" height="18"> </DL_ZONE>
		</DL_PAGE>
	</DL_DOCUMENT>
</GEDI>