<?xml version="1.0" encoding="UTF-8"?>
<!--GEDI was developed at Language and Media Processing Laboratory, University of Maryland.-->

<GEDI xmlns="http://lamp.cfar.umd.edu/media/projects/GEDI/" GEDI_version="2.3.19" GEDI_date="12/23/2011">
	<USER name="MDR-P1" date="3/22/2013 16:45" dateFormat="mm/dd/yyyy hh:mm">	</USER>
	<USER name="MDR-P4" date="8/29/2012 10:19" dateFormat="mm/dd/yyyy hh:mm">	</USER>
	<USER name="MDR-P8" date="9/21/2012 14:38" dateFormat="mm/dd/yyyy hh:mm">	</USER>
	<USER name="MDR-R2" date="11/5/2012 17:28" dateFormat="mm/dd/yyyy hh:mm">	</USER>
	<USER name="MDR-R3" date="2/7/2013 9:16" dateFormat="mm/dd/yyyy hh:mm">	</USER>
	<USER name="MDR-R6" date="2/5/2013 16:56" dateFormat="mm/dd/yyyy hh:mm">	</USER>
	<USER name="MDR_R8" date="2/6/2013 16:00" dateFormat="mm/dd/yyyy hh:mm">	</USER>
	<USER name="Soukaina" date="8/23/2012 9:02" dateFormat="mm/dd/yyyy hh:mm">	</USER>
	<DL_DOCUMENT src="YOCUKF.tif" docTag="xml" NrOfPages="1">
		<DL_PAGE gedi_type="DL_PAGE" src="YOCUKF.tif" pageID="1" width="1660" height="2300" Language_4="" Receiver_Name="" Language_3="" Sender_Company="" Sender_Phone="" Document_Location="" Sender_Address="" Category="C1" Document_Object="طلب تغيير مقر دراسة اللغة الإنجليزية" Language_1="arabic" Language_2="english" NumPage="1" Script_2="hand" Receiver_Fax="+44(0)20.72.45.45.95" Script_1="typed" Sender_Name="خلدون الطباع" Document_Date="¤{18/08/2012|25/05/2012}¤" Sender_Fax="+212(0)5.37.68.00.32" Receiver_Address="" Receiver_Company="الملحقية الثقافية بالمملكة المتحدة وإيرلندا" Receiver_Phone="¤{+44(0)20.72.45.99.18|+44(0)20.72.35.18.83|+44(0)20.72.35.18.84}¤">
			<DL_ZONE gedi_type="TextRegion" id="1" col="49" row="7" width="1405" height="34" contents="18 08 12 09:09 MLTC 00212537680032 p.8" script="typed" function_2="date" function_1="header" language="english"> </DL_ZONE>
			<DL_ZONE gedi_type="TextRegion" id="5" col="684" row="185" width="246" height="70" contents="الملحقية الثقافية&#10;بالمملكة المتحدة وايرلندا" script="typed" language="arabic"> </DL_ZONE>
			<DL_ZONE gedi_type="GraphicRegion" id="6" col="763" row="280" width="104" height="130" function="logo"> </DL_ZONE>
			<DL_ZONE gedi_type="TextRegion" id="7" col="490" row="539" width="646" height="50" contents="طلب تغيير مقر دراسة اللغة الإنجليزية" script="typed" function_2="object" function_1="title" language="arabic"> </DL_ZONE>
			<DL_ZONE gedi_type="TextRegion" id="8" col="570" row="622" width="176" height="50" contents="مرافق / محرم" script="typed" language="arabic"> </DL_ZONE>
			<DL_ZONE gedi_type="TextRegion" id="9" col="928" row="624" width="85" height="42" contents="مبتعث" script="typed" language="arabic"> </DL_ZONE>
			<DL_ZONE gedi_type="TextRegion" id="10" col="396" row="703" width="94" height="49" contents="المحترم" script="typed" language="arabic"> </DL_ZONE>
			<DL_ZONE gedi_type="TextRegion" id="11" col="872" row="692" width="507" height="94" contents="سعادة الملحق الثقافي في بريطانيا وايرلندا&#10;السلام عليكم ورحمة الله وبركاته ... و بعد،" script="typed" language="arabic"> </DL_ZONE>
			<DL_ZONE gedi_type="LineDrawingRegion" id="12" col="1028" row="630" width="23" height="24"> </DL_ZONE>
			<DL_ZONE gedi_type="GraphicRegion" id="13" col="1022" row="624" width="36" height="34" function="form-field"> </DL_ZONE>
			<DL_ZONE gedi_type="GraphicRegion" id="14" col="761" row="629" width="29" height="29" function="form-field"> </DL_ZONE>
			<DL_ZONE gedi_type="TextRegion" id="15" col="1170" row="801" width="201" height="42" contents="أفيد سعادتكم بأني :" script="typed" language="arabic"> </DL_ZONE>
			<DL_ZONE gedi_type="GraphicRegion" id="16" col="1342" row="849" width="24" height="28" function="form-field"> </DL_ZONE>
			<DL_ZONE gedi_type="GraphicRegion" id="17" col="1341" row="888" width="29" height="29" function="form-field"> </DL_ZONE>
			<DL_ZONE gedi_type="LineDrawingRegion" id="18" col="1343" row="890" width="21" height="24"> </DL_ZONE>
			<DL_ZONE gedi_type="TextRegion" id="19" col="1143" row="848" width="183" height="37" contents="محرم / مرافق ل" script="typed" language="arabic"> </DL_ZONE>
			<DL_ZONE gedi_type="TextRegion" id="20" col="575" row="852" width="117" height="38" contents="رقم الملف" script="typed" language="arabic"> </DL_ZONE>
			<DL_ZONE gedi_type="TextRegion" id="21" nextZoneID="73" col="644" row="894" width="111" height="31" contents="تخصص" script="typed" language="arabic"> </DL_ZONE>
			<DL_ZONE gedi_type="TextRegion" id="22" nextZoneID="75" col="263" row="896" width="130" height="36" contents="في جامعة" script="typed" language="arabic"> </DL_ZONE>
			<DL_ZONE gedi_type="TextRegion" id="23" col="871" row="887" width="84" height="38" contents="لدرجة" script="typed" language="arabic"> </DL_ZONE>
			<DL_ZONE gedi_type="TextRegion" id="24" nextZoneID="72" col="1189" row="890" width="136" height="35" contents="مبتعث من" script="typed" language="arabic"> </DL_ZONE>
			<DL_ZONE gedi_type="TextRegion" id="25" nextZoneID="110" col="262" row="930" width="695" height="39" contents="و أدرس حاليا برنامج اللغة الانجليزية في معهد" script="typed" language="arabic"> </DL_ZONE>
			<DL_ZONE gedi_type="TextRegion" id="26" nextZoneID="77" col="778" row="971" width="186" height="35" contents="وذلك اعتبارا من" script="typed" language="arabic"> </DL_ZONE>
			<DL_ZONE gedi_type="TextRegion" id="27" nextZoneID="78" col="714" row="970" width="15" height="33" contents="/" script="typed" language="arabic"> </DL_ZONE>
			<DL_ZONE gedi_type="TextRegion" id="28" nextZoneID="79" col="655" row="971" width="12" height="29" contents="/" script="typed" language="arabic"> </DL_ZONE>
			<DL_ZONE gedi_type="TextRegion" id="29" col="505" row="973" width="69" height="35" contents="حيث:" script="typed" language="arabic"> </DL_ZONE>
			<DL_ZONE gedi_type="TextRegion" id="30" col="986" row="1005" width="344" height="34" contents="لم يسبق لي تغيير مقر الدراسة" script="typed" language="arabic"> </DL_ZONE>
			<DL_ZONE gedi_type="GraphicRegion" id="31" col="1342" row="1004" width="25" height="30" function="form-field"> </DL_ZONE>
			<DL_ZONE gedi_type="GraphicRegion" id="32" col="899" row="1010" width="30" height="27" function="form-field"> </DL_ZONE>
			<DL_ZONE gedi_type="TextRegion" id="33" col="337" row="1010" width="547" height="38" contents="سبق لي تغيير مقر الدراسة عدد المرات (.....)." script="typed" language="arabic"> </DL_ZONE>
			<DL_ZONE gedi_type="TextRegion" id="34" nextZoneID="80" col="986" row="1039" width="388" height="40" contents="أرجو المرافقة على انتقالي إلى معهد" script="typed" language="arabic"> </DL_ZONE>
			<DL_ZONE gedi_type="TextRegion" id="35" nextZoneID="82" col="433" row="1049" width="230" height="32" contents="وذلك للأسباب التالية :" script="typed" language="arabic"> </DL_ZONE>
			<DL_ZONE gedi_type="TextRegion" id="36" col="261" row="1214" width="1116" height="151" orientationD="1.127" contents="و أتعهد بالحضور و بذل الجهد لإنهاء متطلبات الدراسة خلال المدة المحددة و تجدون برفقه :&#10;●صورة من خطاب المعهد الحالي بالموافقة على انسحابي من إكمال بقية البرنامج لديهم، و إنهاء كافة&#10;الالتزامات معهم.&#10;●صورة القبول من المعهد الجديد لمواصلة دراسة برنامج اللغة الانجليزية." script="typed" language="arabic"> </DL_ZONE>
			<DL_ZONE gedi_type="TextRegion" id="39" nextZoneID="84" col="353" row="1372" width="83" height="46" contents="التاريخ" script="typed" language="arabic"> </DL_ZONE>
			<DL_ZONE gedi_type="TextRegion" id="40" col="661" row="1372" width="81" height="43" contents="التوقيع" script="typed" language="arabic"> </DL_ZONE>
			<DL_ZONE gedi_type="TextRegion" id="41" nextZoneID="86" col="868" row="1368" width="118" height="44" contents="رقم الملف" script="typed" language="arabic"> </DL_ZONE>
			<DL_ZONE gedi_type="TextRegion" id="42" nextZoneID="87" col="1160" row="1369" width="66" height="38" contents="الاسم" script="typed" language="arabic"> </DL_ZONE>
			<DL_ZONE gedi_type="TextRegion" id="43" col="1164" row="1493" width="215" height="42" contents="للاستعمال الرسمي :" script="typed" language="arabic"> </DL_ZONE>
			<DL_ZONE gedi_type="GraphicRegion" id="44" col="1342" row="1539" width="31" height="29" function="form-field"> </DL_ZONE>
			<DL_ZONE gedi_type="GraphicRegion" id="45" col="1344" row="1579" width="29" height="28" function="form-field"> </DL_ZONE>
			<DL_ZONE gedi_type="TextRegion" id="46" col="845" row="1536" width="490" height="38" contents="انطباق الشروط و اكتمال المستندات المطلوبة." script="typed" language="arabic"> </DL_ZONE>
			<DL_ZONE gedi_type="TextRegion" id="47" col="883" row="1578" width="449" height="39" contents="عدم اكتمال الطلب لوجود النواقص التالية :" script="typed" language="arabic"> </DL_ZONE>
			<DL_ZONE gedi_type="GraphicRegion" id="48" col="759" row="1643" width="26" height="29" function="form-field"> </DL_ZONE>
			<DL_ZONE gedi_type="TextRegion" id="49" col="460" row="1641" width="294" height="42" contents="وقد تم اشعار الطالب بذلك." script="typed" language="arabic"> </DL_ZONE>
			<DL_ZONE gedi_type="TextRegion" id="50" col="335" row="1714" width="83" height="44" contents="التاريخ" script="typed" language="arabic"> </DL_ZONE>
			<DL_ZONE gedi_type="TextRegion" id="51" col="725" row="1710" width="135" height="44" contents="رئيس القسم" script="typed" language="arabic"> </DL_ZONE>
			<DL_ZONE gedi_type="TextRegion" id="52" col="1100" row="1702" width="204" height="43" contents="الموظف المختص" script="typed" language="arabic"> </DL_ZONE>
			<DL_ZONE gedi_type="TextRegion" id="53" col="232" row="2053" width="45" height="24" contents="NO" script="typed" language="english"> </DL_ZONE>
			<DL_ZONE gedi_type="TextRegion" id="58" col="608" row="2049" width="76" height="23" contents="DATE:" script="typed" language="english"> </DL_ZONE>
			<DL_ZONE gedi_type="TextRegion" id="60" col="1054" row="2043" width="62" height="23" contents="FNC." script="typed" language="english"> </DL_ZONE>
			<DL_ZONE gedi_type="TextRegion" id="61" col="234" row="2081" width="1190" height="65" orientationD="0.867" contents="44 BELGRA SQUARE. LONDON SWIX 2QB TEL : 020 7245 9918 FAX : 020 72454595/ 020 7235 1883/ 4&#10;E-MAIL : aecbuk@uksaor.org  WEBSITE : www.uksa or.org" script="typed" function_1="footer" language="english"> </DL_ZONE>
			<DL_ZONE gedi_type="GraphicRegion" id="63" col="282" row="2068" width="323" height="11" function="underlined-field" orientationD="0.532"> </DL_ZONE>
			<DL_ZONE gedi_type="GraphicRegion" id="64" col="686" row="2063" width="366" height="10" function="underlined-field" orientationD="0.626"> </DL_ZONE>
			<DL_ZONE gedi_type="GraphicRegion" id="65" col="1121" row="2057" width="288" height="12" function="underlined-field" orientationD="0.398"> </DL_ZONE>
			<DL_ZONE gedi_type="SeparatorRegion" id="66" col="222" row="2030" width="1206" height="15" orientationD="0.665"> </DL_ZONE>
			<DL_ZONE gedi_type="GraphicRegion" id="67" col="372" row="1797" width="185" height="14" function="underlined-field" orientationD="0.619"> </DL_ZONE>
			<DL_ZONE gedi_type="GraphicRegion" id="68" col="647" row="1794" width="263" height="16" function="underlined-field" orientationD="0.654"> </DL_ZONE>
			<DL_ZONE gedi_type="GraphicRegion" id="69" col="993" row="1788" width="270" height="15" function="underlined-field" orientationD="0.637"> </DL_ZONE>
			<DL_ZONE gedi_type="GraphicRegion" id="70" col="794" row="1660" width="537" height="16" function="underlined-field" orientationD="0.64"> </DL_ZONE>
			<DL_ZONE gedi_type="GraphicRegion" id="71" col="411" row="1609" width="470" height="12" function="underlined-field" orientationD="0.61"> </DL_ZONE>
			<DL_ZONE gedi_type="TextRegion" id="72" nextZoneID="21" polygon="(978,884);(1050,882);(1158,880);(1166,899);(1186,890);(1184,922);(1149,938);(983,933)" contents="مركز علوم اللغة" script="hand" language="arabic"> </DL_ZONE>
			<DL_ZONE gedi_type="TextRegion" id="73" nextZoneID="22" polygon="(387,879);(409,876);(458,883);(466,907);(513,894);(557,881);(584,894);(640,891);(644,929);(474,938);(395,934)" contents="اللغة الانجليزية و آدابها" script="hand" language="arabic"> </DL_ZONE>
			<DL_ZONE gedi_type="TextRegion" id="75" nextZoneID="25" polygon="(1069,941);(1156,941);(1182,925);(1233,929);(1348,934);(1346,958);(1071,964)" contents="محمد الخامس" script="hand" language="arabic"> </DL_ZONE>
			<DL_ZONE gedi_type="TextRegion" id="77" nextZoneID="27" col="731" row="973" width="41" height="34" contents="01" script="hand" language="arabic"> </DL_ZONE>
			<DL_ZONE gedi_type="TextRegion" id="78" nextZoneID="28" col="677" row="971" width="32" height="33" contents="10" script="hand" language="arabic"> </DL_ZONE>
			<DL_ZONE gedi_type="TextRegion" id="79" nextZoneID="29" col="574" row="972" width="80" height="28" contents="2010" script="hand" language="arabic"> </DL_ZONE>
			<DL_ZONE gedi_type="TextRegion" id="80" nextZoneID="35" polygon="(715,1063);(851,1047);(872,1054);(907,1051);(916,1036);(979,1035);(975,1076);(723,1086)" contents="لغات العصر" script="hand" language="arabic"> </DL_ZONE>
			<DL_ZONE gedi_type="TextRegion" id="82" polygon="(567,1099);(639,1085);(750,1084);(873,1075);(963,1081);(1020,1087);(1166,1071);(1256,1075);(1355,1089);(1348,1131);(742,1137);(579,1125)" contents="بعد المسافة بين منزلي الجديد و المعهد." script="hand" language="arabic"> </DL_ZONE>
			<DL_ZONE gedi_type="TextRegion" id="84" col="200" row="1426" width="281" height="58" contents="2012/05/25" script="hand" function_1="date" language="arabic"> </DL_ZONE>
			<DL_ZONE gedi_type="GraphicRegion" id="85" function="signature" polygon="(636,1422);(656,1406);(679,1446);(710,1431);(733,1454);(619,1499);(613,1486);(637,1468)"> </DL_ZONE>
			<DL_ZONE gedi_type="TextRegion" id="86" col="888" row="1423" width="78" height="40" contents="733" script="hand" function_1="reference" language="arabic"> </DL_ZONE>
			<DL_ZONE gedi_type="TextRegion" id="87" col="1071" row="1412" width="235" height="61" contents="الطباع خلود" script="hand" language="arabic"> </DL_ZONE>
			<DL_ZONE gedi_type="GraphicRegion" id="91" col="588" row="1453" width="229" height="15" function="underlined-field" orientationD="0.0"> </DL_ZONE>
			<DL_ZONE gedi_type="GraphicRegion" id="92" col="296" row="1459" width="203" height="11" function="underlined-field" orientationD="0.0"> </DL_ZONE>
			<DL_ZONE gedi_type="GraphicRegion" id="93" col="873" row="1452" width="109" height="14" function="underlined-field" orientationD="-0.526"> </DL_ZONE>
			<DL_ZONE gedi_type="GraphicRegion" id="94" col="1059" row="1451" width="269" height="15" function="underlined-field" orientationD="1.065"> </DL_ZONE>
			<DL_ZONE gedi_type="GraphicRegion" id="95" col="505" row="1186" width="872" height="19" function="underlined-field" orientationD="0.394"> </DL_ZONE>
			<DL_ZONE gedi_type="GraphicRegion" id="96" col="734" row="1145" width="646" height="16" function="underlined-field" orientationD="0.443"> </DL_ZONE>
			<DL_ZONE gedi_type="GraphicRegion" id="97" col="271" row="1111" width="1104" height="13" function="underlined-field" orientationD="0.571"> </DL_ZONE>
			<DL_ZONE gedi_type="GraphicRegion" id="98" col="662" row="1069" width="327" height="13" function="underlined-field" orientationD="0.526"> </DL_ZONE>
			<DL_ZONE gedi_type="GraphicRegion" id="99" col="966" row="987" width="408" height="15" function="underlined-field" orientationD="0.562"> </DL_ZONE>
			<DL_ZONE gedi_type="GraphicRegion" id="100" col="573" row="993" width="209" height="12" function="underlined-field" orientationD="0.548"> </DL_ZONE>
			<DL_ZONE gedi_type="GraphicRegion" id="101" col="362" row="1032" width="62" height="16" function="underlined-field" orientationD="1.848"> </DL_ZONE>
			<DL_ZONE gedi_type="GraphicRegion" id="102" col="953" row="948" width="419" height="16" function="underlined-field" orientationD="0.547"> </DL_ZONE>
			<DL_ZONE gedi_type="GraphicRegion" id="103" col="957" row="908" width="229" height="13" function="underlined-field" orientationD="-0.5"> </DL_ZONE>
			<DL_ZONE gedi_type="GraphicRegion" id="104" col="760" row="910" width="116" height="15" function="underlined-field" orientationD="-0.988"> </DL_ZONE>
			<DL_ZONE gedi_type="GraphicRegion" id="105" col="393" row="916" width="252" height="15" function="underlined-field" orientationD="0.455"> </DL_ZONE>
			<DL_ZONE gedi_type="GraphicRegion" id="106" col="694" row="873" width="449" height="17" function="underlined-field" orientationD="0.638"> </DL_ZONE>
			<DL_ZONE gedi_type="GraphicRegion" id="107" col="450" row="874" width="123" height="16" function="underlined-field" orientationD="-0.466"> </DL_ZONE>
			<DL_ZONE gedi_type="Group" id="108" col="918" row="614" width="150" height="62" elements="9;12;13"> </DL_ZONE>
			<DL_ZONE gedi_type="Group" id="109" col="968" row="870" width="412" height="78" elements="17;18;24;72"> </DL_ZONE>
			<DL_ZONE gedi_type="TextRegion" id="110" nextZoneID="26" polygon="(1332,966);(1334,976);(1334,997);(1299,997);(1254,999);(1185,996);(1165,1002);(1157,1010);(1140,1010);(1129,1002);(1109,1002);(1068,995);(1065,981);(1074,972);(1114,971);(1173,974);(1190,969);(1199,963);(1213,963);(1221,969);(1250,969);(1264,966);(1271,963);(1290,962);(1325,962)" contents="اللغات الحية" script="hand" language="arabic"> </DL_ZONE>
		</DL_PAGE>
	</DL_DOCUMENT>
</GEDI>