<?xml version="1.0" encoding="UTF-8"?>
<!--GEDI was developed at Language and Media Processing Laboratory, University of Maryland.-->

<GEDI xmlns="http://lamp.cfar.umd.edu/media/projects/GEDI/" GEDI_version="2.3.19" GEDI_date="12/23/2011">
	<USER name="MDR-P6" date="5/28/2013 16:11" dateFormat="mm/dd/yyyy hh:mm">	</USER>
	<USER name="MDR-P8" date="1/31/2013 19:43" dateFormat="mm/dd/yyyy hh:mm">	</USER>
	<USER name="Mdr-P5" date="1/16/2013 16:01" dateFormat="mm/dd/yyyy hh:mm">	</USER>
	<DL_DOCUMENT src="YTJAHU.tif" docTag="xml" NrOfPages="1">
		<DL_PAGE gedi_type="DL_PAGE" src="YTJAHU.tif" pageID="1" width="1651" height="2335" Language_2="" Language_4="" Receiver_Name="" Language_3="" Sender_Company="" Sender_Phone="" Receiver_Fax="" Script_2="" Receiver_Phone="" Sender_Fax="" Category="C3" Document_Date="13/09/2012" Document_Location="FRAIZE" Document_Object="MENSUALISATION DES IMPÔTS" Language_1="french" NumPage="1" Receiver_Address="40 RUE GÉNÉRAL LECLERC 88230 FRAIZE" Receiver_Company="CDI" Script_1="hand" Sender_Address="4 RUE NICOLAS GELIOT 88230 FRAIZE" Sender_Name="Nadine DESCHAMPS">
			<DL_ZONE gedi_type="TextRegion" id="1" col="116" row="78" width="622" height="328" contents="Nadine Deschamps&#10;4 rue Nicolas Geliot&#10;88 230 Fraize" script="hand" function_1="coordinates" language="french"> </DL_ZONE>
			<DL_ZONE gedi_type="TextRegion" id="2" col="83" row="504" width="583" height="97" contents="¤{Ref/Réf}¤ : BD - 1846 X" script="hand" function_1="reference" language="french"> </DL_ZONE>
			<DL_ZONE gedi_type="TextRegion" id="3" col="950" row="499" width="655" height="291" contents="CDI&#10;40 rue Général Leclerc&#10;88230 Fraize" script="hand" function_1="coordinates" language="french"> </DL_ZONE>
			<DL_ZONE gedi_type="TextRegion" id="4" col="108" row="1044" width="1486" height="1031" contents="Madame , Monsieur ,&#10;Je souhaiterais que mes impôts soient&#10;mensualisés .&#10;En vous remerciant de bien vouloir&#10;faire le nécessaire , je vous prie de&#10;croire , Madame , Monsieur , en l'assurance&#10;de mes salutations distinguées ." script="hand" function_1="text_section" language="french"> </DL_ZONE>
			<DL_ZONE gedi_type="TextRegion" id="5" polygon="(528,2160);(584,2311);(925,2224);(995,2155);(970,2128);(614,2132)" contents="NDeschamps" script="hand" language="french"> </DL_ZONE>
			<DL_ZONE gedi_type="GraphicRegion" id="7" col="516" row="2112" width="538" height="214" function="signature"> </DL_ZONE>
			<DL_ZONE gedi_type="NoiseRegion" id="8" col="1628" row="6" width="18" height="2322"> </DL_ZONE>
			<DL_ZONE gedi_type="TextRegion" id="9" col="847" row="823" width="717" height="124" contents="Fraize , le 13 sep 2012" script="hand" function_2="location" function_1="date" language="french"> </DL_ZONE>
		</DL_PAGE>
	</DL_DOCUMENT>
</GEDI>