<?xml version="1.0" encoding="UTF-8"?>
<!--GEDI was developed at Language and Media Processing Laboratory, University of Maryland.-->

<GEDI xmlns="http://lamp.cfar.umd.edu/media/projects/GEDI/" GEDI_version="2.3.19" GEDI_date="12/23/2011">
	<USER name="MDR-P4" date="1/4/2013 11:31" dateFormat="mm/dd/yyyy hh:mm">	</USER>
	<USER name="MDR-P8" date="5/28/2013 18:17" dateFormat="mm/dd/yyyy hh:mm">	</USER>
	<USER name="Mdr-P5" date="1/31/2013 14:49" dateFormat="mm/dd/yyyy hh:mm">	</USER>
	<DL_DOCUMENT src="YTOLCD.tif" docTag="xml" NrOfPages="1">
		<DL_PAGE gedi_type="DL_PAGE" src="YTOLCD.tif" pageID="1" width="2544" height="3472" Language_2="" Sender_Name="" Language_4="" Language_3="" Receiver_Company="" Receiver_Address="" Script_2="" Document_Location="" Receiver_Phone="" Receiver_Fax="+33(0)1.60.15.25.13" Document_Date="12/12/2007" Sender_Company="LA GRANDE BALLADE" Sender_Fax="+33(0)1.60.66.24.23" Sender_Phone="+33(0)1.60.66.25.23" Category="C4" Language_1="french" NumPage="1" Script_1="typed" Sender_Address="150 RUE RIVE GAUCHE, 75013 PARIS" Document_Object="LIVRAISON" Receiver_Name="Jean-Marc RICHARD">
			<DL_ZONE gedi_type="TextRegion" id="1" col="376" row="384" width="467" height="526" contents="TÉL&#10;ÉCO" script="typed" function_1="title" language="french"> </DL_ZONE>
			<DL_ZONE gedi_type="TextRegion" id="3" col="1615" row="423" width="479" height="264" contents="La grande Ballade&#10;150 Rue Rive Gauche&#10;75013&#10;lagrandeballade@hotmail.fr" script="typed" function_1="coordinates" language="french"> </DL_ZONE>
			<DL_ZONE gedi_type="TextRegion" id="4" col="1809" row="969" width="212" height="70" contents="Pages :01" script="typed" language="french"> </DL_ZONE>
			<DL_ZONE gedi_type="GraphicRegion" id="6" col="1780" row="942" width="370" height="347" function="other"> </DL_ZONE>
			<DL_ZONE gedi_type="TextRegion" id="15" col="613" row="2317" width="1008" height="608" contents="Commentaires :&#10;Cher Monsieur Richard,&#10;Je tiens à vous signaler que, pour le moment nous&#10;avons une forte activité dans notre secteur.&#10;Je ¤{cains/crains}¤ que nous puissions pouvoir bien nous&#10;arranger avec la livraison que vous êtes sur le&#10;point de nous faire. Ainsi, je vous demande de&#10;bien vouloir la reporter pour la semaine&#10;prochaine. Merci d'avance.&#10;Cordialement." script="typed" function_1="text_section" language="french"> </DL_ZONE>
			<DL_ZONE gedi_type="TextRegion" id="16" col="1868" row="1527" width="156" height="59" contents="Urgent" script="typed" language="french"> </DL_ZONE>
			<DL_ZONE gedi_type="TextRegion" id="17" col="1862" row="1589" width="279" height="56" contents="Pour révision" script="typed" language="french"> </DL_ZONE>
			<DL_ZONE gedi_type="TextRegion" id="18" col="1862" row="1653" width="300" height="103" contents="Pour&#10;commentaires" script="typed" language="french"> </DL_ZONE>
			<DL_ZONE gedi_type="TextRegion" id="20" col="1853" row="1762" width="388" height="65" contents="Veuillez répondre" script="typed" language="french"> </DL_ZONE>
			<DL_ZONE gedi_type="TextRegion" id="21" col="1859" row="1833" width="344" height="61" contents="Veuillez recycler" script="typed" language="french"> </DL_ZONE>
			<DL_ZONE gedi_type="TextRegion" id="23" col="1789" row="1580" width="55" height="62" contents="x" script="typed" language="french"> </DL_ZONE>
			<DL_ZONE gedi_type="GraphicRegion" id="25" col="1779" row="1509" width="79" height="76" function="form-field"> </DL_ZONE>
			<DL_ZONE gedi_type="GraphicRegion" id="26" col="1776" row="1579" width="80" height="74" function="form-field"> </DL_ZONE>
			<DL_ZONE gedi_type="GraphicRegion" id="27" col="1777" row="1654" width="75" height="109" function="form-field"> </DL_ZONE>
			<DL_ZONE gedi_type="GraphicRegion" id="28" col="1777" row="1763" width="82" height="63" function="form-field"> </DL_ZONE>
			<DL_ZONE gedi_type="GraphicRegion" id="29" col="1773" row="1823" width="82" height="71" function="form-field"> </DL_ZONE>
			<DL_ZONE gedi_type="GraphicRegion" id="31" col="628" row="1180" width="1034" height="33" function="underlined-field"> </DL_ZONE>
			<DL_ZONE gedi_type="GraphicRegion" id="32" col="627" row="1315" width="979" height="27" function="underlined-field"> </DL_ZONE>
			<DL_ZONE gedi_type="GraphicRegion" id="33" col="626" row="1446" width="1033" height="37" function="underlined-field"> </DL_ZONE>
			<DL_ZONE gedi_type="GraphicRegion" id="34" col="628" row="1577" width="1033" height="37" function="underlined-field"> </DL_ZONE>
			<DL_ZONE gedi_type="GraphicRegion" id="35" col="619" row="1841" width="1033" height="37" function="underlined-field"> </DL_ZONE>
			<DL_ZONE gedi_type="GraphicRegion" id="36" col="610" row="1982" width="1014" height="28" function="underlined-field"> </DL_ZONE>
			<DL_ZONE gedi_type="GraphicRegion" id="37" col="615" row="2112" width="1027" height="29" function="underlined-field"> </DL_ZONE>
			<DL_ZONE gedi_type="GraphicRegion" id="38" col="617" row="2241" width="1027" height="29" function="underlined-field"> </DL_ZONE>
			<DL_ZONE gedi_type="GraphicRegion" id="39" col="361" row="1089" width="138" height="212" function="drawing"> </DL_ZONE>
			<DL_ZONE gedi_type="GraphicRegion" id="40" col="508" row="940" width="1257" height="2103" function="other"> </DL_ZONE>
			<DL_ZONE gedi_type="TextRegion" id="41" col="616" row="1105" width="574" height="497" contents="À : Jean-Marc Richard&#10;Télécopie : 01.60.15.25.13&#10;Date : 12 décembre 2007&#10;Re :" script="typed" function_1="date" language="french"> </DL_ZONE>
			<DL_ZONE gedi_type="TextRegion" id="42" col="616" row="1774" width="565" height="483" contents="De : La grande Ballade.&#10;Télécopie : 01.60.66.24.23&#10;Téléphone : 01.60.66.25.23&#10;Cc :" script="typed" language="french"> </DL_ZONE>
			<DL_ZONE gedi_type="NoiseRegion" id="46" col="1498" row="46" width="797" height="142"> </DL_ZONE>
			<DL_ZONE gedi_type="NoiseRegion" id="47" col="2047" row="3308" width="497" height="144"> </DL_ZONE>
			<DL_ZONE gedi_type="NoiseRegion" id="48" col="2" row="2" width="71" height="3440"> </DL_ZONE>
		</DL_PAGE>
	</DL_DOCUMENT>
</GEDI>