<?xml version="1.0" encoding="UTF-8"?>
<!--GEDI was developed at Language and Media Processing Laboratory, University of Maryland.-->

<GEDI xmlns="http://lamp.cfar.umd.edu/media/projects/GEDI/" GEDI_version="2.3.19" GEDI_date="12/23/2011">
	<USER name="MDR-P4" date="3/29/2013 11:26" dateFormat="mm/dd/yyyy hh:mm">	</USER>
	<USER name="Mdr-P5" date="3/28/2013 16:03" dateFormat="mm/dd/yyyy hh:mm">	</USER>
	<DL_DOCUMENT src="YVSEIY.tif" docTag="xml" NrOfPages="1">
		<DL_PAGE gedi_type="DL_PAGE" src="YVSEIY.tif" pageID="1" width="2544" height="3456" Language_2="" Receiver_Name="" Language_4="" Language_3="" Receiver_Company="" Receiver_Address="" Sender_Company="" Sender_Phone="" Receiver_Fax="" Document_Location="" Receiver_Phone="" Sender_Fax="" Category="C2" Document_Date="25/01/2012" Document_Object="NOTE DE FRAIS" Language_1="french" NumPage="1" Script_1="typed" Script_2="hand" Sender_Address="15 GRANDE RUE 57720 RIMLING" Sender_Name="Christiane BOULANGER">
			<DL_ZONE gedi_type="TextRegion" id="1" col="308" row="104" width="792" height="207" contents="Note de frais&#10;Période du 06/01/2012 au 16/01/2012" script="typed" function_2="object" function_1="title" language="french"> </DL_ZONE>
			<DL_ZONE gedi_type="TextRegion" id="2" col="294" row="783" width="811" height="300" contents="Nom : BOULANGER&#10;Prénom : Christiane&#10;Adresse : 15 Grande Rue - 57720 RIMLING" script="typed" function_1="coordinates" language="french"> </DL_ZONE>
			<DL_ZONE gedi_type="TextRegion" id="3" col="1422" row="1146" width="333" height="52" contents="Détails des frais" script="typed" language="french"> </DL_ZONE>
			<DL_ZONE gedi_type="TextRegion" id="4" col="1916" row="1209" width="139" height="57" contents="Divers" script="typed" language="french"> </DL_ZONE>
			<DL_ZONE gedi_type="TextRegion" id="5" col="1605" row="1206" width="264" height="57" contents="Déplacement" script="typed" language="french"> </DL_ZONE>
			<DL_ZONE gedi_type="TextRegion" id="6" col="1280" row="1198" width="262" height="54" contents="Restauration" script="typed" language="french"> </DL_ZONE>
			<DL_ZONE gedi_type="TextRegion" id="7" col="969" row="1190" width="275" height="51" contents="Hébergement" script="typed" language="french"> </DL_ZONE>
			<DL_ZONE gedi_type="TextRegion" id="8" col="567" row="1181" width="331" height="52" contents="Motifs des frais" script="typed" language="french"> </DL_ZONE>
			<DL_ZONE gedi_type="TextRegion" id="9" col="305" row="1171" width="101" height="51" contents="Date" script="typed" language="french"> </DL_ZONE>
			<DL_ZONE gedi_type="TextRegion" id="10" col="1640" row="1321" width="210" height="57" contents="150 euros" script="typed" language="french"> </DL_ZONE>
			<DL_ZONE gedi_type="TextRegion" id="11" col="1648" row="1430" width="183" height="54" contents="65 euros" script="typed" language="french"> </DL_ZONE>
			<DL_ZONE gedi_type="TextRegion" id="12" col="1323" row="1258" width="208" height="52" contents="170 euros" script="typed" language="french"> </DL_ZONE>
			<DL_ZONE gedi_type="TextRegion" id="13" col="1310" row="1312" width="240" height="110" contents="3 repas à 95&#10;euros" script="typed" language="french"> </DL_ZONE>
			<DL_ZONE gedi_type="TextRegion" id="14" col="958" row="1304" width="300" height="109" contents="1 Nuitée à 120&#10;euros" script="typed" language="french"> </DL_ZONE>
			<DL_ZONE gedi_type="TextRegion" id="15" col="562" row="1236" width="333" height="55" contents="Déjeuner travail" script="typed" language="french"> </DL_ZONE>
			<DL_ZONE gedi_type="TextRegion" id="16" col="556" row="1296" width="314" height="101" contents="Déplacement à&#10;Anvers" script="typed" language="french"> </DL_ZONE>
			<DL_ZONE gedi_type="TextRegion" id="17" col="559" row="1411" width="248" height="52" contents="Visite Client" script="typed" language="french"> </DL_ZONE>
			<DL_ZONE gedi_type="TextRegion" id="18" col="297" row="1233" width="240" height="52" contents="06/01/2012" script="typed" language="french"> </DL_ZONE>
			<DL_ZONE gedi_type="TextRegion" id="19" col="297" row="1288" width="240" height="57" contents="16/01/2012" script="typed" language="french"> </DL_ZONE>
			<DL_ZONE gedi_type="TextRegion" id="20" col="294" row="1403" width="241" height="51" contents="16/01/2012" script="typed" language="french"> </DL_ZONE>
			<DL_ZONE gedi_type="TextRegion" id="21" col="1684" row="1839" width="90" height="52" contents="215" script="typed" language="french"> </DL_ZONE>
			<DL_ZONE gedi_type="TextRegion" id="22" col="1364" row="1834" width="96" height="52" contents="455" script="typed" language="french"> </DL_ZONE>
			<DL_ZONE gedi_type="TextRegion" id="23" col="1050" row="1828" width="90" height="47" contents="120" script="typed" language="french"> </DL_ZONE>
			<DL_ZONE gedi_type="TextRegion" id="24" col="545" row="1812" width="156" height="57" contents="Totaux" script="typed" language="french"> </DL_ZONE>
			<DL_ZONE gedi_type="TextRegion" id="25" col="1405" row="2003" width="279" height="57" contents="Total Général" script="typed" language="french"> </DL_ZONE>
			<DL_ZONE gedi_type="TextRegion" id="26" col="1386" row="2058" width="306" height="62" contents="Avances reçues" script="typed" language="french"> </DL_ZONE>
			<DL_ZONE gedi_type="TextRegion" id="27" col="1342" row="2123" width="383" height="49" contents="Solde à payer / euro" script="typed" language="french"> </DL_ZONE>
			<DL_ZONE gedi_type="TextRegion" id="28" col="1968" row="2011" width="101" height="55" contents="790" script="typed" language="french"> </DL_ZONE>
			<DL_ZONE gedi_type="TextRegion" id="29" col="1968" row="2074" width="95" height="46" contents="250" script="typed" language="french"> </DL_ZONE>
			<DL_ZONE gedi_type="TextRegion" id="30" col="1965" row="2129" width="101" height="51" contents="540" script="typed" language="french"> </DL_ZONE>
			<DL_ZONE gedi_type="TextRegion" id="31" col="259" row="2254" width="1859" height="218" orientationD="-1.263" contents="Observations :&#10;Je vous prie de bien vouloir valider mes notes de frais dont vous trouverez ci-joint les justificatifs.&#10;En vous remerciant,&#10;Cordialement" script="typed" language="french"> </DL_ZONE>
			<DL_ZONE gedi_type="TextRegion" id="32" col="256" row="2740" width="590" height="68" contents="Signature : Boulanger" script="typed" language="french"> </DL_ZONE>
			<DL_ZONE gedi_type="TextRegion" id="33" col="1610" row="2765" width="483" height="84" contents="Payé le : 25  janvier 2012" script="typed" function_1="date" language="french"> </DL_ZONE>
			<DL_ZONE gedi_type="TextRegion" id="34" polygon="(818,2816);(649,2844);(518,2877);(521,2931);(597,3021);(985,2980);(969,3013);(963,3073);(1089,3141);(1116,3103);(1102,3016);(1203,3013);(1220,2991);(1171,2926);(1083,2898);(947,2882);(903,2885)" contents="Boulanger" script="hand" language="french"> </DL_ZONE>
			<DL_ZONE gedi_type="GraphicRegion" id="42" function="logo" polygon="(2200,133);(1733,248);(1564,567);(1596,698);(1766,788);(2041,521);(2227,150)"> </DL_ZONE>
			<DL_ZONE gedi_type="GraphicRegion" id="43" function="signature" polygon="(1340,2759);(799,2808);(453,2877);(425,3021);(551,3092);(911,3040);(974,3103);(1102,3144);(1154,3117);(1340,2999)"> </DL_ZONE>
			<DL_ZONE gedi_type="GraphicRegion" id="44" col="242" row="2238" width="1953" height="304" function="other" orientationD="-1.35"> </DL_ZONE>
			<DL_ZONE gedi_type="TableRegion" id="45" col="266" row="1107" width="1960" height="777" orientationD="-0.935"> </DL_ZONE>
			<DL_ZONE gedi_type="GraphicRegion" id="46" col="1203" row="1981" width="994" height="199" function="other" orientationD="-1.268"> </DL_ZONE>
			<DL_ZONE gedi_type="NoiseRegion" id="47" col="1375" row="0" width="1169" height="188"> </DL_ZONE>
			<DL_ZONE gedi_type="NoiseRegion" id="48" col="2423" row="191" width="118" height="3264"> </DL_ZONE>
			<DL_ZONE gedi_type="NoiseRegion" id="49" col="0" row="3426" width="996" height="29"> </DL_ZONE>
			<DL_ZONE gedi_type="NoiseRegion" id="50" col="2" row="0" width="74" height="1725"> </DL_ZONE>
		</DL_PAGE>
	</DL_DOCUMENT>
</GEDI>