<?xml version="1.0" encoding="UTF-8"?>
<!--GEDI was developed at Language and Media Processing Laboratory, University of Maryland.-->

<GEDI xmlns="http://lamp.cfar.umd.edu/media/projects/GEDI/" GEDI_version="2.3.19" GEDI_date="12/23/2011">
	<USER name="MDR-P4" date="3/29/2013 14:34" dateFormat="mm/dd/yyyy hh:mm">	</USER>
	<DL_DOCUMENT src="YWXHAD.tif" docTag="xml" NrOfPages="1">
		<DL_PAGE gedi_type="DL_PAGE" src="YWXHAD.tif" pageID="1" width="826" height="1169" Language_2="" Document_Date="" Language_4="" Receiver_Name="" Language_3="" Receiver_Company="" Receiver_Address="" Sender_Company="" Sender_Phone="" Receiver_Fax="" Script_2="" Document_Location="" Receiver_Phone="" Sender_Address="" Sender_Fax="" Sender_Name="Paulette PARIS" Category="C3" Document_Object="LETTRE DE REMERCIEMENT AUX AMIS" Language_1="french" NumPage="1" Script_1="hand">
			<DL_ZONE gedi_type="TextRegion" id="1" col="16" row="68" width="784" height="613" contents="Chers amis,&#10;Je tenais à vous remercier pour votre présence qui n'a&#10;été d'un grand secours après la mort de mon père. Vous avez&#10;tous été là pour moi dans ce moment difficile et je vous en&#10;suis très reconnaissante. Je voulais aussi vous remercier pour&#10;l'affection que vous avez également portée à ma mère ainsi qu'à mes&#10;frères et sœurs, ce qui les a aidés autant que moi à se consoler&#10;de cette perte. Vous savez tous que notre père était très&#10;affaibli par sa maladie ces derniers temps, aussi nous nous étions&#10;préparé à le voir partir, mais la perte n'en a pas été moins&#10;douloureuse, et vous avez tous su vous montrer compréhensifs.&#10;Je suis heureuse de voir que je peux compter sur vous tous, et&#10;sachez que vous pouvez également compter sur moi. Merci encore&#10;à tous.&#10;Amicalement.&#10;Paulette Paris." script="hand" function_1="text_section" language="french"> </DL_ZONE>
			<DL_ZONE gedi_type="ImageRegion" id="2" col="0" row="705" width="814" height="428"> </DL_ZONE>
			<DL_ZONE gedi_type="GraphicRegion" id="3" col="2" row="0" width="822" height="1160" function="other"> </DL_ZONE>
		</DL_PAGE>
	</DL_DOCUMENT>
</GEDI>