<?xml version="1.0" encoding="UTF-8"?>
<!--GEDI was developed at Language and Media Processing Laboratory, University of Maryland.-->

<GEDI xmlns="http://lamp.cfar.umd.edu/media/projects/GEDI/" GEDI_version="2.3.19" GEDI_date="12/23/2011">
	<USER name="MDR-P1" date="10/29/2012 12:21" dateFormat="mm/dd/yyyy hh:mm">	</USER>
	<USER name="MDR-P6" date="1/11/2013 15:55" dateFormat="mm/dd/yyyy hh:mm">	</USER>
	<USER name="MDR-P8" date="10/26/2012 10:23" dateFormat="mm/dd/yyyy hh:mm">	</USER>
	<DL_DOCUMENT src="ZFBETI.tif" docTag="xml" NrOfPages="1">
		<DL_PAGE gedi_type="DL_PAGE" src="ZFBETI.tif" pageID="1" width="2480" height="3507" Language_2="" Document_Date="" Language_4="" Receiver_Name="" Language_3="" Receiver_Company="" Receiver_Address="" Sender_Company="" Sender_Phone="" Receiver_Fax="" Script_2="" Document_Location="" Receiver_Phone="" Sender_Address="" Sender_Fax="" NumPage="1" Language_1="english" Script_1="hand" Category="C5" Sender_Name="Roby" Document_Object="SWIMMING POOL SCHEDULE">
			<DL_ZONE gedi_type="TextRegion" id="1" polygon="(722,412);(772,538);(1316,543);(1316,670);(860,684);(875,791);(1235,784);(1290,856);(2236,852);(2234,801);(2167,696);(1893,686);(1869,555);(1736,519);(1588,538);(1533,467);(1306,391)" contents="ROBY Swim&#10;swimming pool&#10;working /operation Hours as&#10;follows for 1-9-12" script="hand" function_2="title" function_1="legend" language="english"> </DL_ZONE>
			<DL_ZONE gedi_type="TextRegion" id="2" col="324" row="1037" width="281" height="93" contents="Sunday" script="hand" language="english"> </DL_ZONE>
			<DL_ZONE gedi_type="TextRegion" id="3" col="341" row="1318" width="283" height="88" contents="Saturday" script="hand" language="english"> </DL_ZONE>
			<DL_ZONE gedi_type="TextRegion" id="4" col="369" row="1533" width="181" height="148" contents="ALL&#10;other&#10;days" script="hand" language="english"> </DL_ZONE>
			<DL_ZONE gedi_type="TextRegion" id="5" col="722" row="1046" width="231" height="62" contents="7- Am" script="hand" language="english"> </DL_ZONE>
			<DL_ZONE gedi_type="TextRegion" id="6" col="705" row="1340" width="232" height="55" contents="7 Am" script="hand" language="english"> </DL_ZONE>
			<DL_ZONE gedi_type="TextRegion" id="7" col="703" row="1583" width="212" height="67" contents="7 Am" script="hand" language="english"> </DL_ZONE>
			<DL_ZONE gedi_type="TextRegion" id="8" col="1049" row="1054" width="214" height="59" contents="10 Am" script="hand" language="english"> </DL_ZONE>
			<DL_ZONE gedi_type="TextRegion" id="9" col="1056" row="1335" width="195" height="62" contents="10 Am" script="hand" language="english"> </DL_ZONE>
			<DL_ZONE gedi_type="TextRegion" id="10" col="1046" row="1569" width="205" height="66" contents="8 Am" script="hand" language="english"> </DL_ZONE>
			<DL_ZONE gedi_type="TextRegion" id="11" col="1671" row="1039" width="186" height="77" contents="5 Pm" script="hand" language="english"> </DL_ZONE>
			<DL_ZONE gedi_type="TextRegion" id="12" col="1943" row="1030" width="203" height="81" contents="6 Pm" script="hand" language="english"> </DL_ZONE>
			<DL_ZONE gedi_type="TextRegion" id="13" col="1685" row="1311" width="198" height="74" contents="5 Pm" script="hand" language="english"> </DL_ZONE>
			<DL_ZONE gedi_type="TextRegion" id="14" col="1960" row="1306" width="162" height="77" contents="¤6 P¤m" script="hand" language="english"> </DL_ZONE>
			<DL_ZONE gedi_type="LineDrawingRegion" id="15" col="1702" row="1602" width="100" height="33"> </DL_ZONE>
			<DL_ZONE gedi_type="LineDrawingRegion" id="16" col="1964" row="1590" width="129" height="41"> </DL_ZONE>
			<DL_ZONE gedi_type="TableRegion" id="25" polygon="(2201,1817);(345,1817);(345,987);(662,982);(660,851);(2198,851)"> </DL_ZONE>
			<DL_ZONE gedi_type="GraphicRegion" id="26" function="signature" polygon="(858,2057);(829,2110);(927,2229);(1013,2184);(1142,2191);(1170,2172);(1151,2096);(1015,2060)"> </DL_ZONE>
			<DL_ZONE gedi_type="TextRegion" id="27" polygon="(1008,2210);(972,2236);(946,2339);(994,2413);(1170,2396);(1223,2630);(1244,2620);(1235,2429);(1333,2472);(1514,2470);(1516,2382);(1402,2289);(1042,2198);(1039,2196)" contents="¤****¤ Roby" script="hand" language="english"> </DL_ZONE>
			<DL_ZONE gedi_type="Group" id="30" col="819" row="2047" width="707" height="593" elements="26;27"> </DL_ZONE>
			<DL_ZONE gedi_type="NoiseRegion" id="31" col="2136" row="2358" width="22" height="21"> </DL_ZONE>
			<DL_ZONE gedi_type="GraphicRegion" id="32" col="652" row="972" width="1548" height="840" function="other"> </DL_ZONE>
			<DL_ZONE gedi_type="Group" id="33" col="335" row="381" width="1911" height="1446" elements="1;25"> </DL_ZONE>
		</DL_PAGE>
	</DL_DOCUMENT>
</GEDI>