<?xml version="1.0" encoding="UTF-8"?>
<!--GEDI was developed at Language and Media Processing Laboratory, University of Maryland.-->

<GEDI xmlns="http://lamp.cfar.umd.edu/media/projects/GEDI/" GEDI_version="2.3.19" GEDI_date="12/23/2011">
	<USER name="MDR-P4" date="2/7/2013 17:54" dateFormat="mm/dd/yyyy hh:mm">	</USER>
	<USER name="MDR-P6" date="1/17/2013 18:07" dateFormat="mm/dd/yyyy hh:mm">	</USER>
	<USER name="MDR-P8" date="5/29/2013 15:08" dateFormat="mm/dd/yyyy hh:mm">	</USER>
	<USER name="MDR_P1" date="2/7/2013 19:06" dateFormat="mm/dd/yyyy hh:mm">	</USER>
	<DL_DOCUMENT src="ZFFBOA.tif" docTag="xml" NrOfPages="1">
		<DL_PAGE gedi_type="DL_PAGE" src="ZFFBOA.tif" pageID="1" width="3400" height="4679" Language_2="" Language_4="" Language_3="" Receiver_Address="" Script_2="" Document_Location="" Category="C4" Document_Date="11/10/2009" Document_Object="INVITATION" Language_1="french" NumPage="1" Script_1="typed" Sender_Address="4 RUE DE LA RÉPUBLIQUE" Sender_Name="Jonathan HAMON" Receiver_Company="TIRAFISSE" Sender_Company="TIRAFISSE" Sender_Fax="+33(0)3.59.07.54.14" Sender_Phone="+33(0)3.59.07.54.13" Receiver_Fax="+33(0)3.59.29.30.46" Receiver_Phone="+33(0)6.57.28.92.30" Receiver_Name="¤{HUBERT Jonathan|Pierre VINCENT|Arthur CHRISTIAN|Caroline HEBERT|Leroy BERTRAN}¤">
			<DL_ZONE gedi_type="TextRegion" id="1" col="230" row="592" width="601" height="420" contents="TIRAFISSE&#10;4 rue de la République&#10;03.59.07.54.13&#10;www.tirafisse.com&#10;11 octobre 2009" script="typed" function_2="date" function_1="coordinates" language="french"> </DL_ZONE>
			<DL_ZONE gedi_type="TextRegion" id="2" col="1311" row="678" width="1717" height="420" contents="Télécopie" script="typed" function_1="title" language="french"> </DL_ZONE>
			<DL_ZONE gedi_type="GraphicRegion" id="3" col="258" row="475" width="2808" height="87" function="other"> </DL_ZONE>
			<DL_ZONE gedi_type="TextRegion" id="4" col="280" row="1340" width="1927" height="82" contents="À : HUBERT Nathan DE : HAMON Jonathan" script="typed" language="french"> </DL_ZONE>
			<DL_ZONE gedi_type="TextRegion" id="5" col="280" row="1458" width="1547" height="63" contents="TIRAFISSE PAGES : 1" script="typed" language="french"> </DL_ZONE>
			<DL_ZONE gedi_type="TextRegion" id="6" col="280" row="1559" width="1977" height="73" contents="TÉLÉCOPIE : 03.59.29.30.46 TÉLÉCOPIE : 03.59.07.54.14" script="typed" language="french"> </DL_ZONE>
			<DL_ZONE gedi_type="TextRegion" id="7" col="277" row="1658" width="2012" height="78" contents="TÉLÉPHONE : 06.57.28.92.30 TÉLÉPHONE : 03.59.07.54.13" script="typed" language="french"> </DL_ZONE>
			<DL_ZONE gedi_type="TextRegion" id="8" col="277" row="1871" width="2050" height="75" contents="CC : VINCENT Pierre ; CHRISTIAN Arthur ; HEBERT Caroline ; BERTRAN Leroy" script="typed" language="french"> </DL_ZONE>
			<DL_ZONE gedi_type="TextRegion" id="9" col="284" row="1972" width="121" height="73" contents="RÉ :" script="typed" language="french"> </DL_ZONE>
			<DL_ZONE gedi_type="TextRegion" id="10" col="282" row="2127" width="2507" height="819" contents="COMMENTAIRES :&#10;Bonjour à toutes et à tous.&#10;Pour fêter la signature de ce nouveau contrat, je vous propose de vous joindre à moi à la table d'Ariel.&#10;Veuillez me transmettre vos disponibilités afin que j'effectue la réservation dans les meilleurs délais.&#10;Cordialement,&#10;Jonathan HAMON" script="typed" function_1="text_section" language="french"> </DL_ZONE>
			<DL_ZONE gedi_type="SeparatorRegion" id="11" col="224" row="3692" width="2796" height="21"> </DL_ZONE>
			<DL_ZONE gedi_type="TextRegion" id="12" col="321" row="3798" width="601" height="72" contents="Urgent contre réponse." script="typed" language="french"> </DL_ZONE>
			<DL_ZONE gedi_type="TextRegion" id="13" col="248" row="3808" width="56" height="62" contents="X" script="typed" language="french"> </DL_ZONE>
			<DL_ZONE gedi_type="TextRegion" id="14" col="318" row="3931" width="222" height="72" contents="Vérifier" script="typed" language="french"> </DL_ZONE>
			<DL_ZONE gedi_type="TextRegion" id="15" col="323" row="4064" width="309" height="70" contents="Commenter" script="typed" language="french"> </DL_ZONE>
			<DL_ZONE gedi_type="TextRegion" id="16" col="321" row="4192" width="234" height="72" contents="Archiver" script="typed" language="french"> </DL_ZONE>
			<DL_ZONE gedi_type="GraphicRegion" id="17" col="222" row="3793" width="91" height="87" function="form-field"> </DL_ZONE>
			<DL_ZONE gedi_type="GraphicRegion" id="18" col="219" row="3924" width="92" height="91" function="form-field"> </DL_ZONE>
			<DL_ZONE gedi_type="GraphicRegion" id="19" col="214" row="4059" width="92" height="90" function="form-field"> </DL_ZONE>
			<DL_ZONE gedi_type="GraphicRegion" id="20" col="215" row="4192" width="91" height="80" function="form-field"> </DL_ZONE>
			<DL_ZONE gedi_type="SeparatorRegion" id="21" col="253" row="1316" width="2806" height="19"> </DL_ZONE>
			<DL_ZONE gedi_type="GraphicRegion" id="22" col="255" row="1417" width="2821" height="17" function="underlined-field"> </DL_ZONE>
			<DL_ZONE gedi_type="GraphicRegion" id="23" col="260" row="1521" width="2814" height="17" function="underlined-field"> </DL_ZONE>
			<DL_ZONE gedi_type="GraphicRegion" id="24" col="258" row="1625" width="2808" height="19" function="underlined-field"> </DL_ZONE>
			<DL_ZONE gedi_type="GraphicRegion" id="25" col="260" row="1728" width="2809" height="17" function="underlined-field"> </DL_ZONE>
			<DL_ZONE gedi_type="GraphicRegion" id="26" col="255" row="1835" width="2811" height="17" function="underlined-field"> </DL_ZONE>
			<DL_ZONE gedi_type="GraphicRegion" id="27" col="253" row="1939" width="2818" height="16" function="underlined-field"> </DL_ZONE>
			<DL_ZONE gedi_type="GraphicRegion" id="28" col="258" row="2040" width="2799" height="17" function="underlined-field"> </DL_ZONE>
		</DL_PAGE>
	</DL_DOCUMENT>
</GEDI>