<?xml version="1.0" encoding="UTF-8"?>
<!--GEDI was developed at Language and Media Processing Laboratory, University of Maryland.-->

<GEDI xmlns="http://lamp.cfar.umd.edu/media/projects/GEDI/" GEDI_version="2.3.19" GEDI_date="12/23/2011">
	<USER name="MDR-P4" date="3/18/2013 11:02" dateFormat="mm/dd/yyyy hh:mm">	</USER>
	<USER name="Mdr-P5" date="3/13/2013 16:03" dateFormat="mm/dd/yyyy hh:mm">	</USER>
	<DL_DOCUMENT src="ZHQJZM.tif" docTag="xml" NrOfPages="1">
		<DL_PAGE gedi_type="DL_PAGE" src="ZHQJZM.tif" pageID="1" width="1651" height="2335" Language_2="" Sender_Name="" Receiver_Name="" Language_4="" Document_Date="" Language_3="" Receiver_Company="" Receiver_Address="" Sender_Company="" Sender_Phone="" Script_2="" Receiver_Fax="" Document_Location="" Sender_Address="" Receiver_Phone="" Sender_Fax="" Category="C2" NumPage="1" Script_1="typed" Language_1="english" Document_Object="CATALOGUE" GEDI_orientation="90">
			<DL_ZONE gedi_type="TextRegion" id="1" col="49" row="431" width="284" height="1671" contents="Discover our special offers on&#10;Fridges!" script="typed" function_1="title" language="english"> </DL_ZONE>
			<DL_ZONE gedi_type="TextRegion" id="2" col="340" row="287" width="136" height="519" contents="• Blue transparent&#10;Candy HSK-09" script="typed" function_2="legend" function_1="reference" language="english"> </DL_ZONE>
			<DL_ZONE gedi_type="TextRegion" id="3" col="333" row="896" width="78" height="608" contents="• White and Gray 4M" script="typed" function_1="legend" language="english"> </DL_ZONE>
			<DL_ZONE gedi_type="TextRegion" id="4" col="333" row="1567" width="127" height="613" contents="• Black and White 3M&#10;GDSFN-7" script="typed" function_2="legend" function_1="reference" language="english"> </DL_ZONE>
			<DL_ZONE gedi_type="TextRegion" id="5" col="869" row="402" width="85" height="227" contents="3 for $50" script="typed" language="english"> </DL_ZONE>
			<DL_ZONE gedi_type="TextRegion" id="6" col="996" row="899" width="132" height="580" contents="• Brown Rectangular&#10;Fridge 34DTLJ" script="typed" function_2="legend" function_1="reference" language="english"> </DL_ZONE>
			<DL_ZONE gedi_type="TextRegion" id="7" col="848" row="1865" width="71" height="142" contents="$250" script="typed" language="english"> </DL_ZONE>
			<DL_ZONE gedi_type="TextRegion" id="8" col="1533" row="1142" width="64" height="154" contents="$438" script="typed" language="english"> </DL_ZONE>
			<DL_ZONE gedi_type="ImageRegion" id="14" col="528" row="1559" width="244" height="552"> </DL_ZONE>
			<DL_ZONE gedi_type="ImageRegion" id="15" col="508" row="855" width="251" height="591"> </DL_ZONE>
			<DL_ZONE gedi_type="ImageRegion" id="16" col="522" row="194" width="302" height="588"> </DL_ZONE>
			<DL_ZONE gedi_type="ImageRegion" id="17" col="1164" row="369" width="313" height="1570"> </DL_ZONE>
			<DL_ZONE gedi_type="GraphicRegion" id="18" col="23" row="34" width="1572" height="2269" function="other"> </DL_ZONE>
			<DL_ZONE gedi_type="TextRegion" id="19" col="844" row="1219" width="68" height="140" contents="$270" script="typed" language="english"> </DL_ZONE>
			<DL_ZONE gedi_type="Group" id="22" col="323" row="1549" width="459" height="641" elements="4;14"> </DL_ZONE>
			<DL_ZONE gedi_type="Group" id="23" col="323" row="845" width="446" height="669" elements="3;15"> </DL_ZONE>
			<DL_ZONE gedi_type="Group" id="24" col="330" row="184" width="504" height="632" elements="2;16"> </DL_ZONE>
			<DL_ZONE gedi_type="Group" id="25" col="986" row="359" width="501" height="1590" elements="6;17"> </DL_ZONE>
		</DL_PAGE>
	</DL_DOCUMENT>
</GEDI>