<?xml version="1.0" encoding="UTF-8"?>
<!--GEDI was developed at Language and Media Processing Laboratory, University of Maryland.-->

<GEDI xmlns="http://lamp.cfar.umd.edu/media/projects/GEDI/" GEDI_version="2.3.19" GEDI_date="12/23/2011">
	<USER name="Catherine MAUPLOT" date="4/18/2013 9:39" dateFormat="mm/dd/yyyy hh:mm">	</USER>
	<USER name="MDR-P6" date="4/18/2013 12:43" dateFormat="mm/dd/yyyy hh:mm">	</USER>
	<DL_DOCUMENT src="ZPNJZN.tif" docTag="xml" NrOfPages="1">
		<DL_PAGE gedi_type="DL_PAGE" src="ZPNJZN.tif" pageID="1" width="1651" height="2335" Language_2="" Document_Date="" Language_4="" Receiver_Name="" Language_3="" Receiver_Company="" Receiver_Address="" Sender_Company="" Sender_Phone="" Receiver_Fax="" Script_2="" Document_Location="" Receiver_Phone="" Sender_Address="" Sender_Fax="" Category="C2" Document_Object="ARTICLE" Language_1="french" NumPage="1" Script_1="typed" Sender_Name="Sylvain CYPEL">
			<DL_ZONE gedi_type="TextRegion" id="1" col="220" row="192" width="474" height="220" contents="Israël : la tentation du&#10;« deuxième round » &#10;Sylvain Cypel" script="typed" function_1="title" language="french"> </DL_ZONE>
			<DL_ZONE gedi_type="TextRegion" id="2" nextZoneID="3" col="100" row="524" width="702" height="128" contents="Israël semble, d'ores et déjà, se préparer à une reprise des&#10;hostilités avec le Hezbollah libanais. Dimanche 20 août, en&#10;réunion de cabinet, le ministre de la défense israélien, le&#10;travailliste Amir Péretz, a estimé que, devant « ce qui est&#10;apparu comme un échec » de son pays durant la guerre au" script="typed" function_1="text_section" language="french"> </DL_ZONE>
			<DL_ZONE gedi_type="TextRegion" id="3" col="817" row="713" width="698" height="1457" contents="Liban, Israël devrait « prendre des mesures qui n'avaient pas&#10;été envisagées dans le passé » en prévision d'un « deuxième&#10;round » avec la milice chiite libanaise.&#10;Lundi matin, un membre de l'état-major, sous le couvert de&#10;l'anonymat, expliquait dans le quotidien Haaretz qu '« un&#10;nouveau round entre le Hezbollah et Israël pourrait s'engager&#10;dans les mois ou même les semaines à venir ». Israël, dit-il,&#10;sera « obligé de bombarder les transports d'armes » de Syrie&#10;vers le Hezbollah et cela pourrait entraîner de nouveaux tirs&#10;de roquettes sur le nord d'Israël. « Nous avons présenté cette&#10;perspective au gouvernement », a-t-il ajouté.&#10;Le chef d'état-major, le général Dan Haloutz, a de son côté&#10;admis devant le cabinet que « Tsahal n'[était] pas venu à bout&#10;du Hezbollah », bien qu'il ait « gagné aux points » la guerre&#10;qu'il avait menée. Il a par ailleurs émis la crainte qu'une&#10;commission d'enquête en Israël n'aboutisse à « émasculer »&#10;l'armée dans ses capacités à mener ses enquêtes internes. « Et&#10;il y a beaucoup sur quoi enquêter », a-t-il ajouté.&#10;Durant le week-end, le premier ministre israélien, Ehoud&#10;Olmert, ministre de la défense, et divers membres du&#10;gouvernement se sont attachés à expliquer que l'opération&#10;aéroportée menée dans la nuit de vendredi à samedi contre&#10;le Hezbollah, à 28 km de la frontière syro-libanaise, ne&#10;contrevenait pas au cessez-le-feu, et qu'Israël « poursuivrait »&#10;ses interventions militaires tant que l'armée libanaise et les&#10;forces onusiennes ne se seraient pas entièrement déployées au&#10;Liban sud et n'auraient pas mis en oeuvre la résolution 1701&#10;du Conseil de sécurité (impliquant le retrait et le désarmement&#10;du Hezbollah). Certains ont ajouté que c'est précisément&#10;parce que la milice chiite ne se laisse pas désarmer qu'Israël&#10;poursuivra ses « opérations ponctuelles ».&#10;Cette attaque apparaît ainsi comme une première en appelant&#10;d'autres. Officiellement, elle a été justifiée par la nécessité&#10;de couper une voie d'acheminement d'armes de la Syrie au&#10;Hezbollah. Confiée à une unité d'élite, l'« escouade d'état-&#10;major », cette opération a coûté la vie au lieutenant-colonel&#10;Emmanuel Moreno et deux officiers ont été blessés.&#10;« Nous avons eu de la chance, dix membres du commando&#10;auraient pu mourir », ont reconnu des sources militaires. De&#10;fait, si l'armée a annoncé que l'opération a été « couronnée de&#10;succès », elle n'a pas fourni plus de détails, ce qui est inhabituel.&#10;Durant le week-end, quelques voix se sont élevées pour&#10;regretter que cette attaque ait « isolé Israël » sur le plan&#10;diplomatique, l'Etat juif apparaissant comme celui qui a&#10;rompu le premier le cessez-le-feu, et fourni un motif à&#10;Beyrouth pour ne pas désarmer les miliciens chiites restés au&#10;Liban sud.&#10;Parallèlement, l'idée d'une relance de négociations avec&#10;la Syrie, comme seul moyen réaliste de mettre fin à la&#10;menace du Hezbollah à la frontière nord du pays, est&#10;de plus en plus émise. Le parti islamiste chiite libanais&#10;« est politiquement lié à l'Iran, et militairement alimenté&#10;par lui via la Syrie. Or l'alliance Téhéran-Damas n'est&#10;qu'un mariage d'intérêts entre deux régimes au ban de&#10;la communauté internationale. L'intérêt d'Israël n'est pas&#10;de renforcer cette alliance, mais de l'affaiblir », explique&#10;le général Uri Saguy, ancien chef des renseignements militaires.&#10;Cette politique, déclarent ses partisans, et non le recours&#10;à la seule option militaire, est à terme l'unique moyen&#10;de priver le Hezbollah de son fournisseur en armements.&#10;Elle semble avoir trouvé quelque écho au sein du gouvernement" script="typed" function_1="text_section" language="french"> </DL_ZONE>
			<DL_ZONE gedi_type="SeparatorRegion" id="4" col="815" row="2183" width="695" height="21"> </DL_ZONE>
			<DL_ZONE gedi_type="SeparatorRegion" id="5" col="815" row="675" width="697" height="26"> </DL_ZONE>
			<DL_ZONE gedi_type="SeparatorRegion" id="6" col="102" row="500" width="704" height="17"> </DL_ZONE>
			<DL_ZONE gedi_type="ImageRegion" id="7" col="119" row="656" width="672" height="515"> </DL_ZONE>
			<DL_ZONE gedi_type="ImageRegion" id="8" col="819" row="125" width="693" height="536"> </DL_ZONE>
			<DL_ZONE gedi_type="ImageRegion" id="9" col="142" row="1200" width="563" height="1010"> </DL_ZONE>
		</DL_PAGE>
	</DL_DOCUMENT>
</GEDI>