<?xml version="1.0" encoding="UTF-8"?>
<!--GEDI was developed at Language and Media Processing Laboratory, University of Maryland.-->

<GEDI xmlns="http://lamp.cfar.umd.edu/media/projects/GEDI/" GEDI_version="2.3.19" GEDI_date="12/23/2011">
	<USER name="MDR-P4" date="3/29/2013 11:37" dateFormat="mm/dd/yyyy hh:mm">	</USER>
	<USER name="MDR-P6" date="3/27/2013 18:21" dateFormat="mm/dd/yyyy hh:mm">	</USER>
	<USER name="Mdr-P5" date="5/29/2013 18:38" dateFormat="mm/dd/yyyy hh:mm">	</USER>
	<DL_DOCUMENT src="ZVCWXS.tif" docTag="xml" NrOfPages="2">
		<DL_PAGE gedi_type="DL_PAGE" src="ZVCWXS.tif" pageID="1" width="1740" height="2466" Language_2="" Receiver_Name="" Language_4="" Language_3="" Receiver_Company="" Receiver_Address="" Sender_Company="" Sender_Phone="" Receiver_Fax="" Receiver_Phone="" Sender_Fax="" Category="C1" Document_Date="28/01/2013" Sender_Name="Odile MARTY" Document_Object="CONVENTIONNEMENT" Document_Location="MITTELWIHR" Language_1="french" Script_1="typed" Script_2="hand" Sender_Address="1 COUR HANHART, 68630 MITTELWIHR" NumPage="2" GEDI_orientation="0">
			<DL_ZONE gedi_type="TextRegion" id="1" polygon="(156,181);(313,181);(313,243);(392,243);(392,269);(336,267);(336,309);(114,309);(116,237);(156,237)" contents="Agence&#10;nationale Anah&#10;de l'habitat" script="typed" language="french"> </DL_ZONE>
			<DL_ZONE gedi_type="GraphicRegion" id="3" col="114" row="66" width="275" height="175" function="logo"> </DL_ZONE>
			<DL_ZONE gedi_type="TextRegion" id="4" col="309" row="353" width="92" height="43" contents="cerfa" script="typed" language="french"> </DL_ZONE>
			<DL_ZONE gedi_type="TextRegion" id="5" col="294" row="410" width="118" height="21" contents="N° 13469*04" script="typed" function_1="reference" language="french"> </DL_ZONE>
			<DL_ZONE gedi_type="GraphicRegion" id="7" col="296" row="342" width="121" height="64" function="logo"> </DL_ZONE>
			<DL_ZONE gedi_type="TextRegion" id="8" col="449" row="204" width="312" height="34" contents="| Conventionnement" script="typed" function_1="object" language="french"> </DL_ZONE>
			<DL_ZONE gedi_type="TextRegion" id="10" nextZoneID="80" col="804" row="112" width="201" height="28" contents="N° de convention :" script="typed" language="french"> </DL_ZONE>
			<DL_ZONE gedi_type="TextRegion" id="12" nextZoneID="82" col="798" row="272" width="60" height="25" contents="Fait à" script="typed" language="french"> </DL_ZONE>
			<DL_ZONE gedi_type="TextRegion" id="13" nextZoneID="84" col="1134" row="272" width="38" height="26" contents=", le" script="typed" language="french"> </DL_ZONE>
			<DL_ZONE gedi_type="TextRegion" id="14" nextZoneID="87" col="801" row="306" width="317" height="31" contents="Identité et qualité du signataire" script="typed" language="french"> </DL_ZONE>
			<DL_ZONE gedi_type="TextRegion" id="15" col="322" row="582" width="1262" height="356" contents="ENGAGEMENTS DU BAILLEUR&#10;(SECTEUR LOCATIF INTERMEDIAIRE)&#10;Dans le cadre d'une convention conclue avec l(Agence nationale de l(habitation en application de l'article de l'article L.321-4 ou code de la construction&#10;et de l'habitation (CC-) de biveau intermédiaire.&#10;Ce document comporte des engagements exigés pour le bénéfice, sous certaines conditions, du dispositif fiscal de déduction spécifique.&#10;Le montant de l'abattement fiscal est de 30 %* des revenus fonciers du logement&#10;Ce document signé par l'Anah, est à joindre, par vos soins, à la déclaration de vos revenus fonciers (déclaration n° 2044 ou 2044 spéciale).&#10;Les renseignements portés par le bailleur sur les présents engagements doivent être en tous points identiques à ceux figurant dans la convention&#10;conclue avec l'Anah, vous vous engagez sur leur exactitude." script="typed" function_2="reference" function_1="text_section" language="french"> </DL_ZONE>
			<DL_ZONE gedi_type="TextRegion" id="17" col="1384" row="399" width="195" height="24" contents="¤Cadre réservé à l'Anah¤" script="typed" language="french"> </DL_ZONE>
			<DL_ZONE gedi_type="GraphicRegion" id="19" col="803" row="169" width="742" height="27" function="form-field"> </DL_ZONE>
			<DL_ZONE gedi_type="GraphicRegion" id="20" col="860" row="289" width="275" height="5" function="underlined-field"> </DL_ZONE>
			<DL_ZONE gedi_type="GraphicRegion" id="21" col="1175" row="275" width="261" height="19" function="form-field"> </DL_ZONE>
			<DL_ZONE gedi_type="GraphicRegion" id="22" col="767" row="93" width="815" height="304" function="other"> </DL_ZONE>
			<DL_ZONE gedi_type="GraphicRegion" id="23" function="other" polygon="(326,966);(1584,961);(1584,1018);(326,1021)"> </DL_ZONE>
			<DL_ZONE gedi_type="TextRegion" id="24" col="342" row="973" width="676" height="37" contents="I. IDENTITÉ DU PROPRIÉTAIRE BAILLEUR" script="typed" language="french"> </DL_ZONE>
			<DL_ZONE gedi_type="TextRegion" id="26" nextZoneID="89" col="330" row="1032" width="270" height="26" contents="Nom, prénom du bailleur :" script="typed" language="french"> </DL_ZONE>
			<DL_ZONE gedi_type="TextRegion" id="27" col="333" row="1072" width="239" height="33" contents="Agissant en qualité :" script="typed" language="french"> </DL_ZONE>
			<DL_ZONE gedi_type="TextRegion" id="28" col="362" row="1118" width="132" height="30" contents="propriétaire :" script="typed" language="french"> </DL_ZONE>
			<DL_ZONE gedi_type="TextRegion" id="29" col="361" row="1164" width="361" height="34" contents="gérant de la société (raison sociale) :" script="typed" language="french"> </DL_ZONE>
			<DL_ZONE gedi_type="TextRegion" id="30" nextZoneID="95" col="333" row="1214" width="489" height="31" contents="demeurant (adresse du propriétaire ou du gérant) :" script="typed" language="french"> </DL_ZONE>
			<DL_ZONE gedi_type="TextRegion" id="31" nextZoneID="99" col="333" row="1304" width="134" height="26" contents="Code Postal :" script="typed" language="french"> </DL_ZONE>
			<DL_ZONE gedi_type="TextRegion" id="32" nextZoneID="100" col="860" row="1302" width="115" height="28" contents="Commune :" script="typed" language="french"> </DL_ZONE>
			<DL_ZONE gedi_type="TextRegion" id="33" col="331" row="1348" width="537" height="27" contents="Adresse du siège social de la société (le cas échéant) :" script="typed" language="french"> </DL_ZONE>
			<DL_ZONE gedi_type="TextRegion" id="34" col="332" row="1434" width="137" height="26" contents="Code Postal :" script="typed" language="french"> </DL_ZONE>
			<DL_ZONE gedi_type="TextRegion" id="35" col="860" row="1432" width="116" height="28" contents="Commune :" script="typed" language="french"> </DL_ZONE>
			<DL_ZONE gedi_type="TextRegion" id="36" col="344" row="1498" width="581" height="31" contents="II. IDENTIFICATION DU LOGEMENT" script="typed" language="french"> </DL_ZONE>
			<DL_ZONE gedi_type="GraphicRegion" id="37" col="329" row="1488" width="1257" height="50" function="other"> </DL_ZONE>
			<DL_ZONE gedi_type="TextRegion" id="38" nextZoneID="107" col="335" row="1558" width="302" height="27" contents="Adresse précise du logement :" script="typed" language="french"> </DL_ZONE>
			<DL_ZONE gedi_type="TextRegion" id="39" col="335" row="1601" width="103" height="25" contents="bâtiment :" script="typed" language="french"> </DL_ZONE>
			<DL_ZONE gedi_type="TextRegion" id="40" col="708" row="1600" width="93" height="25" contents="escalier :" script="typed" language="french"> </DL_ZONE>
			<DL_ZONE gedi_type="TextRegion" id="41" nextZoneID="113" col="333" row="1643" width="136" height="25" contents="Code Postal :" script="typed" language="french"> </DL_ZONE>
			<DL_ZONE gedi_type="TextRegion" id="42" col="1030" row="1603" width="70" height="25" contents="porte :" script="typed" language="french"> </DL_ZONE>
			<DL_ZONE gedi_type="TextRegion" id="43" col="1321" row="1599" width="72" height="29" contents="étage :" script="typed" language="french"> </DL_ZONE>
			<DL_ZONE gedi_type="TextRegion" id="44" nextZoneID="116" col="861" row="1642" width="116" height="25" contents="Commune :" script="typed" language="french"> </DL_ZONE>
			<DL_ZONE gedi_type="TextRegion" id="45" nextZoneID="118" col="334" row="1686" width="364" height="31" contents="Date de prise d'effet de la location :" script="typed" language="french"> </DL_ZONE>
			<DL_ZONE gedi_type="TextRegion" id="46" nextZoneID="119" col="335" row="1744" width="722" height="30" contents="Surface fiscale du logement à prendre en compte pour le calcul du loyer" script="typed" language="french"> </DL_ZONE>
			<DL_ZONE gedi_type="TextRegion" id="47" col="1222" row="1744" width="31" height="24" contents="m²" script="typed" language="french"> </DL_ZONE>
			<DL_ZONE gedi_type="TextRegion" id="48" nextZoneID="158" polygon="(333,1785);(1578,1782);(1578,1901);(1293,1900);(1293,1946);(333,1950)" contents="(Selon les cas reporter le chiffre indiqué au * de l'article 1 de la convention ou le chiffre au 3 du tableau annexé à la&#10;convention (en cas de convention avec travaux portant sur un immeuble ou sur un ou plusieurs logements)).&#10;Loyer maxima de la convention (actualisé le cas échéant) (voir article V de la convention ou du 5 du tableau annexé à la convention&#10;(en cas de convention avec travaux portant sur un immeuble ou sur un ou plusieurs logements))." script="typed" function_1="text_section" language="french"> </DL_ZONE>
			<DL_ZONE gedi_type="TextRegion" id="50" nextZoneID="126" col="336" row="1958" width="670" height="32" contents="Loyer mensuel pratiqué figurant dans le bail hors charges locatives" script="typed" language="french"> </DL_ZONE>
			<DL_ZONE gedi_type="TextRegion" id="51" col="1199" row="1958" width="29" height="26" contents="€" script="typed" language="french"> </DL_ZONE>
			<DL_ZONE gedi_type="TextRegion" id="53" nextZoneID="50" col="1449" row="1913" width="95" height="32" contents="€ au m²" script="typed" language="french"> </DL_ZONE>
			<DL_ZONE gedi_type="TextRegion" id="55" nextZoneID="130" col="332" row="2002" width="309" height="30" contents="Nom du/des titulaires du bail :" script="typed" language="french"> </DL_ZONE>
			<DL_ZONE gedi_type="TextRegion" id="56" col="326" row="2080" width="1258" height="220" contents="¤*¤ Porté à 10 % lorsque le logement est loué à un organisme public ou privé en vue de sa sous-location, meublée ou non, à des&#10;personnes défavorisées ou à des personnes physiques dont la situation nécessite une solution locative de transition, ou pour&#10;l'hébergement de ces personnes.&#10;Cette disposition n'est applicable que dans les communes incluses dans les zones A, B1 et B2 de l'arrêté du 29 avril 2009.&#10;Textes de référence: art L. 321-1 et suivant et R. 321-1 et suivants du CCH, art 3* (*1°*) du code général des impôts.&#10;la loi n° 78-17 du 6 janvier 1978 modifiée relative à l'informatique, aux fichiers et aux libertés s'applique aux données nominatives portées dans les&#10;formulaires. Elle garantit un droit d'accès et de rectification pour ces données auprès de l'Anah ou auprès du centre des impôts dont vous dépendez.&#10;Vous pouvez également, pour des motifs légitimes, vous opposer au traitement des données vous concernant." script="typed" function_2="text_section" function_1="reference" language="french"> </DL_ZONE>
			<DL_ZONE gedi_type="TextRegion" id="58" col="1616" row="2296" width="20" height="25" contents="1" script="typed" function_1="footer" language="french"> </DL_ZONE>
			<DL_ZONE gedi_type="TextRegion" id="59" col="117" row="2160" width="19" height="118" rotation="-90" contents="04/11 - N° ¤BB¤ - ¤{LI|U}¤" script="typed" function_1="reference" language="french"> </DL_ZONE>
			<DL_ZONE gedi_type="TextRegion" id="80" col="808" row="162" width="740" height="35" contents="14080003835199126082" script="hand" function_1="reference" language="french"> </DL_ZONE>
			<DL_ZONE gedi_type="TextRegion" id="82" nextZoneID="13" col="872" row="253" width="226" height="47" contents="Mittelwihr" script="hand" function_1="location" language="french"> </DL_ZONE>
			<DL_ZONE gedi_type="TextRegion" id="84" col="1174" row="256" width="258" height="40" contents="28 01 2013" script="hand" function_1="date" language="french"> </DL_ZONE>
			<DL_ZONE gedi_type="TextRegion" id="87" col="800" row="337" width="624" height="59" contents="Madame Marty Odile, bailleur" script="hand" language="french"> </DL_ZONE>
			<DL_ZONE gedi_type="TextRegion" id="89" col="605" row="1020" width="248" height="38" contents="MARTY Odile" script="hand" language="french"> </DL_ZONE>
			<DL_ZONE gedi_type="GraphicRegion" id="91" col="600" row="1044" width="974" height="10" function="underlined-field"> </DL_ZONE>
			<DL_ZONE gedi_type="GraphicRegion" id="92" col="581" row="1090" width="996" height="7" function="underlined-field"> </DL_ZONE>
			<DL_ZONE gedi_type="GraphicRegion" id="93" col="501" row="1133" width="1083" height="8" function="underlined-field"> </DL_ZONE>
			<DL_ZONE gedi_type="GraphicRegion" id="94" col="728" row="1181" width="858" height="11" function="underlined-field"> </DL_ZONE>
			<DL_ZONE gedi_type="TextRegion" id="95" col="828" row="1198" width="358" height="48" contents="1 cour Hanhart" script="hand" language="french"> </DL_ZONE>
			<DL_ZONE gedi_type="GraphicRegion" id="96" col="824" row="1232" width="760" height="10" function="underlined-field"> </DL_ZONE>
			<DL_ZONE gedi_type="GraphicRegion" id="97" col="346" row="1277" width="1236" height="9" function="underlined-field"> </DL_ZONE>
			<DL_ZONE gedi_type="GraphicRegion" id="98" col="469" row="1308" width="149" height="22" function="form-field"> </DL_ZONE>
			<DL_ZONE gedi_type="TextRegion" id="99" col="468" row="1289" width="144" height="40" contents="68630" script="hand" language="french"> </DL_ZONE>
			<DL_ZONE gedi_type="TextRegion" id="100" polygon="(1008,1280);(1110,1277);(1208,1266);(1216,1294);(1256,1305);(1270,1329);(1253,1329);(996,1329);(992,1293)" contents="Mittelwihr" script="hand" language="french"> </DL_ZONE>
			<DL_ZONE gedi_type="GraphicRegion" id="101" col="985" row="1318" width="596" height="10" function="underlined-field"> </DL_ZONE>
			<DL_ZONE gedi_type="GraphicRegion" id="102" col="877" row="1361" width="704" height="11" function="underlined-field"> </DL_ZONE>
			<DL_ZONE gedi_type="GraphicRegion" id="103" col="336" row="1406" width="1250" height="7" function="underlined-field"> </DL_ZONE>
			<DL_ZONE gedi_type="GraphicRegion" id="104" col="473" row="1434" width="144" height="26" function="form-field"> </DL_ZONE>
			<DL_ZONE gedi_type="GraphicRegion" id="105" col="985" row="1449" width="595" height="11" function="underlined-field"> </DL_ZONE>
			<DL_ZONE gedi_type="GraphicRegion" id="106" col="634" row="1574" width="948" height="7" function="underlined-field"> </DL_ZONE>
			<DL_ZONE gedi_type="TextRegion" id="107" col="651" row="1544" width="309" height="44" contents="3 rue Molière" script="hand" language="french"> </DL_ZONE>
			<DL_ZONE gedi_type="GraphicRegion" id="108" col="440" row="1618" width="270" height="8" function="underlined-field"> </DL_ZONE>
			<DL_ZONE gedi_type="GraphicRegion" id="109" col="809" row="1617" width="221" height="9" function="underlined-field"> </DL_ZONE>
			<DL_ZONE gedi_type="GraphicRegion" id="110" col="1105" row="1614" width="215" height="10" function="underlined-field"> </DL_ZONE>
			<DL_ZONE gedi_type="GraphicRegion" id="111" col="1397" row="1616" width="187" height="10" function="underlined-field"> </DL_ZONE>
			<DL_ZONE gedi_type="GraphicRegion" id="112" col="469" row="1645" width="148" height="24" function="form-field"> </DL_ZONE>
			<DL_ZONE gedi_type="TextRegion" id="113" col="477" row="1628" width="141" height="40" contents="68¤6¤30" script="hand" language="french"> </DL_ZONE>
			<DL_ZONE gedi_type="GraphicRegion" id="115" col="992" row="1656" width="585" height="9" function="underlined-field"> </DL_ZONE>
			<DL_ZONE gedi_type="TextRegion" id="116" polygon="(996,1632);(1084,1630);(1106,1630);(1114,1618);(1209,1622);(1264,1650);(1261,1670);(993,1674);(989,1652)" contents="Mittelwihr" script="hand" language="french"> </DL_ZONE>
			<DL_ZONE gedi_type="GraphicRegion" id="117" col="700" row="1686" width="264" height="26" function="form-field"> </DL_ZONE>
			<DL_ZONE gedi_type="TextRegion" id="118" col="708" row="1674" width="248" height="43" contents="01 03 2013" script="hand" language="french"> </DL_ZONE>
			<DL_ZONE gedi_type="TextRegion" id="119" nextZoneID="120" col="1060" row="1732" width="84" height="38" contents="120" script="hand" language="french"> </DL_ZONE>
			<DL_ZONE gedi_type="TextRegion" id="120" nextZoneID="121" col="1146" row="1758" width="12" height="14" contents="," script="typed" language="french"> </DL_ZONE>
			<DL_ZONE gedi_type="TextRegion" id="121" nextZoneID="47" col="1166" row="1732" width="52" height="38" contents="00" script="hand" language="french"> </DL_ZONE>
			<DL_ZONE gedi_type="GraphicRegion" id="122" col="1059" row="1747" width="91" height="23" function="form-field"> </DL_ZONE>
			<DL_ZONE gedi_type="GraphicRegion" id="123" col="1160" row="1745" width="62" height="25" function="form-field"> </DL_ZONE>
			<DL_ZONE gedi_type="GraphicRegion" id="124" col="1009" row="1961" width="116" height="24" function="form-field"> </DL_ZONE>
			<DL_ZONE gedi_type="GraphicRegion" id="125" col="1135" row="1962" width="61" height="22" function="form-field"> </DL_ZONE>
			<DL_ZONE gedi_type="TextRegion" id="126" nextZoneID="127" col="1012" row="1948" width="111" height="38" contents="1248" script="hand" language="french"> </DL_ZONE>
			<DL_ZONE gedi_type="TextRegion" id="127" nextZoneID="128" col="1123" row="1976" width="10" height="14" contents="," script="typed" language="french"> </DL_ZONE>
			<DL_ZONE gedi_type="TextRegion" id="128" nextZoneID="51" col="1140" row="1953" width="53" height="29" contents="00" script="hand" language="french"> </DL_ZONE>
			<DL_ZONE gedi_type="GraphicRegion" id="129" col="655" row="2020" width="928" height="6" function="underlined-field"> </DL_ZONE>
			<DL_ZONE gedi_type="TextRegion" id="130" col="649" row="1991" width="233" height="51" contents="Duplantier" script="hand" language="french"> </DL_ZONE>
			<DL_ZONE gedi_type="SeparatorRegion" id="132" col="327" row="2064" width="1259" height="6"> </DL_ZONE>
			<DL_ZONE gedi_type="GraphicRegion" id="133" col="17" row="1405" width="92" height="874" function="drawing"> </DL_ZONE>
			<DL_ZONE gedi_type="GraphicRegion" id="134" col="1603" row="2286" width="43" height="42" function="other"> </DL_ZONE>
			<DL_ZONE gedi_type="NoiseRegion" id="135" col="1" row="2436" width="1738" height="15"> </DL_ZONE>
			<DL_ZONE gedi_type="TextRegion" id="158" nextZoneID="160" col="1298" row="1905" width="60" height="34" contents="10" script="hand" language="french"> </DL_ZONE>
			<DL_ZONE gedi_type="TextRegion" id="160" nextZoneID="161" col="1366" row="1935" width="10" height="12" contents="," script="typed" language="french"> </DL_ZONE>
			<DL_ZONE gedi_type="TextRegion" id="161" nextZoneID="53" col="1383" row="1904" width="58" height="34" contents="40" script="hand" language="french"> </DL_ZONE>
			<DL_ZONE gedi_type="GraphicRegion" id="162" col="1298" row="1917" width="65" height="25" function="form-field"> </DL_ZONE>
			<DL_ZONE gedi_type="GraphicRegion" id="163" col="1378" row="1919" width="67" height="22" function="form-field"> </DL_ZONE>
			<DL_ZONE gedi_type="GraphicRegion" id="164" col="332" row="1169" width="25" height="25" function="form-field"> </DL_ZONE>
			<DL_ZONE gedi_type="GraphicRegion" id="165" col="334" row="1118" width="24" height="24" function="form-field"> </DL_ZONE>
			<DL_ZONE gedi_type="LineDrawingRegion" id="166" col="331" row="1110" width="30" height="43"> </DL_ZONE>
			<DL_ZONE gedi_type="Group" id="167" col="321" row="1100" width="183" height="63" elements="28;165;166"> </DL_ZONE>
		</DL_PAGE>
		<DL_PAGE gedi_type="DL_PAGE" src="ZVCWXS.tif" pageID="2" width="1740" height="2466" Language_2="" Language_1="" Sender_Name="" Receiver_Name="" Language_4="" Document_Date="" Language_3="" Receiver_Company="" Receiver_Address="" Sender_Company="" Script_1="" Category="" Sender_Phone="" Script_2="" Receiver_Fax="" Document_Location="" Sender_Address="" Receiver_Phone="" Sender_Fax="" Document_Object="" NumPage="2">
			<DL_ZONE gedi_type="TextRegion" id="60" col="134" row="106" width="802" height="40" contents="III. ENGAGEMENTS DU PROPRIÉTAIRE BAILLEUR" script="typed" language="french"> </DL_ZONE>
			<DL_ZONE gedi_type="GraphicRegion" id="61" function="other" polygon="(119,102);(1464,94);(1464,150);(119,156)"> </DL_ZONE>
			<DL_ZONE gedi_type="TextRegion" id="62" nextZoneID="137" polygon="(114,165);(350,169);(348,212);(1464,200);(1464,353);(904,353);(904,386);(745,389);(745,396);(737,396);(730,390);(500,390);(497,397);(486,397);(486,390);(325,392);(321,402);(309,394);(209,390);(205,434);(170,433);(115,394)" contents="● Je m'engage :&#10;• à ce que le logement donné à bail, objet de la convention signée avec l'Anah, mentionnée ci-dessus, réponde aux obligations de décence&#10;telles que définies par le décret n° 2002-120 du 30 janvier 2002. En signant les présents engagements, je m'engage à le maintenir décent&#10;au sens du décret précité pour toute la durée de la convention ;&#10;• à ce que la location n'ait pas été conclue avec une personne occupant déjà le logement sauf à l'occasion du renouvellement du bail ;&#10;• à louer le logement dans le respect des conditions fixées par la convention&#10;n°" script="typed" function_2="reference" function_1="text_section" language="french"> </DL_ZONE>
			<DL_ZONE gedi_type="TextRegion" id="66" nextZoneID="139" col="769" row="398" width="85" height="31" contents="signée le" script="typed" function_1="text_section" language="french"> </DL_ZONE>
			<DL_ZONE gedi_type="TextRegion" id="69" nextZoneID="141" polygon="(177,438);(394,437);(1114,433);(1114,394);(1449,393);(1465,537);(653,537);(654,572);(170,580);(156,490);(170,482)" contents="(date de validation) avec l'Agence&#10;nationale de l'habitat :&#10;- non meublé (*), à l'usage d'habitation principale occupé comme tel au moins huit mois par an pour la durée de la convention précisée&#10;à son article .I ou à son article II. (en cas de convention avec travaux portant sur un immeuble ou sur un ou plusieurs logements) et dont le&#10;loyer n'excède pas le montant fixé par celle-ci soit :" script="typed" function_1="text_section" language="french"> </DL_ZONE>
			<DL_ZONE gedi_type="TextRegion" id="72" polygon="(176,584);(792,590);(789,538);(1462,542);(1474,1902);(1222,1904);(1230,1972);(956,1976);(964,2004);(118,2012);(132,618)" contents="€ par m² de surface fiscale et actualisé annuellement dans les conditions&#10;prévues par la convention :&#10;- à des personnes physiques* dont les ressources n'excèdent pas, à la date de signature du bail, les plafonds fixés et actualisés dans&#10;les conditions précisées dans la convention ;&#10;- dans le cadre d'un bail conforme à la loi n° 89-462 du 6 juillet 1989, notamment son article 6, relatif aux obligations de décence ;&#10;• à ne pas louer ce logement, ou à le mettre à disposition , à quelque titre que ce soit :&#10;- à mes ascendants ou mes descendants ainsi que, le cas échéant à mon conjoint, mon concubin ou mon partenaire lié par un pacte civil&#10;de solidarité, ainsi que leurs ascendant ou descendant ;&#10;- aux associés de la société signataire de la convention avec *'Anah ainsi que leurs conjoints, concubins ou partenaires liés par un pacte&#10;civil de solidarité ainsi que leurs ascendants ou descendants ;&#10;- à un membre de mon foyer fiscal ou à ses ascendants ou ses descendants ;&#10;- à titre d'accessoire d'un contrat de travail ou en raison de l'exercice d'une fonction&#10;• le cas échéant, à respecter les dispositions de la convention de réservation signée entre le propriétaire et le réservataire désigné dans la convention&#10;● Je m'engage également :&#10;• à informer les professionnels chargés de la vente ou de la mutation du bien et notamment le notaire, de l'existence de cette convention&#10;et des engagements qu'elle comporte, pour qu'ils soient mentionnés dans *acte de mutation ;&#10;En cas de mutation de propriété du logement, la convention s'impose de plein droit au nouveau propriétaire et les engagements de la&#10;convention en cours sont obligatoirement mentionnés dans l'acte de mutation (article L. 321-11 du Code de la construction et de l'habita-&#10;tion) ; un avenant précisant l'identité du nouveau propriétaire est signé entre celui-ci et l'Agence nationale de l'habitat.&#10;• à informer vos services, dans les deux mois suivant l'enlèvement, de tout changement d'occupation* ou d'utilisation des logements ou&#10;de toute mutation de propriété. L'Anah devra être informée, dans les meilleurs délais, de mes changements de domicile intervenant pendant&#10;la durée des engagements.&#10;● Je reconnais en outre avoir été informé :&#10;• qu'en cas de non respect des dispositions de la convention ou des présents engagements ou, en cas de résiliation de la convention, je m'ex-&#10;pose à des sanctions en application de l'article L. 321-2 du Code de la construction et de l'habitation dans les conditions mentionnées à&#10;l'article R. 321-21 du Code de la construction et de l'habitation, sans préjudice d'éventuelles sanctions fiscales ainsi qu'à la remise en cause&#10;des avantages liés à la convention. En outre, en cas de fausse déclaration ou de manoeuvre frauduleuse, je m'expose également à des pour-&#10;suites judiciaires éventuelles ;&#10;• que chaque associé d'une société propriétaire d'un logement éligible au dispositif fiscal peut bénéficier de la déduction et qu'il doit alors&#10;s'engager à conserver ** titres sur toute la durée des engagements. Pour cela les associés concernés doivent joindre un engagement de&#10;conservation des parts à leur déclaration de revenus fonciers :&#10;• que le bénéfice du dispositif fiscal est incompatible avec le maintien éventuel du logement sous le régime du micro foncier.&#10;● J'atteste :&#10;- que le logement ne fait pas l'objet d'un dispositif fiscal incompatible avec le bénéfice de la déduction spécifique.&#10;- que les dispositions relatives au niveau de loyer et aux plafonds de ressources du locataire du logement identifié ci dessus sont respect-&#10;tées à la date de conclusion du bail.&#10;● Si le logement est destiné à être loué à un organisme public en vue de sa sous-location,&#10;cocher la case suivante dans ce cas je m'engage à en respecter les conditions*" script="typed" function_2="reference" function_1="text_section" language="french"> </DL_ZONE>
			<DL_ZONE gedi_type="GraphicRegion" id="75" col="394" row="1981" width="23" height="24" function="form-field"> </DL_ZONE>
			<DL_ZONE gedi_type="TextRegion" id="76" nextZoneID="147" col="129" row="2037" width="21" height="25" contents="A" script="typed" language="french"> </DL_ZONE>
			<DL_ZONE gedi_type="TextRegion" id="77" nextZoneID="148" col="377" row="2037" width="31" height="27" contents=", le" script="typed" language="french"> </DL_ZONE>
			<DL_ZONE gedi_type="TextRegion" id="78" col="130" row="2080" width="923" height="34" contents="Signature du bailleur précédée de la mention « lu et approuvé »" script="typed" language="french"> </DL_ZONE>
			<DL_ZONE gedi_type="TextRegion" id="79" col="128" row="2198" width="1353" height="167" contents="(1) Sauf lorsque le logement est loué à un organisme public ou privé en vue de sa sous-location, meublée ou non, à des personnes défavorisées&#10;ou à des personnes physiques dont la situation nécessite une solution locative de transition, ou pour l'hébergement de ces personnes ; le&#10;loyer du sous-locataire ne doit pas dépasser le montant du loyer principal ; il ne doit pas y avoir fourniture de prestation hôtelière ou&#10;parahôtelière ; l'occupant du logement doit remplir les conditions de ressources (décret n° 2008-529 du 4 juin 2008 - Journal officiel du&#10;6 juin 2008)&#10;(2) L'obligation d'information ne concerne pas le changement de locataire." script="typed" function_2="text_section" function_1="reference" language="french"> </DL_ZONE>
			<DL_ZONE gedi_type="TextRegion" id="137" nextZoneID="66" polygon="(216,396);(309,395);(319,405);(330,400);(341,396);(481,395);(482,401);(489,397);(506,396);(511,392);(730,392);(736,399);(746,396);(750,390);(763,399);(764,423);(751,425);(211,426);(208,417)" contents="14080003835199126082" script="hand" function_1="text_section" language="french"> </DL_ZONE>
			<DL_ZONE gedi_type="GraphicRegion" id="138" col="205" row="404" width="560" height="22" function="form-field"> </DL_ZONE>
			<DL_ZONE gedi_type="TextRegion" id="139" nextZoneID="69" col="855" row="386" width="251" height="41" contents="28 01 2013" script="hand" function_1="text_section" language="french"> </DL_ZONE>
			<DL_ZONE gedi_type="GraphicRegion" id="140" col="855" row="401" width="256" height="23" function="form-field"> </DL_ZONE>
			<DL_ZONE gedi_type="TextRegion" id="141" nextZoneID="142" col="664" row="532" width="51" height="38" contents="10" script="hand" function_1="text_section" language="french"> </DL_ZONE>
			<DL_ZONE gedi_type="TextRegion" id="142" nextZoneID="143" col="721" row="560" width="10" height="17" contents="," script="typed" function_1="text_section" language="french"> </DL_ZONE>
			<DL_ZONE gedi_type="TextRegion" id="143" nextZoneID="72" col="734" row="537" width="47" height="45" contents="40" script="hand" function_1="text_section" language="french"> </DL_ZONE>
			<DL_ZONE gedi_type="GraphicRegion" id="144" col="656" row="548" width="62" height="23" function="form-field"> </DL_ZONE>
			<DL_ZONE gedi_type="GraphicRegion" id="145" col="726" row="546" width="64" height="23" function="form-field"> </DL_ZONE>
			<DL_ZONE gedi_type="GraphicRegion" id="146" col="155" row="2056" width="222" height="8" function="underlined-field"> </DL_ZONE>
			<DL_ZONE gedi_type="TextRegion" id="147" nextZoneID="77" col="151" row="2016" width="216" height="53" contents="Mittelwihr" script="hand" function_1="location" language="french"> </DL_ZONE>
			<DL_ZONE gedi_type="TextRegion" id="148" nextZoneID="168" col="412" row="2021" width="62" height="43" contents="28" script="hand" function_1="date" language="french"> </DL_ZONE>
			<DL_ZONE gedi_type="GraphicRegion" id="149" col="411" row="2042" width="260" height="20" function="form-field"> </DL_ZONE>
			<DL_ZONE gedi_type="TextRegion" id="150" col="1617" row="2320" width="23" height="25" contents="2" script="typed" function_1="footer" language="french"> </DL_ZONE>
			<DL_ZONE gedi_type="GraphicRegion" id="151" col="1605" row="2310" width="43" height="43" function="other"> </DL_ZONE>
			<DL_ZONE gedi_type="GraphicRegion" id="152" col="1641" row="1425" width="89" height="876" function="drawing"> </DL_ZONE>
			<DL_ZONE gedi_type="TextRegion" id="153" col="160" row="2116" width="364" height="77" contents="Lu et approuvé" script="hand" language="french"> </DL_ZONE>
			<DL_ZONE gedi_type="TextRegion" id="155" col="560" row="2115" width="55" height="74" contents="M" script="hand" language="french"> </DL_ZONE>
			<DL_ZONE gedi_type="SeparatorRegion" id="156" col="124" row="2185" width="1358" height="17"> </DL_ZONE>
			<DL_ZONE gedi_type="GraphicRegion" id="157" function="signature" polygon="(565,2115);(617,2118);(621,2141);(647,2137);(734,2146);(749,2153);(853,2152);(980,2158);(979,2166);(753,2163);(751,2173);(728,2192);(693,2204);(665,2205);(643,2200);(634,2172);(624,2172);(614,2184);(603,2184);(596,2174);(577,2175);(577,2187);(560,2186);(559,2179);(543,2178);(524,2171);(527,2163);(541,2156);(560,2152)"> </DL_ZONE>
			<DL_ZONE gedi_type="TextRegion" id="168" nextZoneID="169" col="486" row="2026" width="50" height="36" contents="01" script="hand" function_1="date" language="french"> </DL_ZONE>
			<DL_ZONE gedi_type="TextRegion" id="169" col="558" row="2017" width="118" height="52" contents="2013" script="hand" function_1="date" language="french"> </DL_ZONE>
		</DL_PAGE>
	</DL_DOCUMENT>
</GEDI>